timestamp,pH,turbidity_NTU,CO2_ppm,alarm_flag,maintenance_log
2026-01-01 00:00:00,7.165,2.432,441.16,0,
2026-01-01 00:15:00,7.098,2.538,428.2,0,
2026-01-01 00:30:00,7.186,2.169,426.26,0,
2026-01-01 00:45:00,7.194,1.961,438.52,0,
2026-01-01 01:00:00,7.047,2.292,436.88,0,
2026-01-01 01:15:00,7.077,2.15,430.63,0,
2026-01-01 01:30:00,7.145,2.163,432.61,0,
2026-01-01 01:45:00,7.119,2.251,432.39,0,
2026-01-01 02:00:00,7.129,2.085,430.94,0,
2026-01-01 02:15:00,7.082,2.101,424.79,0,
2026-01-01 02:30:00,7.163,2.115,419.59,0,
2026-01-01 02:45:00,7.152,2.342,425.64,0,
2026-01-01 03:00:00,7.109,2.118,435.75,0,
2026-01-01 03:15:00,7.155,1.922,435.33,0,
2026-01-01 03:30:00,7.115,1.924,426.26,0,
2026-01-01 03:45:00,7.04,2.122,422.83,0,
2026-01-01 04:00:00,7.093,1.931,427.11,0,
2026-01-01 04:15:00,7.018,1.867,427.06,0,
2026-01-01 04:30:00,7.101,2.199,427.0,0,
2026-01-01 04:45:00,7.046,2.21,413.75,0,
2026-01-01 05:00:00,7.03,2.058,435.74,0,
2026-01-01 05:15:00,6.995,2.165,426.87,0,
2026-01-01 05:30:00,7.081,2.159,420.77,0,
2026-01-01 05:45:00,7.002,2.232,417.91,0,
2026-01-01 06:00:00,6.979,2.244,423.95,0,
2026-01-01 06:15:00,6.973,1.777,421.2,0,
2026-01-01 06:30:00,7.007,2.147,418.8,0,
2026-01-01 06:45:00,6.989,2.277,419.49,0,
2026-01-01 07:00:00,6.982,2.156,416.44,0,
2026-01-01 07:15:00,6.973,2.242,417.75,0,
2026-01-01 07:30:00,7.05,2.369,418.31,0,
2026-01-01 07:45:00,6.913,2.29,416.07,0,
2026-01-01 08:00:00,6.899,2.526,415.16,0,
2026-01-01 08:15:00,6.876,2.492,418.9,0,
2026-01-01 08:30:00,6.939,2.329,406.31,0,
2026-01-01 08:45:00,6.958,2.342,408.9,0,
2026-01-01 09:00:00,6.888,1.969,411.62,0,
2026-01-01 09:15:00,6.845,2.373,408.06,0,
2026-01-01 09:30:00,6.84,2.245,408.9,0,
2026-01-01 09:45:00,6.908,2.507,415.17,0,
2026-01-01 10:00:00,6.907,2.523,409.01,0,
2026-01-01 10:15:00,6.893,2.631,401.92,0,
2026-01-01 10:30:00,6.828,2.762,407.22,0,
2026-01-01 10:45:00,6.87,2.574,408.87,0,
2026-01-01 11:00:00,6.861,2.946,408.57,0,
2026-01-01 11:15:00,6.864,2.663,410.45,0,
2026-01-01 11:30:00,6.895,2.457,410.0,0,
2026-01-01 11:45:00,6.862,2.593,407.47,0,
2026-01-01 12:00:00,6.884,2.644,403.23,0,
2026-01-01 12:15:00,6.854,2.811,406.26,0,
2026-01-01 12:30:00,6.866,2.601,405.61,0,
2026-01-01 12:45:00,6.884,2.719,407.09,0,
2026-01-01 13:00:00,6.782,2.759,411.17,0,
2026-01-01 13:15:00,6.842,2.734,410.25,0,
2026-01-01 13:30:00,6.838,2.939,412.21,0,
2026-01-01 13:45:00,6.834,2.929,407.7,0,
2026-01-01 14:00:00,6.856,3.021,415.64,0,
2026-01-01 14:15:00,6.95,2.809,412.71,0,
2026-01-01 14:30:00,6.838,3.05,410.93,0,
2026-01-01 14:45:00,6.936,2.674,413.39,0,
2026-01-01 15:00:00,6.81,2.678,408.81,0,
2026-01-01 15:15:00,6.884,2.71,403.65,0,
2026-01-01 15:30:00,6.917,2.898,410.27,0,
2026-01-01 15:45:00,6.946,3.08,416.32,0,
2026-01-01 16:00:00,6.961,2.81,414.32,0,
2026-01-01 16:15:00,6.973,2.828,414.15,0,
2026-01-01 16:30:00,6.925,2.864,412.02,0,
2026-01-01 16:45:00,6.929,2.978,408.32,0,
2026-01-01 17:00:00,7.004,2.815,422.59,0,
2026-01-01 17:15:00,6.961,2.799,416.83,0,
2026-01-01 17:30:00,6.917,2.668,416.72,0,
2026-01-01 17:45:00,6.934,2.773,416.53,0,
2026-01-01 18:00:00,6.954,3.023,425.02,0,
2026-01-01 18:15:00,7.035,2.846,424.31,0,
2026-01-01 18:30:00,7.027,2.706,417.7,0,
2026-01-01 18:45:00,7.064,2.986,427.0,0,
2026-01-01 19:00:00,7.017,2.695,422.53,0,
2026-01-01 19:15:00,7.056,2.977,421.42,0,
2026-01-01 19:30:00,7.089,2.954,423.42,0,
2026-01-01 19:45:00,7.051,2.731,422.17,0,
2026-01-01 20:00:00,7.098,2.475,420.72,0,
2026-01-01 20:15:00,7.05,3.02,429.77,0,
2026-01-01 20:30:00,7.073,2.711,426.42,0,
2026-01-01 20:45:00,7.08,2.58,430.38,0,
2026-01-01 21:00:00,7.046,2.747,429.63,0,
2026-01-01 21:15:00,7.137,2.683,431.22,0,
2026-01-01 21:30:00,7.096,2.749,421.34,0,
2026-01-01 21:45:00,7.125,2.427,426.51,0,
2026-01-01 22:00:00,7.154,2.548,432.67,0,
2026-01-01 22:15:00,7.157,2.296,425.66,0,
2026-01-01 22:30:00,7.172,2.548,432.58,0,
2026-01-01 22:45:00,7.137,2.419,425.8,0,
2026-01-01 23:00:00,7.124,2.439,431.66,0,
2026-01-01 23:15:00,7.143,2.349,438.21,0,
2026-01-01 23:30:00,7.064,2.309,435.0,0,
2026-01-01 23:45:00,7.077,2.193,424.57,0,
2026-01-02 00:00:00,7.084,2.419,435.39,0,
2026-01-02 00:15:00,7.1,2.501,439.26,0,
2026-01-02 00:30:00,7.169,2.173,443.09,0,
2026-01-02 00:45:00,7.102,2.319,433.67,0,
2026-01-02 01:00:00,7.126,2.282,426.13,0,
2026-01-02 01:15:00,7.207,2.2,433.1,0,
2026-01-02 01:30:00,7.121,1.954,437.47,0,
2026-01-02 01:45:00,7.171,1.972,430.01,0,
2026-01-02 02:00:00,7.083,2.036,434.56,0,
2026-01-02 02:15:00,7.114,1.82,426.62,0,
2026-01-02 02:30:00,7.072,2.342,431.01,0,
2026-01-02 02:45:00,7.096,2.176,419.06,0,
2026-01-02 03:00:00,7.148,2.109,424.68,0,
2026-01-02 03:15:00,7.013,1.779,427.89,0,
2026-01-02 03:30:00,7.113,1.83,425.85,0,
2026-01-02 03:45:00,7.095,2.101,421.46,0,
2026-01-02 04:00:00,7.045,2.396,424.0,0,
2026-01-02 04:15:00,6.994,1.996,426.63,0,
2026-01-02 04:30:00,7.061,2.233,424.25,0,
2026-01-02 04:45:00,7.022,2.036,424.1,0,
2026-01-02 05:00:00,7.05,2.122,426.03,0,
2026-01-02 05:15:00,7.03,2.303,420.97,0,
2026-01-02 05:30:00,7.1,2.079,427.0,0,
2026-01-02 05:45:00,6.998,2.038,416.83,0,
2026-01-02 06:00:00,6.949,2.366,427.71,0,
2026-01-02 06:15:00,6.999,2.174,423.67,0,
2026-01-02 06:30:00,6.991,2.346,417.01,0,
2026-01-02 06:45:00,7.039,2.096,416.5,0,
2026-01-02 07:00:00,7.003,2.428,417.72,0,
2026-01-02 07:15:00,6.97,2.277,418.54,0,
2026-01-02 07:30:00,7.016,2.322,419.79,0,
2026-01-02 07:45:00,6.874,2.298,409.33,0,
2026-01-02 08:00:00,6.893,2.224,415.75,0,
2026-01-02 08:15:00,6.87,2.323,404.87,0,
2026-01-02 08:30:00,6.889,2.281,411.99,0,
2026-01-02 08:45:00,6.832,2.515,417.9,0,
2026-01-02 09:00:00,6.926,2.366,405.84,0,
2026-01-02 09:15:00,6.876,2.197,404.58,0,
2026-01-02 09:30:00,6.807,2.196,411.36,0,
2026-01-02 09:45:00,6.825,2.215,415.57,0,
2026-01-02 10:00:00,6.886,2.593,410.91,0,
2026-01-02 10:15:00,6.907,2.353,401.62,0,
2026-01-02 10:30:00,6.961,2.597,402.18,0,
2026-01-02 10:45:00,7.004,2.599,409.03,0,
2026-01-02 11:00:00,6.876,2.594,403.69,0,
2026-01-02 11:15:00,6.803,2.694,408.78,0,
2026-01-02 11:30:00,6.745,2.677,408.89,0,
2026-01-02 11:45:00,6.864,2.27,406.07,0,
2026-01-02 12:00:00,6.809,2.651,415.26,0,
2026-01-02 12:15:00,6.83,2.786,410.39,0,
2026-01-02 12:30:00,6.821,2.99,412.95,0,
2026-01-02 12:45:00,6.846,3.017,411.91,0,
2026-01-02 13:00:00,6.908,2.578,407.81,0,
2026-01-02 13:15:00,6.866,2.748,407.86,0,
2026-01-02 13:30:00,6.853,2.582,407.72,0,
2026-01-02 13:45:00,6.814,3.061,411.96,0,
2026-01-02 14:00:00,6.786,2.998,407.01,0,
2026-01-02 14:15:00,6.851,2.911,416.92,0,
2026-01-02 14:30:00,6.878,2.894,407.5,0,
2026-01-02 14:45:00,6.976,3.086,411.84,0,
2026-01-02 15:00:00,6.9,3.068,410.6,0,
2026-01-02 15:15:00,6.95,3.066,410.28,0,
2026-01-02 15:30:00,6.884,2.965,421.38,0,
2026-01-02 15:45:00,6.857,2.847,411.58,0,
2026-01-02 16:00:00,6.877,3.015,412.78,0,
2026-01-02 16:15:00,6.897,3.022,412.04,0,
2026-01-02 16:30:00,7.049,2.868,415.57,0,
2026-01-02 16:45:00,6.911,2.84,415.74,0,
2026-01-02 17:00:00,7.003,3.056,412.42,0,
2026-01-02 17:15:00,6.926,3.128,415.96,0,
2026-01-02 17:30:00,7.027,2.757,420.87,0,
2026-01-02 17:45:00,7.009,2.819,423.32,0,
2026-01-02 18:00:00,6.992,2.899,420.1,0,
2026-01-02 18:15:00,7.008,2.906,421.02,0,
2026-01-02 18:30:00,6.987,2.739,420.12,0,
2026-01-02 18:45:00,7.052,3.083,420.33,0,
2026-01-02 19:00:00,7.016,2.846,419.43,0,
2026-01-02 19:15:00,6.987,2.843,417.63,0,
2026-01-02 19:30:00,6.994,3.007,421.78,0,
2026-01-02 19:45:00,7.075,2.655,428.92,0,
2026-01-02 20:00:00,7.154,2.687,424.3,0,
2026-01-02 20:15:00,7.091,2.489,425.28,0,
2026-01-02 20:30:00,7.085,2.627,425.84,0,
2026-01-02 20:45:00,7.113,2.405,432.89,0,
2026-01-02 21:00:00,7.171,2.716,424.77,0,
2026-01-02 21:15:00,7.124,2.641,430.13,0,
2026-01-02 21:30:00,7.098,2.511,429.25,0,
2026-01-02 21:45:00,7.18,2.511,430.25,0,
2026-01-02 22:00:00,7.151,2.614,431.37,0,
2026-01-02 22:15:00,7.211,2.303,430.99,0,
2026-01-02 22:30:00,7.148,2.478,434.26,0,
2026-01-02 22:45:00,7.081,2.527,431.25,0,
2026-01-02 23:00:00,7.076,2.129,438.57,0,
2026-01-02 23:15:00,7.23,2.474,431.95,0,
2026-01-02 23:30:00,7.235,2.096,425.08,0,
2026-01-02 23:45:00,7.141,2.305,434.53,0,
2026-01-03 00:00:00,7.131,2.125,433.57,0,
2026-01-03 00:15:00,7.223,2.492,432.1,0,
2026-01-03 00:30:00,7.093,2.083,430.86,0,
2026-01-03 00:45:00,7.102,1.989,423.31,0,
2026-01-03 01:00:00,7.177,2.237,423.8,0,
2026-01-03 01:15:00,7.122,2.137,437.95,0,
2026-01-03 01:30:00,7.138,1.957,428.74,0,
2026-01-03 01:45:00,7.126,2.246,434.62,0,
2026-01-03 02:00:00,7.147,1.855,423.98,0,
2026-01-03 02:15:00,7.195,1.986,425.79,0,
2026-01-03 02:30:00,7.124,2.044,432.23,0,
2026-01-03 02:45:00,7.145,2.242,428.61,0,
2026-01-03 03:00:00,7.004,2.308,430.64,0,
2026-01-03 03:15:00,7.096,2.273,427.86,0,
2026-01-03 03:30:00,7.049,2.08,426.47,0,
2026-01-03 03:45:00,7.022,1.737,423.95,0,
2026-01-03 04:00:00,7.031,2.159,421.22,0,
2026-01-03 04:15:00,7.05,2.321,430.92,0,
2026-01-03 04:30:00,7.103,2.288,430.86,0,
2026-01-03 04:45:00,6.982,2.177,419.7,0,
2026-01-03 05:00:00,7.04,1.935,418.69,0,
2026-01-03 05:15:00,7.005,2.042,420.95,0,
2026-01-03 05:30:00,7.003,2.421,422.93,0,
2026-01-03 05:45:00,7.06,1.929,420.06,0,
2026-01-03 06:00:00,7.027,1.981,422.0,0,
2026-01-03 06:15:00,7.057,2.309,419.02,0,
2026-01-03 06:30:00,6.973,2.118,417.98,0,
2026-01-03 06:45:00,6.936,2.022,427.31,0,
2026-01-03 07:00:00,6.95,2.446,414.79,0,
2026-01-03 07:15:00,6.964,2.305,422.7,0,
2026-01-03 07:30:00,6.951,2.199,421.2,0,
2026-01-03 07:45:00,6.879,2.106,416.71,0,
2026-01-03 08:00:00,6.93,2.607,406.3,0,
2026-01-03 08:15:00,6.928,2.319,413.46,0,
2026-01-03 08:30:00,7.035,2.557,410.64,0,
2026-01-03 08:45:00,6.995,2.505,412.17,0,
2026-01-03 09:00:00,6.851,2.318,407.26,0,
2026-01-03 09:15:00,6.873,2.345,414.0,0,
2026-01-03 09:30:00,6.808,2.665,414.42,0,
2026-01-03 09:45:00,6.846,2.693,414.7,0,
2026-01-03 10:00:00,6.886,2.218,408.08,0,
2026-01-03 10:15:00,6.926,2.609,405.0,0,
2026-01-03 10:30:00,6.825,2.534,410.32,0,
2026-01-03 10:45:00,6.825,2.423,415.66,0,
2026-01-03 11:00:00,6.748,2.643,408.69,0,
2026-01-03 11:15:00,6.845,2.426,410.04,0,
2026-01-03 11:30:00,6.798,2.583,407.16,0,
2026-01-03 11:45:00,6.824,2.557,406.01,0,
2026-01-03 12:00:00,6.806,2.625,410.63,0,
2026-01-03 12:15:00,6.846,2.712,407.6,0,
2026-01-03 12:30:00,6.763,2.591,409.72,0,
2026-01-03 12:45:00,6.78,3.0,410.26,0,
2026-01-03 13:00:00,6.962,2.857,409.8,0,
2026-01-03 13:15:00,6.794,3.07,410.87,0,
2026-01-03 13:30:00,6.807,2.793,405.5,0,
2026-01-03 13:45:00,6.957,2.75,405.58,0,
2026-01-03 14:00:00,7.015,3.11,409.44,0,
2026-01-03 14:15:00,6.817,2.772,409.95,0,
2026-01-03 14:30:00,6.863,2.843,408.39,0,
2026-01-03 14:45:00,6.904,2.987,411.94,0,
2026-01-03 15:00:00,6.98,2.701,415.15,0,
2026-01-03 15:15:00,6.852,2.999,416.84,0,
2026-01-03 15:30:00,6.896,2.984,418.34,0,
2026-01-03 15:45:00,6.956,3.09,408.07,0,
2026-01-03 16:00:00,6.947,3.034,409.35,0,
2026-01-03 16:15:00,6.915,3.094,413.53,0,
2026-01-03 16:30:00,6.936,2.88,415.73,0,
2026-01-03 16:45:00,6.883,2.763,415.19,0,
2026-01-03 17:00:00,6.949,3.203,414.68,0,
2026-01-03 17:15:00,6.957,2.65,416.44,0,
2026-01-03 17:30:00,6.992,2.656,420.37,0,
2026-01-03 17:45:00,6.962,2.944,413.9,0,
2026-01-03 18:00:00,7.024,3.09,429.37,0,
2026-01-03 18:15:00,7.06,2.861,420.87,0,
2026-01-03 18:30:00,7.027,2.967,425.77,0,
2026-01-03 18:45:00,7.047,2.501,420.02,0,
2026-01-03 19:00:00,7.041,2.708,425.4,0,
2026-01-03 19:15:00,7.048,2.483,424.26,0,
2026-01-03 19:30:00,7.021,2.861,428.02,0,
2026-01-03 19:45:00,7.082,2.49,424.51,0,
2026-01-03 20:00:00,7.07,2.508,432.21,0,
2026-01-03 20:15:00,7.188,2.754,420.7,0,
2026-01-03 20:30:00,7.17,2.812,431.1,0,
2026-01-03 20:45:00,7.118,2.605,428.39,0,
2026-01-03 21:00:00,7.068,2.689,424.41,0,
2026-01-03 21:15:00,7.057,2.659,436.83,0,
2026-01-03 21:30:00,7.179,2.52,436.92,0,
2026-01-03 21:45:00,7.138,2.362,421.68,0,
2026-01-03 22:00:00,7.154,2.585,431.1,0,
2026-01-03 22:15:00,7.047,2.566,433.59,0,
2026-01-03 22:30:00,7.185,2.582,432.85,0,
2026-01-03 22:45:00,7.165,2.469,437.43,0,
2026-01-03 23:00:00,7.089,2.221,436.82,0,
2026-01-03 23:15:00,7.124,2.475,432.83,0,
2026-01-03 23:30:00,7.162,2.347,441.01,0,
2026-01-03 23:45:00,7.152,2.251,435.72,0,
2026-01-04 00:00:00,7.135,2.256,430.59,0,
2026-01-04 00:15:00,7.145,2.174,429.76,0,
2026-01-04 00:30:00,7.136,2.39,436.87,0,
2026-01-04 00:45:00,7.155,2.024,428.6,0,
2026-01-04 01:00:00,7.218,2.068,429.95,0,
2026-01-04 01:15:00,7.014,2.15,430.4,0,
2026-01-04 01:30:00,7.127,2.425,432.51,0,
2026-01-04 01:45:00,7.143,2.326,429.99,0,
2026-01-04 02:00:00,7.145,1.907,425.12,0,
2026-01-04 02:15:00,7.106,2.344,434.63,0,
2026-01-04 02:30:00,7.031,2.333,427.9,0,
2026-01-04 02:45:00,7.129,1.945,437.1,0,
2026-01-04 03:00:00,7.192,1.735,429.7,0,
2026-01-04 03:15:00,7.022,2.097,432.98,0,
2026-01-04 03:30:00,7.135,2.272,429.83,0,
2026-01-04 03:45:00,7.067,2.34,431.93,0,
2026-01-04 04:00:00,7.072,1.969,428.28,0,
2026-01-04 04:15:00,7.014,2.364,426.25,0,
2026-01-04 04:30:00,7.041,1.769,428.97,0,
2026-01-04 04:45:00,7.113,2.052,433.8,0,
2026-01-04 05:00:00,7.068,2.051,422.03,0,
2026-01-04 05:15:00,7.116,2.294,425.52,0,
2026-01-04 05:30:00,7.078,2.325,421.55,0,
2026-01-04 05:45:00,7.032,2.284,422.81,0,
2026-01-04 06:00:00,7.087,1.951,420.17,0,
2026-01-04 06:15:00,7.012,2.297,410.58,0,
2026-01-04 06:30:00,7.022,2.259,417.63,0,
2026-01-04 06:45:00,6.956,1.949,421.66,0,
2026-01-04 07:00:00,6.965,1.907,413.83,0,
2026-01-04 07:15:00,6.917,2.392,419.83,0,
2026-01-04 07:30:00,6.992,2.229,416.14,0,
2026-01-04 07:45:00,6.875,2.085,413.93,0,
2026-01-04 08:00:00,6.964,2.269,417.62,0,
2026-01-04 08:15:00,6.907,2.378,416.06,0,
2026-01-04 08:30:00,6.967,2.334,414.38,0,
2026-01-04 08:45:00,6.939,2.139,416.15,0,
2026-01-04 09:00:00,6.985,2.679,412.33,0,
2026-01-04 09:15:00,6.924,2.573,404.4,0,
2026-01-04 09:30:00,6.802,2.397,408.97,0,
2026-01-04 09:45:00,6.872,2.43,402.8,0,
2026-01-04 10:00:00,6.811,2.554,412.24,0,
2026-01-04 10:15:00,6.84,2.357,412.82,0,
2026-01-04 10:30:00,6.937,2.601,412.68,0,
2026-01-04 10:45:00,6.89,2.378,410.59,0,
2026-01-04 11:00:00,6.82,2.593,412.28,0,
2026-01-04 11:15:00,6.802,2.453,401.92,0,
2026-01-04 11:30:00,6.853,2.485,407.67,0,
2026-01-04 11:45:00,6.789,2.924,402.37,0,
2026-01-04 12:00:00,6.816,2.709,406.57,0,
2026-01-04 12:15:00,6.866,2.753,414.49,0,
2026-01-04 12:30:00,6.909,2.442,412.48,0,
2026-01-04 12:45:00,6.883,2.674,410.88,0,
2026-01-04 13:00:00,6.741,2.852,407.68,0,
2026-01-04 13:15:00,6.873,2.83,404.66,0,
2026-01-04 13:30:00,6.865,2.494,409.66,0,
2026-01-04 13:45:00,6.886,2.864,413.68,0,
2026-01-04 14:00:00,6.951,2.901,411.25,0,
2026-01-04 14:15:00,6.772,3.051,403.68,0,
2026-01-04 14:30:00,6.851,2.771,410.9,0,
2026-01-04 14:45:00,6.917,2.542,403.32,0,
2026-01-04 15:00:00,6.815,2.737,414.73,0,
2026-01-04 15:15:00,6.975,2.728,409.32,0,
2026-01-04 15:30:00,6.927,3.007,407.8,0,
2026-01-04 15:45:00,6.959,2.492,416.6,0,
2026-01-04 16:00:00,6.896,2.833,416.24,0,
2026-01-04 16:15:00,6.974,3.113,415.62,0,
2026-01-04 16:30:00,6.996,2.898,424.17,0,
2026-01-04 16:45:00,6.963,3.027,418.68,0,
2026-01-04 17:00:00,6.973,2.64,414.31,0,
2026-01-04 17:15:00,6.984,2.638,419.74,0,
2026-01-04 17:30:00,6.937,3.085,417.29,0,
2026-01-04 17:45:00,6.983,2.874,424.28,0,
2026-01-04 18:00:00,6.992,2.862,421.12,0,
2026-01-04 18:15:00,7.029,2.665,422.3,0,
2026-01-04 18:30:00,7.07,2.832,415.8,0,
2026-01-04 18:45:00,6.976,2.629,422.59,0,
2026-01-04 19:00:00,7.033,2.961,422.88,0,
2026-01-04 19:15:00,7.122,3.173,419.76,0,
2026-01-04 19:30:00,7.02,2.816,423.71,0,
2026-01-04 19:45:00,7.025,2.627,427.05,0,
2026-01-04 20:00:00,7.085,2.32,425.98,0,
2026-01-04 20:15:00,7.126,2.424,421.02,0,
2026-01-04 20:30:00,7.092,2.886,426.21,0,
2026-01-04 20:45:00,7.165,2.474,426.04,0,
2026-01-04 21:00:00,7.149,2.548,429.26,0,
2026-01-04 21:15:00,7.155,2.676,429.36,0,
2026-01-04 21:30:00,7.147,2.775,427.87,0,
2026-01-04 21:45:00,7.241,2.496,428.17,0,
2026-01-04 22:00:00,7.12,2.439,430.66,0,
2026-01-04 22:15:00,7.034,2.485,434.61,0,
2026-01-04 22:30:00,7.219,2.354,432.2,0,
2026-01-04 22:45:00,7.119,2.336,437.06,0,
2026-01-04 23:00:00,7.15,2.458,436.12,0,
2026-01-04 23:15:00,7.213,2.399,437.76,0,
2026-01-04 23:30:00,7.069,2.667,437.37,0,
2026-01-04 23:45:00,7.087,2.389,438.23,0,
2026-01-05 00:00:00,7.07,2.473,427.39,0,
2026-01-05 00:15:00,7.11,2.117,434.56,0,
2026-01-05 00:30:00,7.171,2.335,436.77,0,
2026-01-05 00:45:00,7.173,2.128,437.37,0,
2026-01-05 01:00:00,7.159,2.276,428.51,0,
2026-01-05 01:15:00,7.071,2.303,433.99,0,
2026-01-05 01:30:00,7.023,2.19,431.39,0,
2026-01-05 01:45:00,7.137,2.529,438.15,0,
2026-01-05 02:00:00,7.106,2.368,424.84,0,
2026-01-05 02:15:00,7.148,2.318,426.9,0,
2026-01-05 02:30:00,7.154,2.245,422.28,0,
2026-01-05 02:45:00,7.12,2.386,429.6,0,
2026-01-05 03:00:00,7.144,1.898,437.54,0,
2026-01-05 03:15:00,7.11,2.313,427.73,0,
2026-01-05 03:30:00,7.118,1.955,427.71,0,
2026-01-05 03:45:00,7.048,2.016,428.87,0,
2026-01-05 04:00:00,7.066,2.184,425.53,0,
2026-01-05 04:15:00,7.076,2.286,426.77,0,
2026-01-05 04:30:00,7.098,1.93,426.16,0,
2026-01-05 04:45:00,7.029,2.031,420.48,0,
2026-01-05 05:00:00,7.065,2.128,422.73,0,
2026-01-05 05:15:00,7.016,2.093,425.31,0,
2026-01-05 05:30:00,7.014,2.259,425.28,0,
2026-01-05 05:45:00,7.051,2.657,425.98,0,
2026-01-05 06:00:00,6.9,2.216,421.34,0,
2026-01-05 06:15:00,6.925,2.057,420.64,0,
2026-01-05 06:30:00,6.906,1.988,421.43,0,
2026-01-05 06:45:00,6.854,2.15,415.28,0,
2026-01-05 07:00:00,6.927,2.076,414.35,0,
2026-01-05 07:15:00,6.989,2.306,415.64,0,
2026-01-05 07:30:00,6.928,2.324,410.31,0,
2026-01-05 07:45:00,6.944,2.208,416.32,0,
2026-01-05 08:00:00,6.979,2.598,418.2,0,
2026-01-05 08:15:00,6.983,2.213,410.49,0,
2026-01-05 08:30:00,6.905,2.329,414.44,0,
2026-01-05 08:45:00,6.969,2.467,409.57,0,
2026-01-05 09:00:00,6.899,2.53,407.45,0,
2026-01-05 09:15:00,6.845,2.614,419.2,0,
2026-01-05 09:30:00,6.851,2.512,406.47,0,
2026-01-05 09:45:00,6.801,2.631,404.91,0,
2026-01-05 10:00:00,6.826,2.4,410.47,0,
2026-01-05 10:15:00,6.848,2.664,410.31,0,
2026-01-05 10:30:00,6.902,2.688,411.58,0,
2026-01-05 10:45:00,6.944,2.805,416.64,0,
2026-01-05 11:00:00,6.786,2.353,405.3,0,
2026-01-05 11:15:00,6.873,2.492,405.92,0,
2026-01-05 11:30:00,6.799,2.777,414.54,0,
2026-01-05 11:45:00,6.874,2.279,411.78,0,
2026-01-05 12:00:00,6.843,2.774,411.2,0,
2026-01-05 12:15:00,6.759,2.881,405.67,0,
2026-01-05 12:30:00,6.898,2.657,412.61,0,
2026-01-05 12:45:00,6.823,2.699,411.44,0,
2026-01-05 13:00:00,6.828,2.622,409.17,0,
2026-01-05 13:15:00,6.804,2.723,406.3,0,
2026-01-05 13:30:00,6.829,2.743,409.34,0,
2026-01-05 13:45:00,6.887,2.73,415.83,0,
2026-01-05 14:00:00,6.861,2.736,405.23,0,
2026-01-05 14:15:00,6.892,2.818,406.82,0,
2026-01-05 14:30:00,6.899,2.827,407.97,0,
2026-01-05 14:45:00,6.953,3.16,409.33,0,
2026-01-05 15:00:00,6.877,2.827,411.45,0,
2026-01-05 15:15:00,6.827,2.944,415.92,0,
2026-01-05 15:30:00,6.962,2.81,414.54,0,
2026-01-05 15:45:00,6.9,2.811,413.58,0,
2026-01-05 16:00:00,6.981,2.644,415.11,0,
2026-01-05 16:15:00,6.953,2.663,417.19,0,
2026-01-05 16:30:00,6.936,2.716,408.68,0,
2026-01-05 16:45:00,6.969,2.92,420.43,0,
2026-01-05 17:00:00,7.059,3.048,413.59,0,
2026-01-05 17:15:00,7.075,2.611,415.88,0,
2026-01-05 17:30:00,6.984,2.787,419.8,0,
2026-01-05 17:45:00,6.998,2.654,418.91,0,
2026-01-05 18:00:00,7.054,2.807,421.95,0,
2026-01-05 18:15:00,6.968,2.994,421.35,0,
2026-01-05 18:30:00,7.036,2.75,420.41,0,
2026-01-05 18:45:00,7.028,2.794,428.46,0,
2026-01-05 19:00:00,7.055,3.001,425.94,0,
2026-01-05 19:15:00,7.007,2.832,425.07,0,
2026-01-05 19:30:00,6.978,2.629,427.36,0,
2026-01-05 19:45:00,6.963,2.746,422.49,0,
2026-01-05 20:00:00,7.019,2.576,434.7,0,
2026-01-05 20:15:00,7.06,2.74,422.32,0,
2026-01-05 20:30:00,7.077,2.73,427.76,0,
2026-01-05 20:45:00,7.196,2.424,426.77,0,
2026-01-05 21:00:00,7.161,2.63,427.19,0,
2026-01-05 21:15:00,7.065,2.56,427.21,0,
2026-01-05 21:30:00,7.136,2.634,426.43,0,
2026-01-05 21:45:00,7.104,2.651,434.73,0,
2026-01-05 22:00:00,7.116,2.572,425.57,0,
2026-01-05 22:15:00,7.144,2.428,434.7,0,
2026-01-05 22:30:00,7.17,2.588,433.68,0,
2026-01-05 22:45:00,7.125,2.291,429.84,0,
2026-01-05 23:00:00,7.198,2.198,433.72,0,
2026-01-05 23:15:00,7.09,1.892,431.14,0,
2026-01-05 23:30:00,7.149,2.336,427.49,0,
2026-01-05 23:45:00,7.28,2.2,427.61,0,
2026-01-06 00:00:00,7.161,2.36,434.62,0,Routine calibration – all sensors checked
2026-01-06 00:15:00,7.221,1.982,434.39,0,
2026-01-06 00:30:00,7.153,2.159,432.87,0,
2026-01-06 00:45:00,7.176,2.307,430.2,0,
2026-01-06 01:00:00,7.142,2.063,430.83,0,
2026-01-06 01:15:00,7.134,2.261,430.06,0,
2026-01-06 01:30:00,7.1,2.099,424.1,0,
2026-01-06 01:45:00,7.156,2.162,431.01,0,
2026-01-06 02:00:00,7.087,2.243,432.48,0,
2026-01-06 02:15:00,7.158,2.284,430.25,0,
2026-01-06 02:30:00,7.173,2.144,436.6,0,
2026-01-06 02:45:00,7.131,1.999,425.0,0,
2026-01-06 03:00:00,7.092,2.045,425.84,0,
2026-01-06 03:15:00,7.122,2.203,428.44,0,
2026-01-06 03:30:00,7.076,1.95,428.28,0,
2026-01-06 03:45:00,7.13,2.074,419.06,0,
2026-01-06 04:00:00,6.983,2.042,428.41,0,
2026-01-06 04:15:00,7.05,2.085,426.3,0,
2026-01-06 04:30:00,6.958,1.952,416.11,0,
2026-01-06 04:45:00,6.973,1.83,423.39,0,
2026-01-06 05:00:00,7.107,2.192,419.87,0,
2026-01-06 05:15:00,7.074,2.266,420.53,0,
2026-01-06 05:30:00,6.984,1.862,416.21,0,
2026-01-06 05:45:00,6.935,2.197,422.45,0,
2026-01-06 06:00:00,6.852,2.316,427.05,0,
2026-01-06 06:15:00,6.963,2.257,420.28,0,
2026-01-06 06:30:00,7.101,2.12,409.8,0,
2026-01-06 06:45:00,6.992,2.058,418.8,0,
2026-01-06 07:00:00,6.933,2.229,416.12,0,
2026-01-06 07:15:00,6.975,2.273,411.74,0,
2026-01-06 07:30:00,6.865,2.271,416.82,0,
2026-01-06 07:45:00,6.919,2.251,418.21,0,
2026-01-06 08:00:00,6.93,2.138,411.33,0,
2026-01-06 08:15:00,6.912,2.386,406.76,0,
2026-01-06 08:30:00,6.948,2.418,404.65,0,
2026-01-06 08:45:00,6.918,2.402,409.43,0,
2026-01-06 09:00:00,6.927,2.413,410.89,0,
2026-01-06 09:15:00,6.853,2.674,408.91,0,
2026-01-06 09:30:00,6.926,2.354,407.75,0,
2026-01-06 09:45:00,6.957,2.666,412.29,0,
2026-01-06 10:00:00,6.822,2.39,411.46,0,
2026-01-06 10:15:00,6.821,2.693,410.04,0,
2026-01-06 10:30:00,6.928,2.737,412.18,0,
2026-01-06 10:45:00,6.848,2.534,406.01,0,
2026-01-06 11:00:00,6.925,2.853,404.03,0,
2026-01-06 11:15:00,6.831,2.699,406.14,0,
2026-01-06 11:30:00,6.924,2.521,405.74,0,
2026-01-06 11:45:00,6.857,2.621,399.82,0,
2026-01-06 12:00:00,6.863,2.87,405.82,0,
2026-01-06 12:15:00,6.929,2.861,412.45,0,
2026-01-06 12:30:00,6.833,2.585,411.31,0,
2026-01-06 12:45:00,6.806,2.743,410.33,0,
2026-01-06 13:00:00,6.833,2.813,408.94,0,
2026-01-06 13:15:00,6.881,2.725,414.43,0,
2026-01-06 13:30:00,6.783,3.171,404.67,0,
2026-01-06 13:45:00,6.897,2.868,405.38,0,
2026-01-06 14:00:00,6.843,2.837,414.1,0,
2026-01-06 14:15:00,6.933,3.037,410.13,0,
2026-01-06 14:30:00,6.761,2.815,407.8,0,
2026-01-06 14:45:00,6.848,3.03,413.19,0,
2026-01-06 15:00:00,6.81,2.636,409.76,0,
2026-01-06 15:15:00,6.86,2.824,408.74,0,
2026-01-06 15:30:00,6.921,3.054,409.23,0,
2026-01-06 15:45:00,6.908,3.135,414.62,0,
2026-01-06 16:00:00,6.912,2.784,414.82,0,
2026-01-06 16:15:00,6.926,2.766,420.76,0,
2026-01-06 16:30:00,6.953,2.982,414.25,0,
2026-01-06 16:45:00,6.901,2.799,414.91,0,
2026-01-06 17:00:00,6.997,2.846,422.65,0,
2026-01-06 17:15:00,7.004,3.01,421.6,0,
2026-01-06 17:30:00,7.0,2.788,419.01,0,
2026-01-06 17:45:00,7.018,2.564,412.97,0,
2026-01-06 18:00:00,7.015,2.651,416.75,0,
2026-01-06 18:15:00,7.112,2.834,416.57,0,
2026-01-06 18:30:00,7.015,2.538,421.71,0,
2026-01-06 18:45:00,7.014,2.756,420.31,0,
2026-01-06 19:00:00,7.001,2.574,429.52,0,
2026-01-06 19:15:00,6.997,3.01,417.57,0,
2026-01-06 19:30:00,6.995,3.068,419.95,0,
2026-01-06 19:45:00,7.022,2.563,426.29,0,
2026-01-06 20:00:00,7.071,2.739,428.09,0,
2026-01-06 20:15:00,7.1,2.533,416.32,0,
2026-01-06 20:30:00,7.094,2.607,420.36,0,
2026-01-06 20:45:00,7.061,2.899,426.86,0,
2026-01-06 21:00:00,7.151,2.534,433.91,0,
2026-01-06 21:15:00,7.15,2.535,436.57,0,
2026-01-06 21:30:00,7.111,2.411,427.86,0,
2026-01-06 21:45:00,7.092,2.698,429.3,0,
2026-01-06 22:00:00,7.157,2.011,427.04,0,
2026-01-06 22:15:00,7.144,2.407,433.3,0,
2026-01-06 22:30:00,7.066,2.441,437.2,0,
2026-01-06 22:45:00,7.139,2.323,436.39,0,
2026-01-06 23:00:00,7.158,2.526,431.48,0,
2026-01-06 23:15:00,7.102,2.552,428.42,0,
2026-01-06 23:30:00,7.158,2.135,431.93,0,
2026-01-06 23:45:00,7.077,2.637,437.5,0,
2026-01-07 00:00:00,7.217,2.087,430.4,0,
2026-01-07 00:15:00,7.212,2.471,424.71,0,
2026-01-07 00:30:00,7.136,2.279,430.46,0,
2026-01-07 00:45:00,7.165,2.161,430.65,0,
2026-01-07 01:00:00,7.024,2.156,424.31,0,
2026-01-07 01:15:00,7.084,2.194,432.29,0,
2026-01-07 01:30:00,7.124,2.214,433.11,0,
2026-01-07 01:45:00,7.081,2.029,438.2,0,
2026-01-07 02:00:00,7.166,2.118,425.06,0,
2026-01-07 02:15:00,7.225,2.026,432.9,0,
2026-01-07 02:30:00,7.06,1.948,433.39,0,
2026-01-07 02:45:00,7.071,1.999,431.1,0,
2026-01-07 03:00:00,7.118,1.941,424.46,0,
2026-01-07 03:15:00,7.179,2.045,423.65,0,
2026-01-07 03:30:00,7.03,2.168,427.69,0,
2026-01-07 03:45:00,7.096,2.119,427.03,0,
2026-01-07 04:00:00,7.166,2.396,423.76,0,
2026-01-07 04:15:00,6.984,1.769,430.47,0,
2026-01-07 04:30:00,6.993,2.174,422.99,0,
2026-01-07 04:45:00,7.027,2.109,416.28,0,
2026-01-07 05:00:00,7.013,2.236,422.21,0,
2026-01-07 05:15:00,7.07,2.229,424.26,0,
2026-01-07 05:30:00,7.032,2.106,422.93,0,
2026-01-07 05:45:00,6.921,2.167,422.12,0,
2026-01-07 06:00:00,7.026,2.042,425.98,0,
2026-01-07 06:15:00,6.961,2.259,414.76,0,
2026-01-07 06:30:00,7.044,1.901,416.74,0,
2026-01-07 06:45:00,6.939,2.316,423.84,0,
2026-01-07 07:00:00,6.929,2.214,409.02,0,
2026-01-07 07:15:00,6.979,2.163,415.93,0,
2026-01-07 07:30:00,6.981,2.222,420.32,0,
2026-01-07 07:45:00,6.956,2.254,419.55,0,
2026-01-07 08:00:00,6.841,2.495,416.64,0,
2026-01-07 08:15:00,6.944,2.808,416.07,0,
2026-01-07 08:30:00,6.857,2.53,408.53,0,
2026-01-07 08:45:00,6.913,2.287,417.58,0,
2026-01-07 09:00:00,6.823,2.491,406.71,0,
2026-01-07 09:15:00,6.91,2.523,406.42,0,
2026-01-07 09:30:00,6.841,2.309,412.03,0,
2026-01-07 09:45:00,6.811,2.285,408.05,0,
2026-01-07 10:00:00,6.906,2.491,410.43,0,
2026-01-07 10:15:00,6.878,2.647,410.96,0,
2026-01-07 10:30:00,6.831,2.31,416.03,0,
2026-01-07 10:45:00,6.931,2.47,410.37,0,
2026-01-07 11:00:00,6.833,2.689,405.93,0,
2026-01-07 11:15:00,6.854,2.635,410.94,0,
2026-01-07 11:30:00,6.865,2.866,404.78,0,
2026-01-07 11:45:00,6.819,2.465,411.68,0,
2026-01-07 12:00:00,6.874,3.053,408.26,0,
2026-01-07 12:15:00,6.824,2.492,409.63,0,
2026-01-07 12:30:00,6.831,2.439,400.98,0,
2026-01-07 12:45:00,6.921,2.755,399.23,0,
2026-01-07 13:00:00,6.803,2.613,402.4,0,
2026-01-07 13:15:00,6.737,2.795,415.62,0,
2026-01-07 13:30:00,6.942,2.806,404.32,0,
2026-01-07 13:45:00,6.993,2.803,412.17,0,
2026-01-07 14:00:00,6.85,2.72,407.04,0,
2026-01-07 14:15:00,6.778,2.924,409.06,0,
2026-01-07 14:30:00,6.865,2.822,410.3,0,
2026-01-07 14:45:00,6.873,3.044,417.55,0,
2026-01-07 15:00:00,6.884,2.859,413.85,0,
2026-01-07 15:15:00,6.845,2.748,413.63,0,
2026-01-07 15:30:00,6.938,2.643,417.88,0,
2026-01-07 15:45:00,6.943,2.873,410.8,0,
2026-01-07 16:00:00,6.85,2.71,418.27,0,
2026-01-07 16:15:00,6.969,2.697,418.3,0,
2026-01-07 16:30:00,7.045,2.976,418.97,0,
2026-01-07 16:45:00,6.96,2.626,415.52,0,
2026-01-07 17:00:00,6.944,3.098,415.14,0,
2026-01-07 17:15:00,6.964,2.903,414.18,0,
2026-01-07 17:30:00,7.011,2.863,415.2,0,
2026-01-07 17:45:00,6.904,2.704,415.55,0,
2026-01-07 18:00:00,7.008,2.961,421.47,0,
2026-01-07 18:15:00,6.99,2.832,419.87,0,
2026-01-07 18:30:00,7.112,2.714,423.29,0,
2026-01-07 18:45:00,7.021,2.831,424.29,0,
2026-01-07 19:00:00,7.122,2.53,418.87,0,
2026-01-07 19:15:00,6.993,2.518,419.5,0,
2026-01-07 19:30:00,7.087,2.575,423.68,0,
2026-01-07 19:45:00,7.082,2.775,422.21,0,
2026-01-07 20:00:00,7.032,2.7,422.48,0,
2026-01-07 20:15:00,7.092,2.834,433.45,0,
2026-01-07 20:30:00,7.152,2.515,421.17,0,
2026-01-07 20:45:00,7.083,2.715,436.0,0,
2026-01-07 21:00:00,7.021,2.586,429.64,0,
2026-01-07 21:15:00,7.112,2.437,432.97,0,
2026-01-07 21:30:00,7.074,2.61,432.99,0,
2026-01-07 21:45:00,7.108,2.516,432.45,0,
2026-01-07 22:00:00,7.126,2.406,437.04,0,
2026-01-07 22:15:00,7.049,2.48,426.43,0,
2026-01-07 22:30:00,7.058,2.428,430.46,0,
2026-01-07 22:45:00,7.166,2.399,427.95,0,
2026-01-07 23:00:00,7.119,2.335,424.81,0,
2026-01-07 23:15:00,7.019,2.176,429.12,0,
2026-01-07 23:30:00,7.188,2.358,439.39,0,
2026-01-07 23:45:00,7.163,2.203,431.28,0,
2026-01-08 00:00:00,7.114,2.147,439.93,0,
2026-01-08 00:15:00,7.084,2.242,440.32,0,
2026-01-08 00:30:00,7.191,2.367,443.88,0,
2026-01-08 00:45:00,7.165,2.264,439.39,0,
2026-01-08 01:00:00,7.264,2.137,441.02,0,
2026-01-08 01:15:00,7.163,2.114,432.66,0,
2026-01-08 01:30:00,7.158,2.278,432.0,0,
2026-01-08 01:45:00,7.126,1.808,431.94,0,
2026-01-08 02:00:00,7.171,2.273,430.39,0,
2026-01-08 02:15:00,7.156,1.86,430.58,0,
2026-01-08 02:30:00,7.182,1.918,432.53,0,
2026-01-08 02:45:00,7.087,2.044,427.16,0,
2026-01-08 03:00:00,7.084,2.439,422.97,0,
2026-01-08 03:15:00,7.075,2.359,429.37,0,
2026-01-08 03:30:00,7.131,2.209,424.53,0,
2026-01-08 03:45:00,7.158,2.154,424.31,0,
2026-01-08 04:00:00,7.052,1.821,425.43,0,
2026-01-08 04:15:00,7.045,2.124,423.82,0,
2026-01-08 04:30:00,7.073,2.021,429.03,0,
2026-01-08 04:45:00,7.036,1.985,423.19,0,
2026-01-08 05:00:00,7.086,2.137,427.75,0,
2026-01-08 05:15:00,6.917,2.051,423.17,0,
2026-01-08 05:30:00,6.978,2.261,421.21,0,
2026-01-08 05:45:00,6.971,1.851,421.42,0,
2026-01-08 06:00:00,6.884,2.165,414.83,0,
2026-01-08 06:15:00,6.942,2.036,420.57,0,
2026-01-08 06:30:00,6.935,2.121,421.83,0,
2026-01-08 06:45:00,6.961,2.245,421.62,0,
2026-01-08 07:00:00,7.017,2.05,411.49,0,
2026-01-08 07:15:00,6.94,2.261,410.07,0,
2026-01-08 07:30:00,6.891,2.225,413.26,0,
2026-01-08 07:45:00,6.931,2.179,420.23,0,
2026-01-08 08:00:00,6.977,2.229,414.88,0,
2026-01-08 08:15:00,6.868,2.3,410.23,0,
2026-01-08 08:30:00,6.863,2.232,406.88,0,
2026-01-08 08:45:00,6.929,2.372,409.35,0,
2026-01-08 09:00:00,6.883,2.355,408.51,0,
2026-01-08 09:15:00,6.92,2.33,414.72,0,
2026-01-08 09:30:00,6.88,2.686,414.53,0,
2026-01-08 09:45:00,6.91,2.536,405.82,0,
2026-01-08 10:00:00,6.818,2.443,412.62,0,
2026-01-08 10:15:00,6.865,2.548,411.84,0,
2026-01-08 10:30:00,6.851,2.398,404.19,0,
2026-01-08 10:45:00,6.797,2.513,408.3,0,
2026-01-08 11:00:00,6.777,2.556,409.77,0,
2026-01-08 11:15:00,6.887,2.442,408.88,0,
2026-01-08 11:30:00,6.834,2.711,401.26,0,
2026-01-08 11:45:00,6.799,2.601,408.55,0,
2026-01-08 12:00:00,6.845,2.647,410.55,0,
2026-01-08 12:15:00,6.907,2.637,414.34,0,
2026-01-08 12:30:00,6.737,3.187,405.43,0,
2026-01-08 12:45:00,6.778,2.664,406.05,0,
2026-01-08 13:00:00,6.809,2.473,407.57,0,
2026-01-08 13:15:00,6.931,2.561,409.8,0,
2026-01-08 13:30:00,6.876,2.931,409.3,0,
2026-01-08 13:45:00,6.904,3.033,411.65,0,
2026-01-08 14:00:00,6.813,2.744,405.11,0,
2026-01-08 14:15:00,6.819,3.051,411.61,0,
2026-01-08 14:30:00,6.903,2.981,407.51,0,
2026-01-08 14:45:00,6.89,2.85,410.4,0,
2026-01-08 15:00:00,6.921,2.847,418.35,0,
2026-01-08 15:15:00,6.892,2.919,406.49,0,
2026-01-08 15:30:00,6.923,3.028,411.58,0,
2026-01-08 15:45:00,6.925,2.959,408.23,0,
2026-01-08 16:00:00,6.964,2.798,414.61,0,
2026-01-08 16:15:00,6.974,2.873,418.89,0,
2026-01-08 16:30:00,6.862,3.194,416.09,0,
2026-01-08 16:45:00,6.839,2.93,415.68,0,
2026-01-08 17:00:00,7.011,3.017,422.21,0,
2026-01-08 17:15:00,7.03,2.96,418.98,0,
2026-01-08 17:30:00,6.929,2.911,421.71,0,
2026-01-08 17:45:00,6.897,2.875,422.08,0,
2026-01-08 18:00:00,7.005,2.981,408.5,0,
2026-01-08 18:15:00,7.056,2.94,420.48,0,
2026-01-08 18:30:00,7.109,2.857,417.25,0,
2026-01-08 18:45:00,7.055,2.697,419.02,0,
2026-01-08 19:00:00,7.02,2.841,429.0,0,
2026-01-08 19:15:00,7.004,2.754,422.36,0,
2026-01-08 19:30:00,7.058,2.697,432.16,0,
2026-01-08 19:45:00,7.051,3.124,419.68,0,
2026-01-08 20:00:00,7.024,2.469,421.67,0,
2026-01-08 20:15:00,7.186,2.821,429.72,0,
2026-01-08 20:30:00,7.181,2.524,425.94,0,
2026-01-08 20:45:00,7.156,2.648,429.14,0,
2026-01-08 21:00:00,7.06,2.989,428.04,0,
2026-01-08 21:15:00,7.156,2.434,428.45,0,
2026-01-08 21:30:00,7.151,2.444,428.3,0,
2026-01-08 21:45:00,7.147,2.524,430.7,0,
2026-01-08 22:00:00,7.192,2.373,432.96,0,
2026-01-08 22:15:00,7.166,2.606,437.22,0,
2026-01-08 22:30:00,7.176,2.368,430.28,0,
2026-01-08 22:45:00,7.174,2.52,429.79,0,
2026-01-08 23:00:00,7.162,2.197,429.5,0,
2026-01-08 23:15:00,7.058,2.1,437.65,0,
2026-01-08 23:30:00,7.153,2.313,434.66,0,
2026-01-08 23:45:00,7.122,2.088,424.38,0,
2026-01-09 00:00:00,7.086,2.528,424.23,0,
2026-01-09 00:15:00,7.234,2.048,428.65,0,
2026-01-09 00:30:00,7.235,2.101,432.82,0,
2026-01-09 00:45:00,7.215,2.298,431.64,0,
2026-01-09 01:00:00,7.158,2.129,433.65,0,
2026-01-09 01:15:00,7.21,1.972,430.66,0,
2026-01-09 01:30:00,7.139,2.489,436.68,0,
2026-01-09 01:45:00,7.145,2.017,433.85,0,
2026-01-09 02:00:00,7.075,2.124,430.7,0,
2026-01-09 02:15:00,7.145,2.11,434.56,0,
2026-01-09 02:30:00,7.122,2.237,422.92,0,
2026-01-09 02:45:00,7.048,2.191,428.68,0,
2026-01-09 03:00:00,7.104,1.99,429.04,0,
2026-01-09 03:15:00,7.095,2.059,430.32,0,
2026-01-09 03:30:00,7.181,2.069,420.44,0,
2026-01-09 03:45:00,7.128,2.213,425.63,0,
2026-01-09 04:00:00,7.076,1.925,427.6,0,
2026-01-09 04:15:00,7.079,2.404,427.22,0,
2026-01-09 04:30:00,7.06,1.99,429.34,0,
2026-01-09 04:45:00,7.038,2.106,426.9,0,
2026-01-09 05:00:00,6.985,1.94,422.86,0,
2026-01-09 05:15:00,7.022,1.927,425.04,0,
2026-01-09 05:30:00,6.982,1.999,420.76,0,
2026-01-09 05:45:00,6.947,1.996,421.37,0,
2026-01-09 06:00:00,7.026,2.091,423.18,0,
2026-01-09 06:15:00,7.01,2.021,419.03,0,
2026-01-09 06:30:00,6.891,2.287,419.88,0,
2026-01-09 06:45:00,6.965,2.082,421.5,0,
2026-01-09 07:00:00,7.011,2.083,419.74,0,
2026-01-09 07:15:00,7.005,2.177,421.08,0,
2026-01-09 07:30:00,6.994,2.405,424.72,0,
2026-01-09 07:45:00,6.936,2.31,417.5,0,
2026-01-09 08:00:00,6.883,2.285,412.15,0,
2026-01-09 08:15:00,6.862,2.108,415.38,0,
2026-01-09 08:30:00,6.926,2.176,414.57,0,
2026-01-09 08:45:00,6.92,2.18,414.54,0,
2026-01-09 09:00:00,6.958,2.593,417.49,0,
2026-01-09 09:15:00,6.942,2.502,404.24,0,
2026-01-09 09:30:00,6.874,2.319,416.54,0,
2026-01-09 09:45:00,6.813,2.389,417.42,0,
2026-01-09 10:00:00,6.854,2.376,411.88,0,
2026-01-09 10:15:00,6.876,2.393,411.61,0,
2026-01-09 10:30:00,6.851,2.621,407.95,0,
2026-01-09 10:45:00,6.829,2.535,408.66,0,
2026-01-09 11:00:00,6.868,2.916,411.2,0,
2026-01-09 11:15:00,6.828,2.816,410.76,0,
2026-01-09 11:30:00,6.82,2.849,410.99,0,
2026-01-09 11:45:00,6.866,2.778,410.53,0,
2026-01-09 12:00:00,6.83,2.637,411.59,0,
2026-01-09 12:15:00,6.863,2.812,411.17,0,
2026-01-09 12:30:00,6.865,2.691,404.01,0,
2026-01-09 12:45:00,6.796,3.008,411.56,0,
2026-01-09 13:00:00,6.831,2.843,415.84,0,
2026-01-09 13:15:00,6.93,2.84,408.53,0,
2026-01-09 13:30:00,6.803,2.836,414.91,0,
2026-01-09 13:45:00,6.76,3.094,405.57,0,
2026-01-09 14:00:00,6.777,2.631,409.49,0,
2026-01-09 14:15:00,6.877,3.134,407.46,0,
2026-01-09 14:30:00,6.883,2.842,416.0,0,
2026-01-09 14:45:00,6.881,2.668,417.54,0,
2026-01-09 15:00:00,6.955,2.774,411.12,0,
2026-01-09 15:15:00,6.767,2.645,416.77,0,
2026-01-09 15:30:00,6.928,2.995,419.3,0,
2026-01-09 15:45:00,6.995,2.743,413.2,0,
2026-01-09 16:00:00,6.869,2.925,414.52,0,
2026-01-09 16:15:00,6.915,3.069,417.63,0,
2026-01-09 16:30:00,6.905,2.796,412.04,0,
2026-01-09 16:45:00,6.907,2.852,416.58,0,
2026-01-09 17:00:00,6.945,2.691,425.47,0,
2026-01-09 17:15:00,7.042,2.821,415.66,0,
2026-01-09 17:30:00,7.072,3.256,421.85,0,
2026-01-09 17:45:00,6.973,2.975,421.31,0,
2026-01-09 18:00:00,7.095,2.807,419.34,0,
2026-01-09 18:15:00,7.012,2.741,421.67,0,
2026-01-09 18:30:00,7.107,2.811,428.58,0,
2026-01-09 18:45:00,7.025,2.82,424.56,0,
2026-01-09 19:00:00,7.045,2.72,425.95,0,
2026-01-09 19:15:00,7.066,2.843,430.26,0,
2026-01-09 19:30:00,7.216,2.6,423.43,0,
2026-01-09 19:45:00,7.109,2.578,421.12,0,
2026-01-09 20:00:00,7.04,2.756,433.07,0,
2026-01-09 20:15:00,7.132,2.502,427.21,0,
2026-01-09 20:30:00,7.073,2.762,430.88,0,
2026-01-09 20:45:00,7.074,2.626,424.86,0,
2026-01-09 21:00:00,7.151,2.329,430.04,0,
2026-01-09 21:15:00,7.114,2.594,424.63,0,
2026-01-09 21:30:00,7.133,2.299,429.78,0,
2026-01-09 21:45:00,7.125,2.63,427.39,0,
2026-01-09 22:00:00,7.147,2.463,426.88,0,
2026-01-09 22:15:00,7.156,2.752,429.55,0,
2026-01-09 22:30:00,7.042,2.608,421.91,0,
2026-01-09 22:45:00,7.175,2.263,426.72,0,
2026-01-09 23:00:00,7.096,2.093,434.72,0,
2026-01-09 23:15:00,7.075,2.258,433.16,0,
2026-01-09 23:30:00,7.146,2.164,427.6,0,
2026-01-09 23:45:00,7.154,2.597,434.17,0,
2026-01-10 00:00:00,7.115,2.298,428.49,0,
2026-01-10 00:15:00,7.191,2.418,434.86,0,
2026-01-10 00:30:00,7.082,2.214,431.43,0,
2026-01-10 00:45:00,7.127,2.209,430.47,0,
2026-01-10 01:00:00,7.116,2.212,431.23,0,
2026-01-10 01:15:00,7.14,2.365,441.6,0,
2026-01-10 01:30:00,7.153,2.229,428.05,0,
2026-01-10 01:45:00,7.084,2.009,431.67,0,
2026-01-10 02:00:00,7.166,2.397,433.52,0,
2026-01-10 02:15:00,7.128,2.097,426.13,0,
2026-01-10 02:30:00,7.024,2.062,423.14,0,
2026-01-10 02:45:00,7.015,1.697,426.62,0,
2026-01-10 03:00:00,7.105,2.209,431.52,0,
2026-01-10 03:15:00,7.088,2.123,426.54,0,
2026-01-10 03:30:00,7.086,2.118,426.38,0,
2026-01-10 03:45:00,7.082,2.04,430.31,0,
2026-01-10 04:00:00,7.086,2.014,422.77,0,
2026-01-10 04:15:00,7.114,2.045,424.95,0,
2026-01-10 04:30:00,7.002,2.173,418.54,0,
2026-01-10 04:45:00,6.99,2.204,425.14,0,
2026-01-10 05:00:00,6.984,2.079,424.02,0,
2026-01-10 05:15:00,7.044,2.264,425.52,0,
2026-01-10 05:30:00,7.082,2.119,416.99,0,
2026-01-10 05:45:00,6.988,2.066,420.02,0,
2026-01-10 06:00:00,6.875,2.183,414.89,0,
2026-01-10 06:15:00,6.905,1.964,418.23,0,
2026-01-10 06:30:00,6.939,2.218,424.36,0,
2026-01-10 06:45:00,6.943,1.968,416.38,0,
2026-01-10 07:00:00,6.941,2.063,411.43,0,
2026-01-10 07:15:00,6.954,1.933,413.42,0,
2026-01-10 07:30:00,6.927,2.23,408.96,0,
2026-01-10 07:45:00,6.986,2.519,409.51,0,
2026-01-10 08:00:00,6.891,2.282,416.68,0,
2026-01-10 08:15:00,6.874,2.42,407.55,0,
2026-01-10 08:30:00,6.933,2.7,413.94,0,
2026-01-10 08:45:00,6.824,2.432,412.19,0,
2026-01-10 09:00:00,6.913,2.282,409.39,0,
2026-01-10 09:15:00,6.892,2.328,411.89,0,
2026-01-10 09:30:00,6.874,2.448,406.73,0,
2026-01-10 09:45:00,6.955,2.379,413.39,0,
2026-01-10 10:00:00,6.839,2.416,406.81,0,
2026-01-10 10:15:00,6.968,2.674,407.69,0,
2026-01-10 10:30:00,6.85,2.706,406.89,0,
2026-01-10 10:45:00,6.794,2.331,411.39,0,
2026-01-10 11:00:00,6.859,2.481,410.59,0,
2026-01-10 11:15:00,6.799,2.559,397.74,0,
2026-01-10 11:30:00,6.814,2.743,409.12,0,
2026-01-10 11:45:00,6.87,2.848,401.05,0,
2026-01-10 12:00:00,6.878,3.105,406.63,0,
2026-01-10 12:15:00,6.819,2.652,407.59,0,
2026-01-10 12:30:00,6.901,2.681,406.69,0,
2026-01-10 12:45:00,6.911,2.852,410.23,0,
2026-01-10 13:00:00,6.927,2.681,411.29,0,
2026-01-10 13:15:00,6.884,2.78,405.54,0,
2026-01-10 13:30:00,6.93,2.755,405.67,0,
2026-01-10 13:45:00,6.771,2.439,409.09,0,
2026-01-10 14:00:00,6.854,2.865,403.43,0,
2026-01-10 14:15:00,6.832,2.831,408.11,0,
2026-01-10 14:30:00,6.887,3.06,415.87,0,
2026-01-10 14:45:00,6.859,2.88,404.95,0,
2026-01-10 15:00:00,6.886,2.698,410.15,0,
2026-01-10 15:15:00,6.995,2.854,409.72,0,
2026-01-10 15:30:00,6.9,2.583,420.72,0,
2026-01-10 15:45:00,6.937,2.718,411.18,0,
2026-01-10 16:00:00,6.913,2.995,412.08,0,
2026-01-10 16:15:00,6.937,2.862,410.57,0,
2026-01-10 16:30:00,6.943,3.035,415.45,0,
2026-01-10 16:45:00,6.974,2.597,417.22,0,
2026-01-10 17:00:00,7.019,2.85,413.35,0,
2026-01-10 17:15:00,7.053,2.807,421.61,0,
2026-01-10 17:30:00,6.996,3.013,419.52,0,
2026-01-10 17:45:00,7.02,2.96,422.62,0,
2026-01-10 18:00:00,6.942,2.943,418.69,0,
2026-01-10 18:15:00,7.005,3.064,421.76,0,
2026-01-10 18:30:00,7.067,2.762,420.71,0,
2026-01-10 18:45:00,7.073,3.001,428.17,0,
2026-01-10 19:00:00,7.049,2.626,423.57,0,
2026-01-10 19:15:00,7.093,2.602,423.89,0,
2026-01-10 19:30:00,7.082,2.856,422.76,0,
2026-01-10 19:45:00,7.126,2.497,423.24,0,
2026-01-10 20:00:00,7.089,2.786,426.95,0,
2026-01-10 20:15:00,7.066,2.692,429.95,0,
2026-01-10 20:30:00,7.108,2.814,424.57,0,
2026-01-10 20:45:00,6.952,2.62,428.42,0,
2026-01-10 21:00:00,7.125,2.612,429.22,0,
2026-01-10 21:15:00,6.93,2.654,430.46,0,
2026-01-10 21:30:00,7.033,2.453,422.69,0,
2026-01-10 21:45:00,7.147,2.42,426.28,0,
2026-01-10 22:00:00,7.154,2.571,424.93,0,
2026-01-10 22:15:00,7.076,2.469,430.89,0,
2026-01-10 22:30:00,7.103,2.387,427.48,0,
2026-01-10 22:45:00,7.211,2.41,429.38,0,
2026-01-10 23:00:00,7.121,2.636,426.81,0,
2026-01-10 23:15:00,7.259,2.305,430.16,0,
2026-01-10 23:30:00,7.149,2.276,427.4,0,
2026-01-10 23:45:00,7.17,2.067,435.01,0,
2026-01-11 00:00:00,7.231,2.294,433.92,0,
2026-01-11 00:15:00,7.118,2.376,432.58,0,
2026-01-11 00:30:00,7.022,2.382,430.69,0,
2026-01-11 00:45:00,7.027,2.252,423.62,0,
2026-01-11 01:00:00,6.99,2.361,429.76,0,
2026-01-11 01:15:00,6.882,2.309,428.32,0,
2026-01-11 01:30:00,6.896,2.35,432.08,0,
2026-01-11 01:45:00,6.829,2.315,433.24,0,
2026-01-11 02:00:00,6.87,2.389,431.69,0,
2026-01-11 02:15:00,6.782,2.116,435.03,0,
2026-01-11 02:30:00,6.722,1.931,427.25,0,
2026-01-11 02:45:00,6.686,2.221,426.58,0,
2026-01-11 03:00:00,6.658,2.231,432.64,0,
2026-01-11 03:15:00,6.632,2.343,428.58,0,
2026-01-11 03:30:00,6.505,2.296,426.32,0,
2026-01-11 03:45:00,6.457,2.393,434.05,0,
2026-01-11 04:00:00,6.517,2.193,428.31,0,
2026-01-11 04:15:00,6.395,2.135,424.55,0,
2026-01-11 04:30:00,6.297,1.896,421.85,0,
2026-01-11 04:45:00,6.343,2.154,429.16,0,
2026-01-11 05:00:00,6.296,2.031,423.93,0,
2026-01-11 05:15:00,6.148,2.153,422.44,0,
2026-01-11 05:30:00,6.188,2.139,424.27,0,
2026-01-11 05:45:00,6.166,2.212,424.31,0,
2026-01-11 06:00:00,6.1,2.139,422.2,0,
2026-01-11 06:15:00,6.064,2.308,422.75,0,
2026-01-11 06:30:00,5.914,1.774,420.24,1,
2026-01-11 06:45:00,5.953,2.228,419.88,1,
2026-01-11 07:00:00,5.874,2.398,413.97,1,
2026-01-11 07:15:00,5.817,2.517,423.38,1,
2026-01-11 07:30:00,5.837,2.366,410.47,1,
2026-01-11 07:45:00,5.82,2.531,415.93,1,
2026-01-11 08:00:00,5.789,2.325,408.65,1,
2026-01-11 08:15:00,5.719,2.324,412.94,1,
2026-01-11 08:30:00,5.601,2.426,410.41,1,
2026-01-11 08:45:00,5.578,2.371,412.63,1,
2026-01-11 09:00:00,5.554,2.279,412.88,1,
2026-01-11 09:15:00,5.476,2.345,407.15,1,
2026-01-11 09:30:00,5.432,2.281,410.36,1,
2026-01-11 09:45:00,5.423,2.553,415.6,1,
2026-01-11 10:00:00,5.335,2.502,404.36,1,
2026-01-11 10:15:00,5.259,2.472,405.82,1,
2026-01-11 10:30:00,5.232,2.467,412.36,1,
2026-01-11 10:45:00,5.243,2.654,408.95,1,
2026-01-11 11:00:00,5.17,2.721,409.01,1,
2026-01-11 11:15:00,5.146,2.459,412.32,1,
2026-01-11 11:30:00,5.123,2.46,404.93,1,
2026-01-11 11:45:00,5.032,2.82,405.95,1,
2026-01-11 12:00:00,5.088,2.494,405.43,1,
2026-01-11 12:15:00,5.148,2.804,406.63,1,
2026-01-11 12:30:00,5.146,2.986,413.46,1,
2026-01-11 12:45:00,5.36,3.007,401.43,1,
2026-01-11 13:00:00,5.343,2.894,403.63,1,
2026-01-11 13:15:00,5.367,2.907,403.17,1,
2026-01-11 13:30:00,5.479,3.155,414.52,1,
2026-01-11 13:45:00,5.562,2.482,406.78,1,
2026-01-11 14:00:00,5.699,2.777,408.3,1,
2026-01-11 14:15:00,5.766,2.986,403.56,1,
2026-01-11 14:30:00,5.847,2.819,409.43,1,
2026-01-11 14:45:00,5.979,3.065,414.44,1,
2026-01-11 15:00:00,6.05,2.88,412.53,0,
2026-01-11 15:15:00,6.134,2.912,411.66,0,
2026-01-11 15:30:00,6.225,2.855,406.44,0,
2026-01-11 15:45:00,6.321,2.821,412.02,0,
2026-01-11 16:00:00,6.272,2.818,414.59,0,
2026-01-11 16:15:00,6.446,2.94,410.73,0,
2026-01-11 16:30:00,6.442,2.78,418.03,0,
2026-01-11 16:45:00,6.641,3.035,419.68,0,
2026-01-11 17:00:00,6.726,2.984,414.78,0,
2026-01-11 17:15:00,6.866,3.044,420.56,0,
2026-01-11 17:30:00,6.962,2.7,417.99,0,
2026-01-11 17:45:00,7.0,2.604,423.8,0,
2026-01-11 18:00:00,6.975,2.846,428.14,0,
2026-01-11 18:15:00,7.034,3.267,416.41,0,
2026-01-11 18:30:00,6.993,3.007,424.64,0,
2026-01-11 18:45:00,7.029,2.718,427.56,0,
2026-01-11 19:00:00,7.088,2.847,419.22,0,
2026-01-11 19:15:00,7.02,2.873,421.56,0,
2026-01-11 19:30:00,7.098,2.538,422.25,0,
2026-01-11 19:45:00,7.1,2.928,424.78,0,
2026-01-11 20:00:00,7.027,2.675,424.57,0,
2026-01-11 20:15:00,7.132,2.663,425.87,0,
2026-01-11 20:30:00,7.126,2.657,430.66,0,
2026-01-11 20:45:00,7.104,2.8,420.33,0,
2026-01-11 21:00:00,7.068,2.49,424.59,0,
2026-01-11 21:15:00,7.07,2.322,431.7,0,
2026-01-11 21:30:00,7.092,2.601,431.73,0,
2026-01-11 21:45:00,7.152,2.22,425.74,0,
2026-01-11 22:00:00,7.082,2.455,432.63,0,
2026-01-11 22:15:00,7.156,2.652,436.07,0,
2026-01-11 22:30:00,7.076,2.535,430.89,0,
2026-01-11 22:45:00,7.132,2.578,427.33,0,
2026-01-11 23:00:00,7.15,2.49,435.09,0,
2026-01-11 23:15:00,7.269,2.733,438.66,0,
2026-01-11 23:30:00,7.08,2.259,428.35,0,
2026-01-11 23:45:00,7.223,2.383,432.13,0,
2026-01-12 00:00:00,7.157,2.234,436.36,0,Post-event inspection after pH alarm – acid neutralised
2026-01-12 00:15:00,7.17,2.421,432.44,0,
2026-01-12 00:30:00,7.155,2.247,424.91,0,
2026-01-12 00:45:00,7.169,2.494,433.54,0,
2026-01-12 01:00:00,7.137,2.138,427.68,0,
2026-01-12 01:15:00,7.215,2.41,426.28,0,
2026-01-12 01:30:00,7.116,2.272,424.18,0,
2026-01-12 01:45:00,7.191,2.163,435.52,0,
2026-01-12 02:00:00,7.098,2.235,427.05,0,
2026-01-12 02:15:00,7.122,2.18,431.31,0,
2026-01-12 02:30:00,7.065,2.184,431.84,0,
2026-01-12 02:45:00,7.136,2.09,429.67,0,
2026-01-12 03:00:00,7.178,2.008,429.67,0,
2026-01-12 03:15:00,7.095,2.057,429.44,0,
2026-01-12 03:30:00,7.081,1.851,427.86,0,
2026-01-12 03:45:00,7.028,2.227,423.63,0,
2026-01-12 04:00:00,7.064,1.915,422.6,0,
2026-01-12 04:15:00,6.987,2.068,424.89,0,
2026-01-12 04:30:00,7.012,2.201,424.09,0,
2026-01-12 04:45:00,7.06,2.234,425.57,0,
2026-01-12 05:00:00,7.105,1.847,427.51,0,
2026-01-12 05:15:00,7.17,2.107,423.72,0,
2026-01-12 05:30:00,6.99,2.199,418.32,0,
2026-01-12 05:45:00,7.082,2.149,412.06,0,
2026-01-12 06:00:00,7.012,2.355,416.92,0,
2026-01-12 06:15:00,6.983,2.044,413.84,0,
2026-01-12 06:30:00,7.002,1.875,415.51,0,
2026-01-12 06:45:00,6.974,2.321,418.63,0,
2026-01-12 07:00:00,6.967,2.137,417.23,0,
2026-01-12 07:15:00,6.931,1.972,423.58,0,
2026-01-12 07:30:00,6.873,2.233,417.34,0,
2026-01-12 07:45:00,6.856,2.462,422.33,0,
2026-01-12 08:00:00,6.958,2.111,416.86,0,
2026-01-12 08:15:00,6.903,2.673,417.68,0,
2026-01-12 08:30:00,6.879,2.221,411.26,0,
2026-01-12 08:45:00,6.902,2.384,407.79,0,
2026-01-12 09:00:00,6.934,2.214,409.72,0,
2026-01-12 09:15:00,6.896,2.428,410.93,0,
2026-01-12 09:30:00,6.848,2.428,407.97,0,
2026-01-12 09:45:00,6.937,2.25,406.02,0,
2026-01-12 10:00:00,6.949,2.924,411.28,0,
2026-01-12 10:15:00,6.89,2.452,405.22,0,
2026-01-12 10:30:00,6.91,2.478,402.78,0,
2026-01-12 10:45:00,6.92,2.723,404.15,0,
2026-01-12 11:00:00,6.912,2.876,407.47,0,
2026-01-12 11:15:00,6.884,2.798,404.27,0,
2026-01-12 11:30:00,6.881,2.473,407.19,0,
2026-01-12 11:45:00,6.876,2.709,410.43,0,
2026-01-12 12:00:00,6.795,2.418,410.3,0,
2026-01-12 12:15:00,6.885,2.857,405.38,0,
2026-01-12 12:30:00,6.783,2.498,402.89,0,
2026-01-12 12:45:00,6.813,2.643,405.93,0,
2026-01-12 13:00:00,6.92,2.782,411.03,0,
2026-01-12 13:15:00,6.9,2.867,412.19,0,
2026-01-12 13:30:00,6.936,2.778,410.33,0,
2026-01-12 13:45:00,6.852,3.06,414.04,0,
2026-01-12 14:00:00,6.812,2.955,416.52,0,
2026-01-12 14:15:00,6.863,2.955,408.09,0,
2026-01-12 14:30:00,6.886,2.685,416.43,0,
2026-01-12 14:45:00,6.891,3.134,409.94,0,
2026-01-12 15:00:00,6.951,2.766,415.59,0,
2026-01-12 15:15:00,6.883,3.153,414.92,0,
2026-01-12 15:30:00,6.926,3.2,404.79,0,
2026-01-12 15:45:00,6.867,2.976,409.47,0,
2026-01-12 16:00:00,6.948,3.055,409.11,0,
2026-01-12 16:15:00,6.934,2.437,407.56,0,
2026-01-12 16:30:00,6.905,2.867,418.93,0,
2026-01-12 16:45:00,6.94,3.058,424.42,0,
2026-01-12 17:00:00,6.952,3.025,415.86,0,
2026-01-12 17:15:00,6.957,2.696,421.08,0,
2026-01-12 17:30:00,7.069,2.825,424.37,0,
2026-01-12 17:45:00,6.985,2.478,420.05,0,
2026-01-12 18:00:00,6.988,2.908,419.9,0,
2026-01-12 18:15:00,6.905,2.55,419.8,0,
2026-01-12 18:30:00,6.975,2.987,423.72,0,
2026-01-12 18:45:00,7.016,2.978,425.84,0,
2026-01-12 19:00:00,7.005,2.712,424.95,0,
2026-01-12 19:15:00,7.117,2.842,425.57,0,
2026-01-12 19:30:00,7.049,2.711,424.39,0,
2026-01-12 19:45:00,7.131,2.759,418.94,0,
2026-01-12 20:00:00,7.078,2.528,429.59,0,
2026-01-12 20:15:00,7.085,2.77,421.53,0,
2026-01-12 20:30:00,7.087,2.407,429.78,0,
2026-01-12 20:45:00,7.099,2.354,430.94,0,
2026-01-12 21:00:00,7.192,2.585,423.92,0,
2026-01-12 21:15:00,6.997,2.546,426.59,0,
2026-01-12 21:30:00,7.019,2.593,438.01,0,
2026-01-12 21:45:00,7.098,2.429,429.66,0,
2026-01-12 22:00:00,7.131,2.783,425.51,0,
2026-01-12 22:15:00,7.169,2.498,433.97,0,
2026-01-12 22:30:00,7.162,2.483,428.0,0,
2026-01-12 22:45:00,7.123,2.452,423.68,0,
2026-01-12 23:00:00,7.196,2.547,433.67,0,
2026-01-12 23:15:00,7.199,2.458,428.1,0,
2026-01-12 23:30:00,7.158,2.413,433.18,0,
2026-01-12 23:45:00,7.198,2.433,428.72,0,
2026-01-13 00:00:00,7.164,2.026,434.83,0,
2026-01-13 00:15:00,7.122,2.01,432.71,0,
2026-01-13 00:30:00,7.184,2.245,421.54,0,
2026-01-13 00:45:00,7.153,2.207,433.3,0,
2026-01-13 01:00:00,7.145,2.304,430.43,0,
2026-01-13 01:15:00,7.216,2.202,437.03,0,
2026-01-13 01:30:00,7.016,2.27,432.67,0,
2026-01-13 01:45:00,7.064,1.981,433.79,0,
2026-01-13 02:00:00,7.071,2.152,427.55,0,
2026-01-13 02:15:00,7.107,1.94,426.82,0,
2026-01-13 02:30:00,7.106,2.188,429.42,0,
2026-01-13 02:45:00,7.037,1.839,427.58,0,
2026-01-13 03:00:00,7.057,2.166,433.84,0,
2026-01-13 03:15:00,7.056,1.887,427.3,0,
2026-01-13 03:30:00,7.214,2.046,422.41,0,
2026-01-13 03:45:00,7.173,2.235,423.36,0,
2026-01-13 04:00:00,7.054,2.134,429.86,0,
2026-01-13 04:15:00,7.048,1.854,424.64,0,
2026-01-13 04:30:00,7.0,2.003,423.71,0,
2026-01-13 04:45:00,6.953,1.882,428.1,0,
2026-01-13 05:00:00,7.033,1.859,419.45,0,
2026-01-13 05:15:00,6.979,2.139,413.4,0,
2026-01-13 05:30:00,7.015,2.214,418.15,0,
2026-01-13 05:45:00,6.93,2.207,421.75,0,
2026-01-13 06:00:00,6.962,2.244,419.0,0,
2026-01-13 06:15:00,6.998,2.166,412.97,0,
2026-01-13 06:30:00,6.999,2.142,422.5,0,
2026-01-13 06:45:00,6.992,2.038,418.31,0,
2026-01-13 07:00:00,6.895,2.151,418.45,0,
2026-01-13 07:15:00,6.995,2.038,417.82,0,
2026-01-13 07:30:00,6.903,2.13,410.21,0,
2026-01-13 07:45:00,6.965,2.291,415.9,0,
2026-01-13 08:00:00,6.924,2.282,417.63,0,
2026-01-13 08:15:00,6.848,2.783,417.89,0,
2026-01-13 08:30:00,6.893,2.145,415.58,0,
2026-01-13 08:45:00,6.919,2.353,414.14,0,
2026-01-13 09:00:00,6.925,2.183,404.57,0,
2026-01-13 09:15:00,6.88,2.364,410.92,0,
2026-01-13 09:30:00,6.958,2.396,406.65,0,
2026-01-13 09:45:00,6.926,2.601,415.15,0,
2026-01-13 10:00:00,6.857,2.433,414.13,0,
2026-01-13 10:15:00,6.903,2.497,405.44,0,
2026-01-13 10:30:00,6.958,2.488,408.73,0,
2026-01-13 10:45:00,6.956,2.368,409.63,0,
2026-01-13 11:00:00,6.794,2.506,412.01,0,
2026-01-13 11:15:00,6.807,2.571,401.53,0,
2026-01-13 11:30:00,6.926,2.664,399.26,0,
2026-01-13 11:45:00,6.797,2.761,408.18,0,
2026-01-13 12:00:00,6.784,2.665,397.87,0,
2026-01-13 12:15:00,6.826,2.684,408.66,0,
2026-01-13 12:30:00,6.872,2.485,410.47,0,
2026-01-13 12:45:00,6.848,2.845,413.17,0,
2026-01-13 13:00:00,6.823,2.678,405.92,0,
2026-01-13 13:15:00,6.824,2.913,409.28,0,
2026-01-13 13:30:00,6.826,3.015,411.52,0,
2026-01-13 13:45:00,6.821,2.804,404.53,0,
2026-01-13 14:00:00,6.984,2.693,413.27,0,
2026-01-13 14:15:00,6.89,2.856,411.12,0,
2026-01-13 14:30:00,6.925,2.922,408.06,0,
2026-01-13 14:45:00,6.863,2.831,411.54,0,
2026-01-13 15:00:00,6.885,2.802,410.96,0,
2026-01-13 15:15:00,6.865,2.977,415.21,0,
2026-01-13 15:30:00,6.776,2.971,411.25,0,
2026-01-13 15:45:00,6.848,2.847,414.24,0,
2026-01-13 16:00:00,6.834,2.652,411.52,0,
2026-01-13 16:15:00,6.821,2.968,410.94,0,
2026-01-13 16:30:00,6.883,2.781,416.09,0,
2026-01-13 16:45:00,7.018,2.924,412.56,0,
2026-01-13 17:00:00,6.959,2.909,420.1,0,
2026-01-13 17:15:00,7.035,2.595,420.03,0,
2026-01-13 17:30:00,7.001,2.882,415.37,0,
2026-01-13 17:45:00,7.029,2.936,420.07,0,
2026-01-13 18:00:00,6.955,2.942,416.92,0,
2026-01-13 18:15:00,7.036,2.85,414.37,0,
2026-01-13 18:30:00,7.056,2.521,419.18,0,
2026-01-13 18:45:00,7.0,2.992,422.14,0,
2026-01-13 19:00:00,7.067,2.844,425.19,0,
2026-01-13 19:15:00,7.077,2.583,424.46,0,
2026-01-13 19:30:00,7.03,2.625,428.22,0,
2026-01-13 19:45:00,7.01,2.757,421.38,0,
2026-01-13 20:00:00,7.016,2.802,424.49,0,
2026-01-13 20:15:00,7.088,2.604,433.24,0,
2026-01-13 20:30:00,7.108,2.777,419.58,0,
2026-01-13 20:45:00,7.059,2.36,426.1,0,
2026-01-13 21:00:00,7.107,2.447,424.2,0,
2026-01-13 21:15:00,7.141,2.268,428.24,0,
2026-01-13 21:30:00,7.15,2.418,427.78,0,
2026-01-13 21:45:00,7.202,2.752,432.39,0,
2026-01-13 22:00:00,7.194,2.809,431.41,0,
2026-01-13 22:15:00,7.084,2.509,425.54,0,
2026-01-13 22:30:00,7.223,2.352,428.73,0,
2026-01-13 22:45:00,7.115,2.389,431.36,0,
2026-01-13 23:00:00,7.197,2.467,434.55,0,
2026-01-13 23:15:00,7.151,2.137,441.5,0,
2026-01-13 23:30:00,7.128,2.261,434.71,0,
2026-01-13 23:45:00,7.059,2.538,427.92,0,
2026-01-14 00:00:00,7.141,2.143,431.62,0,
2026-01-14 00:15:00,7.072,2.165,432.7,0,
2026-01-14 00:30:00,7.197,2.258,429.82,0,
2026-01-14 00:45:00,7.223,2.279,433.65,0,
2026-01-14 01:00:00,7.105,2.123,422.51,0,
2026-01-14 01:15:00,7.157,2.211,433.58,0,
2026-01-14 01:30:00,7.102,2.274,429.18,0,
2026-01-14 01:45:00,7.103,2.462,430.32,0,
2026-01-14 02:00:00,7.169,2.135,436.26,0,
2026-01-14 02:15:00,7.123,2.135,424.93,0,
2026-01-14 02:30:00,7.206,2.36,430.61,0,
2026-01-14 02:45:00,7.089,2.039,432.2,0,
2026-01-14 03:00:00,7.156,1.915,429.17,0,
2026-01-14 03:15:00,7.104,2.145,421.46,0,
2026-01-14 03:30:00,7.131,2.265,432.71,0,
2026-01-14 03:45:00,7.061,2.155,425.82,0,
2026-01-14 04:00:00,7.073,2.085,423.89,0,
2026-01-14 04:15:00,7.061,1.884,424.07,0,
2026-01-14 04:30:00,7.016,2.095,423.06,0,
2026-01-14 04:45:00,7.081,2.293,419.1,0,
2026-01-14 05:00:00,7.071,1.929,423.77,0,
2026-01-14 05:15:00,7.059,2.085,419.95,0,
2026-01-14 05:30:00,7.096,2.072,424.25,0,
2026-01-14 05:45:00,7.082,2.037,422.86,0,
2026-01-14 06:00:00,6.981,2.191,426.5,0,
2026-01-14 06:15:00,7.009,2.234,418.37,0,
2026-01-14 06:30:00,6.949,2.248,415.22,0,
2026-01-14 06:45:00,6.972,2.053,411.78,0,
2026-01-14 07:00:00,6.931,1.97,425.67,0,
2026-01-14 07:15:00,7.033,2.276,418.79,0,
2026-01-14 07:30:00,6.961,2.181,412.64,0,
2026-01-14 07:45:00,6.923,2.554,421.47,0,
2026-01-14 08:00:00,6.985,2.583,419.42,0,
2026-01-14 08:15:00,6.808,2.622,407.93,0,
2026-01-14 08:30:00,6.808,2.206,409.68,0,
2026-01-14 08:45:00,6.941,2.457,411.56,0,
2026-01-14 09:00:00,6.897,2.527,407.23,0,
2026-01-14 09:15:00,6.9,2.536,410.59,0,
2026-01-14 09:30:00,6.815,2.395,413.33,0,
2026-01-14 09:45:00,6.874,2.666,404.53,0,
2026-01-14 10:00:00,6.97,2.5,410.78,0,
2026-01-14 10:15:00,6.907,2.545,413.91,0,
2026-01-14 10:30:00,6.87,2.322,410.51,0,
2026-01-14 10:45:00,6.836,2.675,408.33,0,
2026-01-14 11:00:00,6.835,2.564,405.74,0,
2026-01-14 11:15:00,6.746,2.698,411.55,0,
2026-01-14 11:30:00,6.864,2.688,403.39,0,
2026-01-14 11:45:00,6.893,2.704,409.0,0,
2026-01-14 12:00:00,6.771,2.693,408.1,0,
2026-01-14 12:15:00,6.817,2.84,412.53,0,
2026-01-14 12:30:00,6.793,2.714,405.77,0,
2026-01-14 12:45:00,6.805,2.545,406.24,0,
2026-01-14 13:00:00,6.858,2.868,403.44,0,
2026-01-14 13:15:00,6.754,2.679,410.39,0,
2026-01-14 13:30:00,6.892,2.619,407.22,0,
2026-01-14 13:45:00,6.903,2.679,405.79,0,
2026-01-14 14:00:00,6.858,2.889,406.54,0,
2026-01-14 14:15:00,6.751,2.844,412.17,0,
2026-01-14 14:30:00,6.831,2.55,406.07,0,
2026-01-14 14:45:00,6.949,2.821,406.92,0,
2026-01-14 15:00:00,6.755,3.062,415.1,0,
2026-01-14 15:15:00,6.884,2.825,411.42,0,
2026-01-14 15:30:00,6.85,2.872,416.52,0,
2026-01-14 15:45:00,6.957,3.056,411.9,0,
2026-01-14 16:00:00,6.891,3.019,414.0,0,
2026-01-14 16:15:00,6.954,3.052,415.32,0,
2026-01-14 16:30:00,6.971,2.481,420.96,0,
2026-01-14 16:45:00,7.044,3.152,421.37,0,
2026-01-14 17:00:00,6.951,2.982,421.51,0,
2026-01-14 17:15:00,6.99,3.248,415.14,0,
2026-01-14 17:30:00,6.906,2.752,414.49,0,
2026-01-14 17:45:00,7.05,2.594,422.26,0,
2026-01-14 18:00:00,6.962,2.847,425.51,0,
2026-01-14 18:15:00,6.982,2.791,425.44,0,
2026-01-14 18:30:00,7.018,2.915,421.62,0,
2026-01-14 18:45:00,6.951,2.962,425.25,0,
2026-01-14 19:00:00,7.05,2.77,426.09,0,
2026-01-14 19:15:00,7.097,2.728,424.45,0,
2026-01-14 19:30:00,7.072,2.822,425.36,0,
2026-01-14 19:45:00,6.987,2.684,425.7,0,
2026-01-14 20:00:00,7.069,2.649,422.85,0,
2026-01-14 20:15:00,7.12,2.832,423.92,0,
2026-01-14 20:30:00,6.997,2.842,424.5,0,
2026-01-14 20:45:00,7.045,2.791,421.52,0,
2026-01-14 21:00:00,7.15,2.578,429.06,0,
2026-01-14 21:15:00,7.126,2.257,428.86,0,
2026-01-14 21:30:00,7.14,2.53,432.57,0,
2026-01-14 21:45:00,7.218,2.412,435.02,0,
2026-01-14 22:00:00,7.153,2.481,435.69,0,
2026-01-14 22:15:00,7.167,2.373,436.44,0,
2026-01-14 22:30:00,7.274,2.445,428.06,0,
2026-01-14 22:45:00,7.131,2.266,425.64,0,
2026-01-14 23:00:00,7.105,2.204,435.31,0,
2026-01-14 23:15:00,7.169,2.555,437.3,0,
2026-01-14 23:30:00,7.171,2.201,438.12,0,
2026-01-14 23:45:00,7.123,2.323,433.91,0,
2026-01-15 00:00:00,7.098,2.443,424.01,0,
2026-01-15 00:15:00,7.265,2.415,433.44,0,
2026-01-15 00:30:00,7.165,2.376,434.12,0,
2026-01-15 00:45:00,7.111,2.282,436.78,0,
2026-01-15 01:00:00,7.191,2.326,437.31,0,
2026-01-15 01:15:00,7.137,2.405,435.0,0,
2026-01-15 01:30:00,7.126,2.246,428.74,0,
2026-01-15 01:45:00,7.163,1.892,426.65,0,
2026-01-15 02:00:00,7.065,2.074,432.53,0,
2026-01-15 02:15:00,7.142,2.246,426.81,0,
2026-01-15 02:30:00,7.215,2.036,435.42,0,
2026-01-15 02:45:00,7.136,2.364,422.2,0,
2026-01-15 03:00:00,7.087,2.104,430.75,0,
2026-01-15 03:15:00,7.074,2.12,429.19,0,
2026-01-15 03:30:00,7.071,2.272,426.48,0,
2026-01-15 03:45:00,7.071,2.073,422.97,0,
2026-01-15 04:00:00,7.056,2.126,417.75,0,
2026-01-15 04:15:00,7.112,2.236,423.18,0,
2026-01-15 04:30:00,6.971,1.883,422.54,0,
2026-01-15 04:45:00,7.091,2.065,428.3,0,
2026-01-15 05:00:00,7.02,2.238,419.97,0,
2026-01-15 05:15:00,7.048,2.131,424.15,0,
2026-01-15 05:30:00,6.963,2.351,416.4,0,
2026-01-15 05:45:00,7.076,1.905,422.71,0,
2026-01-15 06:00:00,7.062,1.9,411.05,0,
2026-01-15 06:15:00,7.038,2.283,427.6,0,
2026-01-15 06:30:00,6.905,2.313,417.87,0,
2026-01-15 06:45:00,7.012,2.17,406.48,0,
2026-01-15 07:00:00,6.981,2.277,414.02,0,
2026-01-15 07:15:00,6.872,2.348,412.64,0,
2026-01-15 07:30:00,6.941,2.134,412.78,0,
2026-01-15 07:45:00,6.952,2.172,413.23,0,
2026-01-15 08:00:00,6.953,2.328,411.35,0,
2026-01-15 08:15:00,6.926,2.459,410.07,0,
2026-01-15 08:30:00,6.923,2.172,408.06,0,
2026-01-15 08:45:00,6.975,2.342,415.38,0,
2026-01-15 09:00:00,6.955,2.36,416.32,0,
2026-01-15 09:15:00,6.744,2.485,409.96,0,
2026-01-15 09:30:00,6.865,2.446,410.41,0,
2026-01-15 09:45:00,6.867,2.392,405.52,0,
2026-01-15 10:00:00,6.782,2.687,409.89,0,
2026-01-15 10:15:00,6.87,2.445,410.16,0,
2026-01-15 10:30:00,6.924,2.508,408.04,0,
2026-01-15 10:45:00,6.804,2.339,410.22,0,
2026-01-15 11:00:00,6.872,2.496,409.64,0,
2026-01-15 11:15:00,6.807,2.706,404.01,0,
2026-01-15 11:30:00,6.818,2.701,412.87,0,
2026-01-15 11:45:00,6.924,2.767,407.2,0,
2026-01-15 12:00:00,6.823,2.783,414.7,0,
2026-01-15 12:15:00,6.873,3.035,409.71,0,
2026-01-15 12:30:00,6.758,2.631,415.99,0,
2026-01-15 12:45:00,6.946,2.521,412.93,0,
2026-01-15 13:00:00,6.885,2.625,409.32,0,
2026-01-15 13:15:00,6.849,2.695,405.74,0,
2026-01-15 13:30:00,6.89,2.671,406.11,0,
2026-01-15 13:45:00,6.795,2.847,411.37,0,
2026-01-15 14:00:00,6.929,3.034,410.18,0,
2026-01-15 14:15:00,6.859,3.09,407.67,0,
2026-01-15 14:30:00,6.871,2.945,413.81,0,
2026-01-15 14:45:00,6.863,3.2,411.13,0,
2026-01-15 15:00:00,6.865,2.833,414.87,0,
2026-01-15 15:15:00,6.936,2.647,408.19,0,
2026-01-15 15:30:00,6.921,3.055,416.69,0,
2026-01-15 15:45:00,6.949,2.623,415.34,0,
2026-01-15 16:00:00,6.925,2.787,418.79,0,
2026-01-15 16:15:00,6.959,2.977,418.6,0,
2026-01-15 16:30:00,6.922,2.881,415.07,0,
2026-01-15 16:45:00,7.063,2.864,415.48,0,
2026-01-15 17:00:00,6.883,2.709,424.03,0,
2026-01-15 17:15:00,7.034,2.877,416.5,0,
2026-01-15 17:30:00,7.049,3.02,421.43,0,
2026-01-15 17:45:00,6.948,2.862,417.69,0,
2026-01-15 18:00:00,7.111,2.722,412.55,0,
2026-01-15 18:15:00,7.06,2.645,415.88,0,
2026-01-15 18:30:00,7.068,2.696,423.19,0,
2026-01-15 18:45:00,7.031,2.86,425.15,0,
2026-01-15 19:00:00,7.028,2.834,424.74,0,
2026-01-15 19:15:00,7.038,2.644,428.44,0,
2026-01-15 19:30:00,7.077,2.412,426.16,0,
2026-01-15 19:45:00,7.136,2.785,422.21,0,
2026-01-15 20:00:00,7.084,2.565,428.38,0,
2026-01-15 20:15:00,7.038,2.78,427.35,0,
2026-01-15 20:30:00,7.133,2.54,425.0,0,
2026-01-15 20:45:00,7.145,2.48,429.8,0,
2026-01-15 21:00:00,7.139,2.627,428.8,0,
2026-01-15 21:15:00,7.15,2.932,426.6,0,
2026-01-15 21:30:00,7.105,2.665,428.81,0,
2026-01-15 21:45:00,7.078,2.547,435.63,0,
2026-01-15 22:00:00,7.086,2.554,435.92,0,
2026-01-15 22:15:00,7.053,2.211,431.52,0,
2026-01-15 22:30:00,7.15,2.279,431.32,0,
2026-01-15 22:45:00,7.138,2.045,425.63,0,
2026-01-15 23:00:00,7.123,2.656,438.47,0,
2026-01-15 23:15:00,6.999,2.601,435.91,0,
2026-01-15 23:30:00,7.086,2.406,434.91,0,
2026-01-15 23:45:00,7.206,2.343,422.88,0,
2026-01-16 00:00:00,7.117,2.067,432.16,0,
2026-01-16 00:15:00,7.168,2.245,431.47,0,
2026-01-16 00:30:00,7.079,2.525,434.63,0,
2026-01-16 00:45:00,7.219,2.256,429.97,0,
2026-01-16 01:00:00,7.138,2.132,430.66,0,
2026-01-16 01:15:00,7.157,1.936,433.84,0,
2026-01-16 01:30:00,7.255,2.39,427.99,0,
2026-01-16 01:45:00,7.21,2.157,428.47,0,
2026-01-16 02:00:00,7.115,1.89,431.17,0,
2026-01-16 02:15:00,7.095,2.003,435.33,0,
2026-01-16 02:30:00,7.103,1.939,432.75,0,
2026-01-16 02:45:00,7.138,2.101,433.32,0,
2026-01-16 03:00:00,7.101,2.145,428.74,0,
2026-01-16 03:15:00,7.079,2.032,433.89,0,
2026-01-16 03:30:00,7.165,2.22,420.34,0,
2026-01-16 03:45:00,7.078,2.113,434.76,0,
2026-01-16 04:00:00,7.19,2.259,434.61,0,
2026-01-16 04:15:00,7.071,2.047,427.13,0,
2026-01-16 04:30:00,7.147,2.56,427.92,0,
2026-01-16 04:45:00,7.066,2.023,423.71,0,
2026-01-16 05:00:00,7.087,1.978,422.27,0,
2026-01-16 05:15:00,6.993,1.967,419.9,0,
2026-01-16 05:30:00,6.977,2.099,421.37,0,
2026-01-16 05:45:00,7.033,1.883,423.01,0,
2026-01-16 06:00:00,7.049,2.198,421.68,0,
2026-01-16 06:15:00,6.992,1.882,427.16,0,
2026-01-16 06:30:00,6.916,2.207,418.83,0,
2026-01-16 06:45:00,6.903,1.997,411.7,0,
2026-01-16 07:00:00,6.89,2.16,423.47,0,
2026-01-16 07:15:00,6.863,2.327,411.26,0,
2026-01-16 07:30:00,6.948,2.602,413.17,0,
2026-01-16 07:45:00,6.99,2.116,415.78,0,
2026-01-16 08:00:00,6.924,2.277,415.67,0,
2026-01-16 08:15:00,6.804,2.215,407.55,0,
2026-01-16 08:30:00,6.899,2.216,409.71,0,
2026-01-16 08:45:00,6.893,2.264,406.16,0,
2026-01-16 09:00:00,6.999,2.52,414.0,0,
2026-01-16 09:15:00,6.814,2.349,415.71,0,
2026-01-16 09:30:00,6.861,2.785,405.59,0,
2026-01-16 09:45:00,6.961,2.536,414.01,0,
2026-01-16 10:00:00,6.893,2.348,413.33,0,
2026-01-16 10:15:00,6.894,2.471,406.6,0,
2026-01-16 10:30:00,6.867,2.432,400.98,0,
2026-01-16 10:45:00,6.874,2.698,404.35,0,
2026-01-16 11:00:00,6.894,2.358,406.03,0,
2026-01-16 11:15:00,6.812,2.427,414.4,0,
2026-01-16 11:30:00,6.895,2.564,407.63,0,
2026-01-16 11:45:00,6.782,2.779,404.0,0,
2026-01-16 12:00:00,6.866,2.885,408.59,0,
2026-01-16 12:15:00,6.859,2.929,402.84,0,
2026-01-16 12:30:00,6.82,2.823,410.16,0,
2026-01-16 12:45:00,6.852,2.751,404.32,0,
2026-01-16 13:00:00,6.824,2.902,405.08,0,
2026-01-16 13:15:00,6.804,2.629,410.14,0,
2026-01-16 13:30:00,6.844,2.541,415.91,0,
2026-01-16 13:45:00,6.81,2.898,418.03,0,
2026-01-16 14:00:00,6.886,2.696,405.45,0,
2026-01-16 14:15:00,6.818,2.849,407.64,0,
2026-01-16 14:30:00,6.917,2.887,412.54,0,
2026-01-16 14:45:00,6.828,2.916,415.65,0,
2026-01-16 15:00:00,6.866,3.027,402.86,0,
2026-01-16 15:15:00,6.87,3.017,412.44,0,
2026-01-16 15:30:00,6.975,2.926,410.75,0,
2026-01-16 15:45:00,6.933,2.833,405.64,0,
2026-01-16 16:00:00,6.914,2.916,408.65,0,
2026-01-16 16:15:00,6.959,2.81,412.42,0,
2026-01-16 16:30:00,6.837,2.867,415.64,0,
2026-01-16 16:45:00,6.95,3.285,420.18,0,
2026-01-16 17:00:00,7.061,2.914,418.31,0,
2026-01-16 17:15:00,6.977,2.946,421.45,0,
2026-01-16 17:30:00,6.984,2.764,418.54,0,
2026-01-16 17:45:00,7.018,3.012,416.4,0,
2026-01-16 18:00:00,7.045,2.96,419.27,0,
2026-01-16 18:15:00,6.91,2.948,423.57,0,
2026-01-16 18:30:00,6.935,2.85,425.7,0,
2026-01-16 18:45:00,7.04,2.956,421.75,0,
2026-01-16 19:00:00,7.003,2.974,419.39,0,
2026-01-16 19:15:00,7.114,2.806,425.2,0,
2026-01-16 19:30:00,7.042,2.726,426.5,0,
2026-01-16 19:45:00,6.97,2.856,430.24,0,
2026-01-16 20:00:00,7.012,2.564,423.28,0,
2026-01-16 20:15:00,6.946,2.569,424.0,0,
2026-01-16 20:30:00,7.08,2.645,430.33,0,
2026-01-16 20:45:00,7.089,2.367,426.28,0,
2026-01-16 21:00:00,7.085,2.728,426.69,0,
2026-01-16 21:15:00,7.167,2.434,434.04,0,
2026-01-16 21:30:00,7.179,2.481,424.04,0,
2026-01-16 21:45:00,7.116,2.494,438.2,0,
2026-01-16 22:00:00,7.023,2.506,427.94,0,
2026-01-16 22:15:00,7.165,2.422,434.23,0,
2026-01-16 22:30:00,7.166,2.438,430.65,0,
2026-01-16 22:45:00,7.158,2.413,432.45,0,
2026-01-16 23:00:00,7.194,2.329,430.54,0,
2026-01-16 23:15:00,7.089,2.255,435.2,0,
2026-01-16 23:30:00,7.249,2.509,430.51,0,
2026-01-16 23:45:00,7.102,2.007,429.68,0,
2026-01-17 00:00:00,7.187,2.269,439.25,0,
2026-01-17 00:15:00,7.065,2.207,432.09,0,
2026-01-17 00:30:00,7.102,2.319,429.19,0,
2026-01-17 00:45:00,7.223,2.018,425.81,0,
2026-01-17 01:00:00,7.132,2.142,439.05,0,
2026-01-17 01:15:00,7.184,2.184,429.16,0,
2026-01-17 01:30:00,7.15,2.343,439.33,0,
2026-01-17 01:45:00,7.129,2.217,432.36,0,
2026-01-17 02:00:00,7.198,1.976,430.96,0,
2026-01-17 02:15:00,7.113,2.068,430.66,0,
2026-01-17 02:30:00,7.03,2.263,438.38,0,
2026-01-17 02:45:00,7.073,1.941,420.25,0,
2026-01-17 03:00:00,7.134,2.102,429.34,0,
2026-01-17 03:15:00,7.119,2.106,426.85,0,
2026-01-17 03:30:00,7.013,2.046,426.45,0,
2026-01-17 03:45:00,7.047,2.505,427.26,0,
2026-01-17 04:00:00,7.046,2.038,424.93,0,
2026-01-17 04:15:00,7.048,2.168,426.06,0,
2026-01-17 04:30:00,6.989,1.988,424.5,0,
2026-01-17 04:45:00,7.017,2.187,418.6,0,
2026-01-17 05:00:00,7.002,2.244,424.63,0,
2026-01-17 05:15:00,7.068,2.033,425.21,0,
2026-01-17 05:30:00,7.06,2.122,419.4,0,
2026-01-17 05:45:00,7.003,2.007,428.26,0,
2026-01-17 06:00:00,6.98,1.982,425.34,0,
2026-01-17 06:15:00,6.997,2.323,422.59,0,
2026-01-17 06:30:00,6.94,2.1,421.76,0,
2026-01-17 06:45:00,6.913,1.837,417.78,0,
2026-01-17 07:00:00,6.914,2.482,421.46,0,
2026-01-17 07:15:00,6.92,2.116,422.43,0,
2026-01-17 07:30:00,6.884,2.22,418.64,0,
2026-01-17 07:45:00,6.942,2.524,412.41,0,
2026-01-17 08:00:00,6.961,2.279,413.84,0,
2026-01-17 08:15:00,6.837,2.299,415.63,0,
2026-01-17 08:30:00,6.91,2.163,416.05,0,
2026-01-17 08:45:00,6.89,2.126,411.78,0,
2026-01-17 09:00:00,6.911,2.372,409.25,0,
2026-01-17 09:15:00,6.887,2.476,417.31,0,
2026-01-17 09:30:00,6.808,2.494,406.19,0,
2026-01-17 09:45:00,6.812,2.402,406.26,0,
2026-01-17 10:00:00,6.872,2.503,404.3,0,
2026-01-17 10:15:00,6.917,2.251,405.46,0,
2026-01-17 10:30:00,6.751,2.621,413.9,0,
2026-01-17 10:45:00,6.875,2.602,413.76,0,
2026-01-17 11:00:00,6.915,2.9,408.11,0,
2026-01-17 11:15:00,6.845,2.63,410.22,0,
2026-01-17 11:30:00,6.879,2.512,408.06,0,
2026-01-17 11:45:00,6.815,2.669,403.26,0,
2026-01-17 12:00:00,6.844,2.651,416.87,0,
2026-01-17 12:15:00,6.769,2.787,413.52,0,
2026-01-17 12:30:00,6.734,2.748,409.52,0,
2026-01-17 12:45:00,6.9,2.575,404.81,0,
2026-01-17 13:00:00,6.806,2.537,407.51,0,
2026-01-17 13:15:00,6.835,2.84,405.87,0,
2026-01-17 13:30:00,6.792,3.025,409.3,0,
2026-01-17 13:45:00,6.795,2.844,410.48,0,
2026-01-17 14:00:00,6.861,2.968,408.24,0,
2026-01-17 14:15:00,6.839,3.011,404.2,0,
2026-01-17 14:30:00,6.9,2.91,419.01,0,
2026-01-17 14:45:00,6.91,2.757,411.93,0,
2026-01-17 15:00:00,6.91,2.916,413.34,0,
2026-01-17 15:15:00,6.913,3.073,410.4,0,
2026-01-17 15:30:00,6.988,2.976,406.45,0,
2026-01-17 15:45:00,6.863,3.011,413.0,0,
2026-01-17 16:00:00,6.922,2.831,412.71,0,
2026-01-17 16:15:00,6.99,2.869,417.53,0,
2026-01-17 16:30:00,7.006,2.879,419.03,0,
2026-01-17 16:45:00,6.881,2.885,419.2,0,
2026-01-17 17:00:00,6.946,3.062,420.85,0,
2026-01-17 17:15:00,7.039,2.527,424.87,0,
2026-01-17 17:30:00,7.006,2.874,419.99,0,
2026-01-17 17:45:00,7.0,2.847,423.61,0,
2026-01-17 18:00:00,6.989,2.641,421.98,0,
2026-01-17 18:15:00,6.991,2.933,413.18,0,
2026-01-17 18:30:00,7.034,2.709,420.95,0,
2026-01-17 18:45:00,7.017,2.747,418.87,0,
2026-01-17 19:00:00,7.037,3.06,424.03,0,
2026-01-17 19:15:00,7.052,2.915,420.69,0,
2026-01-17 19:30:00,7.023,2.83,427.01,0,
2026-01-17 19:45:00,7.093,2.779,429.23,0,
2026-01-17 20:00:00,7.221,2.675,430.81,0,
2026-01-17 20:15:00,6.994,2.977,433.14,0,
2026-01-17 20:30:00,7.108,2.773,420.6,0,
2026-01-17 20:45:00,7.061,2.516,423.12,0,
2026-01-17 21:00:00,7.135,2.394,440.2,0,
2026-01-17 21:15:00,7.115,2.663,433.06,0,
2026-01-17 21:30:00,7.157,2.544,430.42,0,
2026-01-17 21:45:00,7.183,2.312,430.11,0,
2026-01-17 22:00:00,7.14,2.564,430.16,0,
2026-01-17 22:15:00,7.191,2.433,423.03,0,
2026-01-17 22:30:00,7.021,2.527,428.0,0,
2026-01-17 22:45:00,7.222,2.488,430.92,0,
2026-01-17 23:00:00,7.164,2.305,428.73,0,
2026-01-17 23:15:00,7.201,2.466,429.43,0,
2026-01-17 23:30:00,7.088,2.272,442.13,0,
2026-01-17 23:45:00,7.108,2.258,430.97,0,
2026-01-18 00:00:00,7.157,2.22,433.11,0,
2026-01-18 00:15:00,7.149,2.447,432.94,0,
2026-01-18 00:30:00,7.163,2.214,434.26,0,
2026-01-18 00:45:00,7.201,2.442,429.86,0,
2026-01-18 01:00:00,7.057,2.485,436.58,0,
2026-01-18 01:15:00,7.191,2.088,433.14,0,
2026-01-18 01:30:00,7.139,1.745,425.94,0,
2026-01-18 01:45:00,7.124,2.324,430.33,0,
2026-01-18 02:00:00,7.056,2.102,429.7,0,
2026-01-18 02:15:00,7.15,2.011,429.1,0,
2026-01-18 02:30:00,6.998,2.042,431.56,0,
2026-01-18 02:45:00,7.145,2.059,431.56,0,
2026-01-18 03:00:00,7.031,2.308,430.55,0,
2026-01-18 03:15:00,7.102,2.132,429.27,0,
2026-01-18 03:30:00,7.085,2.296,427.65,0,
2026-01-18 03:45:00,7.142,2.175,418.06,0,
2026-01-18 04:00:00,7.066,2.054,429.11,0,
2026-01-18 04:15:00,7.032,2.042,427.26,0,
2026-01-18 04:30:00,7.032,2.188,420.65,0,
2026-01-18 04:45:00,7.112,2.231,424.98,0,
2026-01-18 05:00:00,7.066,2.263,425.7,0,
2026-01-18 05:15:00,7.01,2.082,427.03,0,
2026-01-18 05:30:00,7.008,2.157,423.61,0,
2026-01-18 05:45:00,6.931,2.229,422.07,0,
2026-01-18 06:00:00,7.019,2.096,423.79,0,
2026-01-18 06:15:00,6.902,1.997,417.99,0,
2026-01-18 06:30:00,7.018,2.062,420.08,0,
2026-01-18 06:45:00,6.977,2.163,415.17,0,
2026-01-18 07:00:00,7.081,2.316,421.34,0,
2026-01-18 07:15:00,6.897,2.425,409.7,0,
2026-01-18 07:30:00,6.937,2.053,418.67,0,
2026-01-18 07:45:00,7.024,2.188,414.76,0,
2026-01-18 08:00:00,6.985,2.246,417.86,0,
2026-01-18 08:15:00,6.882,2.442,410.21,0,
2026-01-18 08:30:00,6.92,2.268,413.05,0,
2026-01-18 08:45:00,6.901,2.307,412.33,0,
2026-01-18 09:00:00,6.908,2.185,413.25,0,
2026-01-18 09:15:00,6.852,2.494,406.79,0,
2026-01-18 09:30:00,6.877,2.424,413.02,0,
2026-01-18 09:45:00,6.795,2.376,402.64,0,
2026-01-18 10:00:00,6.877,2.461,406.94,0,
2026-01-18 10:15:00,6.888,2.695,402.99,0,
2026-01-18 10:30:00,6.85,2.401,412.23,0,
2026-01-18 10:45:00,6.777,2.452,410.24,0,
2026-01-18 11:00:00,6.905,2.791,410.23,0,
2026-01-18 11:15:00,6.871,2.64,414.12,0,
2026-01-18 11:30:00,6.815,2.754,406.84,0,
2026-01-18 11:45:00,6.836,2.737,410.46,0,
2026-01-18 12:00:00,6.775,2.695,408.26,0,
2026-01-18 12:15:00,6.799,2.67,407.68,0,
2026-01-18 12:30:00,6.824,2.868,413.33,0,
2026-01-18 12:45:00,6.914,2.938,416.56,0,
2026-01-18 13:00:00,6.823,2.945,406.68,0,
2026-01-18 13:15:00,6.89,2.623,411.97,0,
2026-01-18 13:30:00,6.835,3.013,410.19,0,
2026-01-18 13:45:00,6.878,2.779,410.56,0,
2026-01-18 14:00:00,6.863,2.733,410.6,0,
2026-01-18 14:15:00,6.919,2.833,408.69,0,
2026-01-18 14:30:00,6.854,2.994,396.14,0,
2026-01-18 14:45:00,6.809,2.96,417.12,0,
2026-01-18 15:00:00,6.825,2.848,408.74,0,
2026-01-18 15:15:00,6.875,3.018,411.12,0,
2026-01-18 15:30:00,6.846,2.918,411.81,0,
2026-01-18 15:45:00,6.937,2.813,410.2,0,
2026-01-18 16:00:00,6.902,2.794,414.96,0,
2026-01-18 16:15:00,7.052,2.961,414.52,0,
2026-01-18 16:30:00,6.856,2.884,412.54,0,
2026-01-18 16:45:00,6.962,2.686,416.74,0,
2026-01-18 17:00:00,6.905,3.013,416.76,0,
2026-01-18 17:15:00,6.946,2.807,421.37,0,
2026-01-18 17:30:00,6.987,3.108,413.07,0,
2026-01-18 17:45:00,6.874,2.648,415.99,0,
2026-01-18 18:00:00,7.012,2.819,422.9,0,
2026-01-18 18:15:00,7.105,2.728,418.23,0,
2026-01-18 18:30:00,6.997,2.671,417.95,0,
2026-01-18 18:45:00,7.042,2.728,419.98,0,
2026-01-18 19:00:00,7.09,3.048,422.7,0,
2026-01-18 19:15:00,7.04,2.785,423.47,0,
2026-01-18 19:30:00,7.028,2.625,423.75,0,
2026-01-18 19:45:00,6.953,2.448,421.19,0,
2026-01-18 20:00:00,7.107,2.442,429.09,0,
2026-01-18 20:15:00,7.078,2.596,431.97,0,
2026-01-18 20:30:00,7.041,2.558,419.66,0,
2026-01-18 20:45:00,7.105,2.595,421.7,0,
2026-01-18 21:00:00,7.077,2.263,432.5,0,
2026-01-18 21:15:00,7.086,2.564,435.3,0,
2026-01-18 21:30:00,7.149,2.706,421.0,0,
2026-01-18 21:45:00,7.058,2.77,433.24,0,
2026-01-18 22:00:00,7.182,2.216,436.94,0,
2026-01-18 22:15:00,7.065,2.354,427.31,0,
2026-01-18 22:30:00,7.105,2.32,437.41,0,
2026-01-18 22:45:00,7.238,2.444,430.65,0,
2026-01-18 23:00:00,7.201,2.214,432.85,0,
2026-01-18 23:15:00,7.152,2.624,428.89,0,
2026-01-18 23:30:00,7.102,2.353,435.9,0,
2026-01-18 23:45:00,7.123,2.305,435.31,0,
2026-01-19 00:00:00,7.154,2.539,438.9,0,
2026-01-19 00:15:00,7.152,2.275,437.74,0,
2026-01-19 00:30:00,7.144,2.317,431.86,0,
2026-01-19 00:45:00,7.146,2.124,444.2,0,
2026-01-19 01:00:00,7.134,2.012,436.99,0,
2026-01-19 01:15:00,7.07,2.108,433.53,0,
2026-01-19 01:30:00,7.113,2.511,427.1,0,
2026-01-19 01:45:00,7.18,2.262,424.64,0,
2026-01-19 02:00:00,7.061,2.195,424.61,0,
2026-01-19 02:15:00,7.115,1.995,426.24,0,
2026-01-19 02:30:00,7.078,2.267,435.03,0,
2026-01-19 02:45:00,7.118,1.918,430.97,0,
2026-01-19 03:00:00,7.087,1.879,426.03,0,
2026-01-19 03:15:00,7.173,2.024,427.37,0,
2026-01-19 03:30:00,7.117,2.397,426.27,0,
2026-01-19 03:45:00,7.018,2.386,429.87,0,
2026-01-19 04:00:00,7.109,2.032,422.48,0,
2026-01-19 04:15:00,7.028,2.0,426.71,0,
2026-01-19 04:30:00,7.029,1.857,425.79,0,
2026-01-19 04:45:00,7.064,2.119,420.46,0,
2026-01-19 05:00:00,7.014,2.138,429.46,0,
2026-01-19 05:15:00,7.074,2.24,421.16,0,
2026-01-19 05:30:00,6.981,2.267,417.6,0,
2026-01-19 05:45:00,6.979,2.112,424.2,0,
2026-01-19 06:00:00,6.967,2.237,420.22,0,
2026-01-19 06:15:00,6.962,2.062,420.85,0,
2026-01-19 06:30:00,7.035,2.263,413.69,0,
2026-01-19 06:45:00,7.002,2.123,420.91,0,
2026-01-19 07:00:00,7.047,2.286,425.58,0,
2026-01-19 07:15:00,7.065,2.293,411.09,0,
2026-01-19 07:30:00,6.891,2.267,416.82,0,
2026-01-19 07:45:00,6.937,2.397,411.55,0,
2026-01-19 08:00:00,6.866,2.064,424.76,0,
2026-01-19 08:15:00,6.878,2.163,418.29,0,
2026-01-19 08:30:00,6.877,2.306,413.82,0,
2026-01-19 08:45:00,6.848,2.155,407.18,0,
2026-01-19 09:00:00,6.841,2.335,407.57,0,
2026-01-19 09:15:00,6.88,2.366,413.96,0,
2026-01-19 09:30:00,6.82,2.644,405.03,0,
2026-01-19 09:45:00,6.917,2.495,404.7,0,
2026-01-19 10:00:00,6.824,2.654,409.64,0,
2026-01-19 10:15:00,7.006,2.571,409.77,0,
2026-01-19 10:30:00,6.839,2.472,410.43,0,
2026-01-19 10:45:00,6.862,2.598,406.88,0,
2026-01-19 11:00:00,6.79,2.713,412.09,0,
2026-01-19 11:15:00,6.938,2.808,404.78,0,
2026-01-19 11:30:00,6.907,2.633,410.61,0,
2026-01-19 11:45:00,6.865,2.43,408.88,0,
2026-01-19 12:00:00,6.783,2.442,410.4,0,
2026-01-19 12:15:00,6.861,2.673,412.75,0,
2026-01-19 12:30:00,6.795,2.393,406.28,0,
2026-01-19 12:45:00,6.926,3.033,405.59,0,
2026-01-19 13:00:00,6.896,2.872,401.66,0,
2026-01-19 13:15:00,6.863,2.705,400.56,0,
2026-01-19 13:30:00,6.74,2.651,408.21,0,
2026-01-19 13:45:00,6.816,2.987,408.81,0,
2026-01-19 14:00:00,6.904,2.679,405.26,0,
2026-01-19 14:15:00,6.936,2.706,406.54,0,
2026-01-19 14:30:00,6.936,2.755,416.57,0,
2026-01-19 14:45:00,6.808,2.896,414.48,0,
2026-01-19 15:00:00,6.909,2.979,406.47,0,
2026-01-19 15:15:00,6.952,3.071,410.32,0,
2026-01-19 15:30:00,6.826,3.053,414.32,0,
2026-01-19 15:45:00,6.916,2.899,410.83,0,
2026-01-19 16:00:00,6.939,3.053,410.77,0,
2026-01-19 16:15:00,6.919,2.798,413.34,0,
2026-01-19 16:30:00,6.85,2.623,419.77,0,
2026-01-19 16:45:00,6.935,2.792,420.87,0,
2026-01-19 17:00:00,6.945,2.765,413.95,0,
2026-01-19 17:15:00,6.963,2.784,419.5,0,
2026-01-19 17:30:00,6.952,2.726,418.41,0,
2026-01-19 17:45:00,6.968,2.79,415.18,0,
2026-01-19 18:00:00,6.998,2.939,418.81,0,
2026-01-19 18:15:00,7.032,3.09,415.73,0,
2026-01-19 18:30:00,7.004,2.559,426.22,0,
2026-01-19 18:45:00,7.009,2.608,428.55,0,
2026-01-19 19:00:00,7.043,2.664,421.46,0,
2026-01-19 19:15:00,6.952,2.879,421.26,0,
2026-01-19 19:30:00,7.081,2.713,428.81,0,
2026-01-19 19:45:00,7.066,2.614,430.17,0,
2026-01-19 20:00:00,7.077,2.808,421.54,0,
2026-01-19 20:15:00,7.131,2.82,426.07,0,
2026-01-19 20:30:00,6.994,2.65,427.07,0,
2026-01-19 20:45:00,7.0,2.506,424.83,0,
2026-01-19 21:00:00,7.12,2.644,430.03,0,
2026-01-19 21:15:00,7.112,2.543,426.22,0,
2026-01-19 21:30:00,7.128,2.516,427.36,0,
2026-01-19 21:45:00,7.102,2.449,429.57,0,
2026-01-19 22:00:00,7.163,2.639,424.44,0,
2026-01-19 22:15:00,7.181,2.511,422.54,0,
2026-01-19 22:30:00,7.163,2.603,434.76,0,
2026-01-19 22:45:00,7.129,2.622,428.4,0,
2026-01-19 23:00:00,7.04,2.465,440.13,0,
2026-01-19 23:15:00,7.186,2.295,439.66,0,
2026-01-19 23:30:00,7.21,2.503,429.87,0,
2026-01-19 23:45:00,7.182,2.393,441.33,0,
2026-01-20 00:00:00,7.106,2.691,435.75,0,
2026-01-20 00:15:00,7.183,2.324,429.39,0,
2026-01-20 00:30:00,7.192,2.361,421.57,0,
2026-01-20 00:45:00,7.225,2.28,434.52,0,
2026-01-20 01:00:00,7.101,2.202,431.72,0,
2026-01-20 01:15:00,7.131,2.16,433.09,0,
2026-01-20 01:30:00,7.176,2.227,430.17,0,
2026-01-20 01:45:00,7.137,2.246,426.19,0,
2026-01-20 02:00:00,7.074,2.327,428.68,0,
2026-01-20 02:15:00,7.145,2.188,432.8,0,
2026-01-20 02:30:00,7.148,2.061,428.1,0,
2026-01-20 02:45:00,7.117,2.072,427.58,0,
2026-01-20 03:00:00,7.117,1.915,422.41,0,
2026-01-20 03:15:00,7.086,2.357,428.28,0,
2026-01-20 03:30:00,7.165,2.022,422.86,0,
2026-01-20 03:45:00,7.038,2.246,430.34,0,
2026-01-20 04:00:00,7.046,2.141,423.06,0,
2026-01-20 04:15:00,7.067,2.146,424.12,0,
2026-01-20 04:30:00,7.101,2.086,433.25,0,
2026-01-20 04:45:00,6.973,1.99,422.63,0,
2026-01-20 05:00:00,6.973,1.968,421.34,0,
2026-01-20 05:15:00,6.927,2.38,424.68,0,
2026-01-20 05:30:00,7.021,2.148,414.43,0,
2026-01-20 05:45:00,6.954,2.31,425.79,0,
2026-01-20 06:00:00,6.981,2.361,423.98,0,
2026-01-20 06:15:00,7.023,2.106,421.31,0,
2026-01-20 06:30:00,6.948,2.246,404.93,0,
2026-01-20 06:45:00,6.982,2.206,416.62,0,
2026-01-20 07:00:00,6.946,2.044,411.8,0,
2026-01-20 07:15:00,6.985,2.208,420.64,0,
2026-01-20 07:30:00,6.966,2.345,419.62,0,
2026-01-20 07:45:00,6.899,2.203,416.24,0,
2026-01-20 08:00:00,6.917,2.251,409.19,0,
2026-01-20 08:15:00,6.969,2.297,419.31,0,
2026-01-20 08:30:00,6.928,2.664,411.65,0,
2026-01-20 08:45:00,6.831,2.096,419.31,0,
2026-01-20 09:00:00,6.927,2.472,412.58,0,
2026-01-20 09:15:00,6.833,2.384,413.01,0,
2026-01-20 09:30:00,6.952,2.352,408.64,0,
2026-01-20 09:45:00,6.926,2.432,415.65,0,
2026-01-20 10:00:00,6.885,2.6,412.04,0,
2026-01-20 10:15:00,6.873,2.635,415.01,0,
2026-01-20 10:30:00,6.851,2.58,409.62,0,
2026-01-20 10:45:00,6.892,2.742,408.45,0,
2026-01-20 11:00:00,6.837,2.794,410.79,0,
2026-01-20 11:15:00,6.865,2.751,414.0,0,
2026-01-20 11:30:00,6.895,2.571,412.17,0,
2026-01-20 11:45:00,6.822,2.751,408.58,0,
2026-01-20 12:00:00,6.819,2.775,400.57,0,
2026-01-20 12:15:00,6.791,2.6,411.27,0,
2026-01-20 12:30:00,6.798,2.508,402.35,0,
2026-01-20 12:45:00,6.761,2.46,408.37,0,
2026-01-20 13:00:00,6.892,2.793,407.95,0,
2026-01-20 13:15:00,6.948,2.845,402.97,0,
2026-01-20 13:30:00,6.933,2.64,410.4,0,
2026-01-20 13:45:00,6.784,2.989,417.85,0,
2026-01-20 14:00:00,6.906,2.869,408.36,0,
2026-01-20 14:15:00,6.946,3.061,413.09,0,
2026-01-20 14:30:00,6.858,2.925,419.9,0,
2026-01-20 14:45:00,6.892,2.719,414.43,0,
2026-01-20 15:00:00,6.794,2.955,408.94,0,
2026-01-20 15:15:00,6.914,2.993,413.04,0,
2026-01-20 15:30:00,6.856,2.814,414.62,0,
2026-01-20 15:45:00,6.927,2.683,419.07,0,
2026-01-20 16:00:00,6.847,2.915,418.86,0,
2026-01-20 16:15:00,6.961,2.749,403.61,0,
2026-01-20 16:30:00,6.994,3.065,411.98,0,
2026-01-20 16:45:00,6.913,2.831,415.86,0,
2026-01-20 17:00:00,6.904,3.145,412.83,0,
2026-01-20 17:15:00,6.863,2.56,402.86,0,
2026-01-20 17:30:00,6.967,2.89,415.53,0,
2026-01-20 17:45:00,6.961,3.073,419.2,0,
2026-01-20 18:00:00,6.922,2.713,417.9,0,
2026-01-20 18:15:00,7.032,2.809,416.8,0,
2026-01-20 18:30:00,6.997,2.757,421.73,0,
2026-01-20 18:45:00,6.975,2.698,423.71,0,
2026-01-20 19:00:00,7.011,2.82,421.23,0,
2026-01-20 19:15:00,7.102,2.569,429.34,0,
2026-01-20 19:30:00,7.088,2.727,424.82,0,
2026-01-20 19:45:00,7.06,2.8,421.82,0,
2026-01-20 20:00:00,7.106,2.668,421.5,0,
2026-01-20 20:15:00,7.025,2.527,425.81,0,
2026-01-20 20:30:00,7.093,2.808,431.76,0,
2026-01-20 20:45:00,7.106,2.738,424.62,0,
2026-01-20 21:00:00,7.083,2.447,430.87,0,
2026-01-20 21:15:00,7.135,2.384,429.4,0,
2026-01-20 21:30:00,7.08,2.409,437.49,0,
2026-01-20 21:45:00,7.15,2.608,431.54,0,
2026-01-20 22:00:00,7.157,2.541,427.6,0,
2026-01-20 22:15:00,6.989,2.592,433.71,0,
2026-01-20 22:30:00,7.198,2.399,434.17,0,
2026-01-20 22:45:00,6.99,2.283,429.78,0,
2026-01-20 23:00:00,7.114,2.534,426.94,0,
2026-01-20 23:15:00,7.198,2.288,433.91,0,
2026-01-20 23:30:00,7.133,2.375,432.15,0,
2026-01-20 23:45:00,7.076,2.091,425.91,0,
2026-01-21 00:00:00,7.095,2.215,433.02,0,
2026-01-21 00:15:00,7.201,2.429,429.43,0,
2026-01-21 00:30:00,7.053,2.149,425.83,0,
2026-01-21 00:45:00,7.204,2.358,430.36,0,
2026-01-21 01:00:00,7.142,1.868,436.72,0,
2026-01-21 01:15:00,7.082,2.115,436.2,0,
2026-01-21 01:30:00,7.109,2.157,434.87,0,
2026-01-21 01:45:00,7.084,2.429,431.84,0,
2026-01-21 02:00:00,7.173,1.978,432.78,0,
2026-01-21 02:15:00,7.161,2.242,430.37,0,
2026-01-21 02:30:00,7.033,2.289,425.1,0,
2026-01-21 02:45:00,7.093,2.013,425.4,0,
2026-01-21 03:00:00,7.063,2.058,426.06,0,
2026-01-21 03:15:00,7.164,2.129,433.52,0,
2026-01-21 03:30:00,7.024,1.881,431.61,0,
2026-01-21 03:45:00,7.164,2.033,422.35,0,
2026-01-21 04:00:00,7.073,2.291,426.21,0,
2026-01-21 04:15:00,7.008,2.179,423.7,0,
2026-01-21 04:30:00,7.024,2.08,423.97,0,
2026-01-21 04:45:00,7.008,2.125,421.71,0,
2026-01-21 05:00:00,6.975,2.201,428.73,0,
2026-01-21 05:15:00,7.034,2.237,422.27,0,
2026-01-21 05:30:00,6.958,2.047,422.43,0,
2026-01-21 05:45:00,6.901,2.371,421.68,0,
2026-01-21 06:00:00,6.981,2.351,415.89,0,
2026-01-21 06:15:00,6.9,2.269,419.65,0,
2026-01-21 06:30:00,6.943,2.056,422.68,0,
2026-01-21 06:45:00,6.925,2.046,423.55,0,
2026-01-21 07:00:00,6.918,2.168,412.3,0,
2026-01-21 07:15:00,7.052,2.245,410.07,0,
2026-01-21 07:30:00,6.945,1.991,415.66,0,
2026-01-21 07:45:00,6.946,2.352,419.13,0,
2026-01-21 08:00:00,6.836,2.493,415.44,0,
2026-01-21 08:15:00,6.884,2.41,416.05,0,
2026-01-21 08:30:00,6.919,2.246,407.25,0,
2026-01-21 08:45:00,6.85,2.252,409.8,0,
2026-01-21 09:00:00,6.939,2.441,402.73,0,
2026-01-21 09:15:00,6.827,2.399,410.41,0,
2026-01-21 09:30:00,6.867,2.514,401.82,0,
2026-01-21 09:45:00,6.846,2.564,415.35,0,
2026-01-21 10:00:00,6.878,2.664,415.83,0,
2026-01-21 10:15:00,6.833,2.356,409.8,0,
2026-01-21 10:30:00,6.848,2.585,402.86,0,
2026-01-21 10:45:00,6.846,2.524,410.14,0,
2026-01-21 11:00:00,6.818,2.589,415.85,0,
2026-01-21 11:15:00,6.877,2.758,410.13,0,
2026-01-21 11:30:00,6.863,2.799,412.84,0,
2026-01-21 11:45:00,6.846,2.887,406.09,0,
2026-01-21 12:00:00,6.828,2.764,404.52,0,
2026-01-21 12:15:00,6.89,2.706,407.74,0,
2026-01-21 12:30:00,6.839,2.706,400.4,0,
2026-01-21 12:45:00,6.838,2.504,417.29,0,
2026-01-21 13:00:00,6.86,2.984,408.97,0,
2026-01-21 13:15:00,6.943,2.752,412.1,0,
2026-01-21 13:30:00,6.794,2.893,407.07,0,
2026-01-21 13:45:00,6.904,2.934,403.07,0,
2026-01-21 14:00:00,6.775,2.66,415.31,0,
2026-01-21 14:15:00,6.886,2.72,405.53,0,
2026-01-21 14:30:00,6.96,3.102,411.88,0,
2026-01-21 14:45:00,6.912,2.922,412.75,0,
2026-01-21 15:00:00,6.902,2.799,411.81,0,
2026-01-21 15:15:00,6.873,2.873,408.95,0,
2026-01-21 15:30:00,6.91,3.06,412.1,0,
2026-01-21 15:45:00,6.904,3.039,409.53,0,
2026-01-21 16:00:00,6.886,2.68,417.24,0,
2026-01-21 16:15:00,6.919,3.144,416.98,0,
2026-01-21 16:30:00,6.953,3.042,415.32,0,
2026-01-21 16:45:00,6.913,2.869,413.87,0,
2026-01-21 17:00:00,6.921,2.708,425.32,0,
2026-01-21 17:15:00,6.903,3.037,412.45,0,
2026-01-21 17:30:00,7.0,2.941,412.26,0,
2026-01-21 17:45:00,7.017,2.64,418.89,0,
2026-01-21 18:00:00,7.012,2.812,418.97,0,
2026-01-21 18:15:00,7.058,3.302,425.18,0,
2026-01-21 18:30:00,7.024,2.82,424.15,0,
2026-01-21 18:45:00,7.049,2.689,422.46,0,
2026-01-21 19:00:00,7.054,2.632,425.11,0,
2026-01-21 19:15:00,7.044,3.03,425.79,0,
2026-01-21 19:30:00,7.031,2.871,433.01,0,
2026-01-21 19:45:00,7.177,2.933,426.32,0,
2026-01-21 20:00:00,7.052,2.737,423.28,0,
2026-01-21 20:15:00,7.05,2.865,427.46,0,
2026-01-21 20:30:00,7.113,2.526,416.83,0,
2026-01-21 20:45:00,7.111,2.653,427.78,0,
2026-01-21 21:00:00,7.036,2.647,432.86,0,
2026-01-21 21:15:00,7.169,2.785,431.43,0,
2026-01-21 21:30:00,7.114,2.6,430.71,0,
2026-01-21 21:45:00,7.069,2.432,432.57,0,
2026-01-21 22:00:00,7.189,2.51,434.81,0,
2026-01-21 22:15:00,7.166,2.222,436.46,0,
2026-01-21 22:30:00,7.075,2.1,432.88,0,
2026-01-21 22:45:00,7.231,2.547,430.1,0,
2026-01-21 23:00:00,7.178,2.34,422.34,0,
2026-01-21 23:15:00,7.147,2.332,435.68,0,
2026-01-21 23:30:00,7.228,2.472,433.96,0,
2026-01-21 23:45:00,7.158,2.533,432.58,0,
2026-01-22 00:00:00,7.149,2.38,429.25,0,
2026-01-22 00:15:00,7.117,2.567,435.83,0,
2026-01-22 00:30:00,7.178,2.332,430.87,0,
2026-01-22 00:45:00,7.171,2.282,431.63,0,
2026-01-22 01:00:00,7.146,2.253,431.37,0,
2026-01-22 01:15:00,7.103,2.006,433.16,0,
2026-01-22 01:30:00,7.145,2.326,426.49,0,
2026-01-22 01:45:00,7.131,1.801,433.01,0,
2026-01-22 02:00:00,7.063,2.066,427.51,0,
2026-01-22 02:15:00,7.051,2.145,427.23,0,
2026-01-22 02:30:00,7.147,2.012,433.06,0,
2026-01-22 02:45:00,6.983,2.053,425.04,0,
2026-01-22 03:00:00,7.116,2.39,432.02,0,
2026-01-22 03:15:00,7.075,2.273,428.32,0,
2026-01-22 03:30:00,7.157,2.001,420.71,0,
2026-01-22 03:45:00,7.059,2.03,432.12,0,
2026-01-22 04:00:00,7.108,1.908,427.24,0,
2026-01-22 04:15:00,7.046,2.207,426.88,0,
2026-01-22 04:30:00,7.063,2.066,428.62,0,
2026-01-22 04:45:00,7.085,1.813,429.85,0,
2026-01-22 05:00:00,7.016,2.129,423.91,0,
2026-01-22 05:15:00,7.079,2.187,424.81,0,
2026-01-22 05:30:00,6.97,2.275,423.05,0,
2026-01-22 05:45:00,7.025,2.13,419.41,0,
2026-01-22 06:00:00,7.046,2.098,413.67,0,
2026-01-22 06:15:00,7.023,2.465,420.07,0,
2026-01-22 06:30:00,7.076,2.184,423.95,0,
2026-01-22 06:45:00,6.933,2.307,419.99,0,
2026-01-22 07:00:00,6.892,2.136,412.62,0,
2026-01-22 07:15:00,6.902,2.34,420.53,0,
2026-01-22 07:30:00,6.976,2.038,414.17,0,
2026-01-22 07:45:00,6.959,2.208,406.32,0,
2026-01-22 08:00:00,6.93,2.119,418.07,0,
2026-01-22 08:15:00,6.861,2.232,409.55,0,
2026-01-22 08:30:00,6.947,2.534,419.82,0,
2026-01-22 08:45:00,6.84,2.28,416.68,0,
2026-01-22 09:00:00,6.952,2.504,410.6,0,
2026-01-22 09:15:00,7.03,2.65,412.82,0,
2026-01-22 09:30:00,6.899,2.444,420.18,0,
2026-01-22 09:45:00,6.904,2.623,414.02,0,
2026-01-22 10:00:00,6.845,2.58,410.56,0,
2026-01-22 10:15:00,6.775,2.544,420.79,0,
2026-01-22 10:30:00,6.831,2.665,409.38,0,
2026-01-22 10:45:00,6.803,2.854,410.96,0,
2026-01-22 11:00:00,6.783,2.508,404.66,0,
2026-01-22 11:15:00,6.939,2.485,401.53,0,
2026-01-22 11:30:00,6.865,2.5,406.95,0,
2026-01-22 11:45:00,6.869,2.826,408.18,0,
2026-01-22 12:00:00,6.835,2.869,409.32,0,
2026-01-22 12:15:00,6.842,2.642,402.35,0,
2026-01-22 12:30:00,6.9,2.423,410.75,0,
2026-01-22 12:45:00,6.851,2.663,404.91,0,
2026-01-22 13:00:00,6.882,2.865,410.84,0,
2026-01-22 13:15:00,6.848,2.791,412.38,0,
2026-01-22 13:30:00,6.844,2.844,407.33,0,
2026-01-22 13:45:00,6.795,2.754,405.38,0,
2026-01-22 14:00:00,6.771,2.999,415.78,0,
2026-01-22 14:15:00,6.862,2.91,413.51,0,
2026-01-22 14:30:00,6.884,2.958,411.09,0,
2026-01-22 14:45:00,6.823,2.903,416.85,0,
2026-01-22 15:00:00,6.892,2.965,411.85,0,
2026-01-22 15:15:00,6.904,2.961,409.61,0,
2026-01-22 15:30:00,6.801,2.757,408.69,0,
2026-01-22 15:45:00,6.871,2.955,412.9,0,
2026-01-22 16:00:00,6.945,3.019,417.09,0,
2026-01-22 16:15:00,6.953,3.072,420.25,0,
2026-01-22 16:30:00,6.885,2.959,415.5,0,
2026-01-22 16:45:00,6.96,2.748,421.0,0,
2026-01-22 17:00:00,7.012,2.765,416.04,0,
2026-01-22 17:15:00,7.01,2.813,414.53,0,
2026-01-22 17:30:00,6.976,2.898,413.21,0,
2026-01-22 17:45:00,6.967,2.84,417.19,0,
2026-01-22 18:00:00,6.969,2.678,414.93,0,
2026-01-22 18:15:00,7.033,2.663,428.82,0,
2026-01-22 18:30:00,7.029,2.503,423.32,0,
2026-01-22 18:45:00,7.061,2.333,421.96,0,
2026-01-22 19:00:00,7.045,2.763,429.99,0,
2026-01-22 19:15:00,7.089,3.112,418.65,0,
2026-01-22 19:30:00,7.062,3.013,424.04,0,
2026-01-22 19:45:00,7.106,2.575,433.31,0,
2026-01-22 20:00:00,7.119,2.722,425.42,0,
2026-01-22 20:15:00,7.043,2.457,436.45,0,
2026-01-22 20:30:00,7.001,2.456,430.45,0,
2026-01-22 20:45:00,7.176,2.449,433.14,0,
2026-01-22 21:00:00,7.119,2.57,433.82,0,
2026-01-22 21:15:00,7.027,2.551,429.03,0,
2026-01-22 21:30:00,7.083,2.59,427.57,0,
2026-01-22 21:45:00,7.163,2.626,429.52,0,
2026-01-22 22:00:00,7.116,2.449,426.44,0,
2026-01-22 22:15:00,7.109,2.479,430.5,0,
2026-01-22 22:30:00,7.209,2.284,431.07,0,
2026-01-22 22:45:00,7.09,2.22,438.12,0,
2026-01-22 23:00:00,7.105,2.172,433.96,0,
2026-01-22 23:15:00,7.158,2.469,441.22,0,
2026-01-22 23:30:00,7.168,2.296,423.26,0,
2026-01-22 23:45:00,7.174,2.042,427.11,0,
2026-01-23 00:00:00,7.196,2.291,430.58,0,
2026-01-23 00:15:00,7.16,2.09,437.94,0,
2026-01-23 00:30:00,7.173,2.506,431.46,0,
2026-01-23 00:45:00,7.134,2.149,425.9,0,
2026-01-23 01:00:00,7.148,2.319,430.61,0,
2026-01-23 01:15:00,7.147,2.363,426.57,0,
2026-01-23 01:30:00,7.149,2.039,425.51,0,
2026-01-23 01:45:00,7.173,2.179,438.76,0,
2026-01-23 02:00:00,7.158,2.237,428.99,0,
2026-01-23 02:15:00,7.127,2.159,430.67,0,
2026-01-23 02:30:00,7.079,2.185,429.15,0,
2026-01-23 02:45:00,7.116,1.922,428.02,0,
2026-01-23 03:00:00,7.105,2.197,425.12,0,
2026-01-23 03:15:00,7.109,2.035,426.67,0,
2026-01-23 03:30:00,7.202,2.156,428.65,0,
2026-01-23 03:45:00,7.057,2.239,432.34,0,
2026-01-23 04:00:00,7.096,2.2,429.79,0,
2026-01-23 04:15:00,7.12,2.153,420.43,0,
2026-01-23 04:30:00,7.062,2.2,428.55,0,
2026-01-23 04:45:00,7.165,2.211,425.76,0,
2026-01-23 05:00:00,7.02,2.338,420.61,0,
2026-01-23 05:15:00,7.045,2.116,423.07,0,
2026-01-23 05:30:00,6.98,2.155,423.86,0,
2026-01-23 05:45:00,6.992,2.281,420.97,0,
2026-01-23 06:00:00,7.012,2.08,421.92,0,
2026-01-23 06:15:00,7.033,1.967,415.76,0,
2026-01-23 06:30:00,6.996,2.257,426.41,0,
2026-01-23 06:45:00,7.034,2.168,409.94,0,
2026-01-23 07:00:00,6.956,2.036,419.21,0,
2026-01-23 07:15:00,6.935,2.311,417.61,0,
2026-01-23 07:30:00,7.078,2.471,417.98,0,
2026-01-23 07:45:00,6.953,2.033,411.86,0,
2026-01-23 08:00:00,6.889,2.453,418.68,0,
2026-01-23 08:15:00,6.882,1.943,412.9,0,
2026-01-23 08:30:00,6.862,2.287,407.95,0,
2026-01-23 08:45:00,6.948,2.648,407.71,0,
2026-01-23 09:00:00,6.876,2.347,412.01,0,
2026-01-23 09:15:00,6.894,2.435,404.59,0,
2026-01-23 09:30:00,6.878,2.562,417.68,0,
2026-01-23 09:45:00,6.912,2.216,414.22,0,
2026-01-23 10:00:00,6.828,2.511,416.92,0,
2026-01-23 10:15:00,6.812,2.536,416.12,0,
2026-01-23 10:30:00,6.873,2.832,407.51,0,
2026-01-23 10:45:00,6.888,2.393,405.16,0,
2026-01-23 11:00:00,6.872,2.546,397.7,0,
2026-01-23 11:15:00,6.812,2.489,406.61,0,
2026-01-23 11:30:00,6.885,2.498,415.17,0,
2026-01-23 11:45:00,6.813,2.846,404.71,0,
2026-01-23 12:00:00,6.824,2.704,407.16,0,
2026-01-23 12:15:00,6.803,2.639,405.81,0,
2026-01-23 12:30:00,6.916,2.666,409.6,0,
2026-01-23 12:45:00,6.885,2.679,413.37,0,
2026-01-23 13:00:00,6.885,2.712,402.25,0,
2026-01-23 13:15:00,6.92,2.611,403.25,0,
2026-01-23 13:30:00,7.002,2.779,414.86,0,
2026-01-23 13:45:00,6.78,2.779,412.17,0,
2026-01-23 14:00:00,6.833,2.733,408.57,0,
2026-01-23 14:15:00,6.844,2.882,416.85,0,
2026-01-23 14:30:00,6.838,2.906,405.02,0,
2026-01-23 14:45:00,6.833,2.795,414.7,0,
2026-01-23 15:00:00,6.879,2.865,411.24,0,
2026-01-23 15:15:00,6.84,3.216,414.51,0,
2026-01-23 15:30:00,6.925,3.215,403.15,0,
2026-01-23 15:45:00,6.919,2.741,412.29,0,
2026-01-23 16:00:00,6.949,2.763,416.95,0,
2026-01-23 16:15:00,6.959,2.74,414.44,0,
2026-01-23 16:30:00,6.973,3.055,420.43,0,
2026-01-23 16:45:00,6.933,2.833,421.03,0,
2026-01-23 17:00:00,7.067,2.922,413.06,0,
2026-01-23 17:15:00,6.982,3.178,420.95,0,
2026-01-23 17:30:00,6.887,2.868,414.46,0,
2026-01-23 17:45:00,6.94,2.965,419.43,0,
2026-01-23 18:00:00,6.913,2.924,422.62,0,
2026-01-23 18:15:00,7.011,2.744,417.44,0,
2026-01-23 18:30:00,7.013,2.976,424.71,0,
2026-01-23 18:45:00,7.006,2.673,420.32,0,
2026-01-23 19:00:00,7.139,2.984,420.78,0,
2026-01-23 19:15:00,7.076,2.676,426.68,0,
2026-01-23 19:30:00,7.094,2.672,421.25,0,
2026-01-23 19:45:00,7.02,2.559,421.76,0,
2026-01-23 20:00:00,7.025,2.561,430.16,0,
2026-01-23 20:15:00,7.085,2.613,427.1,0,
2026-01-23 20:30:00,7.1,2.288,421.49,0,
2026-01-23 20:45:00,7.006,2.594,431.33,0,
2026-01-23 21:00:00,7.097,2.527,426.86,0,
2026-01-23 21:15:00,7.113,2.697,423.41,0,
2026-01-23 21:30:00,7.108,2.616,419.49,0,
2026-01-23 21:45:00,7.084,2.42,433.59,0,
2026-01-23 22:00:00,7.103,2.431,426.95,0,
2026-01-23 22:15:00,7.126,2.439,425.79,0,
2026-01-23 22:30:00,7.143,2.671,433.64,0,
2026-01-23 22:45:00,7.172,2.299,434.59,0,
2026-01-23 23:00:00,7.199,2.289,428.44,0,
2026-01-23 23:15:00,7.132,2.202,435.42,0,
2026-01-23 23:30:00,7.126,2.125,440.12,0,
2026-01-23 23:45:00,7.172,2.369,437.36,0,
2026-01-24 00:00:00,7.181,2.33,436.76,0,
2026-01-24 00:15:00,7.128,2.47,433.23,0,
2026-01-24 00:30:00,7.188,2.413,430.12,0,
2026-01-24 00:45:00,7.196,2.596,431.55,0,
2026-01-24 01:00:00,7.209,2.206,433.35,0,
2026-01-24 01:15:00,7.231,2.16,426.33,0,
2026-01-24 01:30:00,7.095,1.988,428.01,0,
2026-01-24 01:45:00,7.135,2.272,425.05,0,
2026-01-24 02:00:00,7.13,2.171,431.33,0,
2026-01-24 02:15:00,7.12,2.239,430.31,0,
2026-01-24 02:30:00,7.087,1.96,426.91,0,
2026-01-24 02:45:00,7.038,2.174,432.3,0,
2026-01-24 03:00:00,7.111,2.144,424.31,0,
2026-01-24 03:15:00,7.06,2.129,425.15,0,
2026-01-24 03:30:00,7.096,2.001,430.43,0,
2026-01-24 03:45:00,7.044,2.279,430.38,0,
2026-01-24 04:00:00,7.02,2.408,422.82,0,
2026-01-24 04:15:00,7.078,1.934,426.24,0,
2026-01-24 04:30:00,7.065,2.211,421.48,0,
2026-01-24 04:45:00,7.077,1.676,423.07,0,
2026-01-24 05:00:00,7.148,2.214,423.68,0,
2026-01-24 05:15:00,7.043,1.841,424.58,0,
2026-01-24 05:30:00,7.044,2.052,422.84,0,
2026-01-24 05:45:00,6.956,1.944,421.88,0,
2026-01-24 06:00:00,6.936,2.121,415.69,0,
2026-01-24 06:15:00,7.069,2.293,420.77,0,
2026-01-24 06:30:00,6.934,1.904,420.64,0,
2026-01-24 06:45:00,6.919,2.145,420.41,0,
2026-01-24 07:00:00,6.959,2.14,414.02,0,
2026-01-24 07:15:00,6.947,2.473,419.81,0,
2026-01-24 07:30:00,6.897,2.321,410.14,0,
2026-01-24 07:45:00,6.918,2.101,412.97,0,
2026-01-24 08:00:00,6.986,2.229,412.9,0,
2026-01-24 08:15:00,6.876,2.557,408.28,0,
2026-01-24 08:30:00,6.839,2.454,411.53,0,
2026-01-24 08:45:00,6.948,2.234,412.97,0,
2026-01-24 09:00:00,6.919,2.356,404.21,0,
2026-01-24 09:15:00,6.856,2.387,409.4,0,
2026-01-24 09:30:00,6.802,2.367,403.49,0,
2026-01-24 09:45:00,6.838,2.217,418.19,0,
2026-01-24 10:00:00,6.867,2.398,410.46,0,
2026-01-24 10:15:00,6.924,2.735,409.74,0,
2026-01-24 10:30:00,6.81,2.495,409.84,0,
2026-01-24 10:45:00,6.854,2.563,411.05,0,
2026-01-24 11:00:00,6.889,2.625,412.32,0,
2026-01-24 11:15:00,6.734,2.961,401.98,0,
2026-01-24 11:30:00,6.903,2.654,413.34,0,
2026-01-24 11:45:00,6.791,2.841,413.01,0,
2026-01-24 12:00:00,6.867,2.61,407.73,0,
2026-01-24 12:15:00,6.863,2.683,407.55,0,
2026-01-24 12:30:00,6.906,2.745,395.69,0,
2026-01-24 12:45:00,6.88,2.648,403.25,0,
2026-01-24 13:00:00,6.736,2.752,410.48,0,
2026-01-24 13:15:00,6.819,2.934,413.44,0,
2026-01-24 13:30:00,6.868,2.697,411.83,0,
2026-01-24 13:45:00,6.856,2.833,408.93,0,
2026-01-24 14:00:00,6.894,2.953,417.31,0,
2026-01-24 14:15:00,6.915,2.735,414.04,0,
2026-01-24 14:30:00,6.911,3.034,408.9,0,
2026-01-24 14:45:00,6.877,2.89,419.71,0,
2026-01-24 15:00:00,6.802,2.862,407.13,0,
2026-01-24 15:15:00,6.878,2.591,406.2,0,
2026-01-24 15:30:00,6.93,2.841,411.01,0,
2026-01-24 15:45:00,6.862,2.955,410.3,0,
2026-01-24 16:00:00,6.957,3.162,412.54,0,
2026-01-24 16:15:00,6.979,2.984,417.88,0,
2026-01-24 16:30:00,6.949,3.066,415.27,0,
2026-01-24 16:45:00,6.799,2.711,416.11,0,
2026-01-24 17:00:00,6.897,2.867,417.13,0,
2026-01-24 17:15:00,7.065,3.062,408.41,0,
2026-01-24 17:30:00,6.953,2.736,412.37,0,
2026-01-24 17:45:00,6.891,3.004,417.67,0,
2026-01-24 18:00:00,7.062,2.956,416.63,0,
2026-01-24 18:15:00,7.01,2.874,419.86,0,
2026-01-24 18:30:00,7.075,2.768,427.18,0,
2026-01-24 18:45:00,7.043,2.653,422.04,0,
2026-01-24 19:00:00,7.062,3.049,417.82,0,
2026-01-24 19:15:00,7.066,2.859,420.68,0,
2026-01-24 19:30:00,7.092,2.795,431.43,0,
2026-01-24 19:45:00,7.18,2.66,431.44,0,
2026-01-24 20:00:00,7.124,2.706,428.38,0,
2026-01-24 20:15:00,7.004,2.702,420.42,0,
2026-01-24 20:30:00,7.114,2.713,428.53,0,
2026-01-24 20:45:00,7.156,2.739,429.45,0,
2026-01-24 21:00:00,7.166,2.486,428.59,0,
2026-01-24 21:15:00,7.091,2.358,426.74,0,
2026-01-24 21:30:00,7.177,2.565,428.07,0,
2026-01-24 21:45:00,7.171,2.264,427.42,0,
2026-01-24 22:00:00,7.259,2.451,425.81,0,
2026-01-24 22:15:00,7.097,2.397,436.23,0,
2026-01-24 22:30:00,7.113,2.522,434.62,0,
2026-01-24 22:45:00,7.127,2.719,430.22,0,
2026-01-24 23:00:00,7.12,2.105,433.0,0,
2026-01-24 23:15:00,7.103,2.713,433.33,0,
2026-01-24 23:30:00,7.011,2.312,441.27,0,
2026-01-24 23:45:00,7.128,2.375,435.46,0,
2026-01-25 00:00:00,7.168,2.088,435.34,0,
2026-01-25 00:15:00,7.125,2.427,432.13,0,
2026-01-25 00:30:00,7.245,2.263,430.16,0,
2026-01-25 00:45:00,7.148,2.227,437.3,0,
2026-01-25 01:00:00,7.209,1.927,434.2,0,
2026-01-25 01:15:00,7.155,2.21,428.04,0,
2026-01-25 01:30:00,7.18,2.31,432.9,0,
2026-01-25 01:45:00,7.148,2.132,434.11,0,
2026-01-25 02:00:00,7.198,2.33,422.01,0,
2026-01-25 02:15:00,7.128,2.311,426.29,0,
2026-01-25 02:30:00,7.144,2.034,430.97,0,
2026-01-25 02:45:00,7.131,2.36,421.32,0,
2026-01-25 03:00:00,7.092,2.12,421.42,0,
2026-01-25 03:15:00,7.119,2.115,426.83,0,
2026-01-25 03:30:00,7.203,2.118,429.27,0,
2026-01-25 03:45:00,7.07,2.111,428.82,0,
2026-01-25 04:00:00,7.096,1.705,432.33,0,
2026-01-25 04:15:00,7.129,2.073,425.64,0,
2026-01-25 04:30:00,7.114,1.899,423.1,0,
2026-01-25 04:45:00,7.049,2.352,418.63,0,
2026-01-25 05:00:00,6.92,2.352,421.57,0,
2026-01-25 05:15:00,7.055,2.249,425.17,0,
2026-01-25 05:30:00,6.909,2.095,424.58,0,
2026-01-25 05:45:00,7.083,1.99,421.84,0,
2026-01-25 06:00:00,7.008,2.055,422.19,0,
2026-01-25 06:15:00,7.04,2.459,424.32,0,
2026-01-25 06:30:00,6.935,2.079,418.73,0,
2026-01-25 06:45:00,6.893,1.846,423.13,0,
2026-01-25 07:00:00,6.974,2.372,413.99,0,
2026-01-25 07:15:00,6.95,2.461,415.85,0,
2026-01-25 07:30:00,6.918,2.505,413.48,0,
2026-01-25 07:45:00,6.938,2.434,417.86,0,
2026-01-25 08:00:00,7.063,2.48,409.94,0,
2026-01-25 08:15:00,6.958,2.331,412.05,0,
2026-01-25 08:30:00,6.961,2.035,405.26,0,
2026-01-25 08:45:00,6.943,2.376,414.47,0,
2026-01-25 09:00:00,6.968,2.49,416.5,0,
2026-01-25 09:15:00,6.878,2.402,414.62,0,
2026-01-25 09:30:00,6.778,2.421,413.73,0,
2026-01-25 09:45:00,6.866,2.329,413.38,0,
2026-01-25 10:00:00,6.911,2.35,412.41,0,
2026-01-25 10:15:00,6.817,2.802,411.7,0,
2026-01-25 10:30:00,6.853,2.833,411.63,0,
2026-01-25 10:45:00,6.823,2.578,406.01,0,
2026-01-25 11:00:00,6.93,2.646,407.61,0,
2026-01-25 11:15:00,6.89,2.481,408.51,0,
2026-01-25 11:30:00,6.884,2.749,406.76,0,
2026-01-25 11:45:00,6.881,2.941,401.76,0,
2026-01-25 12:00:00,6.848,2.471,403.06,0,
2026-01-25 12:15:00,6.86,2.792,408.95,0,
2026-01-25 12:30:00,6.792,2.824,411.73,0,
2026-01-25 12:45:00,6.744,2.843,408.27,0,
2026-01-25 13:00:00,6.863,3.029,419.47,0,
2026-01-25 13:15:00,6.874,3.106,404.96,0,
2026-01-25 13:30:00,6.922,2.782,410.69,0,
2026-01-25 13:45:00,6.944,2.934,414.4,0,
2026-01-25 14:00:00,6.949,2.859,413.87,0,
2026-01-25 14:15:00,6.825,2.764,412.64,0,
2026-01-25 14:30:00,6.863,2.91,414.76,0,
2026-01-25 14:45:00,6.911,2.979,411.2,0,
2026-01-25 15:00:00,7.021,2.919,418.17,0,
2026-01-25 15:15:00,6.975,2.76,417.22,0,
2026-01-25 15:30:00,6.965,2.827,409.29,0,
2026-01-25 15:45:00,6.897,2.831,414.62,0,
2026-01-25 16:00:00,6.881,2.774,407.81,0,
2026-01-25 16:15:00,6.973,2.946,420.78,0,
2026-01-25 16:30:00,6.888,2.959,416.3,0,
2026-01-25 16:45:00,6.94,3.039,421.54,0,
2026-01-25 17:00:00,6.955,2.758,416.46,0,
2026-01-25 17:15:00,7.05,2.792,410.23,0,
2026-01-25 17:30:00,6.963,3.103,428.98,0,
2026-01-25 17:45:00,6.868,2.834,419.74,0,
2026-01-25 18:00:00,7.025,2.851,416.0,0,
2026-01-25 18:15:00,6.975,2.806,425.37,0,
2026-01-25 18:30:00,7.022,2.987,429.71,0,
2026-01-25 18:45:00,7.025,2.977,421.53,0,
2026-01-25 19:00:00,7.025,2.95,422.71,0,
2026-01-25 19:15:00,7.088,2.768,424.81,0,
2026-01-25 19:30:00,6.981,2.613,420.15,0,
2026-01-25 19:45:00,7.04,3.011,422.54,0,
2026-01-25 20:00:00,7.109,2.828,433.13,0,
2026-01-25 20:15:00,7.053,2.608,426.14,0,
2026-01-25 20:30:00,7.011,2.867,423.95,0,
2026-01-25 20:45:00,7.132,2.548,426.1,0,
2026-01-25 21:00:00,7.162,2.815,432.78,0,
2026-01-25 21:15:00,7.111,2.8,421.12,0,
2026-01-25 21:30:00,7.021,2.414,430.54,0,
2026-01-25 21:45:00,7.16,2.613,439.83,0,
2026-01-25 22:00:00,7.047,2.617,438.52,0,
2026-01-25 22:15:00,7.15,2.866,433.06,0,
2026-01-25 22:30:00,7.094,2.336,436.35,0,
2026-01-25 22:45:00,7.084,2.637,436.59,0,
2026-01-25 23:00:00,7.123,2.399,431.09,0,
2026-01-25 23:15:00,7.138,2.185,435.47,0,
2026-01-25 23:30:00,7.117,2.329,439.05,0,
2026-01-25 23:45:00,7.179,2.323,426.92,0,
2026-01-26 00:00:00,7.128,2.141,434.31,0,
2026-01-26 00:15:00,7.199,2.331,433.42,0,
2026-01-26 00:30:00,7.163,2.414,432.31,0,
2026-01-26 00:45:00,7.112,2.292,431.83,0,
2026-01-26 01:00:00,7.102,2.163,432.52,0,
2026-01-26 01:15:00,7.06,2.211,432.63,0,
2026-01-26 01:30:00,7.153,2.223,435.56,0,
2026-01-26 01:45:00,7.117,2.247,432.67,0,
2026-01-26 02:00:00,7.011,2.374,429.68,0,
2026-01-26 02:15:00,7.098,2.243,426.62,0,
2026-01-26 02:30:00,7.074,1.988,427.63,0,
2026-01-26 02:45:00,7.192,2.111,430.07,0,
2026-01-26 03:00:00,7.021,2.22,425.66,0,
2026-01-26 03:15:00,7.027,2.364,431.7,0,
2026-01-26 03:30:00,7.147,2.393,429.03,0,
2026-01-26 03:45:00,7.151,2.469,431.24,0,
2026-01-26 04:00:00,7.038,2.228,423.44,0,
2026-01-26 04:15:00,7.035,2.331,421.98,0,
2026-01-26 04:30:00,7.088,2.007,429.14,0,
2026-01-26 04:45:00,6.932,2.301,424.38,0,
2026-01-26 05:00:00,6.946,2.088,422.3,0,
2026-01-26 05:15:00,7.015,2.254,425.14,0,
2026-01-26 05:30:00,7.097,2.734,424.21,0,
2026-01-26 05:45:00,6.988,2.343,415.76,0,
2026-01-26 06:00:00,7.005,2.187,425.54,0,
2026-01-26 06:15:00,7.047,2.398,417.57,0,
2026-01-26 06:30:00,7.086,2.281,425.23,0,
2026-01-26 06:45:00,6.942,2.238,412.32,0,
2026-01-26 07:00:00,6.96,2.722,418.16,0,
2026-01-26 07:15:00,7.043,2.593,415.4,0,
2026-01-26 07:30:00,6.866,2.512,407.51,0,
2026-01-26 07:45:00,6.985,2.429,417.33,0,
2026-01-26 08:00:00,6.874,2.47,406.3,0,
2026-01-26 08:15:00,6.922,2.778,412.17,0,
2026-01-26 08:30:00,6.897,2.623,417.11,0,
2026-01-26 08:45:00,6.853,2.146,409.97,0,
2026-01-26 09:00:00,6.845,3.004,407.9,0,
2026-01-26 09:15:00,6.901,2.7,414.18,0,
2026-01-26 09:30:00,6.931,2.757,409.48,0,
2026-01-26 09:45:00,6.869,2.901,408.4,0,
2026-01-26 10:00:00,6.874,2.841,414.71,0,
2026-01-26 10:15:00,6.894,2.916,404.57,0,
2026-01-26 10:30:00,6.813,2.773,407.08,0,
2026-01-26 10:45:00,6.895,2.685,412.1,0,
2026-01-26 11:00:00,6.896,2.944,403.48,0,
2026-01-26 11:15:00,6.983,3.148,415.33,0,
2026-01-26 11:30:00,6.832,2.868,407.24,0,
2026-01-26 11:45:00,6.827,2.886,411.52,0,
2026-01-26 12:00:00,6.888,3.208,411.49,0,
2026-01-26 12:15:00,6.891,2.986,407.42,0,
2026-01-26 12:30:00,6.825,3.021,406.19,0,
2026-01-26 12:45:00,6.833,3.053,408.06,0,
2026-01-26 13:00:00,6.882,3.126,411.26,0,
2026-01-26 13:15:00,6.817,2.924,404.69,0,
2026-01-26 13:30:00,6.841,3.102,404.1,0,
2026-01-26 13:45:00,6.87,3.24,415.17,0,
2026-01-26 14:00:00,6.92,3.259,406.67,0,
2026-01-26 14:15:00,6.845,3.419,411.44,0,
2026-01-26 14:30:00,6.789,3.539,409.67,0,
2026-01-26 14:45:00,6.791,3.506,410.35,0,
2026-01-26 15:00:00,6.831,3.43,417.24,0,
2026-01-26 15:15:00,6.835,3.283,411.75,0,
2026-01-26 15:30:00,6.901,3.223,411.27,0,
2026-01-26 15:45:00,6.857,3.329,412.25,0,
2026-01-26 16:00:00,6.89,3.422,411.99,0,
2026-01-26 16:15:00,6.895,3.463,412.01,0,
2026-01-26 16:30:00,6.921,3.437,413.41,0,
2026-01-26 16:45:00,7.018,3.328,422.8,0,
2026-01-26 17:00:00,6.994,3.465,419.74,0,
2026-01-26 17:15:00,6.972,3.536,416.28,0,
2026-01-26 17:30:00,6.957,3.476,422.36,0,
2026-01-26 17:45:00,6.969,3.335,412.87,0,
2026-01-26 18:00:00,7.016,3.209,425.5,0,
2026-01-26 18:15:00,7.039,3.199,425.97,0,
2026-01-26 18:30:00,6.974,3.217,430.51,0,
2026-01-26 18:45:00,7.031,3.348,426.39,0,
2026-01-26 19:00:00,6.937,3.376,424.85,0,
2026-01-26 19:15:00,7.059,3.073,429.02,0,
2026-01-26 19:30:00,7.096,3.197,422.09,0,
2026-01-26 19:45:00,7.052,3.294,423.73,0,
2026-01-26 20:00:00,7.166,3.107,425.74,0,
2026-01-26 20:15:00,7.039,3.291,432.14,0,
2026-01-26 20:30:00,7.102,3.163,423.88,0,
2026-01-26 20:45:00,7.097,3.083,424.06,0,
2026-01-26 21:00:00,7.101,3.181,429.43,0,
2026-01-26 21:15:00,7.107,3.213,431.89,0,
2026-01-26 21:30:00,7.124,3.008,426.71,0,
2026-01-26 21:45:00,7.167,3.079,432.66,0,
2026-01-26 22:00:00,7.199,3.167,435.87,0,
2026-01-26 22:15:00,7.134,2.963,435.56,0,
2026-01-26 22:30:00,7.179,2.809,432.5,0,
2026-01-26 22:45:00,7.107,2.808,431.0,0,
2026-01-26 23:00:00,7.183,2.957,438.53,0,
2026-01-26 23:15:00,7.109,2.804,431.83,0,
2026-01-26 23:30:00,7.203,2.932,435.66,0,
2026-01-26 23:45:00,7.26,3.217,439.81,0,
2026-01-27 00:00:00,7.144,2.744,435.34,0,
2026-01-27 00:15:00,7.04,2.893,427.99,0,
2026-01-27 00:30:00,7.121,3.241,426.94,0,
2026-01-27 00:45:00,7.209,2.968,430.58,0,
2026-01-27 01:00:00,7.173,2.84,434.43,0,
2026-01-27 01:15:00,7.154,2.86,433.14,0,
2026-01-27 01:30:00,7.189,2.938,439.91,0,
2026-01-27 01:45:00,7.159,3.12,432.5,0,
2026-01-27 02:00:00,7.191,2.779,429.08,0,
2026-01-27 02:15:00,7.171,2.739,425.44,0,
2026-01-27 02:30:00,7.195,2.642,434.24,0,
2026-01-27 02:45:00,7.131,2.862,429.0,0,
2026-01-27 03:00:00,7.151,2.635,422.46,0,
2026-01-27 03:15:00,7.084,2.777,428.0,0,
2026-01-27 03:30:00,7.061,2.713,423.32,0,
2026-01-27 03:45:00,7.169,3.014,424.96,0,
2026-01-27 04:00:00,7.086,2.783,426.02,0,
2026-01-27 04:15:00,7.107,2.926,421.69,0,
2026-01-27 04:30:00,7.064,2.635,422.64,0,
2026-01-27 04:45:00,7.019,2.907,420.88,0,
2026-01-27 05:00:00,7.039,2.719,420.24,0,
2026-01-27 05:15:00,7.101,2.85,418.31,0,
2026-01-27 05:30:00,7.047,3.262,419.64,0,
2026-01-27 05:45:00,6.924,3.088,417.21,0,
2026-01-27 06:00:00,6.989,2.948,422.35,0,
2026-01-27 06:15:00,7.079,3.467,420.02,0,
2026-01-27 06:30:00,6.97,2.872,423.21,0,
2026-01-27 06:45:00,6.881,3.208,425.21,0,
2026-01-27 07:00:00,7.056,2.828,419.6,0,
2026-01-27 07:15:00,6.986,3.047,417.94,0,
2026-01-27 07:30:00,6.939,2.908,418.37,0,
2026-01-27 07:45:00,6.915,3.177,416.56,0,
2026-01-27 08:00:00,6.979,3.176,414.2,0,
2026-01-27 08:15:00,6.89,3.151,413.22,0,
2026-01-27 08:30:00,6.966,3.392,408.61,0,
2026-01-27 08:45:00,6.928,3.174,415.44,0,
2026-01-27 09:00:00,6.906,3.34,411.39,0,
2026-01-27 09:15:00,6.894,3.447,416.78,0,
2026-01-27 09:30:00,6.872,3.134,414.14,0,
2026-01-27 09:45:00,6.928,3.277,407.52,0,
2026-01-27 10:00:00,6.827,3.43,414.59,0,
2026-01-27 10:15:00,6.784,3.549,398.99,0,
2026-01-27 10:30:00,6.892,3.701,416.63,0,
2026-01-27 10:45:00,6.89,3.488,403.28,0,
2026-01-27 11:00:00,6.879,3.505,410.39,0,
2026-01-27 11:15:00,6.873,3.453,409.94,0,
2026-01-27 11:30:00,6.835,3.665,412.6,0,
2026-01-27 11:45:00,6.89,3.602,406.71,0,
2026-01-27 12:00:00,6.848,3.635,399.42,0,
2026-01-27 12:15:00,6.826,3.691,406.72,0,
2026-01-27 12:30:00,6.836,3.816,407.23,0,
2026-01-27 12:45:00,6.954,3.676,400.03,0,
2026-01-27 13:00:00,6.768,3.67,408.59,0,
2026-01-27 13:15:00,6.883,3.875,404.33,0,
2026-01-27 13:30:00,6.777,3.38,411.51,0,
2026-01-27 13:45:00,6.86,3.765,408.25,0,
2026-01-27 14:00:00,6.848,3.704,417.45,0,
2026-01-27 14:15:00,6.771,4.076,409.0,0,
2026-01-27 14:30:00,6.9,3.847,412.2,0,
2026-01-27 14:45:00,6.868,3.845,410.13,0,
2026-01-27 15:00:00,6.789,3.936,405.02,0,
2026-01-27 15:15:00,6.943,3.867,411.27,0,
2026-01-27 15:30:00,6.98,3.907,415.71,0,
2026-01-27 15:45:00,6.991,3.991,415.74,0,
2026-01-27 16:00:00,6.943,3.921,412.83,0,
2026-01-27 16:15:00,6.936,3.926,408.87,0,
2026-01-27 16:30:00,7.009,3.843,417.99,0,
2026-01-27 16:45:00,7.036,3.824,417.82,0,
2026-01-27 17:00:00,7.018,4.007,420.27,0,
2026-01-27 17:15:00,6.924,4.043,416.56,0,
2026-01-27 17:30:00,6.99,3.78,411.7,0,
2026-01-27 17:45:00,7.012,4.105,421.35,0,
2026-01-27 18:00:00,6.91,4.1,419.96,0,
2026-01-27 18:15:00,7.033,4.124,426.35,0,
2026-01-27 18:30:00,7.133,4.015,421.68,0,
2026-01-27 18:45:00,7.061,4.055,422.16,0,
2026-01-27 19:00:00,7.112,4.276,424.77,0,
2026-01-27 19:15:00,7.057,3.891,421.47,0,
2026-01-27 19:30:00,7.054,3.766,422.01,0,
2026-01-27 19:45:00,7.085,3.678,424.92,0,
2026-01-27 20:00:00,7.034,4.156,422.32,0,
2026-01-27 20:15:00,7.035,4.142,425.75,0,
2026-01-27 20:30:00,7.155,3.721,435.06,0,
2026-01-27 20:45:00,7.168,3.733,432.08,0,
2026-01-27 21:00:00,7.057,3.775,429.72,0,
2026-01-27 21:15:00,7.161,3.988,435.23,0,
2026-01-27 21:30:00,7.115,3.593,426.22,0,
2026-01-27 21:45:00,7.142,3.472,439.94,0,
2026-01-27 22:00:00,7.153,4.072,428.55,0,
2026-01-27 22:15:00,7.184,3.775,438.78,0,
2026-01-27 22:30:00,7.143,3.777,439.08,0,
2026-01-27 22:45:00,7.213,3.659,424.35,0,
2026-01-27 23:00:00,7.16,3.741,437.46,0,
2026-01-27 23:15:00,7.178,3.425,430.63,0,
2026-01-27 23:30:00,7.107,3.509,429.63,0,
2026-01-27 23:45:00,7.258,3.633,434.07,0,
2026-01-28 00:00:00,7.173,3.261,427.97,0,
2026-01-28 00:15:00,7.185,3.541,433.98,0,
2026-01-28 00:30:00,7.068,3.517,428.13,0,
2026-01-28 00:45:00,7.106,3.513,432.48,0,
2026-01-28 01:00:00,7.207,3.463,436.93,0,
2026-01-28 01:15:00,7.156,3.385,432.91,0,
2026-01-28 01:30:00,7.043,3.251,429.65,0,
2026-01-28 01:45:00,7.186,3.538,432.93,0,
2026-01-28 02:00:00,7.103,3.464,424.77,0,
2026-01-28 02:15:00,7.195,3.297,426.62,0,
2026-01-28 02:30:00,7.115,3.509,427.8,0,
2026-01-28 02:45:00,7.123,3.453,432.17,0,
2026-01-28 03:00:00,7.165,3.427,430.11,0,
2026-01-28 03:15:00,7.054,3.174,430.05,0,
2026-01-28 03:30:00,7.042,3.602,427.2,0,
2026-01-28 03:45:00,7.074,3.319,423.51,0,
2026-01-28 04:00:00,7.116,3.519,431.95,0,
2026-01-28 04:15:00,7.0,3.396,422.52,0,
2026-01-28 04:30:00,6.974,3.468,426.27,0,
2026-01-28 04:45:00,7.089,3.711,423.41,0,
2026-01-28 05:00:00,7.009,3.63,425.36,0,
2026-01-28 05:15:00,7.01,3.734,419.92,0,
2026-01-28 05:30:00,6.927,3.63,425.78,0,
2026-01-28 05:45:00,6.976,3.658,426.3,0,
2026-01-28 06:00:00,7.0,3.35,423.97,0,
2026-01-28 06:15:00,7.037,3.591,419.85,0,
2026-01-28 06:30:00,6.942,3.627,416.69,0,
2026-01-28 06:45:00,7.054,3.867,428.95,0,
2026-01-28 07:00:00,6.927,3.632,412.93,0,
2026-01-28 07:15:00,6.918,3.774,419.67,0,
2026-01-28 07:30:00,7.019,3.795,416.74,0,
2026-01-28 07:45:00,6.944,3.963,414.44,0,
2026-01-28 08:00:00,6.897,3.798,414.74,0,
2026-01-28 08:15:00,6.909,3.972,411.29,0,
2026-01-28 08:30:00,6.976,3.623,414.4,0,
2026-01-28 08:45:00,6.974,3.668,413.36,0,
2026-01-28 09:00:00,6.853,3.599,422.23,0,
2026-01-28 09:15:00,6.885,4.092,415.26,0,
2026-01-28 09:30:00,6.886,4.108,412.54,0,
2026-01-28 09:45:00,6.826,4.174,412.32,0,
2026-01-28 10:00:00,6.867,3.971,416.97,0,
2026-01-28 10:15:00,6.866,4.021,405.36,0,
2026-01-28 10:30:00,6.918,4.12,408.18,0,
2026-01-28 10:45:00,6.918,4.387,401.01,0,
2026-01-28 11:00:00,6.839,4.457,410.64,0,
2026-01-28 11:15:00,6.842,4.354,411.62,0,
2026-01-28 11:30:00,6.884,4.316,404.12,0,
2026-01-28 11:45:00,6.821,4.497,413.77,0,
2026-01-28 12:00:00,6.879,4.288,405.12,0,
2026-01-28 12:15:00,6.846,4.297,406.66,0,
2026-01-28 12:30:00,6.803,4.364,408.58,0,
2026-01-28 12:45:00,6.805,4.264,414.61,0,
2026-01-28 13:00:00,6.927,4.41,404.98,0,
2026-01-28 13:15:00,6.85,4.294,409.8,0,
2026-01-28 13:30:00,6.943,4.638,412.01,0,
2026-01-28 13:45:00,6.84,4.588,411.51,0,
2026-01-28 14:00:00,6.885,4.742,412.03,0,
2026-01-28 14:15:00,6.995,4.302,413.07,0,
2026-01-28 14:30:00,6.828,4.849,408.26,0,
2026-01-28 14:45:00,6.792,4.344,417.73,0,
2026-01-28 15:00:00,6.958,4.415,411.07,0,
2026-01-28 15:15:00,6.86,4.514,411.11,0,
2026-01-28 15:30:00,6.908,4.814,418.09,0,
2026-01-28 15:45:00,6.887,4.661,410.81,0,
2026-01-28 16:00:00,6.938,4.599,415.28,0,
2026-01-28 16:15:00,6.886,4.522,411.8,0,
2026-01-28 16:30:00,6.934,4.439,425.48,0,
2026-01-28 16:45:00,6.974,4.818,425.38,0,
2026-01-28 17:00:00,6.911,4.768,416.45,0,
2026-01-28 17:15:00,6.936,4.851,419.74,0,
2026-01-28 17:30:00,6.963,4.705,418.45,0,
2026-01-28 17:45:00,6.919,4.245,417.82,0,
2026-01-28 18:00:00,6.979,4.449,420.48,0,
2026-01-28 18:15:00,7.016,4.698,420.62,0,
2026-01-28 18:30:00,7.0,4.565,415.48,0,
2026-01-28 18:45:00,7.016,4.527,423.39,0,
2026-01-28 19:00:00,7.038,4.434,422.94,0,
2026-01-28 19:15:00,7.015,4.729,425.11,0,
2026-01-28 19:30:00,7.092,4.642,424.28,0,
2026-01-28 19:45:00,7.138,4.634,423.87,0,
2026-01-28 20:00:00,7.052,4.449,429.5,0,
2026-01-28 20:15:00,7.108,4.554,428.8,0,
2026-01-28 20:30:00,7.079,4.31,432.89,0,
2026-01-28 20:45:00,7.117,4.473,429.89,0,
2026-01-28 21:00:00,7.184,4.095,427.69,0,
2026-01-28 21:15:00,7.138,4.22,431.49,0,
2026-01-28 21:30:00,7.03,4.388,421.6,0,
2026-01-28 21:45:00,7.147,4.773,438.39,0,
2026-01-28 22:00:00,7.192,4.128,431.49,0,
2026-01-28 22:15:00,7.123,4.192,439.5,0,
2026-01-28 22:30:00,7.188,4.392,427.61,0,
2026-01-28 22:45:00,7.108,4.606,426.89,0,
2026-01-28 23:00:00,7.071,4.352,433.05,0,
2026-01-28 23:15:00,7.154,4.408,433.22,0,
2026-01-28 23:30:00,7.061,4.235,433.25,0,
2026-01-28 23:45:00,7.138,4.192,432.72,0,
2026-01-29 00:00:00,7.214,4.264,429.49,0,
2026-01-29 00:15:00,7.054,4.138,426.03,0,
2026-01-29 00:30:00,7.085,4.331,433.03,0,
2026-01-29 00:45:00,7.096,3.968,426.64,0,
2026-01-29 01:00:00,7.142,4.33,426.08,0,
2026-01-29 01:15:00,7.124,4.191,429.84,0,
2026-01-29 01:30:00,7.209,4.143,432.81,0,
2026-01-29 01:45:00,7.182,3.92,438.71,0,
2026-01-29 02:00:00,7.155,4.013,434.31,0,
2026-01-29 02:15:00,7.132,4.334,435.71,0,
2026-01-29 02:30:00,7.139,4.119,432.13,0,
2026-01-29 02:45:00,7.07,4.19,430.49,0,
2026-01-29 03:00:00,7.149,4.015,438.51,0,
2026-01-29 03:15:00,7.043,4.143,422.62,0,
2026-01-29 03:30:00,7.133,3.945,425.65,0,
2026-01-29 03:45:00,7.143,4.17,425.33,0,
2026-01-29 04:00:00,7.086,4.216,429.57,0,
2026-01-29 04:15:00,7.058,4.216,421.39,0,
2026-01-29 04:30:00,7.077,4.042,427.65,0,
2026-01-29 04:45:00,6.905,4.137,426.18,0,
2026-01-29 05:00:00,7.054,4.282,426.36,0,
2026-01-29 05:15:00,7.024,4.184,425.52,0,
2026-01-29 05:30:00,7.017,4.188,427.72,0,
2026-01-29 05:45:00,7.045,4.535,420.59,0,
2026-01-29 06:00:00,6.996,4.126,422.12,0,
2026-01-29 06:15:00,6.933,4.451,416.27,0,
2026-01-29 06:30:00,6.973,4.138,414.57,0,
2026-01-29 06:45:00,6.974,4.433,424.72,0,
2026-01-29 07:00:00,6.967,4.465,413.65,0,
2026-01-29 07:15:00,6.96,4.308,418.71,0,
2026-01-29 07:30:00,6.995,4.229,417.53,0,
2026-01-29 07:45:00,6.879,4.144,419.39,0,
2026-01-29 08:00:00,6.934,4.377,407.37,0,
2026-01-29 08:15:00,6.981,4.578,416.9,0,
2026-01-29 08:30:00,6.822,4.368,412.46,0,
2026-01-29 08:45:00,6.91,4.575,409.69,0,
2026-01-29 09:00:00,6.865,4.371,410.51,0,
2026-01-29 09:15:00,6.869,4.59,415.13,0,
2026-01-29 09:30:00,6.836,4.485,413.4,0,
2026-01-29 09:45:00,6.867,4.679,409.51,0,
2026-01-29 10:00:00,6.962,4.648,405.05,0,
2026-01-29 10:15:00,6.802,4.578,404.96,0,
2026-01-29 10:30:00,6.803,4.69,411.93,0,
2026-01-29 10:45:00,6.793,4.681,403.53,0,
2026-01-29 11:00:00,6.941,4.657,407.94,0,
2026-01-29 11:15:00,6.83,5.048,418.95,0,
2026-01-29 11:30:00,6.85,4.863,409.94,0,
2026-01-29 11:45:00,6.83,4.617,410.99,0,
2026-01-29 12:00:00,6.803,4.884,403.76,0,
2026-01-29 12:15:00,6.839,5.144,403.12,0,
2026-01-29 12:30:00,6.974,4.92,411.29,0,
2026-01-29 12:45:00,6.922,5.286,407.1,0,
2026-01-29 13:00:00,6.812,4.959,413.1,0,
2026-01-29 13:15:00,6.89,5.188,409.21,0,
2026-01-29 13:30:00,6.82,5.291,423.14,0,
2026-01-29 13:45:00,6.777,5.225,407.35,0,
2026-01-29 14:00:00,6.921,4.972,411.16,0,
2026-01-29 14:15:00,6.933,5.056,406.85,0,
2026-01-29 14:30:00,6.933,5.39,415.01,0,
2026-01-29 14:45:00,6.864,5.11,413.14,0,
2026-01-29 15:00:00,6.886,5.391,408.07,0,
2026-01-29 15:15:00,6.939,5.193,411.22,0,
2026-01-29 15:30:00,6.928,5.29,418.58,0,
2026-01-29 15:45:00,6.897,5.07,418.74,0,
2026-01-29 16:00:00,6.844,5.195,408.74,0,
2026-01-29 16:15:00,6.939,5.16,413.23,0,
2026-01-29 16:30:00,6.997,5.33,423.09,0,
2026-01-29 16:45:00,6.892,5.312,415.87,0,
2026-01-29 17:00:00,6.993,5.369,418.03,0,
2026-01-29 17:15:00,6.987,5.225,422.17,0,
2026-01-29 17:30:00,7.018,5.157,413.51,0,
2026-01-29 17:45:00,7.034,5.319,415.86,0,
2026-01-29 18:00:00,6.965,5.132,419.11,0,
2026-01-29 18:15:00,6.929,5.441,426.0,0,
2026-01-29 18:30:00,6.993,5.254,426.05,0,
2026-01-29 18:45:00,7.074,5.212,425.62,0,
2026-01-29 19:00:00,7.012,5.319,422.95,0,
2026-01-29 19:15:00,7.014,5.226,428.78,0,
2026-01-29 19:30:00,6.966,4.976,424.38,0,
2026-01-29 19:45:00,7.154,5.051,428.02,0,
2026-01-29 20:00:00,7.116,5.353,430.05,0,
2026-01-29 20:15:00,7.122,5.191,433.85,0,
2026-01-29 20:30:00,7.14,4.909,427.48,0,
2026-01-29 20:45:00,7.128,5.196,426.86,0,
2026-01-29 21:00:00,7.094,5.041,434.07,0,
2026-01-29 21:15:00,7.105,4.975,434.91,0,
2026-01-29 21:30:00,7.098,4.915,427.75,0,
2026-01-29 21:45:00,7.256,5.218,425.96,0,
2026-01-29 22:00:00,7.158,4.754,435.67,0,
2026-01-29 22:15:00,7.111,4.903,424.6,0,
2026-01-29 22:30:00,7.162,5.028,424.72,0,
2026-01-29 22:45:00,7.091,5.228,430.69,0,
2026-01-29 23:00:00,7.22,5.055,432.0,0,
2026-01-29 23:15:00,7.114,4.827,427.53,0,
2026-01-29 23:30:00,7.174,5.165,432.78,0,
2026-01-29 23:45:00,7.203,4.716,433.04,0,
2026-01-30 00:00:00,7.169,4.943,430.08,0,
2026-01-30 00:15:00,7.154,4.96,440.11,0,
2026-01-30 00:30:00,7.149,4.741,433.62,0,
2026-01-30 00:45:00,7.144,4.964,436.28,0,
2026-01-30 01:00:00,7.116,4.77,425.77,0,
2026-01-30 01:15:00,7.12,4.94,425.5,0,
2026-01-30 01:30:00,7.213,4.55,432.93,0,
2026-01-30 01:45:00,7.129,4.868,438.18,0,
2026-01-30 02:00:00,7.091,4.749,426.35,0,
2026-01-30 02:15:00,7.099,4.977,430.55,0,
2026-01-30 02:30:00,7.174,4.794,424.58,0,
2026-01-30 02:45:00,7.147,4.986,426.15,0,
2026-01-30 03:00:00,7.134,4.874,429.26,0,
2026-01-30 03:15:00,7.086,4.779,425.94,0,
2026-01-30 03:30:00,7.12,4.919,422.08,0,
2026-01-30 03:45:00,7.051,4.924,421.36,0,
2026-01-30 04:00:00,7.062,4.882,418.46,0,
2026-01-30 04:15:00,7.115,4.475,427.21,0,
2026-01-30 04:30:00,7.101,4.681,426.98,0,
2026-01-30 04:45:00,6.999,5.047,426.23,0,
2026-01-30 05:00:00,6.996,4.664,419.47,0,
2026-01-30 05:15:00,7.035,4.999,426.36,0,
2026-01-30 05:30:00,7.106,4.988,424.39,0,
2026-01-30 05:45:00,6.914,4.791,420.81,0,
2026-01-30 06:00:00,7.014,4.62,419.37,0,
2026-01-30 06:15:00,6.921,4.854,416.62,0,
2026-01-30 06:30:00,6.949,5.273,419.2,0,
2026-01-30 06:45:00,6.953,4.855,424.13,0,
2026-01-30 07:00:00,6.94,4.891,421.45,0,
2026-01-30 07:15:00,6.925,4.886,415.12,0,
2026-01-30 07:30:00,6.943,5.245,417.56,0,
2026-01-30 07:45:00,6.907,5.054,410.29,0,
2026-01-30 08:00:00,6.852,5.026,416.92,0,
2026-01-30 08:15:00,6.956,5.361,410.01,0,
2026-01-30 08:30:00,6.946,5.267,415.46,0,
2026-01-30 08:45:00,6.943,5.073,423.96,0,
2026-01-30 09:00:00,6.817,5.06,409.23,0,
2026-01-30 09:15:00,6.902,5.449,422.67,0,
2026-01-30 09:30:00,6.915,5.311,412.44,0,
2026-01-30 09:45:00,6.824,5.109,407.02,0,
2026-01-30 10:00:00,6.871,5.106,406.43,0,
2026-01-30 10:15:00,6.86,5.239,418.7,0,
2026-01-30 10:30:00,6.954,5.254,410.89,0,
2026-01-30 10:45:00,6.954,5.165,406.37,0,
2026-01-30 11:00:00,6.772,5.34,407.6,0,
2026-01-30 11:15:00,6.978,5.398,409.95,0,
2026-01-30 11:30:00,6.806,5.498,408.07,0,
2026-01-30 11:45:00,6.899,5.852,409.41,0,
2026-01-30 12:00:00,6.899,5.588,415.09,0,
2026-01-30 12:15:00,6.801,5.632,403.51,0,
2026-01-30 12:30:00,6.876,5.761,410.68,0,
2026-01-30 12:45:00,6.848,5.677,407.94,0,
2026-01-30 13:00:00,6.883,5.798,406.41,0,
2026-01-30 13:15:00,6.869,5.805,412.93,0,
2026-01-30 13:30:00,6.921,5.804,403.07,0,
2026-01-30 13:45:00,6.869,6.223,399.77,0,
2026-01-30 14:00:00,6.862,5.965,410.51,0,
2026-01-30 14:15:00,6.93,5.686,409.47,0,
2026-01-30 14:30:00,6.91,5.921,405.07,0,
2026-01-30 14:45:00,6.924,5.763,404.14,0,
2026-01-30 15:00:00,6.861,5.963,419.24,0,
2026-01-30 15:15:00,6.849,5.702,413.94,0,
2026-01-30 15:30:00,6.88,5.753,412.77,0,
2026-01-30 15:45:00,6.886,5.98,422.11,0,
2026-01-30 16:00:00,6.964,6.086,418.09,0,
2026-01-30 16:15:00,6.982,6.018,421.77,0,
2026-01-30 16:30:00,6.935,6.075,410.69,0,
2026-01-30 16:45:00,7.023,6.005,411.27,0,
2026-01-30 17:00:00,7.03,5.976,419.36,0,
2026-01-30 17:15:00,6.983,5.874,419.32,0,
2026-01-30 17:30:00,6.939,6.069,423.43,0,
2026-01-30 17:45:00,7.069,6.096,412.69,0,
2026-01-30 18:00:00,6.997,5.928,422.81,0,
2026-01-30 18:15:00,7.016,5.913,424.74,0,
2026-01-30 18:30:00,7.003,6.16,425.31,0,
2026-01-30 18:45:00,6.985,5.909,420.71,0,
2026-01-30 19:00:00,6.965,5.912,425.18,0,
2026-01-30 19:15:00,7.08,5.961,420.75,0,
2026-01-30 19:30:00,7.018,5.86,423.42,0,
2026-01-30 19:45:00,7.219,5.737,421.14,0,
2026-01-30 20:00:00,7.021,5.902,422.97,0,
2026-01-30 20:15:00,7.02,5.823,425.7,0,
2026-01-30 20:30:00,7.117,6.088,425.34,0,
2026-01-30 20:45:00,7.175,5.912,424.88,0,
2026-01-30 21:00:00,7.109,5.686,423.29,0,
2026-01-30 21:15:00,7.141,5.866,436.87,0,
2026-01-30 21:30:00,7.027,5.784,427.52,0,
2026-01-30 21:45:00,7.091,5.915,431.3,0,
2026-01-30 22:00:00,7.076,5.62,423.36,0,
2026-01-30 22:15:00,7.04,5.708,436.19,0,
2026-01-30 22:30:00,7.144,5.646,431.76,0,
2026-01-30 22:45:00,7.03,5.65,429.59,0,
2026-01-30 23:00:00,7.079,5.49,429.85,0,
2026-01-30 23:15:00,7.12,5.691,435.25,0,
2026-01-30 23:30:00,7.107,5.649,420.08,0,
2026-01-30 23:45:00,7.169,5.762,428.68,0,
2026-01-31 00:00:00,7.165,5.552,431.52,0,
2026-01-31 00:15:00,7.194,5.476,431.45,0,
2026-01-31 00:30:00,7.186,5.642,441.92,0,
2026-01-31 00:45:00,7.204,5.391,430.42,0,
2026-01-31 01:00:00,7.145,5.66,435.55,0,
2026-01-31 01:15:00,7.157,5.649,438.61,0,
2026-01-31 01:30:00,7.164,5.665,433.77,0,
2026-01-31 01:45:00,7.142,5.525,428.07,0,
2026-01-31 02:00:00,7.11,5.388,425.25,0,
2026-01-31 02:15:00,7.108,5.472,432.96,0,
2026-01-31 02:30:00,7.078,5.509,436.1,0,
2026-01-31 02:45:00,7.134,5.365,431.21,0,
2026-01-31 03:00:00,7.101,5.648,433.42,0,
2026-01-31 03:15:00,7.066,5.536,438.28,0,
2026-01-31 03:30:00,7.058,5.318,430.65,0,
2026-01-31 03:45:00,7.023,5.738,422.26,0,
2026-01-31 04:00:00,7.124,5.476,426.2,0,
2026-01-31 04:15:00,7.07,5.305,430.79,0,
2026-01-31 04:30:00,7.014,5.354,423.6,0,
2026-01-31 04:45:00,7.089,5.713,429.88,0,
2026-01-31 05:00:00,7.011,5.776,422.84,0,
2026-01-31 05:15:00,6.959,5.668,423.68,0,
2026-01-31 05:30:00,7.071,5.731,420.16,0,
2026-01-31 05:45:00,6.983,5.733,421.42,0,
2026-01-31 06:00:00,6.98,5.653,420.85,0,
2026-01-31 06:15:00,6.992,5.64,412.78,0,
2026-01-31 06:30:00,7.038,5.693,416.67,0,
2026-01-31 06:45:00,6.972,5.746,412.73,0,
2026-01-31 07:00:00,6.901,5.549,415.27,0,
2026-01-31 07:15:00,6.979,5.796,412.96,0,
2026-01-31 07:30:00,6.918,5.932,419.46,0,
2026-01-31 07:45:00,7.028,5.71,418.79,0,
2026-01-31 08:00:00,6.925,5.723,416.24,0,
2026-01-31 08:15:00,6.805,5.872,408.26,0,
2026-01-31 08:30:00,6.927,5.733,412.3,0,
2026-01-31 08:45:00,6.998,5.665,406.7,0,
2026-01-31 09:00:00,6.973,6.066,410.93,0,
2026-01-31 09:15:00,6.979,5.858,413.57,0,
2026-01-31 09:30:00,6.83,5.962,414.45,0,
2026-01-31 09:45:00,6.921,5.9,411.91,0,
2026-01-31 10:00:00,6.834,6.216,414.64,0,
2026-01-31 10:15:00,6.877,6.185,410.28,0,
2026-01-31 10:30:00,6.798,6.054,407.98,0,
2026-01-31 10:45:00,6.826,5.946,412.13,0,
2026-01-31 11:00:00,6.821,6.103,412.03,0,
2026-01-31 11:15:00,6.898,6.272,406.13,0,
2026-01-31 11:30:00,6.891,6.247,409.62,0,
2026-01-31 11:45:00,6.864,6.265,406.85,0,
2026-01-31 12:00:00,6.782,6.31,399.97,0,
2026-01-31 12:15:00,6.835,6.422,409.79,0,
2026-01-31 12:30:00,6.814,6.33,402.92,0,
2026-01-31 12:45:00,6.896,6.43,409.54,0,
2026-01-31 13:00:00,6.914,6.241,402.27,0,
2026-01-31 13:15:00,6.911,6.796,405.76,0,
2026-01-31 13:30:00,6.824,6.394,407.18,0,
2026-01-31 13:45:00,6.728,6.489,414.04,0,
2026-01-31 14:00:00,6.782,6.564,407.47,0,
2026-01-31 14:15:00,6.946,6.437,405.72,0,
2026-01-31 14:30:00,6.861,6.517,411.94,0,
2026-01-31 14:45:00,6.85,6.531,410.11,0,
2026-01-31 15:00:00,6.976,6.409,414.68,0,
2026-01-31 15:15:00,6.964,6.625,408.04,0,
2026-01-31 15:30:00,6.91,6.323,413.54,0,
2026-01-31 15:45:00,6.902,6.842,423.21,0,
2026-01-31 16:00:00,6.918,6.706,413.04,0,
2026-01-31 16:15:00,6.945,6.689,415.44,0,
2026-01-31 16:30:00,7.023,6.337,408.76,0,
2026-01-31 16:45:00,6.973,6.481,412.73,0,
2026-01-31 17:00:00,6.997,6.809,418.73,0,
2026-01-31 17:15:00,7.029,7.223,416.34,1,
2026-01-31 17:30:00,6.922,6.777,420.89,0,
2026-01-31 17:45:00,7.028,6.749,420.91,0,
2026-01-31 18:00:00,6.985,6.667,414.73,0,
2026-01-31 18:15:00,6.884,6.454,424.85,0,
2026-01-31 18:30:00,6.913,6.722,416.6,0,
2026-01-31 18:45:00,6.978,6.397,419.28,0,
2026-01-31 19:00:00,7.065,6.37,424.02,0,
2026-01-31 19:15:00,7.054,6.348,430.13,0,
2026-01-31 19:30:00,7.067,6.672,420.58,0,
2026-01-31 19:45:00,7.164,6.502,425.9,0,
2026-01-31 20:00:00,7.012,6.511,426.62,0,
2026-01-31 20:15:00,7.082,6.477,429.3,0,
2026-01-31 20:30:00,7.107,6.293,432.04,0,
2026-01-31 20:45:00,7.062,6.344,426.3,0,
2026-01-31 21:00:00,7.107,6.333,432.53,0,
2026-01-31 21:15:00,7.033,6.197,434.34,0,
2026-01-31 21:30:00,7.189,6.313,436.66,0,
2026-01-31 21:45:00,7.091,6.207,431.99,0,
2026-01-31 22:00:00,7.231,6.436,431.02,0,
2026-01-31 22:15:00,7.133,6.43,428.86,0,
2026-01-31 22:30:00,7.19,6.117,425.25,0,
2026-01-31 22:45:00,7.139,6.248,430.25,0,
2026-01-31 23:00:00,7.143,6.552,432.04,0,
2026-01-31 23:15:00,7.118,6.108,431.33,0,
2026-01-31 23:30:00,7.155,6.301,434.29,0,
2026-01-31 23:45:00,7.166,6.236,426.16,0,
2026-02-01 00:00:00,7.111,6.368,431.27,0,
2026-02-01 00:15:00,7.143,6.233,439.95,0,
2026-02-01 00:30:00,7.118,6.109,435.88,0,
2026-02-01 00:45:00,7.262,6.171,434.23,0,
2026-02-01 01:00:00,7.14,6.161,433.15,0,
2026-02-01 01:15:00,7.219,6.123,429.9,0,
2026-02-01 01:30:00,7.129,5.93,424.07,0,
2026-02-01 01:45:00,7.147,6.305,432.59,0,
2026-02-01 02:00:00,7.064,6.272,420.6,0,
2026-02-01 02:15:00,7.102,5.95,428.68,0,
2026-02-01 02:30:00,7.13,6.057,429.51,0,
2026-02-01 02:45:00,7.192,6.066,427.23,0,
2026-02-01 03:00:00,7.117,5.926,437.17,0,
2026-02-01 03:15:00,7.168,5.82,435.21,0,
2026-02-01 03:30:00,7.123,6.002,431.44,0,
2026-02-01 03:45:00,7.165,6.053,422.97,0,
2026-02-01 04:00:00,7.072,5.896,433.69,0,
2026-02-01 04:15:00,7.186,6.147,427.78,0,
2026-02-01 04:30:00,7.033,6.304,420.82,0,
2026-02-01 04:45:00,7.01,6.267,423.99,0,
2026-02-01 05:00:00,6.978,6.134,426.94,0,
2026-02-01 05:15:00,7.146,5.892,419.95,0,
2026-02-01 05:30:00,7.061,6.291,422.13,0,
2026-02-01 05:45:00,6.993,6.223,422.05,0,
2026-02-01 06:00:00,7.062,6.284,415.6,0,
2026-02-01 06:15:00,7.025,6.531,418.13,0,
2026-02-01 06:30:00,7.079,6.139,414.33,0,
2026-02-01 06:45:00,6.893,5.855,421.13,0,
2026-02-01 07:00:00,6.948,6.153,413.26,0,
2026-02-01 07:15:00,6.929,6.41,417.31,0,
2026-02-01 07:30:00,6.844,6.368,409.85,0,
2026-02-01 07:45:00,6.987,6.21,410.16,0,
2026-02-01 08:00:00,6.911,6.208,409.27,0,
2026-02-01 08:15:00,6.954,6.398,412.17,0,
2026-02-01 08:30:00,7.027,6.295,413.42,0,
2026-02-01 08:45:00,6.883,6.591,413.55,0,
2026-02-01 09:00:00,6.873,6.483,404.43,0,
2026-02-01 09:15:00,6.893,6.483,410.3,0,
2026-02-01 09:30:00,6.93,6.496,407.48,0,
2026-02-01 09:45:00,6.847,6.682,412.16,0,
2026-02-01 10:00:00,6.839,6.682,408.54,0,
2026-02-01 10:15:00,6.918,6.738,408.91,0,
2026-02-01 10:30:00,6.88,6.768,405.93,0,
2026-02-01 10:45:00,6.756,6.763,415.54,0,
2026-02-01 11:00:00,6.794,6.651,403.27,0,
2026-02-01 11:15:00,6.928,6.728,406.63,0,
2026-02-01 11:30:00,6.871,6.81,408.53,0,
2026-02-01 11:45:00,6.812,7.209,407.02,1,
2026-02-01 12:00:00,6.841,6.727,404.94,0,
2026-02-01 12:15:00,6.851,6.896,400.78,0,
2026-02-01 12:30:00,6.888,7.001,405.34,1,
2026-02-01 12:45:00,6.785,6.968,404.39,0,
2026-02-01 13:00:00,6.813,7.2,415.13,1,
2026-02-01 13:15:00,6.872,7.018,417.7,1,
2026-02-01 13:30:00,6.856,7.052,408.71,1,
2026-02-01 13:45:00,6.894,7.232,403.62,1,
2026-02-01 14:00:00,6.809,7.402,412.56,1,
2026-02-01 14:15:00,6.893,7.36,406.1,1,
2026-02-01 14:30:00,6.936,7.146,408.28,1,
2026-02-01 14:45:00,6.912,7.175,408.46,1,
2026-02-01 15:00:00,6.901,7.204,409.51,1,
2026-02-01 15:15:00,6.896,7.232,410.67,1,
2026-02-01 15:30:00,6.867,7.094,407.44,1,
2026-02-01 15:45:00,6.913,7.371,410.53,1,
2026-02-01 16:00:00,6.988,7.269,418.08,1,
2026-02-01 16:15:00,6.928,7.237,414.56,1,
2026-02-01 16:30:00,6.898,7.057,415.91,1,
2026-02-01 16:45:00,6.927,7.26,407.21,1,
2026-02-01 17:00:00,6.971,6.967,420.69,0,
2026-02-01 17:15:00,6.952,7.163,414.92,1,
2026-02-01 17:30:00,7.005,7.164,422.93,1,
2026-02-01 17:45:00,7.016,7.287,419.83,1,
2026-02-01 18:00:00,7.044,7.52,417.75,1,
2026-02-01 18:15:00,7.081,7.317,414.07,1,
2026-02-01 18:30:00,7.069,7.44,430.27,1,
2026-02-01 18:45:00,6.983,7.31,425.55,1,
2026-02-01 19:00:00,6.994,7.371,426.56,1,
2026-02-01 19:15:00,7.044,7.468,431.13,1,
2026-02-01 19:30:00,7.035,7.066,425.49,1,
2026-02-01 19:45:00,7.009,7.042,430.72,1,
2026-02-01 20:00:00,7.053,7.247,424.09,1,
2026-02-01 20:15:00,7.06,7.129,429.62,1,
2026-02-01 20:30:00,7.058,7.146,424.78,1,
2026-02-01 20:45:00,7.083,7.058,425.9,1,
2026-02-01 21:00:00,7.165,6.987,428.87,0,
2026-02-01 21:15:00,7.123,7.301,423.95,1,
2026-02-01 21:30:00,7.243,6.874,430.84,0,
2026-02-01 21:45:00,7.133,7.123,428.73,1,
2026-02-01 22:00:00,7.115,7.079,422.44,1,
2026-02-01 22:15:00,7.135,6.744,428.93,0,
2026-02-01 22:30:00,7.151,6.837,429.71,0,
2026-02-01 22:45:00,7.164,6.843,434.77,0,
2026-02-01 23:00:00,7.249,7.009,432.73,1,
2026-02-01 23:15:00,7.105,6.851,437.56,0,
2026-02-01 23:30:00,7.192,6.875,433.98,0,
2026-02-01 23:45:00,7.16,6.652,429.76,0,
2026-02-02 00:00:00,7.071,7.204,431.77,1,
2026-02-02 00:15:00,7.188,6.85,430.58,0,
2026-02-02 00:30:00,7.212,6.9,433.85,0,
2026-02-02 00:45:00,7.104,6.73,432.01,0,
2026-02-02 01:00:00,7.144,6.701,429.08,0,
2026-02-02 01:15:00,7.056,7.075,431.4,1,
2026-02-02 01:30:00,7.076,6.491,432.93,0,
2026-02-02 01:45:00,7.187,6.811,426.74,0,
2026-02-02 02:00:00,7.107,6.581,431.66,0,
2026-02-02 02:15:00,7.069,6.696,423.66,0,
2026-02-02 02:30:00,7.13,6.657,433.94,0,
2026-02-02 02:45:00,7.087,6.603,431.13,0,
2026-02-02 03:00:00,7.083,6.755,435.0,0,
2026-02-02 03:15:00,7.136,6.365,423.45,0,
2026-02-02 03:30:00,7.033,6.706,431.84,0,
2026-02-02 03:45:00,7.038,6.744,430.41,0,
2026-02-02 04:00:00,7.083,6.559,425.27,0,
2026-02-02 04:15:00,7.115,6.998,423.8,0,
2026-02-02 04:30:00,7.119,6.691,420.25,0,
2026-02-02 04:45:00,7.015,6.756,418.47,0,
2026-02-02 05:00:00,7.086,6.715,420.1,0,
2026-02-02 05:15:00,6.99,6.806,417.32,0,
2026-02-02 05:30:00,7.111,7.031,427.95,1,
2026-02-02 05:45:00,6.953,7.223,414.78,1,
2026-02-02 06:00:00,7.066,6.983,420.6,0,
2026-02-02 06:15:00,6.957,7.055,420.96,1,
2026-02-02 06:30:00,7.081,7.171,419.86,1,
2026-02-02 06:45:00,7.0,6.974,419.44,0,
2026-02-02 07:00:00,6.91,7.197,420.68,1,
2026-02-02 07:15:00,6.926,7.106,414.36,1,
2026-02-02 07:30:00,6.982,7.036,415.76,1,
2026-02-02 07:45:00,6.986,7.095,413.52,1,
2026-02-02 08:00:00,6.921,6.798,419.21,0,
2026-02-02 08:15:00,6.919,7.145,421.73,1,
2026-02-02 08:30:00,6.947,6.901,407.92,0,
2026-02-02 08:45:00,6.908,6.92,403.96,0,
2026-02-02 09:00:00,6.829,7.224,413.79,1,
2026-02-02 09:15:00,6.847,7.06,415.26,1,
2026-02-02 09:30:00,6.893,7.259,418.31,1,
2026-02-02 09:45:00,6.936,7.314,412.97,1,
2026-02-02 10:00:00,6.951,7.353,415.19,1,
2026-02-02 10:15:00,6.904,7.223,415.88,1,
2026-02-02 10:30:00,6.876,7.526,414.77,1,
2026-02-02 10:45:00,6.895,7.411,412.16,1,
2026-02-02 11:00:00,6.822,7.523,403.28,1,
2026-02-02 11:15:00,6.845,7.309,408.2,1,
2026-02-02 11:30:00,6.81,7.493,409.3,1,
2026-02-02 11:45:00,6.788,7.715,407.63,1,
2026-02-02 12:00:00,6.867,7.726,407.85,1,
2026-02-02 12:15:00,6.86,7.489,414.29,1,
2026-02-02 12:30:00,6.886,7.555,405.08,1,
2026-02-02 12:45:00,6.88,7.516,411.43,1,
2026-02-02 13:00:00,6.867,7.592,409.67,1,
2026-02-02 13:15:00,6.886,7.505,405.21,1,
2026-02-02 13:30:00,6.859,7.717,404.61,1,
2026-02-02 13:45:00,6.886,7.855,402.43,1,
2026-02-02 14:00:00,6.834,7.663,411.55,1,
2026-02-02 14:15:00,6.894,7.786,409.77,1,
2026-02-02 14:30:00,6.914,7.784,407.18,1,
2026-02-02 14:45:00,6.854,7.992,403.47,1,
2026-02-02 15:00:00,6.897,7.756,413.25,1,
2026-02-02 15:15:00,6.87,7.774,411.39,1,
2026-02-02 15:30:00,6.882,7.745,409.84,1,
2026-02-02 15:45:00,6.86,7.71,409.48,1,
2026-02-02 16:00:00,6.988,7.968,413.05,1,
2026-02-02 16:15:00,6.987,7.874,416.57,1,
2026-02-02 16:30:00,6.969,7.907,414.09,1,
2026-02-02 16:45:00,7.05,8.092,411.39,1,
2026-02-02 17:00:00,6.952,8.102,416.66,1,
2026-02-02 17:15:00,7.122,7.654,421.84,1,
2026-02-02 17:30:00,6.969,7.996,418.59,1,
2026-02-02 17:45:00,7.003,7.929,419.49,1,
2026-02-02 18:00:00,6.98,7.82,418.7,1,
2026-02-02 18:15:00,7.028,7.931,417.23,1,
2026-02-02 18:30:00,7.061,7.615,417.87,1,
2026-02-02 18:45:00,7.024,8.083,415.69,1,
2026-02-02 19:00:00,7.128,7.93,427.83,1,
2026-02-02 19:15:00,7.06,7.711,425.71,1,
2026-02-02 19:30:00,7.071,7.739,424.92,1,
2026-02-02 19:45:00,7.021,7.557,426.49,1,
2026-02-02 20:00:00,7.096,7.75,427.36,1,
2026-02-02 20:15:00,7.077,7.708,423.73,1,
2026-02-02 20:30:00,7.061,7.565,426.0,1,
2026-02-02 20:45:00,7.06,7.862,426.02,1,
2026-02-02 21:00:00,7.24,7.919,438.53,1,
2026-02-02 21:15:00,7.1,7.705,433.1,1,
2026-02-02 21:30:00,7.046,7.644,430.19,1,
2026-02-02 21:45:00,7.09,7.736,435.44,1,
2026-02-02 22:00:00,7.127,7.648,435.35,1,
2026-02-02 22:15:00,7.162,7.469,425.24,1,
2026-02-02 22:30:00,7.166,7.515,430.2,1,
2026-02-02 22:45:00,7.176,7.549,431.3,1,
2026-02-02 23:00:00,7.113,7.612,434.04,1,
2026-02-02 23:15:00,7.164,7.558,430.87,1,
2026-02-02 23:30:00,7.105,7.57,431.5,1,
2026-02-02 23:45:00,7.119,7.293,430.13,1,
2026-02-03 00:00:00,7.104,7.605,436.2,1,
2026-02-03 00:15:00,7.09,7.49,426.2,1,
2026-02-03 00:30:00,7.202,7.858,430.19,1,
2026-02-03 00:45:00,7.182,7.404,424.39,1,
2026-02-03 01:00:00,7.194,7.498,427.47,1,
2026-02-03 01:15:00,7.144,7.863,432.63,1,
2026-02-03 01:30:00,7.177,7.458,432.43,1,
2026-02-03 01:45:00,7.046,7.41,429.51,1,
2026-02-03 02:00:00,7.173,7.265,434.89,1,
2026-02-03 02:15:00,7.134,7.637,435.39,1,
2026-02-03 02:30:00,7.15,7.23,429.24,1,
2026-02-03 02:45:00,7.132,7.465,430.02,1,
2026-02-03 03:00:00,7.057,7.329,426.68,1,
2026-02-03 03:15:00,7.024,7.373,430.42,1,
2026-02-03 03:30:00,7.056,7.19,422.53,1,
2026-02-03 03:45:00,7.112,7.609,433.85,1,
2026-02-03 04:00:00,7.11,7.372,430.56,1,
2026-02-03 04:15:00,6.998,7.239,420.51,1,
2026-02-03 04:30:00,7.008,7.619,421.44,1,
2026-02-03 04:45:00,7.012,7.366,425.54,1,
2026-02-03 05:00:00,7.021,7.505,421.75,1,
2026-02-03 05:15:00,6.961,7.595,424.52,1,
2026-02-03 05:30:00,6.948,7.556,420.13,1,
2026-02-03 05:45:00,6.969,7.173,426.88,1,
2026-02-03 06:00:00,7.004,7.626,420.03,1,
2026-02-03 06:15:00,6.931,7.527,428.9,1,
2026-02-03 06:30:00,6.975,7.515,420.84,1,
2026-02-03 06:45:00,7.024,7.571,412.26,1,
2026-02-03 07:00:00,6.896,7.371,425.24,1,
2026-02-03 07:15:00,6.941,7.667,420.54,1,
2026-02-03 07:30:00,6.994,7.461,416.93,1,
2026-02-03 07:45:00,6.913,7.65,417.28,1,
2026-02-03 08:00:00,6.896,7.746,409.24,1,
2026-02-03 08:15:00,6.975,7.913,406.12,1,
2026-02-03 08:30:00,6.893,7.66,412.53,1,
2026-02-03 08:45:00,6.956,8.032,417.6,1,
2026-02-03 09:00:00,6.915,7.988,413.1,1,
2026-02-03 09:15:00,6.87,7.814,417.81,1,
2026-02-03 09:30:00,6.905,7.744,415.76,1,
2026-02-03 09:45:00,6.891,7.727,410.1,1,
2026-02-03 10:00:00,6.921,8.017,414.34,1,
2026-02-03 10:15:00,6.838,7.899,415.33,1,
2026-02-03 10:30:00,6.863,8.222,408.59,1,
2026-02-03 10:45:00,6.855,7.973,407.78,1,
2026-02-03 11:00:00,6.89,7.972,408.97,1,
2026-02-03 11:15:00,6.802,8.174,398.58,1,
2026-02-03 11:30:00,6.902,8.067,409.22,1,
2026-02-03 11:45:00,6.874,8.202,410.91,1,
2026-02-03 12:00:00,6.784,8.379,408.58,1,
2026-02-03 12:15:00,6.911,8.277,409.4,1,
2026-02-03 12:30:00,6.963,8.306,407.93,1,
2026-02-03 12:45:00,6.903,8.346,400.24,1,
2026-02-03 13:00:00,6.926,8.087,415.06,1,
2026-02-03 13:15:00,6.862,8.424,407.17,1,
2026-02-03 13:30:00,6.778,8.413,406.44,1,
2026-02-03 13:45:00,6.773,8.545,414.67,1,
2026-02-03 14:00:00,6.883,8.522,413.52,1,
2026-02-03 14:15:00,6.846,8.42,411.11,1,
2026-02-03 14:30:00,6.835,8.623,413.56,1,
2026-02-03 14:45:00,6.884,8.44,406.36,1,
2026-02-03 15:00:00,6.925,8.536,411.19,1,
2026-02-03 15:15:00,6.828,8.465,417.27,1,
2026-02-03 15:30:00,6.886,8.591,409.99,1,
2026-02-03 15:45:00,6.992,8.475,409.34,1,
2026-02-03 16:00:00,6.871,8.786,414.31,1,
2026-02-03 16:15:00,6.977,8.848,415.1,1,
2026-02-03 16:30:00,6.918,8.68,418.0,1,
2026-02-03 16:45:00,6.979,8.783,410.63,1,
2026-02-03 17:00:00,7.016,8.322,406.7,1,
2026-02-03 17:15:00,7.008,8.339,421.34,1,
2026-02-03 17:30:00,7.026,8.501,414.1,1,
2026-02-03 17:45:00,6.933,8.552,416.78,1,
2026-02-03 18:00:00,7.056,8.51,411.27,1,
2026-02-03 18:15:00,6.967,8.286,424.88,1,
2026-02-03 18:30:00,7.033,8.697,422.97,1,
2026-02-03 18:45:00,7.042,8.838,423.58,1,
2026-02-03 19:00:00,7.063,8.696,424.32,1,
2026-02-03 19:15:00,7.065,8.654,415.62,1,
2026-02-03 19:30:00,7.015,8.512,420.65,1,
2026-02-03 19:45:00,6.999,8.337,423.5,1,
2026-02-03 20:00:00,7.119,8.459,423.01,1,
2026-02-03 20:15:00,7.093,8.747,425.58,1,
2026-02-03 20:30:00,7.149,8.361,428.29,1,
2026-02-03 20:45:00,7.097,8.328,431.94,1,
2026-02-03 21:00:00,7.036,8.544,422.56,1,
2026-02-03 21:15:00,7.161,8.536,428.99,1,
2026-02-03 21:30:00,7.1,8.213,432.37,1,
2026-02-03 21:45:00,7.142,8.282,426.28,1,
2026-02-03 22:00:00,7.098,8.227,429.62,1,
2026-02-03 22:15:00,7.217,8.293,432.63,1,
2026-02-03 22:30:00,7.095,8.429,431.13,1,
2026-02-03 22:45:00,7.125,8.124,434.06,1,
2026-02-03 23:00:00,7.15,8.389,431.97,1,
2026-02-03 23:15:00,7.093,8.222,430.52,1,
2026-02-03 23:30:00,7.165,8.538,427.21,1,
2026-02-03 23:45:00,7.23,8.22,432.96,1,
2026-02-04 00:00:00,7.125,8.142,432.4,1,
2026-02-04 00:15:00,7.169,8.227,428.0,1,
2026-02-04 00:30:00,7.011,8.076,434.23,1,
2026-02-04 00:45:00,7.145,7.843,436.84,1,
2026-02-04 01:00:00,7.129,8.064,428.95,1,
2026-02-04 01:15:00,7.101,8.051,428.45,1,
2026-02-04 01:30:00,7.193,7.841,428.03,1,
2026-02-04 01:45:00,7.118,8.06,424.05,1,
2026-02-04 02:00:00,7.121,7.754,438.41,1,
2026-02-04 02:15:00,7.106,8.006,428.18,1,
2026-02-04 02:30:00,7.023,8.091,426.09,1,
2026-02-04 02:45:00,7.056,8.066,424.51,1,
2026-02-04 03:00:00,7.154,7.989,426.93,1,
2026-02-04 03:15:00,6.993,8.039,425.13,1,
2026-02-04 03:30:00,7.053,7.937,433.06,1,
2026-02-04 03:45:00,7.063,8.06,421.67,1,
2026-02-04 04:00:00,7.162,8.073,419.85,1,
2026-02-04 04:15:00,7.105,7.937,427.51,1,
2026-02-04 04:30:00,7.03,8.122,424.16,1,
2026-02-04 04:45:00,7.113,8.132,422.97,1,
2026-02-04 05:00:00,7.002,8.08,425.34,1,
2026-02-04 05:15:00,7.08,8.483,422.89,1,
2026-02-04 05:30:00,6.952,8.115,421.38,1,
2026-02-04 05:45:00,7.063,8.111,415.16,1,
2026-02-04 06:00:00,6.98,8.109,413.33,1,
2026-02-04 06:15:00,6.939,8.047,416.41,1,
2026-02-04 06:30:00,6.97,8.318,414.1,1,
2026-02-04 06:45:00,6.985,8.135,418.74,1,
2026-02-04 07:00:00,6.936,8.178,409.7,1,
2026-02-04 07:15:00,6.979,8.208,414.35,1,
2026-02-04 07:30:00,6.913,8.168,414.72,1,
2026-02-04 07:45:00,6.965,8.081,414.53,1,
2026-02-04 08:00:00,6.947,8.304,415.6,1,
2026-02-04 08:15:00,6.914,8.534,412.03,1,
2026-02-04 08:30:00,6.887,8.463,410.02,1,
2026-02-04 08:45:00,6.909,8.699,417.07,1,
2026-02-04 09:00:00,6.921,8.609,410.23,1,
2026-02-04 09:15:00,6.99,8.607,416.65,1,
2026-02-04 09:30:00,6.928,8.844,409.18,1,
2026-02-04 09:45:00,6.924,8.58,409.96,1,
2026-02-04 10:00:00,7.025,8.637,409.05,1,
2026-02-04 10:15:00,6.891,8.658,410.16,1,
2026-02-04 10:30:00,6.886,8.925,407.23,1,
2026-02-04 10:45:00,6.893,8.726,409.02,1,
2026-02-04 11:00:00,6.805,8.661,414.53,1,
2026-02-04 11:15:00,6.831,8.878,412.43,1,
2026-02-04 11:30:00,6.826,8.699,412.33,1,
2026-02-04 11:45:00,6.883,8.932,402.66,1,
2026-02-04 12:00:00,6.841,8.944,403.28,1,
2026-02-04 12:15:00,6.857,8.882,408.9,1,
2026-02-04 12:30:00,6.906,9.023,411.19,1,
2026-02-04 12:45:00,6.896,8.742,406.15,1,
2026-02-04 13:00:00,6.847,9.016,405.62,1,
2026-02-04 13:15:00,6.824,8.947,414.21,1,
2026-02-04 13:30:00,6.918,9.469,411.66,1,
2026-02-04 13:45:00,6.904,9.085,413.47,1,
2026-02-04 14:00:00,6.79,8.993,407.84,1,
2026-02-04 14:15:00,6.86,8.894,407.94,1,
2026-02-04 14:30:00,6.889,9.315,414.28,1,
2026-02-04 14:45:00,6.926,9.082,409.93,1,
2026-02-04 15:00:00,6.939,9.03,409.07,1,
2026-02-04 15:15:00,6.915,9.212,408.44,1,
2026-02-04 15:30:00,6.938,9.27,410.65,1,
2026-02-04 15:45:00,6.92,9.277,416.83,1,
2026-02-04 16:00:00,6.891,9.193,407.96,1,
2026-02-04 16:15:00,6.921,9.22,417.21,1,
2026-02-04 16:30:00,6.944,9.235,412.57,1,
2026-02-04 16:45:00,6.95,9.253,415.3,1,
2026-02-04 17:00:00,6.867,9.267,416.31,1,
2026-02-04 17:15:00,6.951,9.367,416.78,1,
2026-02-04 17:30:00,6.983,9.209,417.29,1,
2026-02-04 17:45:00,6.976,9.074,417.44,1,
2026-02-04 18:00:00,6.988,9.169,417.71,1,
2026-02-04 18:15:00,7.034,9.297,426.06,1,
2026-02-04 18:30:00,6.966,8.907,421.67,1,
2026-02-04 18:45:00,6.948,8.898,421.84,1,
2026-02-04 19:00:00,7.021,9.292,420.53,1,
2026-02-04 19:15:00,7.086,9.37,422.23,1,
2026-02-04 19:30:00,7.142,8.939,422.03,1,
2026-02-04 19:45:00,7.105,9.129,428.37,1,
2026-02-04 20:00:00,7.002,9.038,422.99,1,
2026-02-04 20:15:00,7.072,9.043,417.68,1,
2026-02-04 20:30:00,7.104,9.111,427.54,1,
2026-02-04 20:45:00,7.108,8.853,426.79,1,
2026-02-04 21:00:00,7.133,8.863,426.14,1,
2026-02-04 21:15:00,7.067,8.965,432.67,1,
2026-02-04 21:30:00,7.122,8.969,418.59,1,
2026-02-04 21:45:00,7.146,8.803,436.28,1,
2026-02-04 22:00:00,7.171,9.071,434.61,1,
2026-02-04 22:15:00,7.094,8.871,428.25,1,
2026-02-04 22:30:00,7.121,8.851,429.28,1,
2026-02-04 22:45:00,7.007,8.937,433.38,1,
2026-02-04 23:00:00,7.114,8.857,433.72,1,
2026-02-04 23:15:00,7.121,8.983,429.23,1,
2026-02-04 23:30:00,7.098,8.7,425.43,1,
2026-02-04 23:45:00,7.158,8.613,440.43,1,
2026-02-05 00:00:00,7.147,2.254,435.82,0,Filter replacement – turbidity reduced post-change
2026-02-05 00:15:00,7.037,2.287,432.6,0,
2026-02-05 00:30:00,7.159,2.07,432.6,0,
2026-02-05 00:45:00,7.101,2.028,434.25,0,
2026-02-05 01:00:00,7.169,2.245,434.56,0,
2026-02-05 01:15:00,7.078,2.086,423.02,0,
2026-02-05 01:30:00,7.14,1.965,429.68,0,
2026-02-05 01:45:00,7.12,2.312,428.94,0,
2026-02-05 02:00:00,7.145,2.059,429.75,0,
2026-02-05 02:15:00,7.131,2.314,433.06,0,
2026-02-05 02:30:00,7.106,2.135,422.36,0,
2026-02-05 02:45:00,7.036,2.165,423.63,0,
2026-02-05 03:00:00,7.032,2.082,425.76,0,
2026-02-05 03:15:00,7.07,1.709,428.53,0,
2026-02-05 03:30:00,7.091,1.933,430.63,0,
2026-02-05 03:45:00,7.053,2.082,433.19,0,
2026-02-05 04:00:00,7.106,2.155,424.85,0,
2026-02-05 04:15:00,7.052,1.832,428.63,0,
2026-02-05 04:30:00,7.009,2.095,427.43,0,
2026-02-05 04:45:00,7.034,1.939,426.02,0,
2026-02-05 05:00:00,7.05,2.149,423.01,0,
2026-02-05 05:15:00,7.046,2.118,420.74,0,
2026-02-05 05:30:00,7.113,2.242,417.3,0,
2026-02-05 05:45:00,6.976,2.301,416.26,0,
2026-02-05 06:00:00,6.996,2.222,421.39,0,
2026-02-05 06:15:00,7.011,2.296,419.0,0,
2026-02-05 06:30:00,6.979,2.13,416.77,0,
2026-02-05 06:45:00,6.946,2.623,420.32,0,
2026-02-05 07:00:00,6.884,2.034,416.09,0,
2026-02-05 07:15:00,6.926,2.157,412.49,0,
2026-02-05 07:30:00,6.889,2.392,414.34,0,
2026-02-05 07:45:00,6.847,2.391,417.98,0,
2026-02-05 08:00:00,6.885,2.373,409.91,0,
2026-02-05 08:15:00,6.864,2.424,414.17,0,
2026-02-05 08:30:00,6.938,2.034,412.47,0,
2026-02-05 08:45:00,6.931,2.61,409.04,0,
2026-02-05 09:00:00,6.849,2.366,410.34,0,
2026-02-05 09:15:00,6.874,2.609,404.69,0,
2026-02-05 09:30:00,6.788,2.143,410.92,0,
2026-02-05 09:45:00,6.851,2.512,404.56,0,
2026-02-05 10:00:00,6.89,2.415,413.9,0,
2026-02-05 10:15:00,6.907,2.612,408.87,0,
2026-02-05 10:30:00,6.826,2.6,406.63,0,
2026-02-05 10:45:00,6.911,2.633,413.28,0,
2026-02-05 11:00:00,6.779,2.445,404.28,0,
2026-02-05 11:15:00,6.791,2.62,405.24,0,
2026-02-05 11:30:00,6.887,2.626,400.79,0,
2026-02-05 11:45:00,6.934,2.751,413.26,0,
2026-02-05 12:00:00,6.875,2.848,415.49,0,
2026-02-05 12:15:00,6.848,2.745,401.33,0,
2026-02-05 12:30:00,6.742,2.552,404.84,0,
2026-02-05 12:45:00,6.752,2.78,408.51,0,
2026-02-05 13:00:00,6.862,3.175,406.35,0,
2026-02-05 13:15:00,6.84,3.048,408.51,0,
2026-02-05 13:30:00,6.806,2.371,408.44,0,
2026-02-05 13:45:00,6.869,2.842,410.87,0,
2026-02-05 14:00:00,6.876,2.986,405.76,0,
2026-02-05 14:15:00,6.923,2.831,410.79,0,
2026-02-05 14:30:00,6.888,2.801,406.02,0,
2026-02-05 14:45:00,6.949,2.839,409.33,0,
2026-02-05 15:00:00,6.894,2.969,404.57,0,
2026-02-05 15:15:00,6.895,2.72,410.47,0,
2026-02-05 15:30:00,6.962,3.075,410.4,0,
2026-02-05 15:45:00,6.868,2.891,417.11,0,
2026-02-05 16:00:00,7.066,2.76,413.76,0,
2026-02-05 16:15:00,6.952,3.068,415.18,0,
2026-02-05 16:30:00,6.962,2.665,415.32,0,
2026-02-05 16:45:00,6.978,2.809,407.63,0,
2026-02-05 17:00:00,7.055,2.801,408.91,0,
2026-02-05 17:15:00,7.01,3.2,416.38,0,
2026-02-05 17:30:00,6.9,2.767,419.55,0,
2026-02-05 17:45:00,7.06,2.536,418.28,0,
2026-02-05 18:00:00,6.983,2.759,416.54,0,
2026-02-05 18:15:00,7.015,2.901,419.82,0,
2026-02-05 18:30:00,6.956,2.935,420.26,0,
2026-02-05 18:45:00,7.056,3.142,425.46,0,
2026-02-05 19:00:00,7.006,2.994,426.0,0,
2026-02-05 19:15:00,7.053,2.792,421.64,0,
2026-02-05 19:30:00,7.043,2.61,424.39,0,
2026-02-05 19:45:00,7.163,2.966,426.41,0,
2026-02-05 20:00:00,7.174,2.645,427.7,0,
2026-02-05 20:15:00,7.086,2.578,433.28,0,
2026-02-05 20:30:00,7.095,2.591,427.19,0,
2026-02-05 20:45:00,7.08,2.441,432.59,0,
2026-02-05 21:00:00,7.161,2.534,423.84,0,
2026-02-05 21:15:00,7.096,2.543,426.47,0,
2026-02-05 21:30:00,7.098,2.662,420.98,0,
2026-02-05 21:45:00,7.174,2.468,430.58,0,
2026-02-05 22:00:00,7.103,2.31,432.98,0,
2026-02-05 22:15:00,7.133,2.233,420.54,0,
2026-02-05 22:30:00,7.06,2.479,431.84,0,
2026-02-05 22:45:00,7.177,2.433,433.78,0,
2026-02-05 23:00:00,7.242,2.313,433.78,0,
2026-02-05 23:15:00,7.183,2.301,426.99,0,
2026-02-05 23:30:00,7.222,2.405,434.99,0,
2026-02-05 23:45:00,7.107,2.532,432.01,0,
2026-02-06 00:00:00,7.162,2.183,434.36,0,
2026-02-06 00:15:00,7.103,2.291,431.47,0,
2026-02-06 00:30:00,7.137,2.4,433.42,0,
2026-02-06 00:45:00,7.186,2.12,436.21,0,
2026-02-06 01:00:00,7.15,2.215,430.78,0,
2026-02-06 01:15:00,7.071,2.194,432.5,0,
2026-02-06 01:30:00,7.073,1.986,436.09,0,
2026-02-06 01:45:00,7.065,2.193,430.23,0,
2026-02-06 02:00:00,7.154,2.158,425.89,0,
2026-02-06 02:15:00,7.228,2.225,432.68,0,
2026-02-06 02:30:00,7.187,1.952,435.26,0,
2026-02-06 02:45:00,7.018,2.123,434.18,0,
2026-02-06 03:00:00,7.177,2.321,431.35,0,
2026-02-06 03:15:00,7.146,2.419,418.54,0,
2026-02-06 03:30:00,7.014,2.295,424.76,0,
2026-02-06 03:45:00,7.068,1.924,424.33,0,
2026-02-06 04:00:00,7.13,2.168,426.18,0,
2026-02-06 04:15:00,7.094,2.028,432.06,0,
2026-02-06 04:30:00,6.992,2.146,420.27,0,
2026-02-06 04:45:00,7.079,1.992,432.83,0,
2026-02-06 05:00:00,6.932,1.857,421.58,0,
2026-02-06 05:15:00,7.018,2.07,419.27,0,
2026-02-06 05:30:00,7.076,2.239,424.95,0,
2026-02-06 05:45:00,7.011,2.184,424.48,0,
2026-02-06 06:00:00,6.975,2.214,422.6,0,
2026-02-06 06:15:00,7.035,2.2,416.14,0,
2026-02-06 06:30:00,7.029,2.243,420.44,0,
2026-02-06 06:45:00,7.036,2.279,413.52,0,
2026-02-06 07:00:00,7.005,2.176,413.71,0,
2026-02-06 07:15:00,7.006,2.249,415.76,0,
2026-02-06 07:30:00,6.979,2.518,412.13,0,
2026-02-06 07:45:00,6.947,2.299,418.9,0,
2026-02-06 08:00:00,6.929,2.306,411.69,0,
2026-02-06 08:15:00,6.905,2.339,412.45,0,
2026-02-06 08:30:00,6.848,2.314,409.17,0,
2026-02-06 08:45:00,6.853,2.306,416.24,0,
2026-02-06 09:00:00,6.88,2.428,408.85,0,
2026-02-06 09:15:00,6.899,2.346,415.55,0,
2026-02-06 09:30:00,6.953,2.426,414.75,0,
2026-02-06 09:45:00,6.873,2.355,408.24,0,
2026-02-06 10:00:00,6.92,2.516,409.73,0,
2026-02-06 10:15:00,6.919,2.614,407.34,0,
2026-02-06 10:30:00,6.85,2.52,411.1,0,
2026-02-06 10:45:00,6.888,2.277,407.86,0,
2026-02-06 11:00:00,6.843,2.692,406.74,0,
2026-02-06 11:15:00,6.919,2.647,408.42,0,
2026-02-06 11:30:00,6.883,2.504,401.77,0,
2026-02-06 11:45:00,6.791,2.793,407.72,0,
2026-02-06 12:00:00,6.858,2.49,410.6,0,
2026-02-06 12:15:00,6.933,2.879,408.58,0,
2026-02-06 12:30:00,6.842,2.735,411.91,0,
2026-02-06 12:45:00,6.875,2.423,406.72,0,
2026-02-06 13:00:00,6.882,2.81,406.57,0,
2026-02-06 13:15:00,6.806,2.74,404.17,0,
2026-02-06 13:30:00,6.887,2.734,407.29,0,
2026-02-06 13:45:00,6.796,2.722,417.1,0,
2026-02-06 14:00:00,6.839,2.827,410.71,0,
2026-02-06 14:15:00,6.929,2.786,407.68,0,
2026-02-06 14:30:00,6.899,2.591,406.46,0,
2026-02-06 14:45:00,6.872,3.07,404.58,0,
2026-02-06 15:00:00,6.916,2.85,408.19,0,
2026-02-06 15:15:00,6.898,2.783,415.12,0,
2026-02-06 15:30:00,6.909,2.727,410.99,0,
2026-02-06 15:45:00,6.95,3.015,409.5,0,
2026-02-06 16:00:00,6.889,2.705,410.61,0,
2026-02-06 16:15:00,6.936,2.919,417.29,0,
2026-02-06 16:30:00,6.927,2.809,415.08,0,
2026-02-06 16:45:00,6.873,2.814,413.63,0,
2026-02-06 17:00:00,6.915,2.721,415.66,0,
2026-02-06 17:15:00,7.049,2.786,426.48,0,
2026-02-06 17:30:00,7.0,2.871,423.31,0,
2026-02-06 17:45:00,6.924,2.894,425.09,0,
2026-02-06 18:00:00,6.923,2.729,412.99,0,
2026-02-06 18:15:00,7.004,2.819,420.18,0,
2026-02-06 18:30:00,7.098,2.951,418.99,0,
2026-02-06 18:45:00,7.02,2.551,424.52,0,
2026-02-06 19:00:00,7.104,2.782,427.35,0,
2026-02-06 19:15:00,7.066,2.621,425.16,0,
2026-02-06 19:30:00,7.081,2.586,421.1,0,
2026-02-06 19:45:00,7.0,2.761,422.66,0,
2026-02-06 20:00:00,7.122,2.618,428.48,0,
2026-02-06 20:15:00,7.067,2.494,429.55,0,
2026-02-06 20:30:00,7.134,2.852,427.87,0,
2026-02-06 20:45:00,7.058,2.767,428.43,0,
2026-02-06 21:00:00,7.115,2.314,428.69,0,
2026-02-06 21:15:00,7.13,2.357,430.1,0,
2026-02-06 21:30:00,7.111,2.641,432.38,0,
2026-02-06 21:45:00,7.145,2.483,432.5,0,
2026-02-06 22:00:00,7.117,2.725,430.49,0,
2026-02-06 22:15:00,7.102,2.566,430.57,0,
2026-02-06 22:30:00,7.219,2.493,430.74,0,
2026-02-06 22:45:00,7.194,2.269,428.24,0,
2026-02-06 23:00:00,7.107,2.47,428.42,0,
2026-02-06 23:15:00,7.176,2.18,433.95,0,
2026-02-06 23:30:00,7.112,2.543,429.05,0,
2026-02-06 23:45:00,7.09,2.386,435.23,0,
2026-02-07 00:00:00,7.202,2.176,431.79,0,
2026-02-07 00:15:00,7.064,2.398,435.25,0,
2026-02-07 00:30:00,7.195,2.593,434.45,0,
2026-02-07 00:45:00,7.134,2.204,435.14,0,
2026-02-07 01:00:00,7.134,2.3,429.69,0,
2026-02-07 01:15:00,7.163,2.134,433.0,0,
2026-02-07 01:30:00,7.168,2.195,434.04,0,
2026-02-07 01:45:00,7.093,1.941,424.56,0,
2026-02-07 02:00:00,7.166,2.154,437.2,0,
2026-02-07 02:15:00,7.13,2.148,439.04,0,
2026-02-07 02:30:00,7.056,2.4,433.31,0,
2026-02-07 02:45:00,7.104,1.852,432.25,0,
2026-02-07 03:00:00,7.175,2.071,430.84,0,
2026-02-07 03:15:00,7.183,2.301,426.62,0,
2026-02-07 03:30:00,7.127,2.067,426.86,0,
2026-02-07 03:45:00,7.024,2.075,430.52,0,
2026-02-07 04:00:00,7.1,1.975,422.11,0,
2026-02-07 04:15:00,7.109,1.961,421.06,0,
2026-02-07 04:30:00,7.094,1.83,423.0,0,
2026-02-07 04:45:00,7.087,2.013,426.48,0,
2026-02-07 05:00:00,7.057,1.965,419.64,0,
2026-02-07 05:15:00,7.026,2.139,421.44,0,
2026-02-07 05:30:00,6.989,2.012,421.14,0,
2026-02-07 05:45:00,6.915,2.069,416.74,0,
2026-02-07 06:00:00,7.017,2.086,410.24,0,
2026-02-07 06:15:00,6.999,2.16,415.11,0,
2026-02-07 06:30:00,7.008,2.103,419.48,0,
2026-02-07 06:45:00,6.904,2.04,419.6,0,
2026-02-07 07:00:00,6.993,2.23,418.87,0,
2026-02-07 07:15:00,7.055,2.396,418.58,0,
2026-02-07 07:30:00,6.947,2.276,412.9,0,
2026-02-07 07:45:00,6.931,2.186,411.33,0,
2026-02-07 08:00:00,6.94,2.282,415.5,0,
2026-02-07 08:15:00,7.018,2.015,412.49,0,
2026-02-07 08:30:00,6.858,2.326,416.32,0,
2026-02-07 08:45:00,6.911,2.311,413.61,0,
2026-02-07 09:00:00,6.854,2.256,416.65,0,
2026-02-07 09:15:00,6.86,2.309,409.12,0,
2026-02-07 09:30:00,6.879,2.386,414.75,0,
2026-02-07 09:45:00,6.943,2.623,418.16,0,
2026-02-07 10:00:00,6.96,2.664,409.82,0,
2026-02-07 10:15:00,6.888,2.387,411.23,0,
2026-02-07 10:30:00,6.843,2.474,405.19,0,
2026-02-07 10:45:00,6.983,2.504,412.21,0,
2026-02-07 11:00:00,6.834,2.725,412.93,0,
2026-02-07 11:15:00,6.824,2.65,406.25,0,
2026-02-07 11:30:00,6.763,2.667,410.45,0,
2026-02-07 11:45:00,6.92,2.757,409.15,0,
2026-02-07 12:00:00,6.898,2.611,409.56,0,
2026-02-07 12:15:00,6.971,2.927,411.27,0,
2026-02-07 12:30:00,6.782,2.743,410.18,0,
2026-02-07 12:45:00,6.926,2.635,407.67,0,
2026-02-07 13:00:00,6.859,2.748,411.74,0,
2026-02-07 13:15:00,6.898,2.986,413.08,0,
2026-02-07 13:30:00,6.779,2.754,406.7,0,
2026-02-07 13:45:00,6.939,2.975,409.23,0,
2026-02-07 14:00:00,6.909,2.753,402.53,0,
2026-02-07 14:15:00,6.873,2.744,412.36,0,
2026-02-07 14:30:00,6.913,2.968,415.37,0,
2026-02-07 14:45:00,6.849,2.748,409.95,0,
2026-02-07 15:00:00,6.865,3.01,412.05,0,
2026-02-07 15:15:00,6.878,2.945,411.21,0,
2026-02-07 15:30:00,6.816,2.766,411.16,0,
2026-02-07 15:45:00,6.96,2.888,414.26,0,
2026-02-07 16:00:00,6.985,2.818,410.86,0,
2026-02-07 16:15:00,6.899,2.951,413.75,0,
2026-02-07 16:30:00,6.96,3.18,411.79,0,
2026-02-07 16:45:00,6.939,2.837,418.5,0,
2026-02-07 17:00:00,6.978,2.966,417.85,0,
2026-02-07 17:15:00,6.939,2.882,415.93,0,
2026-02-07 17:30:00,6.936,2.873,418.58,0,
2026-02-07 17:45:00,7.043,2.834,418.33,0,
2026-02-07 18:00:00,6.997,2.718,424.58,0,
2026-02-07 18:15:00,7.111,2.883,419.02,0,
2026-02-07 18:30:00,7.022,2.774,424.11,0,
2026-02-07 18:45:00,6.983,2.665,419.52,0,
2026-02-07 19:00:00,7.1,2.935,426.36,0,
2026-02-07 19:15:00,7.08,2.779,428.01,0,
2026-02-07 19:30:00,7.094,2.709,428.93,0,
2026-02-07 19:45:00,7.126,2.923,431.19,0,
2026-02-07 20:00:00,7.042,2.425,427.17,0,
2026-02-07 20:15:00,7.077,2.868,431.62,0,
2026-02-07 20:30:00,7.083,2.521,433.8,0,
2026-02-07 20:45:00,7.034,2.66,423.42,0,
2026-02-07 21:00:00,7.093,2.515,426.07,0,
2026-02-07 21:15:00,7.18,2.44,423.04,0,
2026-02-07 21:30:00,7.131,2.749,433.76,0,
2026-02-07 21:45:00,7.057,2.805,423.94,0,
2026-02-07 22:00:00,7.052,2.467,423.27,0,
2026-02-07 22:15:00,7.218,2.524,426.37,0,
2026-02-07 22:30:00,7.134,2.456,424.13,0,
2026-02-07 22:45:00,7.11,2.682,432.45,0,
2026-02-07 23:00:00,7.131,2.079,427.25,0,
2026-02-07 23:15:00,7.073,2.428,425.01,0,
2026-02-07 23:30:00,7.22,2.238,431.73,0,
2026-02-07 23:45:00,7.13,1.97,432.04,0,
2026-02-08 00:00:00,7.218,2.246,424.52,0,
2026-02-08 00:15:00,7.152,2.555,429.12,0,
2026-02-08 00:30:00,7.22,2.158,431.6,0,
2026-02-08 00:45:00,7.16,2.355,430.34,0,
2026-02-08 01:00:00,7.188,2.397,430.27,0,
2026-02-08 01:15:00,7.178,2.197,436.08,0,
2026-02-08 01:30:00,7.17,2.201,439.67,0,
2026-02-08 01:45:00,7.152,1.91,429.51,0,
2026-02-08 02:00:00,7.118,2.046,425.1,0,
2026-02-08 02:15:00,7.22,2.277,429.04,0,
2026-02-08 02:30:00,7.074,2.14,430.3,0,
2026-02-08 02:45:00,7.113,2.176,428.81,0,
2026-02-08 03:00:00,7.107,2.134,430.93,0,
2026-02-08 03:15:00,7.119,2.436,436.76,0,
2026-02-08 03:30:00,7.07,2.039,420.45,0,
2026-02-08 03:45:00,7.099,2.342,424.64,0,
2026-02-08 04:00:00,7.067,2.12,432.16,0,
2026-02-08 04:15:00,6.987,2.355,423.22,0,
2026-02-08 04:30:00,7.058,1.92,427.75,0,
2026-02-08 04:45:00,6.993,2.135,426.38,0,
2026-02-08 05:00:00,6.952,2.055,428.05,0,
2026-02-08 05:15:00,7.036,2.142,429.99,0,
2026-02-08 05:30:00,7.044,2.314,422.9,0,
2026-02-08 05:45:00,7.036,2.198,413.8,0,
2026-02-08 06:00:00,7.028,2.337,417.2,0,
2026-02-08 06:15:00,6.894,2.067,427.96,0,
2026-02-08 06:30:00,6.912,2.059,412.78,0,
2026-02-08 06:45:00,7.069,2.202,419.65,0,
2026-02-08 07:00:00,6.909,2.211,406.84,0,
2026-02-08 07:15:00,6.982,2.208,410.74,0,
2026-02-08 07:30:00,6.908,2.113,418.96,0,
2026-02-08 07:45:00,6.938,2.458,414.84,0,
2026-02-08 08:00:00,6.893,2.246,412.49,0,
2026-02-08 08:15:00,6.945,2.537,410.08,0,
2026-02-08 08:30:00,6.916,2.349,404.71,0,
2026-02-08 08:45:00,6.879,2.469,414.86,0,
2026-02-08 09:00:00,6.841,2.48,410.38,0,
2026-02-08 09:15:00,6.901,2.298,404.89,0,
2026-02-08 09:30:00,6.82,2.503,410.6,0,
2026-02-08 09:45:00,6.897,2.763,412.35,0,
2026-02-08 10:00:00,7.001,2.538,408.81,0,
2026-02-08 10:15:00,6.933,2.661,409.7,0,
2026-02-08 10:30:00,6.897,2.656,409.07,0,
2026-02-08 10:45:00,6.854,2.624,405.81,0,
2026-02-08 11:00:00,6.758,2.631,408.63,0,
2026-02-08 11:15:00,6.787,2.711,411.17,0,
2026-02-08 11:30:00,6.915,2.768,412.24,0,
2026-02-08 11:45:00,6.811,2.474,411.19,0,
2026-02-08 12:00:00,6.815,2.737,405.3,0,
2026-02-08 12:15:00,6.842,2.695,410.57,0,
2026-02-08 12:30:00,6.798,2.685,409.96,0,
2026-02-08 12:45:00,6.792,2.958,405.39,0,
2026-02-08 13:00:00,6.853,2.673,406.55,0,
2026-02-08 13:15:00,6.813,2.592,411.36,0,
2026-02-08 13:30:00,6.824,2.937,414.42,0,
2026-02-08 13:45:00,6.826,2.62,401.99,0,
2026-02-08 14:00:00,6.896,2.557,416.17,0,
2026-02-08 14:15:00,6.864,2.995,414.68,0,
2026-02-08 14:30:00,6.872,2.893,411.28,0,
2026-02-08 14:45:00,6.917,2.95,410.02,0,
2026-02-08 15:00:00,6.887,2.82,413.08,0,
2026-02-08 15:15:00,6.887,2.685,409.53,0,
2026-02-08 15:30:00,6.932,2.719,411.98,0,
2026-02-08 15:45:00,6.95,2.858,407.43,0,
2026-02-08 16:00:00,6.918,2.709,407.03,0,
2026-02-08 16:15:00,6.938,2.945,424.02,0,
2026-02-08 16:30:00,6.904,2.827,415.66,0,
2026-02-08 16:45:00,6.909,2.92,416.96,0,
2026-02-08 17:00:00,7.0,2.91,416.77,0,
2026-02-08 17:15:00,6.993,2.937,414.35,0,
2026-02-08 17:30:00,7.003,2.944,417.21,0,
2026-02-08 17:45:00,7.004,2.807,419.58,0,
2026-02-08 18:00:00,7.002,2.874,419.21,0,
2026-02-08 18:15:00,7.045,2.868,417.78,0,
2026-02-08 18:30:00,7.066,2.453,423.48,0,
2026-02-08 18:45:00,7.075,2.898,423.09,0,
2026-02-08 19:00:00,7.034,2.805,424.68,0,
2026-02-08 19:15:00,7.118,2.848,426.68,0,
2026-02-08 19:30:00,7.069,2.55,423.91,0,
2026-02-08 19:45:00,7.098,2.675,424.63,0,
2026-02-08 20:00:00,7.089,2.536,431.93,0,
2026-02-08 20:15:00,7.096,2.789,422.89,0,
2026-02-08 20:30:00,7.055,2.442,419.81,0,
2026-02-08 20:45:00,7.134,2.489,430.13,0,
2026-02-08 21:00:00,7.248,2.684,425.97,0,
2026-02-08 21:15:00,7.094,2.484,424.71,0,
2026-02-08 21:30:00,7.123,2.413,433.06,0,
2026-02-08 21:45:00,7.102,2.662,429.4,0,
2026-02-08 22:00:00,7.106,2.642,425.34,0,
2026-02-08 22:15:00,7.212,2.582,438.5,0,
2026-02-08 22:30:00,7.105,2.575,424.64,0,
2026-02-08 22:45:00,7.118,2.387,431.02,0,
2026-02-08 23:00:00,7.066,2.366,424.03,0,
2026-02-08 23:15:00,7.109,2.274,432.85,0,
2026-02-08 23:30:00,7.063,2.372,429.33,0,
2026-02-08 23:45:00,7.181,2.244,435.25,0,
2026-02-09 00:00:00,7.29,2.235,431.93,0,
2026-02-09 00:15:00,7.131,2.368,437.38,0,
2026-02-09 00:30:00,7.065,2.434,430.18,0,
2026-02-09 00:45:00,7.192,2.296,425.35,0,
2026-02-09 01:00:00,7.109,2.486,432.54,0,
2026-02-09 01:15:00,7.207,2.093,430.35,0,
2026-02-09 01:30:00,7.124,1.907,423.81,0,
2026-02-09 01:45:00,7.103,2.275,426.54,0,
2026-02-09 02:00:00,7.121,2.038,427.44,0,
2026-02-09 02:15:00,7.163,2.1,436.2,0,
2026-02-09 02:30:00,7.108,1.865,432.35,0,
2026-02-09 02:45:00,7.088,1.986,427.63,0,
2026-02-09 03:00:00,7.096,1.888,430.37,0,
2026-02-09 03:15:00,7.035,2.043,419.75,0,
2026-02-09 03:30:00,7.111,2.044,425.05,0,
2026-02-09 03:45:00,6.994,2.114,428.27,0,
2026-02-09 04:00:00,7.053,2.286,426.66,0,
2026-02-09 04:15:00,7.104,2.202,423.15,0,
2026-02-09 04:30:00,7.073,1.86,424.44,0,
2026-02-09 04:45:00,7.078,2.199,425.21,0,
2026-02-09 05:00:00,7.036,2.13,423.07,0,
2026-02-09 05:15:00,7.088,2.107,425.79,0,
2026-02-09 05:30:00,7.066,2.127,422.84,0,
2026-02-09 05:45:00,7.032,2.172,422.83,0,
2026-02-09 06:00:00,7.046,2.05,426.85,0,
2026-02-09 06:15:00,7.028,2.14,422.53,0,
2026-02-09 06:30:00,6.958,2.36,425.4,0,
2026-02-09 06:45:00,6.904,2.094,414.97,0,
2026-02-09 07:00:00,6.982,2.063,410.52,0,
2026-02-09 07:15:00,6.979,2.227,415.58,0,
2026-02-09 07:30:00,6.997,2.087,414.51,0,
2026-02-09 07:45:00,6.887,2.019,420.53,0,
2026-02-09 08:00:00,6.88,2.248,409.48,0,
2026-02-09 08:15:00,6.94,2.54,413.02,0,
2026-02-09 08:30:00,6.905,2.341,414.32,0,
2026-02-09 08:45:00,6.807,2.398,412.49,0,
2026-02-09 09:00:00,6.913,2.077,410.83,0,
2026-02-09 09:15:00,6.795,2.488,412.41,0,
2026-02-09 09:30:00,6.834,2.462,414.8,0,
2026-02-09 09:45:00,6.943,2.374,416.17,0,
2026-02-09 10:00:00,6.961,2.527,409.74,0,
2026-02-09 10:15:00,6.805,2.552,405.97,0,
2026-02-09 10:30:00,6.845,2.393,415.05,0,
2026-02-09 10:45:00,6.86,2.628,404.33,0,
2026-02-09 11:00:00,6.944,2.783,415.57,0,
2026-02-09 11:15:00,6.828,2.594,413.61,0,
2026-02-09 11:30:00,6.827,2.523,414.06,0,
2026-02-09 11:45:00,6.928,2.65,410.77,0,
2026-02-09 12:00:00,6.831,2.828,399.55,0,
2026-02-09 12:15:00,6.886,2.538,403.87,0,
2026-02-09 12:30:00,6.777,2.83,409.33,0,
2026-02-09 12:45:00,6.844,2.662,405.53,0,
2026-02-09 13:00:00,6.772,2.819,407.15,0,
2026-02-09 13:15:00,6.805,2.716,411.09,0,
2026-02-09 13:30:00,6.903,2.732,408.23,0,
2026-02-09 13:45:00,6.863,3.061,404.36,0,
2026-02-09 14:00:00,6.854,2.635,413.15,0,
2026-02-09 14:15:00,6.838,2.932,412.08,0,
2026-02-09 14:30:00,6.87,3.129,409.48,0,
2026-02-09 14:45:00,6.902,2.982,413.82,0,
2026-02-09 15:00:00,6.943,2.687,411.89,0,
2026-02-09 15:15:00,6.77,2.7,417.41,0,
2026-02-09 15:30:00,6.867,2.784,413.3,0,
2026-02-09 15:45:00,6.925,2.923,418.63,0,
2026-02-09 16:00:00,6.92,2.934,406.51,0,
2026-02-09 16:15:00,6.954,2.708,416.53,0,
2026-02-09 16:30:00,6.956,2.766,413.82,0,
2026-02-09 16:45:00,6.937,2.771,412.71,0,
2026-02-09 17:00:00,6.935,2.859,421.53,0,
2026-02-09 17:15:00,6.958,3.176,421.22,0,
2026-02-09 17:30:00,7.038,2.73,410.41,0,
2026-02-09 17:45:00,6.954,2.712,422.08,0,
2026-02-09 18:00:00,6.997,2.676,422.38,0,
2026-02-09 18:15:00,7.019,2.928,417.89,0,
2026-02-09 18:30:00,7.098,2.811,418.23,0,
2026-02-09 18:45:00,7.014,2.666,415.98,0,
2026-02-09 19:00:00,7.087,2.728,421.76,0,
2026-02-09 19:15:00,7.11,2.645,423.15,0,
2026-02-09 19:30:00,7.054,2.788,427.78,0,
2026-02-09 19:45:00,7.056,3.125,426.38,0,
2026-02-09 20:00:00,7.059,2.783,421.76,0,
2026-02-09 20:15:00,7.071,2.663,427.62,0,
2026-02-09 20:30:00,7.134,2.553,426.29,0,
2026-02-09 20:45:00,7.11,2.427,424.17,0,
2026-02-09 21:00:00,7.118,2.714,422.13,0,
2026-02-09 21:15:00,7.057,2.68,431.52,0,
2026-02-09 21:30:00,7.071,2.482,431.31,0,
2026-02-09 21:45:00,7.232,2.708,432.2,0,
2026-02-09 22:00:00,7.121,2.503,427.48,0,
2026-02-09 22:15:00,7.096,2.59,431.45,0,
2026-02-09 22:30:00,7.21,2.492,425.59,0,
2026-02-09 22:45:00,7.156,2.395,427.42,0,
2026-02-09 23:00:00,7.174,2.253,431.73,0,
2026-02-09 23:15:00,7.14,2.35,432.82,0,
2026-02-09 23:30:00,7.133,2.473,425.38,0,
2026-02-09 23:45:00,7.141,2.247,427.74,0,
2026-02-10 00:00:00,7.081,2.366,430.54,0,
2026-02-10 00:15:00,7.145,2.115,435.81,0,
2026-02-10 00:30:00,7.164,2.374,428.64,0,
2026-02-10 00:45:00,7.24,2.283,432.33,0,
2026-02-10 01:00:00,7.149,2.037,432.57,0,
2026-02-10 01:15:00,7.025,2.166,430.36,0,
2026-02-10 01:30:00,7.134,2.322,432.16,0,
2026-02-10 01:45:00,7.272,1.979,425.38,0,
2026-02-10 02:00:00,7.173,1.993,427.77,0,
2026-02-10 02:15:00,7.084,2.131,435.72,0,
2026-02-10 02:30:00,7.149,2.45,435.54,0,
2026-02-10 02:45:00,7.076,2.02,432.39,0,
2026-02-10 03:00:00,7.038,2.188,432.89,0,
2026-02-10 03:15:00,7.081,2.147,420.61,0,
2026-02-10 03:30:00,7.096,2.015,423.51,0,
2026-02-10 03:45:00,6.99,2.125,425.42,0,
2026-02-10 04:00:00,7.018,2.033,435.66,0,
2026-02-10 04:15:00,7.067,2.047,424.06,0,
2026-02-10 04:30:00,7.037,1.854,427.57,0,
2026-02-10 04:45:00,7.068,2.104,425.37,0,
2026-02-10 05:00:00,6.978,2.248,424.53,0,
2026-02-10 05:15:00,7.065,2.13,422.25,0,
2026-02-10 05:30:00,6.96,2.294,416.77,0,
2026-02-10 05:45:00,7.092,2.228,409.98,0,
2026-02-10 06:00:00,6.914,2.145,425.13,0,
2026-02-10 06:15:00,6.936,2.073,416.75,0,
2026-02-10 06:30:00,7.001,2.11,410.97,0,
2026-02-10 06:45:00,7.054,1.979,419.41,0,
2026-02-10 07:00:00,6.977,2.177,418.57,0,
2026-02-10 07:15:00,6.98,2.258,419.21,0,
2026-02-10 07:30:00,6.943,2.514,419.87,0,
2026-02-10 07:45:00,6.882,2.357,411.02,0,
2026-02-10 08:00:00,6.9,2.17,410.5,0,
2026-02-10 08:15:00,6.856,2.107,412.06,0,
2026-02-10 08:30:00,6.845,2.316,415.98,0,
2026-02-10 08:45:00,6.921,2.493,403.68,0,
2026-02-10 09:00:00,6.838,2.363,412.03,0,
2026-02-10 09:15:00,6.903,2.503,414.71,0,
2026-02-10 09:30:00,6.816,2.421,414.04,0,
2026-02-10 09:45:00,6.89,2.581,412.86,0,
2026-02-10 10:00:00,6.846,2.26,413.86,0,
2026-02-10 10:15:00,6.936,2.767,398.25,0,
2026-02-10 10:30:00,6.878,2.385,415.37,0,
2026-02-10 10:45:00,6.92,2.697,409.96,0,
2026-02-10 11:00:00,6.817,2.563,413.75,0,
2026-02-10 11:15:00,6.856,2.611,403.53,0,
2026-02-10 11:30:00,6.802,2.617,401.09,0,
2026-02-10 11:45:00,6.83,2.715,415.17,0,
2026-02-10 12:00:00,6.837,2.769,404.29,0,
2026-02-10 12:15:00,6.814,2.881,406.78,0,
2026-02-10 12:30:00,6.791,2.955,410.21,0,
2026-02-10 12:45:00,6.782,2.814,411.32,0,
2026-02-10 13:00:00,6.738,3.04,412.72,0,
2026-02-10 13:15:00,6.805,2.815,409.53,0,
2026-02-10 13:30:00,6.893,2.979,404.7,0,
2026-02-10 13:45:00,6.786,2.897,412.06,0,
2026-02-10 14:00:00,6.802,2.764,412.5,0,
2026-02-10 14:15:00,6.965,2.886,402.76,0,
2026-02-10 14:30:00,6.849,2.945,416.15,0,
2026-02-10 14:45:00,6.903,2.874,401.03,0,
2026-02-10 15:00:00,6.926,2.948,415.65,0,
2026-02-10 15:15:00,6.934,3.022,409.55,0,
2026-02-10 15:30:00,6.833,2.893,415.52,0,
2026-02-10 15:45:00,6.905,2.458,415.37,0,
2026-02-10 16:00:00,6.844,3.152,413.85,0,
2026-02-10 16:15:00,7.056,2.855,416.5,0,
2026-02-10 16:30:00,6.863,2.773,415.06,0,
2026-02-10 16:45:00,6.899,2.724,419.0,0,
2026-02-10 17:00:00,6.909,2.836,425.64,0,
2026-02-10 17:15:00,6.896,2.794,412.29,0,
2026-02-10 17:30:00,7.048,2.759,405.68,0,
2026-02-10 17:45:00,7.111,2.756,417.55,0,
2026-02-10 18:00:00,6.976,2.926,418.06,0,
2026-02-10 18:15:00,6.944,3.137,419.27,0,
2026-02-10 18:30:00,6.908,2.94,417.86,0,
2026-02-10 18:45:00,7.017,2.969,425.83,0,
2026-02-10 19:00:00,7.023,2.726,417.58,0,
2026-02-10 19:15:00,7.016,2.779,425.66,0,
2026-02-10 19:30:00,7.068,2.807,427.15,0,
2026-02-10 19:45:00,7.086,2.623,426.57,0,
2026-02-10 20:00:00,7.091,2.636,427.95,0,
2026-02-10 20:15:00,7.068,2.805,430.46,0,
2026-02-10 20:30:00,7.036,2.817,427.52,0,
2026-02-10 20:45:00,7.132,2.639,426.53,0,
2026-02-10 21:00:00,7.107,2.424,430.43,0,
2026-02-10 21:15:00,7.157,2.534,431.42,0,
2026-02-10 21:30:00,7.159,2.336,433.08,0,
2026-02-10 21:45:00,7.054,2.537,423.13,0,
2026-02-10 22:00:00,7.058,2.538,429.66,0,
2026-02-10 22:15:00,7.097,2.433,426.5,0,
2026-02-10 22:30:00,7.086,2.484,433.33,0,
2026-02-10 22:45:00,7.18,2.484,434.27,0,
2026-02-10 23:00:00,7.162,2.435,430.49,0,
2026-02-10 23:15:00,7.202,2.191,428.85,0,
2026-02-10 23:30:00,7.169,2.309,434.29,0,
2026-02-10 23:45:00,7.16,2.385,431.44,0,
2026-02-11 00:00:00,7.21,2.537,437.71,0,
2026-02-11 00:15:00,7.173,2.237,439.07,0,
2026-02-11 00:30:00,7.152,2.339,435.9,0,
2026-02-11 00:45:00,7.221,2.368,432.7,0,
2026-02-11 01:00:00,7.151,2.188,438.89,0,
2026-02-11 01:15:00,7.127,2.372,432.33,0,
2026-02-11 01:30:00,7.097,2.363,429.17,0,
2026-02-11 01:45:00,7.17,2.374,428.06,0,
2026-02-11 02:00:00,7.192,2.222,427.58,0,
2026-02-11 02:15:00,7.122,2.495,429.95,0,
2026-02-11 02:30:00,7.184,2.038,431.37,0,
2026-02-11 02:45:00,7.014,2.44,423.36,0,
2026-02-11 03:00:00,7.103,2.229,426.69,0,
2026-02-11 03:15:00,7.097,2.309,428.76,0,
2026-02-11 03:30:00,7.055,2.055,429.88,0,
2026-02-11 03:45:00,7.203,2.228,426.56,0,
2026-02-11 04:00:00,7.072,2.314,426.98,0,
2026-02-11 04:15:00,7.046,1.938,420.35,0,
2026-02-11 04:30:00,7.059,2.079,420.95,0,
2026-02-11 04:45:00,6.948,1.786,423.61,0,
2026-02-11 05:00:00,7.001,2.087,425.15,0,
2026-02-11 05:15:00,7.078,1.999,423.27,0,
2026-02-11 05:30:00,6.988,2.098,418.17,0,
2026-02-11 05:45:00,6.968,2.58,419.84,0,
2026-02-11 06:00:00,7.065,2.411,426.05,0,
2026-02-11 06:15:00,7.057,1.951,421.39,0,
2026-02-11 06:30:00,7.006,2.266,417.78,0,
2026-02-11 06:45:00,6.948,2.319,413.56,0,
2026-02-11 07:00:00,6.949,2.166,414.04,0,
2026-02-11 07:15:00,6.912,2.263,416.17,0,
2026-02-11 07:30:00,6.893,2.298,416.51,0,
2026-02-11 07:45:00,6.881,2.076,416.95,0,
2026-02-11 08:00:00,6.894,2.145,415.55,0,
2026-02-11 08:15:00,6.865,2.349,411.85,0,
2026-02-11 08:30:00,6.831,2.362,410.65,0,
2026-02-11 08:45:00,6.912,2.265,420.28,0,
2026-02-11 09:00:00,6.906,2.277,409.29,0,
2026-02-11 09:15:00,6.972,2.408,405.81,0,
2026-02-11 09:30:00,6.848,2.581,403.92,0,
2026-02-11 09:45:00,6.89,2.462,408.61,0,
2026-02-11 10:00:00,6.886,2.743,413.37,0,
2026-02-11 10:15:00,6.853,2.422,406.93,0,
2026-02-11 10:30:00,6.899,2.581,414.82,0,
2026-02-11 10:45:00,6.897,2.525,408.61,0,
2026-02-11 11:00:00,6.871,2.692,412.85,0,
2026-02-11 11:15:00,6.84,2.511,405.2,0,
2026-02-11 11:30:00,6.833,2.942,405.13,0,
2026-02-11 11:45:00,6.782,2.423,408.39,0,
2026-02-11 12:00:00,6.81,2.957,409.93,0,
2026-02-11 12:15:00,6.819,2.736,407.31,0,
2026-02-11 12:30:00,6.795,2.826,409.27,0,
2026-02-11 12:45:00,6.875,2.964,410.58,0,
2026-02-11 13:00:00,6.915,2.911,402.73,0,
2026-02-11 13:15:00,6.813,2.691,407.27,0,
2026-02-11 13:30:00,6.876,2.907,406.84,0,
2026-02-11 13:45:00,6.814,3.113,407.36,0,
2026-02-11 14:00:00,6.855,2.713,411.24,0,
2026-02-11 14:15:00,6.841,3.177,408.0,0,
2026-02-11 14:30:00,6.911,2.927,402.46,0,
2026-02-11 14:45:00,6.853,2.814,410.03,0,
2026-02-11 15:00:00,6.945,2.752,407.26,0,
2026-02-11 15:15:00,6.889,2.859,414.07,0,
2026-02-11 15:30:00,6.876,2.603,415.92,0,
2026-02-11 15:45:00,6.854,2.837,404.63,0,
2026-02-11 16:00:00,6.938,2.861,410.9,0,
2026-02-11 16:15:00,6.978,2.738,416.11,0,
2026-02-11 16:30:00,6.956,3.009,409.77,0,
2026-02-11 16:45:00,7.064,2.859,419.27,0,
2026-02-11 17:00:00,7.033,2.791,421.09,0,
2026-02-11 17:15:00,6.955,2.83,417.01,0,
2026-02-11 17:30:00,6.965,2.923,415.34,0,
2026-02-11 17:45:00,7.014,2.87,409.97,0,
2026-02-11 18:00:00,6.958,2.741,423.26,0,
2026-02-11 18:15:00,7.068,2.851,428.79,0,
2026-02-11 18:30:00,7.038,2.81,428.75,0,
2026-02-11 18:45:00,7.042,2.63,421.56,0,
2026-02-11 19:00:00,7.073,2.74,418.74,0,
2026-02-11 19:15:00,7.134,2.851,427.21,0,
2026-02-11 19:30:00,7.066,2.829,424.08,0,
2026-02-11 19:45:00,7.061,2.688,427.22,0,
2026-02-11 20:00:00,7.15,2.802,427.21,0,
2026-02-11 20:15:00,7.132,2.53,427.04,0,
2026-02-11 20:30:00,7.075,2.511,431.42,0,
2026-02-11 20:45:00,7.099,2.591,432.17,0,
2026-02-11 21:00:00,7.116,2.828,426.39,0,
2026-02-11 21:15:00,7.131,2.603,425.33,0,
2026-02-11 21:30:00,7.051,2.511,419.52,0,
2026-02-11 21:45:00,7.048,2.758,428.59,0,
2026-02-11 22:00:00,7.086,2.457,426.02,0,
2026-02-11 22:15:00,7.086,2.809,432.44,0,
2026-02-11 22:30:00,7.106,2.371,429.74,0,
2026-02-11 22:45:00,7.174,2.27,430.45,0,
2026-02-11 23:00:00,7.136,2.372,434.84,0,
2026-02-11 23:15:00,7.157,2.334,433.36,0,
2026-02-11 23:30:00,7.088,2.226,431.43,0,
2026-02-11 23:45:00,7.127,2.713,438.72,0,
2026-02-12 00:00:00,7.179,2.348,434.95,0,
2026-02-12 00:15:00,7.179,2.347,430.31,0,
2026-02-12 00:30:00,7.112,2.187,430.41,0,
2026-02-12 00:45:00,7.155,2.15,434.92,0,
2026-02-12 01:00:00,7.255,2.371,432.4,0,
2026-02-12 01:15:00,7.141,1.948,426.88,0,
2026-02-12 01:30:00,7.104,2.011,434.67,0,
2026-02-12 01:45:00,7.126,2.13,435.79,0,
2026-02-12 02:00:00,7.135,2.356,435.12,0,
2026-02-12 02:15:00,7.117,2.085,436.15,0,
2026-02-12 02:30:00,7.117,2.193,437.8,0,
2026-02-12 02:45:00,7.041,2.125,435.94,0,
2026-02-12 03:00:00,7.058,2.308,429.85,0,
2026-02-12 03:15:00,7.091,1.87,427.08,0,
2026-02-12 03:30:00,7.083,2.214,419.99,0,
2026-02-12 03:45:00,7.055,2.071,426.71,0,
2026-02-12 04:00:00,7.066,2.239,428.08,0,
2026-02-12 04:15:00,7.069,1.978,425.48,0,
2026-02-12 04:30:00,7.102,2.107,417.04,0,
2026-02-12 04:45:00,7.043,2.092,422.71,0,
2026-02-12 05:00:00,7.059,1.963,425.69,0,
2026-02-12 05:15:00,7.002,1.929,418.24,0,
2026-02-12 05:30:00,7.048,2.043,422.23,0,
2026-02-12 05:45:00,7.029,2.161,422.51,0,
2026-02-12 06:00:00,7.043,2.04,424.47,0,
2026-02-12 06:15:00,7.026,2.118,426.07,0,
2026-02-12 06:30:00,7.01,1.9,416.92,0,
2026-02-12 06:45:00,6.966,2.144,418.39,0,
2026-02-12 07:00:00,6.973,2.371,417.75,0,
2026-02-12 07:15:00,7.005,2.342,418.74,0,
2026-02-12 07:30:00,6.91,2.243,417.56,0,
2026-02-12 07:45:00,6.902,2.314,420.39,0,
2026-02-12 08:00:00,6.934,2.176,404.67,0,
2026-02-12 08:15:00,6.937,2.567,415.01,0,
2026-02-12 08:30:00,6.867,2.657,414.64,0,
2026-02-12 08:45:00,6.897,2.396,411.15,0,
2026-02-12 09:00:00,6.889,2.785,402.46,0,
2026-02-12 09:15:00,6.776,2.32,410.73,0,
2026-02-12 09:30:00,6.87,2.26,407.64,0,
2026-02-12 09:45:00,6.867,2.367,416.73,0,
2026-02-12 10:00:00,6.862,2.467,411.11,0,
2026-02-12 10:15:00,6.936,2.873,406.06,0,
2026-02-12 10:30:00,6.801,2.51,400.7,0,
2026-02-12 10:45:00,6.817,2.449,411.0,0,
2026-02-12 11:00:00,6.725,2.469,411.19,0,
2026-02-12 11:15:00,6.829,2.8,407.37,0,
2026-02-12 11:30:00,6.832,2.803,410.52,0,
2026-02-12 11:45:00,6.825,2.604,406.63,0,
2026-02-12 12:00:00,6.905,2.419,412.27,0,
2026-02-12 12:15:00,6.893,2.553,412.0,0,
2026-02-12 12:30:00,6.855,3.002,401.55,0,
2026-02-12 12:45:00,6.834,2.867,402.65,0,
2026-02-12 13:00:00,6.906,2.793,416.53,0,
2026-02-12 13:15:00,6.857,3.081,412.37,0,
2026-02-12 13:30:00,6.821,3.111,403.86,0,
2026-02-12 13:45:00,6.78,2.827,402.96,0,
2026-02-12 14:00:00,6.848,2.844,410.44,0,
2026-02-12 14:15:00,6.913,2.771,405.45,0,
2026-02-12 14:30:00,6.995,2.827,409.21,0,
2026-02-12 14:45:00,6.89,2.656,410.79,0,
2026-02-12 15:00:00,6.856,2.663,411.15,0,
2026-02-12 15:15:00,6.842,2.634,416.59,0,
2026-02-12 15:30:00,6.936,3.059,420.03,0,
2026-02-12 15:45:00,6.828,2.665,411.42,0,
2026-02-12 16:00:00,6.953,3.192,409.48,0,
2026-02-12 16:15:00,6.975,2.79,416.25,0,
2026-02-12 16:30:00,6.964,3.157,421.93,0,
2026-02-12 16:45:00,6.941,2.838,414.53,0,
2026-02-12 17:00:00,6.989,2.651,420.3,0,
2026-02-12 17:15:00,6.979,3.071,414.31,0,
2026-02-12 17:30:00,6.942,3.08,418.52,0,
2026-02-12 17:45:00,7.083,2.723,414.57,0,
2026-02-12 18:00:00,6.982,2.797,420.04,0,
2026-02-12 18:15:00,7.049,2.697,420.32,0,
2026-02-12 18:30:00,6.899,2.799,424.0,0,
2026-02-12 18:45:00,7.093,2.817,429.45,0,
2026-02-12 19:00:00,7.112,2.73,421.55,0,
2026-02-12 19:15:00,7.05,2.491,415.86,0,
2026-02-12 19:30:00,7.085,2.656,423.78,0,
2026-02-12 19:45:00,7.094,2.828,426.5,0,
2026-02-12 20:00:00,7.043,2.669,426.81,0,
2026-02-12 20:15:00,7.111,2.628,426.04,0,
2026-02-12 20:30:00,7.051,2.513,433.26,0,
2026-02-12 20:45:00,7.068,2.537,428.46,0,
2026-02-12 21:00:00,7.162,2.815,428.07,0,
2026-02-12 21:15:00,7.162,2.407,425.91,0,
2026-02-12 21:30:00,7.084,2.66,422.53,0,
2026-02-12 21:45:00,7.088,2.533,431.29,0,
2026-02-12 22:00:00,7.098,2.537,431.37,0,
2026-02-12 22:15:00,7.171,2.364,426.53,0,
2026-02-12 22:30:00,7.089,2.395,430.91,0,
2026-02-12 22:45:00,7.16,2.421,430.79,0,
2026-02-12 23:00:00,7.182,2.318,429.09,0,
2026-02-12 23:15:00,7.143,2.421,428.6,0,
2026-02-12 23:30:00,7.199,2.416,433.52,0,
2026-02-12 23:45:00,7.134,2.649,431.07,0,
2026-02-13 00:00:00,7.139,2.342,429.64,0,
2026-02-13 00:15:00,7.101,1.991,428.53,0,
2026-02-13 00:30:00,7.2,2.431,431.38,0,
2026-02-13 00:45:00,7.109,2.206,435.47,0,
2026-02-13 01:00:00,7.162,2.519,432.42,0,
2026-02-13 01:15:00,7.138,2.42,430.41,0,
2026-02-13 01:30:00,7.086,2.107,432.32,0,
2026-02-13 01:45:00,7.104,2.276,436.22,0,
2026-02-13 02:00:00,7.199,2.064,432.35,0,
2026-02-13 02:15:00,7.135,2.142,431.02,0,
2026-02-13 02:30:00,7.069,2.232,432.07,0,
2026-02-13 02:45:00,7.128,2.288,428.39,0,
2026-02-13 03:00:00,7.099,2.248,429.22,0,
2026-02-13 03:15:00,7.272,2.119,425.96,0,
2026-02-13 03:30:00,7.106,2.476,421.1,0,
2026-02-13 03:45:00,7.064,2.046,428.04,0,
2026-02-13 04:00:00,7.146,1.859,427.39,0,
2026-02-13 04:15:00,6.974,1.889,424.16,0,
2026-02-13 04:30:00,7.062,2.325,428.74,0,
2026-02-13 04:45:00,7.148,2.096,420.97,0,
2026-02-13 05:00:00,7.033,2.137,416.02,0,
2026-02-13 05:15:00,6.943,2.04,419.55,0,
2026-02-13 05:30:00,7.0,2.063,415.4,0,
2026-02-13 05:45:00,7.083,2.023,422.14,0,
2026-02-13 06:00:00,7.019,2.224,416.99,0,
2026-02-13 06:15:00,6.948,2.153,423.15,0,
2026-02-13 06:30:00,6.946,2.248,422.29,0,
2026-02-13 06:45:00,6.943,2.25,413.96,0,
2026-02-13 07:00:00,6.979,2.153,413.66,0,
2026-02-13 07:15:00,7.019,2.017,418.28,0,
2026-02-13 07:30:00,6.995,2.025,419.33,0,
2026-02-13 07:45:00,6.956,2.732,406.64,0,
2026-02-13 08:00:00,6.858,2.522,415.13,0,
2026-02-13 08:15:00,6.85,2.524,404.54,0,
2026-02-13 08:30:00,6.935,2.246,410.5,0,
2026-02-13 08:45:00,6.834,2.373,416.46,0,
2026-02-13 09:00:00,6.883,2.274,423.55,0,
2026-02-13 09:15:00,6.902,2.225,410.02,0,
2026-02-13 09:30:00,6.824,2.359,405.49,0,
2026-02-13 09:45:00,6.824,2.673,407.97,0,
2026-02-13 10:00:00,6.865,2.626,409.87,0,
2026-02-13 10:15:00,6.891,2.381,406.56,0,
2026-02-13 10:30:00,6.914,2.505,405.21,0,
2026-02-13 10:45:00,6.888,2.69,406.93,0,
2026-02-13 11:00:00,6.859,2.518,409.99,0,
2026-02-13 11:15:00,6.816,2.641,407.55,0,
2026-02-13 11:30:00,6.798,2.713,404.58,0,
2026-02-13 11:45:00,6.825,2.736,405.35,0,
2026-02-13 12:00:00,6.87,2.738,406.34,0,
2026-02-13 12:15:00,6.867,2.624,404.03,0,
2026-02-13 12:30:00,6.746,2.661,405.27,0,
2026-02-13 12:45:00,6.814,2.594,410.81,0,
2026-02-13 13:00:00,6.915,2.549,407.49,0,
2026-02-13 13:15:00,6.862,2.784,401.62,0,
2026-02-13 13:30:00,6.791,2.94,413.01,0,
2026-02-13 13:45:00,6.983,2.626,410.9,0,
2026-02-13 14:00:00,6.869,2.887,404.08,0,
2026-02-13 14:15:00,6.894,2.976,408.56,0,
2026-02-13 14:30:00,6.901,2.594,407.31,0,
2026-02-13 14:45:00,6.869,2.838,413.69,0,
2026-02-13 15:00:00,6.858,3.133,410.03,0,
2026-02-13 15:15:00,7.007,2.975,411.8,0,
2026-02-13 15:30:00,6.959,2.616,411.94,0,
2026-02-13 15:45:00,6.958,2.998,407.41,0,
2026-02-13 16:00:00,6.954,2.788,419.62,0,
2026-02-13 16:15:00,6.883,3.003,417.34,0,
2026-02-13 16:30:00,7.006,2.793,412.42,0,
2026-02-13 16:45:00,6.91,2.884,416.91,0,
2026-02-13 17:00:00,6.975,2.806,420.79,0,
2026-02-13 17:15:00,6.889,2.879,417.88,0,
2026-02-13 17:30:00,6.878,2.784,424.66,0,
2026-02-13 17:45:00,7.006,2.825,430.89,0,
2026-02-13 18:00:00,6.96,2.67,419.5,0,
2026-02-13 18:15:00,6.91,2.906,418.45,0,
2026-02-13 18:30:00,7.047,2.844,417.61,0,
2026-02-13 18:45:00,7.135,2.558,413.49,0,
2026-02-13 19:00:00,7.108,2.932,428.1,0,
2026-02-13 19:15:00,7.035,2.737,422.44,0,
2026-02-13 19:30:00,7.058,2.768,428.09,0,
2026-02-13 19:45:00,7.111,2.837,429.61,0,
2026-02-13 20:00:00,7.131,2.749,421.68,0,
2026-02-13 20:15:00,7.066,2.852,422.94,0,
2026-02-13 20:30:00,7.093,2.609,434.28,0,
2026-02-13 20:45:00,7.114,2.784,427.63,0,
2026-02-13 21:00:00,7.134,2.622,425.84,0,
2026-02-13 21:15:00,7.106,2.654,424.84,0,
2026-02-13 21:30:00,7.113,2.613,428.95,0,
2026-02-13 21:45:00,7.194,2.712,436.01,0,
2026-02-13 22:00:00,7.19,2.608,433.13,0,
2026-02-13 22:15:00,7.158,2.407,431.49,0,
2026-02-13 22:30:00,7.225,2.352,437.44,0,
2026-02-13 22:45:00,7.123,2.415,436.95,0,
2026-02-13 23:00:00,7.226,2.282,432.93,0,
2026-02-13 23:15:00,7.174,2.214,442.87,0,
2026-02-13 23:30:00,7.312,2.028,430.91,0,
2026-02-13 23:45:00,7.09,2.091,436.37,0,
2026-02-14 00:00:00,7.116,2.598,430.43,0,
2026-02-14 00:15:00,7.171,2.179,435.59,0,
2026-02-14 00:30:00,7.169,2.542,430.9,0,
2026-02-14 00:45:00,7.245,2.297,433.61,0,
2026-02-14 01:00:00,7.111,2.21,441.15,0,
2026-02-14 01:15:00,7.187,1.974,435.17,0,
2026-02-14 01:30:00,7.197,2.183,432.99,0,
2026-02-14 01:45:00,7.17,2.451,427.66,0,
2026-02-14 02:00:00,7.082,2.387,431.15,0,
2026-02-14 02:15:00,7.195,2.182,425.95,0,
2026-02-14 02:30:00,7.18,1.958,433.07,0,
2026-02-14 02:45:00,7.143,1.978,432.47,0,
2026-02-14 03:00:00,7.116,1.986,427.77,0,
2026-02-14 03:15:00,7.11,2.299,434.57,0,
2026-02-14 03:30:00,7.087,2.348,433.4,0,
2026-02-14 03:45:00,7.115,2.13,427.27,0,
2026-02-14 04:00:00,7.077,2.055,428.26,0,
2026-02-14 04:15:00,7.024,2.333,422.95,0,
2026-02-14 04:30:00,7.005,1.957,423.5,0,
2026-02-14 04:45:00,7.011,2.115,419.55,0,
2026-02-14 05:00:00,7.05,2.183,421.19,0,
2026-02-14 05:15:00,7.028,1.992,421.92,0,
2026-02-14 05:30:00,7.03,2.035,414.92,0,
2026-02-14 05:45:00,7.035,2.034,423.09,0,
2026-02-14 06:00:00,6.969,2.366,424.09,0,
2026-02-14 06:15:00,7.063,2.455,419.18,0,
2026-02-14 06:30:00,6.967,2.2,407.64,0,
2026-02-14 06:45:00,6.949,2.159,416.65,0,
2026-02-14 07:00:00,6.985,2.127,411.32,0,
2026-02-14 07:15:00,6.86,2.237,413.7,0,
2026-02-14 07:30:00,6.903,2.174,421.22,0,
2026-02-14 07:45:00,6.983,2.263,404.95,0,
2026-02-14 08:00:00,6.838,2.362,410.73,0,
2026-02-14 08:15:00,6.973,2.262,416.65,0,
2026-02-14 08:30:00,6.984,2.318,409.89,0,
2026-02-14 08:45:00,6.883,2.344,408.97,0,
2026-02-14 09:00:00,6.909,2.349,419.64,0,
2026-02-14 09:15:00,6.943,2.356,412.49,0,
2026-02-14 09:30:00,6.858,2.562,414.22,0,
2026-02-14 09:45:00,6.919,2.208,412.0,0,
2026-02-14 10:00:00,6.837,2.736,410.25,0,
2026-02-14 10:15:00,6.842,2.546,414.29,0,
2026-02-14 10:30:00,6.821,2.644,416.53,0,
2026-02-14 10:45:00,6.875,2.687,401.9,0,
2026-02-14 11:00:00,6.913,2.497,408.27,0,
2026-02-14 11:15:00,6.844,2.491,408.06,0,
2026-02-14 11:30:00,6.788,2.498,406.39,0,
2026-02-14 11:45:00,6.796,2.64,411.95,0,
2026-02-14 12:00:00,6.87,2.805,409.03,0,
2026-02-14 12:15:00,6.943,2.635,415.73,0,
2026-02-14 12:30:00,6.871,2.835,412.5,0,
2026-02-14 12:45:00,6.834,2.409,413.69,0,
2026-02-14 13:00:00,6.893,2.725,403.61,0,
2026-02-14 13:15:00,6.846,2.976,405.41,0,
2026-02-14 13:30:00,6.843,2.792,406.02,0,
2026-02-14 13:45:00,6.818,2.708,414.53,0,
2026-02-14 14:00:00,6.941,2.748,405.74,0,
2026-02-14 14:15:00,6.748,2.405,406.27,0,
2026-02-14 14:30:00,6.921,2.718,405.99,0,
2026-02-14 14:45:00,6.864,3.037,421.99,0,
2026-02-14 15:00:00,6.873,2.799,410.95,0,
2026-02-14 15:15:00,6.986,2.823,414.21,0,
2026-02-14 15:30:00,6.873,2.547,408.13,0,
2026-02-14 15:45:00,6.883,2.655,417.17,0,
2026-02-14 16:00:00,6.918,3.079,406.91,0,
2026-02-14 16:15:00,6.954,2.992,410.78,0,
2026-02-14 16:30:00,6.921,2.702,412.48,0,
2026-02-14 16:45:00,6.873,2.798,417.02,0,
2026-02-14 17:00:00,6.918,2.882,413.72,0,
2026-02-14 17:15:00,7.035,2.699,423.75,0,
2026-02-14 17:30:00,6.984,2.569,420.45,0,
2026-02-14 17:45:00,7.013,2.835,416.46,0,
2026-02-14 18:00:00,6.987,2.932,423.99,0,
2026-02-14 18:15:00,6.977,2.921,419.21,0,
2026-02-14 18:30:00,7.103,2.949,419.2,0,
2026-02-14 18:45:00,7.02,2.568,425.92,0,
2026-02-14 19:00:00,7.017,2.792,413.29,0,
2026-02-14 19:15:00,7.103,2.723,426.8,0,
2026-02-14 19:30:00,7.021,2.73,421.74,0,
2026-02-14 19:45:00,7.037,2.69,422.45,0,
2026-02-14 20:00:00,7.076,2.601,433.83,0,
2026-02-14 20:15:00,7.083,2.224,424.54,0,
2026-02-14 20:30:00,7.104,2.827,431.13,0,
2026-02-14 20:45:00,7.203,2.678,429.03,0,
2026-02-14 21:00:00,7.123,2.381,430.02,0,
2026-02-14 21:15:00,6.994,2.649,428.02,0,
2026-02-14 21:30:00,7.135,2.485,428.31,0,
2026-02-14 21:45:00,7.127,2.463,436.09,0,
2026-02-14 22:00:00,7.132,2.385,434.11,0,
2026-02-14 22:15:00,7.147,2.554,428.76,0,
2026-02-14 22:30:00,7.137,2.328,426.9,0,
2026-02-14 22:45:00,7.139,2.257,429.03,0,
2026-02-14 23:00:00,7.176,2.566,435.52,0,
2026-02-14 23:15:00,7.12,2.345,436.48,0,
2026-02-14 23:30:00,7.101,2.325,434.12,0,
2026-02-14 23:45:00,7.301,2.427,425.51,0,
2026-02-15 00:00:00,7.114,2.2,435.02,0,
2026-02-15 00:15:00,7.155,2.208,437.19,0,
2026-02-15 00:30:00,7.074,2.302,432.59,0,
2026-02-15 00:45:00,7.153,2.005,439.69,0,
2026-02-15 01:00:00,7.098,2.25,426.31,0,
2026-02-15 01:15:00,7.12,2.086,434.1,0,
2026-02-15 01:30:00,7.191,2.311,427.01,0,
2026-02-15 01:45:00,7.158,2.249,435.0,0,
2026-02-15 02:00:00,7.158,2.216,432.84,0,
2026-02-15 02:15:00,7.036,1.9,437.18,0,
2026-02-15 02:30:00,7.211,2.115,431.52,0,
2026-02-15 02:45:00,7.053,1.945,427.41,0,
2026-02-15 03:00:00,7.182,2.108,426.52,0,
2026-02-15 03:15:00,7.15,1.76,426.91,0,
2026-02-15 03:30:00,7.12,1.872,425.26,0,
2026-02-15 03:45:00,7.041,2.279,432.06,0,
2026-02-15 04:00:00,7.083,2.155,431.1,0,
2026-02-15 04:15:00,7.043,2.048,419.32,0,
2026-02-15 04:30:00,7.059,1.967,424.75,0,
2026-02-15 04:45:00,7.036,1.945,424.11,0,
2026-02-15 05:00:00,6.937,2.144,419.98,0,
2026-02-15 05:15:00,7.085,2.07,424.09,0,
2026-02-15 05:30:00,7.016,2.362,427.41,0,
2026-02-15 05:45:00,6.986,2.114,424.35,0,
2026-02-15 06:00:00,6.972,2.162,425.39,0,
2026-02-15 06:15:00,7.008,1.959,416.34,0,
2026-02-15 06:30:00,6.936,2.129,418.58,0,
2026-02-15 06:45:00,6.858,2.226,414.6,0,
2026-02-15 07:00:00,6.982,2.161,417.85,0,
2026-02-15 07:15:00,6.978,2.163,417.46,0,
2026-02-15 07:30:00,6.933,2.306,419.25,0,
2026-02-15 07:45:00,6.876,2.505,419.95,0,
2026-02-15 08:00:00,6.929,2.322,416.76,0,
2026-02-15 08:15:00,6.843,2.495,409.89,0,
2026-02-15 08:30:00,6.857,2.44,407.29,0,
2026-02-15 08:45:00,6.864,2.534,414.17,0,
2026-02-15 09:00:00,6.936,2.305,417.52,0,
2026-02-15 09:15:00,6.869,2.391,410.88,0,
2026-02-15 09:30:00,6.859,2.417,404.37,0,
2026-02-15 09:45:00,6.973,2.556,418.36,0,
2026-02-15 10:00:00,6.888,2.619,411.57,0,
2026-02-15 10:15:00,6.882,2.545,409.92,0,
2026-02-15 10:30:00,6.843,2.684,404.24,0,
2026-02-15 10:45:00,6.828,2.494,408.7,0,
2026-02-15 11:00:00,6.746,2.736,411.16,0,
2026-02-15 11:15:00,6.901,2.781,410.24,0,
2026-02-15 11:30:00,6.874,2.755,405.38,0,
2026-02-15 11:45:00,6.841,2.697,407.8,0,
2026-02-15 12:00:00,6.843,2.807,405.54,0,
2026-02-15 12:15:00,6.887,2.588,414.68,0,
2026-02-15 12:30:00,6.774,2.773,411.68,0,
2026-02-15 12:45:00,6.823,2.809,406.13,0,
2026-02-15 13:00:00,6.798,2.583,403.74,0,
2026-02-15 13:15:00,6.947,2.872,409.75,0,
2026-02-15 13:30:00,6.905,2.63,406.94,0,
2026-02-15 13:45:00,6.755,2.768,407.56,0,
2026-02-15 14:00:00,6.794,2.852,405.07,0,
2026-02-15 14:15:00,6.869,2.749,405.98,0,
2026-02-15 14:30:00,6.857,2.882,411.13,0,
2026-02-15 14:45:00,6.821,2.889,409.91,0,
2026-02-15 15:00:00,6.991,2.763,421.5,0,
2026-02-15 15:15:00,6.917,2.978,414.46,0,
2026-02-15 15:30:00,6.932,2.782,408.09,0,
2026-02-15 15:45:00,6.882,3.242,407.19,0,
2026-02-15 16:00:00,6.961,2.884,415.59,0,
2026-02-15 16:15:00,6.915,2.723,413.11,0,
2026-02-15 16:30:00,6.928,2.749,420.73,0,
2026-02-15 16:45:00,6.982,3.064,417.27,0,
2026-02-15 17:00:00,6.88,2.825,408.96,0,
2026-02-15 17:15:00,7.051,2.674,413.58,0,
2026-02-15 17:30:00,6.99,2.998,415.73,0,
2026-02-15 17:45:00,7.054,2.796,420.98,0,
2026-02-15 18:00:00,6.946,2.944,415.79,0,
2026-02-15 18:15:00,6.964,2.973,421.4,0,
2026-02-15 18:30:00,6.961,2.859,416.22,0,
2026-02-15 18:45:00,7.042,3.16,422.37,0,
2026-02-15 19:00:00,7.042,2.524,424.59,0,
2026-02-15 19:15:00,7.025,2.641,429.7,0,
2026-02-15 19:30:00,7.007,2.705,425.57,0,
2026-02-15 19:45:00,7.003,3.061,422.04,0,
2026-02-15 20:00:00,7.073,2.97,431.97,0,
2026-02-15 20:15:00,7.06,2.87,425.93,0,
2026-02-15 20:30:00,7.057,2.534,430.4,0,
2026-02-15 20:45:00,7.176,2.527,425.46,0,
2026-02-15 21:00:00,7.102,2.479,428.85,0,
2026-02-15 21:15:00,7.176,2.461,425.82,0,
2026-02-15 21:30:00,7.092,2.776,430.81,0,
2026-02-15 21:45:00,7.137,2.49,433.19,0,
2026-02-15 22:00:00,7.127,2.483,428.41,0,
2026-02-15 22:15:00,7.05,2.59,428.56,0,
2026-02-15 22:30:00,7.21,2.198,432.51,0,
2026-02-15 22:45:00,7.135,2.43,428.06,0,
2026-02-15 23:00:00,7.182,2.232,425.52,0,
2026-02-15 23:15:00,7.11,2.327,433.18,0,
2026-02-15 23:30:00,7.14,2.259,431.47,0,
2026-02-15 23:45:00,7.106,2.227,431.46,0,
2026-02-16 00:00:00,7.212,2.334,434.08,0,
2026-02-16 00:15:00,7.165,2.311,434.62,0,
2026-02-16 00:30:00,7.167,2.224,431.25,0,
2026-02-16 00:45:00,7.215,2.292,427.28,0,
2026-02-16 01:00:00,7.203,2.087,429.04,0,
2026-02-16 01:15:00,7.18,2.302,433.7,0,
2026-02-16 01:30:00,7.067,2.152,431.63,0,
2026-02-16 01:45:00,7.1,2.095,428.56,0,
2026-02-16 02:00:00,7.08,2.034,427.25,0,
2026-02-16 02:15:00,7.161,2.105,432.45,0,
2026-02-16 02:30:00,7.128,2.411,428.63,0,
2026-02-16 02:45:00,7.043,2.112,432.03,0,
2026-02-16 03:00:00,7.097,1.942,432.0,0,
2026-02-16 03:15:00,7.024,2.246,426.66,0,
2026-02-16 03:30:00,7.089,2.033,431.1,0,
2026-02-16 03:45:00,7.001,2.143,427.22,0,
2026-02-16 04:00:00,7.101,2.009,427.07,0,
2026-02-16 04:15:00,7.085,2.293,416.55,0,
2026-02-16 04:30:00,7.153,2.015,420.71,0,
2026-02-16 04:45:00,7.091,2.317,420.19,0,
2026-02-16 05:00:00,7.018,1.956,421.83,0,
2026-02-16 05:15:00,7.07,2.077,422.8,0,
2026-02-16 05:30:00,6.95,2.34,422.19,0,
2026-02-16 05:45:00,6.962,2.166,421.93,0,
2026-02-16 06:00:00,7.017,2.494,417.26,0,
2026-02-16 06:15:00,6.882,2.127,421.98,0,
2026-02-16 06:30:00,6.979,2.221,425.67,0,
2026-02-16 06:45:00,6.92,2.485,416.25,0,
2026-02-16 07:00:00,6.966,1.99,414.24,0,
2026-02-16 07:15:00,6.898,1.991,413.4,0,
2026-02-16 07:30:00,6.964,2.137,415.75,0,
2026-02-16 07:45:00,6.935,2.4,412.59,0,
2026-02-16 08:00:00,6.995,2.059,407.08,0,
2026-02-16 08:15:00,6.917,2.413,407.51,0,
2026-02-16 08:30:00,6.87,2.426,416.78,0,
2026-02-16 08:45:00,6.889,2.674,417.22,0,
2026-02-16 09:00:00,6.827,2.553,417.91,0,
2026-02-16 09:15:00,6.908,2.477,411.88,0,
2026-02-16 09:30:00,6.91,2.652,406.52,0,
2026-02-16 09:45:00,6.999,2.555,408.27,0,
2026-02-16 10:00:00,6.839,2.431,403.64,0,
2026-02-16 10:15:00,6.852,2.354,403.12,0,
2026-02-16 10:30:00,6.833,2.467,409.93,0,
2026-02-16 10:45:00,6.869,2.572,410.79,0,
2026-02-16 11:00:00,6.874,2.63,416.24,0,
2026-02-16 11:15:00,6.85,2.308,407.9,0,
2026-02-16 11:30:00,6.906,2.62,402.67,0,
2026-02-16 11:45:00,6.819,2.681,407.54,0,
2026-02-16 12:00:00,6.899,2.782,406.87,0,
2026-02-16 12:15:00,6.877,2.966,406.06,0,
2026-02-16 12:30:00,6.851,2.771,409.48,0,
2026-02-16 12:45:00,6.837,2.627,403.37,0,
2026-02-16 13:00:00,6.976,2.51,408.93,0,
2026-02-16 13:15:00,6.817,2.904,411.24,0,
2026-02-16 13:30:00,6.876,2.687,414.59,0,
2026-02-16 13:45:00,6.828,2.963,410.48,0,
2026-02-16 14:00:00,6.959,3.056,413.78,0,
2026-02-16 14:15:00,6.92,2.627,408.25,0,
2026-02-16 14:30:00,6.847,2.953,409.26,0,
2026-02-16 14:45:00,6.913,3.073,416.37,0,
2026-02-16 15:00:00,6.907,3.039,406.03,0,
2026-02-16 15:15:00,6.875,2.578,410.48,0,
2026-02-16 15:30:00,6.947,2.769,417.21,0,
2026-02-16 15:45:00,6.936,2.707,412.49,0,
2026-02-16 16:00:00,6.936,2.979,412.86,0,
2026-02-16 16:15:00,6.932,2.961,413.63,0,
2026-02-16 16:30:00,6.964,2.492,415.88,0,
2026-02-16 16:45:00,6.963,2.847,420.49,0,
2026-02-16 17:00:00,6.964,3.006,420.59,0,
2026-02-16 17:15:00,6.939,2.901,417.7,0,
2026-02-16 17:30:00,7.065,2.891,422.8,0,
2026-02-16 17:45:00,6.938,2.804,420.58,0,
2026-02-16 18:00:00,7.021,2.688,423.44,0,
2026-02-16 18:15:00,6.994,2.83,416.67,0,
2026-02-16 18:30:00,7.108,2.825,428.52,0,
2026-02-16 18:45:00,6.984,2.893,423.22,0,
2026-02-16 19:00:00,7.002,2.887,412.11,0,
2026-02-16 19:15:00,7.0,2.777,430.5,0,
2026-02-16 19:30:00,7.074,2.908,424.61,0,
2026-02-16 19:45:00,6.998,2.666,423.73,0,
2026-02-16 20:00:00,7.051,2.483,423.58,0,
2026-02-16 20:15:00,6.976,2.748,428.42,0,
2026-02-16 20:30:00,7.103,2.672,423.75,0,
2026-02-16 20:45:00,7.074,2.703,425.6,0,
2026-02-16 21:00:00,7.032,2.414,426.27,0,
2026-02-16 21:15:00,7.167,2.847,427.85,0,
2026-02-16 21:30:00,7.054,2.659,427.46,0,
2026-02-16 21:45:00,7.165,2.483,433.39,0,
2026-02-16 22:00:00,7.095,2.36,431.48,0,
2026-02-16 22:15:00,7.215,2.635,432.33,0,
2026-02-16 22:30:00,7.176,2.283,433.53,0,
2026-02-16 22:45:00,7.092,2.761,430.99,0,
2026-02-16 23:00:00,7.099,2.304,427.51,0,
2026-02-16 23:15:00,7.177,2.629,438.99,0,
2026-02-16 23:30:00,7.136,2.319,435.61,0,
2026-02-16 23:45:00,7.141,2.56,438.43,0,
2026-02-17 00:00:00,7.214,2.19,436.14,0,
2026-02-17 00:15:00,7.112,2.281,430.13,0,
2026-02-17 00:30:00,7.153,2.377,422.51,0,
2026-02-17 00:45:00,7.195,2.336,426.85,0,
2026-02-17 01:00:00,7.185,2.382,434.14,0,
2026-02-17 01:15:00,7.134,2.126,430.96,0,
2026-02-17 01:30:00,7.124,2.195,429.41,0,
2026-02-17 01:45:00,7.048,2.355,420.78,0,
2026-02-17 02:00:00,7.077,2.048,430.34,0,
2026-02-17 02:15:00,7.141,2.227,425.65,0,
2026-02-17 02:30:00,7.112,2.098,426.62,0,
2026-02-17 02:45:00,7.117,2.152,432.42,0,
2026-02-17 03:00:00,7.158,2.126,424.37,0,
2026-02-17 03:15:00,7.04,1.989,424.18,0,
2026-02-17 03:30:00,7.08,2.064,428.05,0,
2026-02-17 03:45:00,7.093,2.123,430.16,0,
2026-02-17 04:00:00,7.04,2.085,424.39,0,
2026-02-17 04:15:00,7.138,2.337,431.18,0,
2026-02-17 04:30:00,7.103,2.255,419.48,0,
2026-02-17 04:45:00,7.063,2.151,418.04,0,
2026-02-17 05:00:00,7.129,1.999,416.95,0,
2026-02-17 05:15:00,6.954,1.998,415.73,0,
2026-02-17 05:30:00,7.019,2.427,422.91,0,
2026-02-17 05:45:00,7.028,1.99,416.87,0,
2026-02-17 06:00:00,6.954,2.171,414.36,0,
2026-02-17 06:15:00,7.005,2.222,420.73,0,
2026-02-17 06:30:00,6.925,2.136,421.73,0,
2026-02-17 06:45:00,7.005,2.049,421.86,0,
2026-02-17 07:00:00,7.014,2.099,420.4,0,
2026-02-17 07:15:00,6.965,2.154,412.47,0,
2026-02-17 07:30:00,6.85,2.15,416.51,0,
2026-02-17 07:45:00,6.885,2.477,416.68,0,
2026-02-17 08:00:00,6.953,2.299,412.1,0,
2026-02-17 08:15:00,6.918,2.245,413.99,0,
2026-02-17 08:30:00,6.774,2.363,407.69,0,
2026-02-17 08:45:00,6.963,2.472,409.58,0,
2026-02-17 09:00:00,6.901,2.345,413.0,0,
2026-02-17 09:15:00,6.846,2.557,417.01,0,
2026-02-17 09:30:00,6.931,2.257,415.09,0,
2026-02-17 09:45:00,6.841,2.65,412.67,0,
2026-02-17 10:00:00,6.836,2.499,409.93,0,
2026-02-17 10:15:00,6.883,2.519,408.94,0,
2026-02-17 10:30:00,6.95,2.448,403.12,0,
2026-02-17 10:45:00,6.939,2.394,405.29,0,
2026-02-17 11:00:00,6.873,2.354,405.2,0,
2026-02-17 11:15:00,6.876,2.514,410.53,0,
2026-02-17 11:30:00,6.891,2.741,411.88,0,
2026-02-17 11:45:00,6.787,2.533,410.97,0,
2026-02-17 12:00:00,6.882,2.468,412.73,0,
2026-02-17 12:15:00,6.814,2.586,408.31,0,
2026-02-17 12:30:00,6.867,2.686,404.17,0,
2026-02-17 12:45:00,6.842,2.712,408.03,0,
2026-02-17 13:00:00,6.88,2.764,405.51,0,
2026-02-17 13:15:00,6.864,2.956,411.27,0,
2026-02-17 13:30:00,6.708,3.005,407.48,0,
2026-02-17 13:45:00,6.874,3.133,408.84,0,
2026-02-17 14:00:00,6.902,2.603,412.38,0,
2026-02-17 14:15:00,6.898,2.73,407.06,0,
2026-02-17 14:30:00,6.876,2.974,414.34,0,
2026-02-17 14:45:00,6.969,2.811,405.59,0,
2026-02-17 15:00:00,6.91,3.015,412.74,0,
2026-02-17 15:15:00,6.923,2.923,411.72,0,
2026-02-17 15:30:00,6.961,3.133,416.0,0,
2026-02-17 15:45:00,6.935,3.056,407.84,0,
2026-02-17 16:00:00,6.88,3.059,407.88,0,
2026-02-17 16:15:00,6.812,2.837,417.69,0,
2026-02-17 16:30:00,6.919,2.882,413.84,0,
2026-02-17 16:45:00,6.99,2.847,415.78,0,
2026-02-17 17:00:00,6.944,2.66,414.26,0,
2026-02-17 17:15:00,7.011,3.1,421.31,0,
2026-02-17 17:30:00,6.988,2.981,419.63,0,
2026-02-17 17:45:00,7.055,2.807,420.18,0,
2026-02-17 18:00:00,6.985,3.042,415.32,0,
2026-02-17 18:15:00,7.033,2.738,422.79,0,
2026-02-17 18:30:00,7.045,2.542,417.6,0,
2026-02-17 18:45:00,7.104,2.952,419.71,0,
2026-02-17 19:00:00,6.953,2.591,417.64,0,
2026-02-17 19:15:00,7.025,2.734,423.23,0,
2026-02-17 19:30:00,7.1,2.774,428.85,0,
2026-02-17 19:45:00,7.144,2.78,426.21,0,
2026-02-17 20:00:00,7.087,2.827,424.23,0,
2026-02-17 20:15:00,7.069,2.764,427.1,0,
2026-02-17 20:30:00,7.129,2.736,427.72,0,
2026-02-17 20:45:00,7.142,2.51,428.18,0,
2026-02-17 21:00:00,7.088,2.648,429.19,0,
2026-02-17 21:15:00,7.129,2.352,424.86,0,
2026-02-17 21:30:00,7.178,2.787,429.95,0,
2026-02-17 21:45:00,7.219,2.316,422.96,0,
2026-02-17 22:00:00,7.167,2.448,432.69,0,
2026-02-17 22:15:00,7.137,2.276,426.35,0,
2026-02-17 22:30:00,7.136,2.338,435.8,0,
2026-02-17 22:45:00,7.17,2.424,421.58,0,
2026-02-17 23:00:00,7.139,2.317,438.29,0,
2026-02-17 23:15:00,7.157,2.543,425.21,0,
2026-02-17 23:30:00,7.096,2.381,427.1,0,
2026-02-17 23:45:00,7.215,2.254,433.17,0,
2026-02-18 00:00:00,7.093,2.28,,1,
2026-02-18 00:15:00,7.128,2.461,,1,
2026-02-18 00:30:00,7.154,2.393,,1,
2026-02-18 00:45:00,7.247,2.065,,1,
2026-02-18 01:00:00,7.124,2.115,,1,
2026-02-18 01:15:00,7.109,2.27,,1,
2026-02-18 01:30:00,7.111,2.236,,1,
2026-02-18 01:45:00,7.217,2.01,,1,
2026-02-18 02:00:00,6.989,2.266,,1,
2026-02-18 02:15:00,7.075,2.008,,1,
2026-02-18 02:30:00,7.256,2.326,,1,
2026-02-18 02:45:00,7.142,2.201,,1,
2026-02-18 03:00:00,7.051,1.944,,1,
2026-02-18 03:15:00,7.097,2.028,,1,
2026-02-18 03:30:00,7.095,2.021,,1,
2026-02-18 03:45:00,7.126,2.125,,1,
2026-02-18 04:00:00,7.167,2.069,,1,
2026-02-18 04:15:00,7.086,1.929,,1,
2026-02-18 04:30:00,7.03,1.894,,1,
2026-02-18 04:45:00,7.088,2.19,,1,
2026-02-18 05:00:00,7.004,2.157,,1,
2026-02-18 05:15:00,6.978,2.137,,1,
2026-02-18 05:30:00,6.932,2.171,,1,
2026-02-18 05:45:00,6.932,2.048,,1,
2026-02-18 06:00:00,6.955,2.181,,1,
2026-02-18 06:15:00,6.931,2.548,,1,
2026-02-18 06:30:00,6.996,2.359,,1,
2026-02-18 06:45:00,6.911,2.156,,1,
2026-02-18 07:00:00,6.804,2.139,,1,
2026-02-18 07:15:00,6.9,1.807,,1,
2026-02-18 07:30:00,6.919,2.417,,1,
2026-02-18 07:45:00,6.903,2.396,,1,
2026-02-18 08:00:00,7.001,2.218,,1,
2026-02-18 08:15:00,6.886,2.108,,1,
2026-02-18 08:30:00,6.953,2.174,,1,
2026-02-18 08:45:00,6.9,2.438,,1,
2026-02-18 09:00:00,6.892,2.383,,1,
2026-02-18 09:15:00,6.845,2.526,,1,
2026-02-18 09:30:00,6.878,2.461,,1,
2026-02-18 09:45:00,6.837,2.619,,1,
2026-02-18 10:00:00,6.879,2.555,,1,
2026-02-18 10:15:00,6.854,2.65,,1,
2026-02-18 10:30:00,6.814,2.239,,1,
2026-02-18 10:45:00,6.908,2.393,,1,
2026-02-18 11:00:00,6.876,2.549,,1,
2026-02-18 11:15:00,6.83,2.791,,1,
2026-02-18 11:30:00,6.859,2.935,,1,
2026-02-18 11:45:00,6.846,2.652,,1,
2026-02-18 12:00:00,6.807,2.608,,1,
2026-02-18 12:15:00,6.854,2.429,,1,
2026-02-18 12:30:00,6.82,2.873,,1,
2026-02-18 12:45:00,6.806,2.681,,1,
2026-02-18 13:00:00,6.774,3.227,,1,
2026-02-18 13:15:00,6.84,2.69,,1,
2026-02-18 13:30:00,6.89,3.133,,1,
2026-02-18 13:45:00,6.831,2.945,,1,
2026-02-18 14:00:00,6.996,2.692,,1,
2026-02-18 14:15:00,6.92,2.894,,1,
2026-02-18 14:30:00,6.946,2.985,,1,
2026-02-18 14:45:00,6.927,2.845,,1,
2026-02-18 15:00:00,6.987,3.012,,1,
2026-02-18 15:15:00,6.862,3.015,,1,
2026-02-18 15:30:00,6.781,2.986,,1,
2026-02-18 15:45:00,6.894,2.897,,1,
2026-02-18 16:00:00,6.953,2.724,,1,
2026-02-18 16:15:00,6.941,2.888,,1,
2026-02-18 16:30:00,6.956,2.923,,1,
2026-02-18 16:45:00,7.018,2.611,,1,
2026-02-18 17:00:00,6.98,2.912,,1,
2026-02-18 17:15:00,7.011,2.864,,1,
2026-02-18 17:30:00,6.933,2.675,,1,
2026-02-18 17:45:00,6.935,2.809,,1,
2026-02-18 18:00:00,7.081,2.8,,1,
2026-02-18 18:15:00,7.015,3.122,,1,
2026-02-18 18:30:00,6.988,2.85,,1,
2026-02-18 18:45:00,6.998,2.956,,1,
2026-02-18 19:00:00,7.006,2.765,,1,
2026-02-18 19:15:00,7.013,2.483,,1,
2026-02-18 19:30:00,6.993,2.844,,1,
2026-02-18 19:45:00,6.991,2.624,,1,
2026-02-18 20:00:00,7.065,2.65,,1,
2026-02-18 20:15:00,7.054,2.519,,1,
2026-02-18 20:30:00,7.147,2.664,,1,
2026-02-18 20:45:00,7.114,2.788,,1,
2026-02-18 21:00:00,7.119,2.743,,1,
2026-02-18 21:15:00,7.076,2.816,,1,
2026-02-18 21:30:00,7.113,2.811,,1,
2026-02-18 21:45:00,7.143,2.219,,1,
2026-02-18 22:00:00,7.166,2.321,,1,
2026-02-18 22:15:00,7.13,2.203,,1,
2026-02-18 22:30:00,7.193,2.543,,1,
2026-02-18 22:45:00,7.142,2.318,,1,
2026-02-18 23:00:00,7.185,2.323,,1,
2026-02-18 23:15:00,7.123,2.339,,1,
2026-02-18 23:30:00,7.058,2.404,,1,
2026-02-18 23:45:00,7.163,2.1,,1,
2026-02-19 00:00:00,7.186,2.111,437.29,0,CO2 sensor replaced – dropout cause: cable fault
2026-02-19 00:15:00,7.178,2.278,431.75,0,
2026-02-19 00:30:00,7.17,2.436,424.98,0,
2026-02-19 00:45:00,7.13,2.232,431.5,0,
2026-02-19 01:00:00,7.105,2.098,431.94,0,
2026-02-19 01:15:00,7.17,1.877,433.44,0,
2026-02-19 01:30:00,7.16,2.326,424.96,0,
2026-02-19 01:45:00,7.106,2.057,429.51,0,
2026-02-19 02:00:00,7.185,1.981,433.86,0,
2026-02-19 02:15:00,7.081,1.884,429.56,0,
2026-02-19 02:30:00,7.09,1.915,428.3,0,
2026-02-19 02:45:00,7.195,1.977,436.65,0,
2026-02-19 03:00:00,7.149,2.078,424.21,0,
2026-02-19 03:15:00,7.081,1.926,432.84,0,
2026-02-19 03:30:00,7.106,2.131,431.39,0,
2026-02-19 03:45:00,7.091,2.064,425.77,0,
2026-02-19 04:00:00,6.938,2.433,425.87,0,
2026-02-19 04:15:00,7.021,1.845,425.16,0,
2026-02-19 04:30:00,7.055,2.128,425.32,0,
2026-02-19 04:45:00,7.03,2.134,421.48,0,
2026-02-19 05:00:00,7.051,1.959,421.39,0,
2026-02-19 05:15:00,7.086,2.136,420.92,0,
2026-02-19 05:30:00,7.004,2.246,420.27,0,
2026-02-19 05:45:00,6.957,2.156,419.54,0,
2026-02-19 06:00:00,7.016,2.361,411.04,0,
2026-02-19 06:15:00,6.974,1.841,419.61,0,
2026-02-19 06:30:00,6.973,2.056,416.32,0,
2026-02-19 06:45:00,6.956,2.421,410.19,0,
2026-02-19 07:00:00,7.073,2.354,415.49,0,
2026-02-19 07:15:00,6.84,2.317,414.62,0,
2026-02-19 07:30:00,6.923,2.441,420.51,0,
2026-02-19 07:45:00,6.933,1.99,412.54,0,
2026-02-19 08:00:00,6.886,2.419,416.67,0,
2026-02-19 08:15:00,6.962,2.483,418.86,0,
2026-02-19 08:30:00,6.949,2.248,410.18,0,
2026-02-19 08:45:00,6.899,2.766,411.9,0,
2026-02-19 09:00:00,6.88,2.426,418.43,0,
2026-02-19 09:15:00,6.882,2.093,411.89,0,
2026-02-19 09:30:00,6.876,2.505,411.97,0,
2026-02-19 09:45:00,6.871,2.366,408.39,0,
2026-02-19 10:00:00,6.861,2.675,412.36,0,
2026-02-19 10:15:00,6.878,2.608,409.08,0,
2026-02-19 10:30:00,6.899,2.463,401.59,0,
2026-02-19 10:45:00,6.796,2.803,407.22,0,
2026-02-19 11:00:00,6.803,2.744,403.68,0,
2026-02-19 11:15:00,6.765,2.504,408.68,0,
2026-02-19 11:30:00,6.895,2.63,404.44,0,
2026-02-19 11:45:00,6.863,2.754,409.94,0,
2026-02-19 12:00:00,6.875,2.645,408.18,0,
2026-02-19 12:15:00,6.779,2.672,403.03,0,
2026-02-19 12:30:00,6.941,2.749,406.13,0,
2026-02-19 12:45:00,6.822,2.604,410.71,0,
2026-02-19 13:00:00,6.864,2.448,413.0,0,
2026-02-19 13:15:00,6.901,2.837,405.03,0,
2026-02-19 13:30:00,6.812,2.519,404.52,0,
2026-02-19 13:45:00,6.838,2.684,417.04,0,
2026-02-19 14:00:00,6.879,2.581,409.57,0,
2026-02-19 14:15:00,7.018,2.611,410.39,0,
2026-02-19 14:30:00,6.896,2.934,407.52,0,
2026-02-19 14:45:00,6.968,2.845,411.84,0,
2026-02-19 15:00:00,6.954,2.848,418.38,0,
2026-02-19 15:15:00,6.919,2.695,413.11,0,
2026-02-19 15:30:00,6.859,2.798,416.95,0,
2026-02-19 15:45:00,6.97,2.956,413.45,0,
2026-02-19 16:00:00,6.85,2.892,409.9,0,
2026-02-19 16:15:00,7.014,3.023,411.96,0,
2026-02-19 16:30:00,6.953,3.041,410.94,0,
2026-02-19 16:45:00,6.819,2.854,417.01,0,
2026-02-19 17:00:00,6.944,2.609,421.79,0,
2026-02-19 17:15:00,7.003,2.765,418.3,0,
2026-02-19 17:30:00,6.969,2.855,417.2,0,
2026-02-19 17:45:00,7.026,2.742,416.06,0,
2026-02-19 18:00:00,6.957,2.688,421.42,0,
2026-02-19 18:15:00,6.945,2.843,415.83,0,
2026-02-19 18:30:00,7.016,3.182,417.03,0,
2026-02-19 18:45:00,7.031,2.728,425.94,0,
2026-02-19 19:00:00,7.021,2.782,421.99,0,
2026-02-19 19:15:00,7.11,2.567,422.67,0,
2026-02-19 19:30:00,7.015,2.93,423.92,0,
2026-02-19 19:45:00,7.082,2.853,428.21,0,
2026-02-19 20:00:00,7.078,2.821,426.66,0,
2026-02-19 20:15:00,7.005,2.881,423.69,0,
2026-02-19 20:30:00,7.025,2.589,424.48,0,
2026-02-19 20:45:00,7.099,2.583,427.13,0,
2026-02-19 21:00:00,7.205,2.86,429.69,0,
2026-02-19 21:15:00,7.142,2.673,428.88,0,
2026-02-19 21:30:00,7.033,2.219,429.02,0,
2026-02-19 21:45:00,6.969,2.594,430.16,0,
2026-02-19 22:00:00,7.167,2.413,430.25,0,
2026-02-19 22:15:00,7.13,2.609,427.64,0,
2026-02-19 22:30:00,7.196,2.509,435.51,0,
2026-02-19 22:45:00,7.098,2.161,429.43,0,
2026-02-19 23:00:00,7.162,2.437,432.11,0,
2026-02-19 23:15:00,7.189,2.403,423.53,0,
2026-02-19 23:30:00,7.126,2.401,431.04,0,
2026-02-19 23:45:00,7.128,2.409,427.58,0,
2026-02-20 00:00:00,7.151,2.524,428.08,0,
2026-02-20 00:15:00,7.177,2.34,441.66,0,
2026-02-20 00:30:00,7.148,2.26,432.9,0,
2026-02-20 00:45:00,7.196,2.408,436.67,0,
2026-02-20 01:00:00,7.122,2.554,435.01,0,
2026-02-20 01:15:00,7.076,2.337,435.3,0,
2026-02-20 01:30:00,7.237,2.214,430.29,0,
2026-02-20 01:45:00,7.104,2.232,437.19,0,
2026-02-20 02:00:00,7.101,2.192,433.78,0,
2026-02-20 02:15:00,7.121,2.144,430.14,0,
2026-02-20 02:30:00,7.122,2.455,430.57,0,
2026-02-20 02:45:00,7.093,2.009,428.48,0,
2026-02-20 03:00:00,7.105,2.287,428.69,0,
2026-02-20 03:15:00,7.097,2.089,427.74,0,
2026-02-20 03:30:00,7.1,1.881,428.83,0,
2026-02-20 03:45:00,6.965,2.073,433.63,0,
2026-02-20 04:00:00,7.169,2.018,421.18,0,
2026-02-20 04:15:00,7.059,2.187,429.88,0,
2026-02-20 04:30:00,7.086,2.117,423.12,0,
2026-02-20 04:45:00,6.979,1.954,428.94,0,
2026-02-20 05:00:00,7.015,2.334,421.77,0,
2026-02-20 05:15:00,6.996,2.285,423.99,0,
2026-02-20 05:30:00,7.093,2.368,420.93,0,
2026-02-20 05:45:00,6.981,2.177,413.86,0,
2026-02-20 06:00:00,7.038,2.148,426.96,0,
2026-02-20 06:15:00,6.958,2.273,415.44,0,
2026-02-20 06:30:00,6.958,2.096,418.77,0,
2026-02-20 06:45:00,6.958,2.219,413.45,0,
2026-02-20 07:00:00,7.025,2.191,411.55,0,
2026-02-20 07:15:00,6.857,2.017,415.32,0,
2026-02-20 07:30:00,6.877,2.276,413.03,0,
2026-02-20 07:45:00,6.836,2.212,410.02,0,
2026-02-20 08:00:00,6.871,2.264,413.86,0,
2026-02-20 08:15:00,6.876,2.378,407.41,0,
2026-02-20 08:30:00,6.828,2.538,413.2,0,
2026-02-20 08:45:00,6.864,2.244,411.58,0,
2026-02-20 09:00:00,6.793,2.346,401.59,0,
2026-02-20 09:15:00,6.836,2.307,408.89,0,
2026-02-20 09:30:00,6.941,2.323,412.35,0,
2026-02-20 09:45:00,6.895,2.385,405.77,0,
2026-02-20 10:00:00,6.879,2.471,411.65,0,
2026-02-20 10:15:00,6.815,2.614,410.97,0,
2026-02-20 10:30:00,6.785,2.6,404.84,0,
2026-02-20 10:45:00,6.801,2.42,408.59,0,
2026-02-20 11:00:00,6.853,2.798,411.71,0,
2026-02-20 11:15:00,6.896,2.77,404.72,0,
2026-02-20 11:30:00,6.896,2.518,407.28,0,
2026-02-20 11:45:00,6.882,2.861,412.63,0,
2026-02-20 12:00:00,6.813,2.749,404.57,0,
2026-02-20 12:15:00,6.852,2.699,409.86,0,
2026-02-20 12:30:00,6.835,2.797,403.79,0,
2026-02-20 12:45:00,6.843,2.76,407.59,0,
2026-02-20 13:00:00,6.957,2.865,410.2,0,
2026-02-20 13:15:00,6.77,2.829,399.02,0,
2026-02-20 13:30:00,6.85,2.767,406.78,0,
2026-02-20 13:45:00,6.926,2.529,410.95,0,
2026-02-20 14:00:00,6.797,2.925,410.51,0,
2026-02-20 14:15:00,6.843,2.803,407.93,0,
2026-02-20 14:30:00,6.855,2.986,406.06,0,
2026-02-20 14:45:00,6.876,2.951,413.49,0,
2026-02-20 15:00:00,6.814,2.834,410.23,0,
2026-02-20 15:15:00,6.931,3.046,414.27,0,
2026-02-20 15:30:00,6.942,2.927,414.22,0,
2026-02-20 15:45:00,6.942,2.924,411.54,0,
2026-02-20 16:00:00,6.881,2.879,418.29,0,
2026-02-20 16:15:00,6.938,3.152,412.32,0,
2026-02-20 16:30:00,6.898,2.79,420.17,0,
2026-02-20 16:45:00,6.935,2.844,421.43,0,
2026-02-20 17:00:00,7.069,2.701,421.09,0,
2026-02-20 17:15:00,6.976,2.988,416.94,0,
2026-02-20 17:30:00,6.921,2.782,428.62,0,
2026-02-20 17:45:00,6.999,2.788,419.82,0,
2026-02-20 18:00:00,6.932,2.769,420.96,0,
2026-02-20 18:15:00,6.95,2.842,420.7,0,
2026-02-20 18:30:00,6.968,2.63,417.05,0,
2026-02-20 18:45:00,7.007,2.464,427.52,0,
2026-02-20 19:00:00,7.086,2.851,420.82,0,
2026-02-20 19:15:00,7.077,2.447,427.54,0,
2026-02-20 19:30:00,7.084,2.872,429.23,0,
2026-02-20 19:45:00,7.011,2.956,427.72,0,
2026-02-20 20:00:00,7.048,2.675,423.23,0,
2026-02-20 20:15:00,7.097,2.872,425.3,0,
2026-02-20 20:30:00,7.06,2.649,416.6,0,
2026-02-20 20:45:00,7.085,2.868,427.45,0,
2026-02-20 21:00:00,7.128,2.535,431.7,0,
2026-02-20 21:15:00,7.095,2.223,428.07,0,
2026-02-20 21:30:00,7.13,2.54,427.16,0,
2026-02-20 21:45:00,7.204,2.782,428.79,0,
2026-02-20 22:00:00,7.121,2.58,435.25,0,
2026-02-20 22:15:00,7.193,2.397,430.55,0,
2026-02-20 22:30:00,7.167,2.497,438.52,0,
2026-02-20 22:45:00,7.069,2.568,429.08,0,
2026-02-20 23:00:00,7.09,2.384,432.46,0,
2026-02-20 23:15:00,7.105,2.765,430.04,0,
2026-02-20 23:30:00,7.106,2.269,440.2,0,
2026-02-20 23:45:00,7.145,2.473,432.69,0,
2026-02-21 00:00:00,7.181,2.414,440.51,0,
2026-02-21 00:15:00,7.212,2.173,430.29,0,
2026-02-21 00:30:00,7.164,2.193,438.01,0,
2026-02-21 00:45:00,7.125,2.389,432.24,0,
2026-02-21 01:00:00,7.041,2.239,434.94,0,
2026-02-21 01:15:00,7.146,2.25,426.48,0,
2026-02-21 01:30:00,7.14,1.937,432.48,0,
2026-02-21 01:45:00,7.144,2.266,426.49,0,
2026-02-21 02:00:00,7.235,2.197,431.42,0,
2026-02-21 02:15:00,7.187,2.132,423.9,0,
2026-02-21 02:30:00,7.158,2.185,429.14,0,
2026-02-21 02:45:00,7.065,2.06,433.4,0,
2026-02-21 03:00:00,7.08,2.025,430.68,0,
2026-02-21 03:15:00,7.094,2.071,422.98,0,
2026-02-21 03:30:00,7.053,2.034,419.71,0,
2026-02-21 03:45:00,7.108,2.428,428.65,0,
2026-02-21 04:00:00,7.093,2.237,432.32,0,
2026-02-21 04:15:00,7.012,1.956,421.45,0,
2026-02-21 04:30:00,7.117,2.409,432.98,0,
2026-02-21 04:45:00,7.053,2.043,423.83,0,
2026-02-21 05:00:00,6.952,2.118,415.27,0,
2026-02-21 05:15:00,7.027,2.256,416.1,0,
2026-02-21 05:30:00,7.034,1.835,424.65,0,
2026-02-21 05:45:00,7.058,2.106,421.3,0,
2026-02-21 06:00:00,6.983,2.068,425.93,0,
2026-02-21 06:15:00,7.032,2.198,414.42,0,
2026-02-21 06:30:00,6.99,2.238,418.91,0,
2026-02-21 06:45:00,6.905,2.188,417.69,0,
2026-02-21 07:00:00,6.89,2.199,416.32,0,
2026-02-21 07:15:00,7.008,2.396,414.61,0,
2026-02-21 07:30:00,7.002,2.302,413.96,0,
2026-02-21 07:45:00,6.95,2.284,415.39,0,
2026-02-21 08:00:00,7.0,2.322,415.21,0,
2026-02-21 08:15:00,6.969,2.598,414.34,0,
2026-02-21 08:30:00,6.943,2.373,417.52,0,
2026-02-21 08:45:00,6.856,2.294,407.28,0,
2026-02-21 09:00:00,6.981,2.11,404.27,0,
2026-02-21 09:15:00,6.914,2.207,415.05,0,
2026-02-21 09:30:00,6.862,2.378,406.71,0,
2026-02-21 09:45:00,6.842,2.458,408.5,0,
2026-02-21 10:00:00,6.883,2.417,407.16,0,
2026-02-21 10:15:00,6.782,2.579,406.7,0,
2026-02-21 10:30:00,6.896,2.467,403.08,0,
2026-02-21 10:45:00,6.81,2.441,406.36,0,
2026-02-21 11:00:00,6.874,2.695,411.01,0,
2026-02-21 11:15:00,6.827,2.834,408.21,0,
2026-02-21 11:30:00,6.838,2.487,410.12,0,
2026-02-21 11:45:00,6.812,2.713,406.04,0,
2026-02-21 12:00:00,6.842,2.414,411.61,0,
2026-02-21 12:15:00,6.945,2.501,405.99,0,
2026-02-21 12:30:00,6.921,2.655,399.67,0,
2026-02-21 12:45:00,6.871,2.934,409.5,0,
2026-02-21 13:00:00,6.854,2.666,411.48,0,
2026-02-21 13:15:00,6.9,2.678,406.4,0,
2026-02-21 13:30:00,6.918,2.823,413.71,0,
2026-02-21 13:45:00,6.824,2.838,405.83,0,
2026-02-21 14:00:00,6.866,2.729,412.29,0,
2026-02-21 14:15:00,6.784,3.157,417.0,0,
2026-02-21 14:30:00,6.937,2.83,410.63,0,
2026-02-21 14:45:00,6.99,2.896,410.07,0,
2026-02-21 15:00:00,6.898,2.826,411.09,0,
2026-02-21 15:15:00,6.795,2.958,418.6,0,
2026-02-21 15:30:00,6.939,3.082,414.31,0,
2026-02-21 15:45:00,6.871,3.149,421.91,0,
2026-02-21 16:00:00,6.892,2.786,415.12,0,
2026-02-21 16:15:00,6.965,3.064,412.08,0,
2026-02-21 16:30:00,6.955,2.979,413.07,0,
2026-02-21 16:45:00,6.927,3.038,416.39,0,
2026-02-21 17:00:00,6.929,2.873,408.73,0,
2026-02-21 17:15:00,6.977,2.851,415.76,0,
2026-02-21 17:30:00,6.96,3.01,416.62,0,
2026-02-21 17:45:00,6.935,3.002,420.17,0,
2026-02-21 18:00:00,6.983,3.081,427.77,0,
2026-02-21 18:15:00,7.027,2.862,421.0,0,
2026-02-21 18:30:00,7.011,2.801,413.88,0,
2026-02-21 18:45:00,6.959,2.432,418.69,0,
2026-02-21 19:00:00,7.088,2.541,424.15,0,
2026-02-21 19:15:00,6.911,2.705,424.23,0,
2026-02-21 19:30:00,7.035,2.578,431.09,0,
2026-02-21 19:45:00,7.035,2.844,429.15,0,
2026-02-21 20:00:00,7.082,2.503,429.72,0,
2026-02-21 20:15:00,7.111,2.602,425.8,0,
2026-02-21 20:30:00,7.148,2.584,431.7,0,
2026-02-21 20:45:00,7.063,2.809,424.33,0,
2026-02-21 21:00:00,7.135,2.512,432.36,0,
2026-02-21 21:15:00,7.123,2.646,427.89,0,
2026-02-21 21:30:00,7.033,2.582,423.73,0,
2026-02-21 21:45:00,7.22,2.662,432.35,0,
2026-02-21 22:00:00,7.058,2.628,435.98,0,
2026-02-21 22:15:00,7.156,2.469,429.14,0,
2026-02-21 22:30:00,7.158,2.193,437.34,0,
2026-02-21 22:45:00,7.156,2.387,424.74,0,
2026-02-21 23:00:00,7.12,2.393,426.8,0,
2026-02-21 23:15:00,7.188,2.414,431.18,0,
2026-02-21 23:30:00,7.071,2.236,430.41,0,
2026-02-21 23:45:00,7.146,2.494,429.31,0,
2026-02-22 00:00:00,7.122,2.302,432.53,0,
2026-02-22 00:15:00,7.116,2.14,429.86,0,
2026-02-22 00:30:00,7.17,2.188,430.46,0,
2026-02-22 00:45:00,7.201,2.526,432.88,0,
2026-02-22 01:00:00,7.128,2.317,428.92,0,
2026-02-22 01:15:00,7.181,2.357,430.94,0,
2026-02-22 01:30:00,7.141,2.026,428.5,0,
2026-02-22 01:45:00,7.09,2.064,425.94,0,
2026-02-22 02:00:00,7.117,2.051,433.45,0,
2026-02-22 02:15:00,7.11,2.169,436.81,0,
2026-02-22 02:30:00,7.084,2.104,433.78,0,
2026-02-22 02:45:00,7.134,2.048,430.35,0,
2026-02-22 03:00:00,7.118,2.059,425.92,0,
2026-02-22 03:15:00,7.019,1.989,426.76,0,
2026-02-22 03:30:00,7.009,2.076,431.53,0,
2026-02-22 03:45:00,7.105,2.268,417.54,0,
2026-02-22 04:00:00,7.034,1.873,424.55,0,
2026-02-22 04:15:00,7.081,2.153,428.24,0,
2026-02-22 04:30:00,7.096,2.31,420.04,0,
2026-02-22 04:45:00,6.985,2.08,425.55,0,
2026-02-22 05:00:00,6.968,2.034,424.61,0,
2026-02-22 05:15:00,7.113,2.26,416.52,0,
2026-02-22 05:30:00,7.037,1.983,421.91,0,
2026-02-22 05:45:00,6.989,2.138,418.32,0,
2026-02-22 06:00:00,6.953,1.998,421.66,0,
2026-02-22 06:15:00,6.965,1.887,421.89,0,
2026-02-22 06:30:00,6.921,2.16,420.03,0,
2026-02-22 06:45:00,7.015,2.01,417.95,0,
2026-02-22 07:00:00,6.922,2.215,418.05,0,
2026-02-22 07:15:00,7.006,2.404,411.44,0,
2026-02-22 07:30:00,6.923,2.535,415.28,0,
2026-02-22 07:45:00,6.881,2.292,411.51,0,
2026-02-22 08:00:00,6.904,2.453,418.13,0,
2026-02-22 08:15:00,6.785,2.383,416.07,0,
2026-02-22 08:30:00,6.903,2.289,415.42,0,
2026-02-22 08:45:00,6.893,2.083,418.94,0,
2026-02-22 09:00:00,6.935,2.64,410.19,0,
2026-02-22 09:15:00,6.793,2.265,408.78,0,
2026-02-22 09:30:00,6.939,2.655,409.07,0,
2026-02-22 09:45:00,6.916,2.554,403.61,0,
2026-02-22 10:00:00,6.933,2.354,403.51,0,
2026-02-22 10:15:00,6.863,2.573,411.72,0,
2026-02-22 10:30:00,6.912,2.872,403.33,0,
2026-02-22 10:45:00,6.784,2.808,404.34,0,
2026-02-22 11:00:00,6.891,2.527,408.0,0,
2026-02-22 11:15:00,6.814,2.522,406.58,0,
2026-02-22 11:30:00,6.769,2.668,411.65,0,
2026-02-22 11:45:00,6.794,2.652,408.27,0,
2026-02-22 12:00:00,6.85,2.88,404.81,0,
2026-02-22 12:15:00,6.809,2.833,411.91,0,
2026-02-22 12:30:00,6.87,2.49,411.02,0,
2026-02-22 12:45:00,6.762,2.833,402.59,0,
2026-02-22 13:00:00,6.749,2.756,409.42,0,
2026-02-22 13:15:00,6.927,2.806,405.78,0,
2026-02-22 13:30:00,6.907,2.855,405.95,0,
2026-02-22 13:45:00,6.813,3.012,416.72,0,
2026-02-22 14:00:00,6.87,2.993,410.1,0,
2026-02-22 14:15:00,6.926,2.746,409.15,0,
2026-02-22 14:30:00,6.902,2.861,410.82,0,
2026-02-22 14:45:00,6.895,2.811,414.47,0,
2026-02-22 15:00:00,6.949,2.634,408.71,0,
2026-02-22 15:15:00,6.865,2.876,409.96,0,
2026-02-22 15:30:00,6.91,3.173,415.32,0,
2026-02-22 15:45:00,6.916,2.642,407.27,0,
2026-02-22 16:00:00,6.911,2.896,417.96,0,
2026-02-22 16:15:00,6.914,2.891,408.27,0,
2026-02-22 16:30:00,6.946,2.94,414.42,0,
2026-02-22 16:45:00,6.954,2.748,409.75,0,
2026-02-22 17:00:00,6.909,2.673,412.67,0,
2026-02-22 17:15:00,7.011,2.672,422.85,0,
2026-02-22 17:30:00,6.932,3.069,422.61,0,
2026-02-22 17:45:00,6.979,2.711,423.82,0,
2026-02-22 18:00:00,6.985,2.771,414.2,0,
2026-02-22 18:15:00,7.028,3.148,416.58,0,
2026-02-22 18:30:00,6.914,2.707,422.93,0,
2026-02-22 18:45:00,7.074,2.852,425.2,0,
2026-02-22 19:00:00,7.005,2.942,419.91,0,
2026-02-22 19:15:00,7.109,2.916,421.54,0,
2026-02-22 19:30:00,7.033,2.544,420.07,0,
2026-02-22 19:45:00,7.064,2.615,431.94,0,
2026-02-22 20:00:00,7.171,2.745,424.1,0,
2026-02-22 20:15:00,7.069,2.966,426.79,0,
2026-02-22 20:30:00,7.153,2.539,427.64,0,
2026-02-22 20:45:00,7.101,2.555,432.33,0,
2026-02-22 21:00:00,7.127,2.666,424.68,0,
2026-02-22 21:15:00,7.116,2.671,433.7,0,
2026-02-22 21:30:00,7.161,2.654,424.41,0,
2026-02-22 21:45:00,7.09,2.399,434.64,0,
2026-02-22 22:00:00,7.081,2.42,423.53,0,
2026-02-22 22:15:00,7.103,2.506,430.34,0,
2026-02-22 22:30:00,7.144,2.637,437.59,0,
2026-02-22 22:45:00,7.131,2.386,434.15,0,
2026-02-22 23:00:00,7.18,2.393,433.28,0,
2026-02-22 23:15:00,7.212,2.218,427.58,0,
2026-02-22 23:30:00,7.1,2.626,428.96,0,
2026-02-22 23:45:00,7.113,2.346,437.35,0,
2026-02-23 00:00:00,7.078,2.462,433.89,0,
2026-02-23 00:15:00,7.251,2.282,435.54,0,
2026-02-23 00:30:00,7.164,2.269,432.19,0,
2026-02-23 00:45:00,7.171,2.011,430.64,0,
2026-02-23 01:00:00,7.078,1.895,434.66,0,
2026-02-23 01:15:00,7.142,2.387,432.4,0,
2026-02-23 01:30:00,7.164,2.194,430.41,0,
2026-02-23 01:45:00,7.122,2.198,425.11,0,
2026-02-23 02:00:00,7.184,1.966,434.21,0,
2026-02-23 02:15:00,7.24,2.006,431.74,0,
2026-02-23 02:30:00,7.072,2.29,427.1,0,
2026-02-23 02:45:00,7.062,2.382,433.74,0,
2026-02-23 03:00:00,7.062,2.02,429.46,0,
2026-02-23 03:15:00,7.179,2.208,428.97,0,
2026-02-23 03:30:00,7.143,2.132,430.84,0,
2026-02-23 03:45:00,7.077,2.083,429.34,0,
2026-02-23 04:00:00,7.077,2.378,427.17,0,
2026-02-23 04:15:00,7.026,2.033,424.55,0,
2026-02-23 04:30:00,7.102,2.29,432.53,0,
2026-02-23 04:45:00,7.029,2.165,420.92,0,
2026-02-23 05:00:00,7.026,2.111,426.09,0,
2026-02-23 05:15:00,7.06,2.327,422.01,0,
2026-02-23 05:30:00,7.01,2.174,423.39,0,
2026-02-23 05:45:00,6.998,2.127,425.72,0,
2026-02-23 06:00:00,7.001,2.361,418.75,0,
2026-02-23 06:15:00,7.03,2.355,421.62,0,
2026-02-23 06:30:00,7.063,2.363,419.5,0,
2026-02-23 06:45:00,7.0,1.616,415.09,0,
2026-02-23 07:00:00,7.001,2.283,421.93,0,
2026-02-23 07:15:00,6.942,2.268,418.99,0,
2026-02-23 07:30:00,6.907,2.251,413.67,0,
2026-02-23 07:45:00,6.966,2.369,419.11,0,
2026-02-23 08:00:00,6.934,2.339,410.67,0,
2026-02-23 08:15:00,6.846,2.425,413.22,0,
2026-02-23 08:30:00,6.892,2.307,410.98,0,
2026-02-23 08:45:00,6.897,2.596,415.09,0,
2026-02-23 09:00:00,6.868,2.513,409.6,0,
2026-02-23 09:15:00,6.961,2.503,414.01,0,
2026-02-23 09:30:00,6.905,2.522,412.86,0,
2026-02-23 09:45:00,6.944,2.647,408.52,0,
2026-02-23 10:00:00,6.883,2.653,416.93,0,
2026-02-23 10:15:00,6.87,2.509,406.26,0,
2026-02-23 10:30:00,6.815,2.701,403.28,0,
2026-02-23 10:45:00,6.859,2.604,412.06,0,
2026-02-23 11:00:00,6.856,2.891,399.81,0,
2026-02-23 11:15:00,6.785,2.793,414.2,0,
2026-02-23 11:30:00,6.824,2.559,408.51,0,
2026-02-23 11:45:00,6.834,3.027,402.32,0,
2026-02-23 12:00:00,6.871,2.385,404.21,0,
2026-02-23 12:15:00,6.873,2.818,401.49,0,
2026-02-23 12:30:00,6.822,2.639,409.63,0,
2026-02-23 12:45:00,6.876,3.046,402.92,0,
2026-02-23 13:00:00,6.846,2.821,410.42,0,
2026-02-23 13:15:00,6.714,2.682,407.42,0,
2026-02-23 13:30:00,6.837,2.777,407.01,0,
2026-02-23 13:45:00,6.919,2.725,411.27,0,
2026-02-23 14:00:00,6.786,2.801,412.1,0,
2026-02-23 14:15:00,6.881,2.809,414.61,0,
2026-02-23 14:30:00,6.96,2.757,407.94,0,
2026-02-23 14:45:00,6.849,2.919,410.86,0,
2026-02-23 15:00:00,6.894,2.945,408.97,0,
2026-02-23 15:15:00,6.836,2.743,412.74,0,
2026-02-23 15:30:00,6.99,2.648,409.58,0,
2026-02-23 15:45:00,6.912,2.946,411.64,0,
2026-02-23 16:00:00,6.927,2.98,412.32,0,
2026-02-23 16:15:00,7.001,3.009,415.87,0,
2026-02-23 16:30:00,6.976,2.979,415.42,0,
2026-02-23 16:45:00,6.908,3.128,418.17,0,
2026-02-23 17:00:00,6.929,3.036,416.47,0,
2026-02-23 17:15:00,6.995,3.281,415.34,0,
2026-02-23 17:30:00,6.949,3.335,419.2,0,
2026-02-23 17:45:00,6.884,2.595,415.55,0,
2026-02-23 18:00:00,6.997,2.517,422.28,0,
2026-02-23 18:15:00,6.936,2.831,419.64,0,
2026-02-23 18:30:00,7.1,2.893,422.38,0,
2026-02-23 18:45:00,7.038,2.789,423.22,0,
2026-02-23 19:00:00,6.994,2.888,429.51,0,
2026-02-23 19:15:00,7.013,2.723,425.38,0,
2026-02-23 19:30:00,6.963,2.639,424.89,0,
2026-02-23 19:45:00,7.011,2.641,422.54,0,
2026-02-23 20:00:00,7.126,2.67,429.21,0,
2026-02-23 20:15:00,7.195,2.803,425.59,0,
2026-02-23 20:30:00,7.128,2.58,421.2,0,
2026-02-23 20:45:00,7.094,2.585,427.13,0,
2026-02-23 21:00:00,7.084,2.689,429.25,0,
2026-02-23 21:15:00,7.065,2.548,425.75,0,
2026-02-23 21:30:00,7.222,2.72,429.05,0,
2026-02-23 21:45:00,7.115,2.388,429.69,0,
2026-02-23 22:00:00,7.236,2.33,430.17,0,
2026-02-23 22:15:00,7.204,2.52,435.7,0,
2026-02-23 22:30:00,7.052,2.508,425.84,0,
2026-02-23 22:45:00,7.109,2.292,439.5,0,
2026-02-23 23:00:00,7.111,2.598,431.46,0,
2026-02-23 23:15:00,7.143,2.66,434.09,0,
2026-02-23 23:30:00,7.146,2.253,432.41,0,
2026-02-23 23:45:00,7.299,2.546,425.07,0,
2026-02-24 00:00:00,7.096,1.943,427.77,0,
2026-02-24 00:15:00,7.161,2.439,429.88,0,
2026-02-24 00:30:00,7.18,2.128,435.87,0,
2026-02-24 00:45:00,7.147,2.383,426.23,0,
2026-02-24 01:00:00,7.15,2.073,428.17,0,
2026-02-24 01:15:00,7.09,2.189,432.02,0,
2026-02-24 01:30:00,7.144,2.061,432.98,0,
2026-02-24 01:45:00,7.16,2.135,432.53,0,
2026-02-24 02:00:00,7.146,2.428,426.46,0,
2026-02-24 02:15:00,7.153,2.125,423.59,0,
2026-02-24 02:30:00,7.19,2.447,431.68,0,
2026-02-24 02:45:00,7.16,2.063,434.75,0,
2026-02-24 03:00:00,7.11,2.337,427.1,0,
2026-02-24 03:15:00,7.04,1.864,423.33,0,
2026-02-24 03:30:00,7.061,2.06,425.59,0,
2026-02-24 03:45:00,7.072,2.02,428.24,0,
2026-02-24 04:00:00,7.088,2.331,425.07,0,
2026-02-24 04:15:00,7.042,2.129,430.94,0,
2026-02-24 04:30:00,7.011,1.79,428.29,0,
2026-02-24 04:45:00,6.989,1.911,424.59,0,
2026-02-24 05:00:00,6.956,1.962,415.29,0,
2026-02-24 05:15:00,7.018,2.261,419.57,0,
2026-02-24 05:30:00,6.946,2.251,419.37,0,
2026-02-24 05:45:00,6.96,2.096,417.8,0,
2026-02-24 06:00:00,6.98,2.071,420.76,0,
2026-02-24 06:15:00,6.923,2.275,420.06,0,
2026-02-24 06:30:00,6.999,2.013,411.74,0,
2026-02-24 06:45:00,7.008,2.268,420.88,0,
2026-02-24 07:00:00,6.934,2.273,416.96,0,
2026-02-24 07:15:00,6.93,2.195,417.57,0,
2026-02-24 07:30:00,6.969,2.316,418.39,0,
2026-02-24 07:45:00,6.898,2.293,411.62,0,
2026-02-24 08:00:00,6.886,2.375,419.04,0,
2026-02-24 08:15:00,6.976,2.123,412.77,0,
2026-02-24 08:30:00,6.953,2.439,418.75,0,
2026-02-24 08:45:00,6.931,2.525,408.51,0,
2026-02-24 09:00:00,6.94,2.445,417.27,0,
2026-02-24 09:15:00,6.788,2.512,407.36,0,
2026-02-24 09:30:00,6.949,2.431,420.67,0,
2026-02-24 09:45:00,6.895,2.608,406.22,0,
2026-02-24 10:00:00,6.921,2.51,413.83,0,
2026-02-24 10:15:00,6.885,2.354,407.79,0,
2026-02-24 10:30:00,6.864,2.675,411.77,0,
2026-02-24 10:45:00,6.844,2.333,408.47,0,
2026-02-24 11:00:00,6.873,2.646,404.04,0,
2026-02-24 11:15:00,6.837,2.571,397.04,0,
2026-02-24 11:30:00,6.895,2.586,418.13,0,
2026-02-24 11:45:00,6.771,2.703,408.32,0,
2026-02-24 12:00:00,6.823,2.594,396.23,0,
2026-02-24 12:15:00,6.953,2.799,409.24,0,
2026-02-24 12:30:00,6.82,2.752,410.86,0,
2026-02-24 12:45:00,6.841,2.671,405.37,0,
2026-02-24 13:00:00,6.811,2.984,405.58,0,
2026-02-24 13:15:00,6.875,2.831,408.56,0,
2026-02-24 13:30:00,6.825,2.912,413.72,0,
2026-02-24 13:45:00,6.856,3.045,409.64,0,
2026-02-24 14:00:00,6.913,3.056,415.46,0,
2026-02-24 14:15:00,6.84,2.946,414.55,0,
2026-02-24 14:30:00,6.92,2.824,409.56,0,
2026-02-24 14:45:00,6.928,2.664,404.7,0,
2026-02-24 15:00:00,6.947,2.917,410.61,0,
2026-02-24 15:15:00,6.908,3.057,414.19,0,
2026-02-24 15:30:00,7.071,2.95,412.93,0,
2026-02-24 15:45:00,6.969,2.382,415.87,0,
2026-02-24 16:00:00,6.941,3.031,417.45,0,
2026-02-24 16:15:00,6.89,3.039,416.82,0,
2026-02-24 16:30:00,6.938,2.851,414.31,0,
2026-02-24 16:45:00,7.023,3.041,418.22,0,
2026-02-24 17:00:00,7.047,2.981,425.84,0,
2026-02-24 17:15:00,7.045,2.776,411.7,0,
2026-02-24 17:30:00,7.02,3.06,420.38,0,
2026-02-24 17:45:00,6.927,2.669,426.54,0,
2026-02-24 18:00:00,7.024,2.838,415.3,0,
2026-02-24 18:15:00,6.948,2.809,424.79,0,
2026-02-24 18:30:00,6.945,2.694,426.11,0,
2026-02-24 18:45:00,7.041,2.846,416.43,0,
2026-02-24 19:00:00,7.065,2.979,425.96,0,
2026-02-24 19:15:00,7.093,2.951,422.77,0,
2026-02-24 19:30:00,7.082,2.852,424.35,0,
2026-02-24 19:45:00,7.093,2.468,424.01,0,
2026-02-24 20:00:00,7.026,2.5,431.25,0,
2026-02-24 20:15:00,7.078,2.702,426.22,0,
2026-02-24 20:30:00,7.016,2.648,425.45,0,
2026-02-24 20:45:00,6.999,2.554,426.13,0,
2026-02-24 21:00:00,7.143,2.889,427.12,0,
2026-02-24 21:15:00,7.075,2.594,424.7,0,
2026-02-24 21:30:00,7.163,2.634,427.63,0,
2026-02-24 21:45:00,7.18,2.674,430.45,0,
2026-02-24 22:00:00,7.099,2.508,432.01,0,
2026-02-24 22:15:00,7.164,2.862,435.58,0,
2026-02-24 22:30:00,7.106,2.307,432.05,0,
2026-02-24 22:45:00,7.05,2.331,429.47,0,
2026-02-24 23:00:00,7.151,2.255,427.55,0,
2026-02-24 23:15:00,7.124,2.606,432.95,0,
2026-02-24 23:30:00,7.127,2.467,431.43,0,
2026-02-24 23:45:00,7.248,2.241,431.64,0,
2026-02-25 00:00:00,7.074,2.17,433.05,0,
2026-02-25 00:15:00,7.169,2.486,434.05,0,
2026-02-25 00:30:00,7.099,2.311,432.98,0,
2026-02-25 00:45:00,7.193,2.448,431.09,0,
2026-02-25 01:00:00,7.16,2.208,428.39,0,
2026-02-25 01:15:00,7.161,2.276,428.91,0,
2026-02-25 01:30:00,7.091,2.228,434.48,0,
2026-02-25 01:45:00,7.096,2.074,429.07,0,
2026-02-25 02:00:00,7.176,2.132,425.01,0,
2026-02-25 02:15:00,7.213,1.964,434.62,0,
2026-02-25 02:30:00,7.143,2.205,425.75,0,
2026-02-25 02:45:00,7.068,2.235,429.16,0,
2026-02-25 03:00:00,7.123,2.262,430.45,0,
2026-02-25 03:15:00,7.22,2.208,427.93,0,
2026-02-25 03:30:00,7.096,2.084,417.39,0,
2026-02-25 03:45:00,7.156,2.334,428.23,0,
2026-02-25 04:00:00,7.038,2.234,431.31,0,
2026-02-25 04:15:00,7.064,2.309,428.45,0,
2026-02-25 04:30:00,7.088,2.321,416.1,0,
2026-02-25 04:45:00,7.068,2.089,432.37,0,
2026-02-25 05:00:00,7.001,2.172,417.8,0,
2026-02-25 05:15:00,6.989,2.237,418.03,0,
2026-02-25 05:30:00,7.069,1.958,424.69,0,
2026-02-25 05:45:00,7.069,1.972,422.6,0,
2026-02-25 06:00:00,7.076,1.959,420.32,0,
2026-02-25 06:15:00,7.08,2.151,416.94,0,
2026-02-25 06:30:00,6.987,2.133,423.76,0,
2026-02-25 06:45:00,6.955,1.984,417.5,0,
2026-02-25 07:00:00,7.029,2.24,410.63,0,
2026-02-25 07:15:00,6.987,2.222,421.07,0,
2026-02-25 07:30:00,6.893,2.434,416.28,0,
2026-02-25 07:45:00,6.882,2.58,419.15,0,
2026-02-25 08:00:00,6.95,2.368,416.29,0,
2026-02-25 08:15:00,6.908,2.219,422.9,0,
2026-02-25 08:30:00,6.907,2.444,411.45,0,
2026-02-25 08:45:00,6.955,2.373,412.15,0,
2026-02-25 09:00:00,6.932,2.36,414.39,0,
2026-02-25 09:15:00,6.954,2.293,409.76,0,
2026-02-25 09:30:00,6.784,2.378,413.69,0,
2026-02-25 09:45:00,6.888,2.447,398.23,0,
2026-02-25 10:00:00,6.905,2.621,409.32,0,
2026-02-25 10:15:00,6.789,2.603,408.83,0,
2026-02-25 10:30:00,6.829,2.826,408.36,0,
2026-02-25 10:45:00,6.816,2.679,405.13,0,
2026-02-25 11:00:00,6.856,2.667,412.03,0,
2026-02-25 11:15:00,6.934,2.583,406.21,0,
2026-02-25 11:30:00,6.952,2.497,408.9,0,
2026-02-25 11:45:00,6.81,2.591,407.88,0,
2026-02-25 12:00:00,6.876,2.595,410.0,0,
2026-02-25 12:15:00,6.878,2.338,413.75,0,
2026-02-25 12:30:00,6.871,2.592,408.88,0,
2026-02-25 12:45:00,6.873,3.004,411.6,0,
2026-02-25 13:00:00,6.87,2.838,408.99,0,
2026-02-25 13:15:00,6.942,2.744,406.61,0,
2026-02-25 13:30:00,6.917,2.877,408.35,0,
2026-02-25 13:45:00,6.812,2.54,408.1,0,
2026-02-25 14:00:00,6.91,2.889,411.88,0,
2026-02-25 14:15:00,6.92,3.05,410.45,0,
2026-02-25 14:30:00,6.897,2.851,407.3,0,
2026-02-25 14:45:00,6.944,2.613,410.09,0,
2026-02-25 15:00:00,6.903,2.824,405.41,0,
2026-02-25 15:15:00,6.911,3.084,411.35,0,
2026-02-25 15:30:00,6.915,2.935,412.7,0,
2026-02-25 15:45:00,6.816,2.686,420.57,0,
2026-02-25 16:00:00,6.921,3.255,419.39,0,
2026-02-25 16:15:00,6.9,2.711,410.56,0,
2026-02-25 16:30:00,6.883,2.86,416.21,0,
2026-02-25 16:45:00,7.023,2.737,417.02,0,
2026-02-25 17:00:00,6.986,2.731,415.97,0,
2026-02-25 17:15:00,6.969,2.811,416.99,0,
2026-02-25 17:30:00,6.952,2.965,417.02,0,
2026-02-25 17:45:00,7.005,3.052,426.71,0,
2026-02-25 18:00:00,7.05,2.788,418.34,0,
2026-02-25 18:15:00,6.968,2.681,422.15,0,
2026-02-25 18:30:00,7.019,2.889,411.45,0,
2026-02-25 18:45:00,7.073,2.877,425.64,0,
2026-02-25 19:00:00,6.942,2.819,427.84,0,
2026-02-25 19:15:00,7.045,2.805,419.65,0,
2026-02-25 19:30:00,7.036,2.727,422.54,0,
2026-02-25 19:45:00,7.06,2.737,427.11,0,
2026-02-25 20:00:00,7.05,2.673,426.08,0,
2026-02-25 20:15:00,7.09,2.837,428.53,0,
2026-02-25 20:30:00,7.187,2.987,426.16,0,
2026-02-25 20:45:00,7.083,2.656,435.37,0,
2026-02-25 21:00:00,7.121,2.603,425.81,0,
2026-02-25 21:15:00,7.213,2.616,439.79,0,
2026-02-25 21:30:00,7.092,2.454,434.49,0,
2026-02-25 21:45:00,7.215,2.641,433.31,0,
2026-02-25 22:00:00,7.13,2.566,426.23,0,
2026-02-25 22:15:00,7.224,2.411,434.4,0,
2026-02-25 22:30:00,7.176,2.583,433.5,0,
2026-02-25 22:45:00,7.157,2.425,422.88,0,
2026-02-25 23:00:00,7.142,2.251,425.97,0,
2026-02-25 23:15:00,7.116,2.424,433.2,0,
2026-02-25 23:30:00,7.153,2.382,431.36,0,
2026-02-25 23:45:00,7.195,2.467,429.91,0,
2026-02-26 00:00:00,7.149,2.425,436.32,0,
2026-02-26 00:15:00,7.134,2.261,428.44,0,
2026-02-26 00:30:00,7.136,2.186,430.08,0,
2026-02-26 00:45:00,7.197,2.237,429.18,0,
2026-02-26 01:00:00,7.206,2.272,433.63,0,
2026-02-26 01:15:00,7.109,2.272,424.49,0,
2026-02-26 01:30:00,7.105,2.228,429.1,0,
2026-02-26 01:45:00,7.153,2.154,423.87,0,
2026-02-26 02:00:00,7.206,2.303,429.14,0,
2026-02-26 02:15:00,7.182,2.04,432.87,0,
2026-02-26 02:30:00,7.056,2.502,432.48,0,
2026-02-26 02:45:00,7.1,2.236,426.11,0,
2026-02-26 03:00:00,7.06,1.945,430.62,0,
2026-02-26 03:15:00,7.086,2.135,427.17,0,
2026-02-26 03:30:00,7.172,2.219,432.75,0,
2026-02-26 03:45:00,7.012,2.048,426.15,0,
2026-02-26 04:00:00,6.994,1.876,414.11,0,
2026-02-26 04:15:00,7.025,1.945,428.89,0,
2026-02-26 04:30:00,7.072,2.185,422.76,0,
2026-02-26 04:45:00,7.079,1.844,422.76,0,
2026-02-26 05:00:00,7.061,1.896,424.45,0,
2026-02-26 05:15:00,7.088,2.202,416.64,0,
2026-02-26 05:30:00,6.931,2.097,421.86,0,
2026-02-26 05:45:00,7.069,2.037,422.92,0,
2026-02-26 06:00:00,6.984,2.079,421.46,0,
2026-02-26 06:15:00,7.027,1.947,416.82,0,
2026-02-26 06:30:00,6.914,2.255,422.4,0,
2026-02-26 06:45:00,6.971,2.078,413.67,0,
2026-02-26 07:00:00,6.973,2.137,414.39,0,
2026-02-26 07:15:00,7.01,2.288,415.6,0,
2026-02-26 07:30:00,6.863,2.218,416.59,0,
2026-02-26 07:45:00,6.935,2.172,413.39,0,
2026-02-26 08:00:00,6.871,2.002,418.91,0,
2026-02-26 08:15:00,6.942,2.378,414.51,0,
2026-02-26 08:30:00,6.948,2.359,413.0,0,
2026-02-26 08:45:00,6.965,2.294,413.13,0,
2026-02-26 09:00:00,6.867,2.241,414.45,0,
2026-02-26 09:15:00,6.934,2.424,411.94,0,
2026-02-26 09:30:00,6.949,2.52,403.24,0,
2026-02-26 09:45:00,6.793,2.489,414.38,0,
2026-02-26 10:00:00,6.901,2.746,410.09,0,
2026-02-26 10:15:00,6.913,2.632,411.98,0,
2026-02-26 10:30:00,6.848,2.536,407.29,0,
2026-02-26 10:45:00,6.797,2.689,401.33,0,
2026-02-26 11:00:00,6.902,2.611,399.29,0,
2026-02-26 11:15:00,6.793,2.635,404.45,0,
2026-02-26 11:30:00,6.842,2.848,410.17,0,
2026-02-26 11:45:00,6.848,2.542,413.22,0,
2026-02-26 12:00:00,6.886,2.703,409.21,0,
2026-02-26 12:15:00,6.819,2.901,403.82,0,
2026-02-26 12:30:00,6.817,2.79,404.97,0,
2026-02-26 12:45:00,6.858,2.708,413.67,0,
2026-02-26 13:00:00,6.905,2.527,403.17,0,
2026-02-26 13:15:00,6.972,2.46,417.04,0,
2026-02-26 13:30:00,6.786,3.129,416.42,0,
2026-02-26 13:45:00,6.881,2.879,417.78,0,
2026-02-26 14:00:00,6.816,2.759,411.13,0,
2026-02-26 14:15:00,6.926,2.911,408.66,0,
2026-02-26 14:30:00,6.834,2.727,411.91,0,
2026-02-26 14:45:00,6.853,2.829,414.61,0,
2026-02-26 15:00:00,6.864,2.745,408.91,0,
2026-02-26 15:15:00,6.897,2.68,407.68,0,
2026-02-26 15:30:00,6.925,2.581,411.56,0,
2026-02-26 15:45:00,6.941,2.659,410.24,0,
2026-02-26 16:00:00,6.925,3.053,418.96,0,
2026-02-26 16:15:00,6.867,2.751,412.23,0,
2026-02-26 16:30:00,6.979,2.977,415.79,0,
2026-02-26 16:45:00,6.949,3.036,420.07,0,
2026-02-26 17:00:00,7.019,2.889,422.01,0,
2026-02-26 17:15:00,6.935,2.834,418.49,0,
2026-02-26 17:30:00,6.9,2.89,419.97,0,
2026-02-26 17:45:00,6.988,2.796,415.15,0,
2026-02-26 18:00:00,7.065,3.027,424.09,0,
2026-02-26 18:15:00,7.018,3.114,425.84,0,
2026-02-26 18:30:00,7.01,3.035,414.08,0,
2026-02-26 18:45:00,6.986,2.478,429.39,0,
2026-02-26 19:00:00,7.127,2.717,420.3,0,
2026-02-26 19:15:00,6.997,2.764,426.24,0,
2026-02-26 19:30:00,7.021,2.813,424.9,0,
2026-02-26 19:45:00,7.095,2.463,425.07,0,
2026-02-26 20:00:00,6.982,2.438,425.17,0,
2026-02-26 20:15:00,7.147,2.873,422.7,0,
2026-02-26 20:30:00,7.123,2.569,429.4,0,
2026-02-26 20:45:00,7.144,2.405,426.77,0,
2026-02-26 21:00:00,7.134,2.438,423.25,0,
2026-02-26 21:15:00,7.105,2.637,424.88,0,
2026-02-26 21:30:00,7.066,2.429,424.35,0,
2026-02-26 21:45:00,7.118,2.562,427.88,0,
2026-02-26 22:00:00,7.081,2.353,432.33,0,
2026-02-26 22:15:00,7.159,2.212,427.92,0,
2026-02-26 22:30:00,7.179,2.661,434.99,0,
2026-02-26 22:45:00,7.216,2.482,430.89,0,
2026-02-26 23:00:00,7.163,2.346,430.43,0,
2026-02-26 23:15:00,7.193,2.293,431.84,0,
2026-02-26 23:30:00,7.134,2.567,437.48,0,
2026-02-26 23:45:00,7.126,2.412,426.49,0,
2026-02-27 00:00:00,7.174,2.472,438.63,0,
2026-02-27 00:15:00,7.13,2.19,435.81,0,
2026-02-27 00:30:00,7.162,2.264,431.81,0,
2026-02-27 00:45:00,7.094,2.297,436.5,0,
2026-02-27 01:00:00,7.101,2.135,430.3,0,
2026-02-27 01:15:00,7.174,2.185,432.51,0,
2026-02-27 01:30:00,7.183,2.095,428.92,0,
2026-02-27 01:45:00,7.085,2.227,434.63,0,
2026-02-27 02:00:00,7.163,1.955,427.56,0,
2026-02-27 02:15:00,7.098,2.227,429.77,0,
2026-02-27 02:30:00,7.12,2.177,432.24,0,
2026-02-27 02:45:00,7.184,2.091,433.21,0,
2026-02-27 03:00:00,7.146,2.181,425.2,0,
2026-02-27 03:15:00,7.139,2.053,430.92,0,
2026-02-27 03:30:00,7.187,2.003,423.38,0,
2026-02-27 03:45:00,7.048,2.182,418.07,0,
2026-02-27 04:00:00,7.026,2.188,423.01,0,
2026-02-27 04:15:00,7.03,2.025,428.65,0,
2026-02-27 04:30:00,7.045,2.014,424.54,0,
2026-02-27 04:45:00,6.93,2.08,421.72,0,
2026-02-27 05:00:00,7.028,2.031,423.33,0,
2026-02-27 05:15:00,7.002,2.35,422.43,0,
2026-02-27 05:30:00,7.059,2.178,424.05,0,
2026-02-27 05:45:00,7.027,2.143,414.34,0,
2026-02-27 06:00:00,6.97,2.014,419.59,0,
2026-02-27 06:15:00,7.02,2.278,419.71,0,
2026-02-27 06:30:00,7.017,2.091,412.97,0,
2026-02-27 06:45:00,6.932,2.101,412.14,0,
2026-02-27 07:00:00,6.937,2.333,415.44,0,
2026-02-27 07:15:00,6.841,2.294,416.18,0,
2026-02-27 07:30:00,6.888,1.881,415.46,0,
2026-02-27 07:45:00,6.897,2.254,412.47,0,
2026-02-27 08:00:00,6.929,2.319,411.61,0,
2026-02-27 08:15:00,6.869,2.272,411.75,0,
2026-02-27 08:30:00,6.883,2.371,413.89,0,
2026-02-27 08:45:00,6.84,2.1,417.07,0,
2026-02-27 09:00:00,6.902,1.972,402.63,0,
2026-02-27 09:15:00,6.909,2.276,413.47,0,
2026-02-27 09:30:00,6.901,2.49,410.04,0,
2026-02-27 09:45:00,6.876,1.99,412.13,0,
2026-02-27 10:00:00,6.793,2.373,414.35,0,
2026-02-27 10:15:00,6.834,2.238,406.22,0,
2026-02-27 10:30:00,6.841,2.516,412.69,0,
2026-02-27 10:45:00,6.838,2.872,403.62,0,
2026-02-27 11:00:00,6.859,2.571,408.92,0,
2026-02-27 11:15:00,6.924,2.612,407.26,0,
2026-02-27 11:30:00,6.892,2.779,408.29,0,
2026-02-27 11:45:00,6.801,2.68,404.07,0,
2026-02-27 12:00:00,6.884,2.668,409.75,0,
2026-02-27 12:15:00,6.882,2.861,414.37,0,
2026-02-27 12:30:00,6.811,2.814,404.22,0,
2026-02-27 12:45:00,6.895,2.807,408.99,0,
2026-02-27 13:00:00,6.847,2.762,411.83,0,
2026-02-27 13:15:00,6.787,2.749,407.45,0,
2026-02-27 13:30:00,6.884,2.955,414.36,0,
2026-02-27 13:45:00,6.876,2.782,407.52,0,
2026-02-27 14:00:00,6.859,3.031,409.14,0,
2026-02-27 14:15:00,6.873,2.702,406.05,0,
2026-02-27 14:30:00,6.845,3.085,410.99,0,
2026-02-27 14:45:00,6.918,2.95,410.99,0,
2026-02-27 15:00:00,6.892,2.741,414.06,0,
2026-02-27 15:15:00,6.909,2.969,409.54,0,
2026-02-27 15:30:00,6.927,2.799,409.97,0,
2026-02-27 15:45:00,6.859,2.904,415.18,0,
2026-02-27 16:00:00,6.88,2.827,419.59,0,
2026-02-27 16:15:00,6.823,2.879,417.21,0,
2026-02-27 16:30:00,6.971,3.038,422.8,0,
2026-02-27 16:45:00,6.891,2.97,418.36,0,
2026-02-27 17:00:00,6.968,2.718,418.97,0,
2026-02-27 17:15:00,6.989,2.719,420.38,0,
2026-02-27 17:30:00,7.011,2.91,424.39,0,
2026-02-27 17:45:00,6.93,2.91,424.17,0,
2026-02-27 18:00:00,6.997,2.745,415.66,0,
2026-02-27 18:15:00,7.093,3.071,423.99,0,
2026-02-27 18:30:00,7.105,2.939,422.63,0,
2026-02-27 18:45:00,7.079,2.707,421.56,0,
2026-02-27 19:00:00,7.056,2.675,416.01,0,
2026-02-27 19:15:00,6.998,2.73,417.7,0,
2026-02-27 19:30:00,7.093,2.694,423.13,0,
2026-02-27 19:45:00,7.058,2.911,419.45,0,
2026-02-27 20:00:00,7.103,2.848,424.62,0,
2026-02-27 20:15:00,7.052,2.682,429.52,0,
2026-02-27 20:30:00,7.083,2.755,424.98,0,
2026-02-27 20:45:00,7.107,2.752,428.25,0,
2026-02-27 21:00:00,7.118,2.612,424.21,0,
2026-02-27 21:15:00,7.137,2.638,430.22,0,
2026-02-27 21:30:00,7.09,2.641,431.55,0,
2026-02-27 21:45:00,7.058,2.599,424.29,0,
2026-02-27 22:00:00,7.211,2.383,427.38,0,
2026-02-27 22:15:00,7.259,2.372,425.69,0,
2026-02-27 22:30:00,7.161,2.405,433.12,0,
2026-02-27 22:45:00,7.076,2.316,432.02,0,
2026-02-27 23:00:00,7.106,2.176,431.39,0,
2026-02-27 23:15:00,7.173,2.473,431.26,0,
2026-02-27 23:30:00,7.216,2.399,433.19,0,
2026-02-27 23:45:00,7.089,2.122,433.35,0,
2026-02-28 00:00:00,7.144,2.264,430.02,0,
2026-02-28 00:15:00,7.159,2.25,429.43,0,
2026-02-28 00:30:00,7.192,2.284,431.66,0,
2026-02-28 00:45:00,7.13,2.074,431.01,0,
2026-02-28 01:00:00,7.067,2.014,439.83,0,
2026-02-28 01:15:00,7.173,2.277,429.83,0,
2026-02-28 01:30:00,7.195,1.953,432.25,0,
2026-02-28 01:45:00,7.13,2.133,432.63,0,
2026-02-28 02:00:00,7.15,2.105,435.99,0,
2026-02-28 02:15:00,7.101,2.123,426.73,0,
2026-02-28 02:30:00,7.077,2.168,434.88,0,
2026-02-28 02:45:00,7.164,2.361,428.43,0,
2026-02-28 03:00:00,7.125,1.874,438.49,0,
2026-02-28 03:15:00,7.123,2.239,429.36,0,
2026-02-28 03:30:00,7.166,1.727,422.39,0,
2026-02-28 03:45:00,7.031,2.31,425.88,0,
2026-02-28 04:00:00,7.047,1.794,431.35,0,
2026-02-28 04:15:00,7.074,2.466,425.63,0,
2026-02-28 04:30:00,7.029,2.045,424.35,0,
2026-02-28 04:45:00,7.087,2.301,426.73,0,
2026-02-28 05:00:00,7.029,2.276,421.73,0,
2026-02-28 05:15:00,6.98,2.056,421.5,0,
2026-02-28 05:30:00,7.023,2.076,417.79,0,
2026-02-28 05:45:00,7.018,2.016,427.7,0,
2026-02-28 06:00:00,7.047,2.272,415.11,0,
2026-02-28 06:15:00,7.01,2.104,419.89,0,
2026-02-28 06:30:00,7.003,2.06,420.35,0,
2026-02-28 06:45:00,6.987,2.28,417.6,0,
2026-02-28 07:00:00,6.952,2.083,411.88,0,
2026-02-28 07:15:00,6.916,2.187,412.15,0,
2026-02-28 07:30:00,6.957,2.273,417.5,0,
2026-02-28 07:45:00,6.917,2.181,411.57,0,
2026-02-28 08:00:00,7.009,2.226,405.71,0,
2026-02-28 08:15:00,6.984,2.553,414.88,0,
2026-02-28 08:30:00,6.94,2.316,409.2,0,
2026-02-28 08:45:00,6.92,2.317,414.61,0,
2026-02-28 09:00:00,6.89,2.37,410.71,0,
2026-02-28 09:15:00,6.824,2.49,409.98,0,
2026-02-28 09:30:00,6.87,2.293,410.69,0,
2026-02-28 09:45:00,6.88,2.538,405.47,0,
2026-02-28 10:00:00,6.882,2.538,406.31,0,
2026-02-28 10:15:00,6.889,2.258,408.2,0,
2026-02-28 10:30:00,6.907,2.821,404.34,0,
2026-02-28 10:45:00,6.823,2.797,411.49,0,
2026-02-28 11:00:00,6.821,2.483,407.18,0,
2026-02-28 11:15:00,6.925,2.46,402.43,0,
2026-02-28 11:30:00,6.89,2.687,405.87,0,
2026-02-28 11:45:00,6.831,2.463,408.43,0,
2026-02-28 12:00:00,6.845,2.905,406.22,0,
2026-02-28 12:15:00,6.845,2.652,409.62,0,
2026-02-28 12:30:00,6.853,2.987,410.4,0,
2026-02-28 12:45:00,6.877,2.64,417.84,0,
2026-02-28 13:00:00,6.982,2.766,413.01,0,
2026-02-28 13:15:00,6.867,2.991,402.09,0,
2026-02-28 13:30:00,6.895,2.769,407.47,0,
2026-02-28 13:45:00,6.781,2.873,408.17,0,
2026-02-28 14:00:00,6.846,3.01,411.91,0,
2026-02-28 14:15:00,6.937,2.775,406.29,0,
2026-02-28 14:30:00,6.901,2.68,408.35,0,
2026-02-28 14:45:00,6.668,2.66,406.0,0,
2026-02-28 15:00:00,6.928,2.974,409.11,0,
2026-02-28 15:15:00,6.997,2.951,409.83,0,
2026-02-28 15:30:00,6.809,3.056,411.44,0,
2026-02-28 15:45:00,6.993,2.858,408.59,0,
2026-02-28 16:00:00,6.786,2.685,417.93,0,
2026-02-28 16:15:00,6.981,2.546,416.58,0,
2026-02-28 16:30:00,6.942,3.327,409.61,0,
2026-02-28 16:45:00,6.834,2.971,416.25,0,
2026-02-28 17:00:00,6.983,2.907,410.63,0,
2026-02-28 17:15:00,7.028,2.921,423.03,0,
2026-02-28 17:30:00,6.999,2.655,424.89,0,
2026-02-28 17:45:00,7.019,2.74,418.99,0,
2026-02-28 18:00:00,6.979,3.108,416.59,0,
2026-02-28 18:15:00,6.917,2.931,418.13,0,
2026-02-28 18:30:00,7.054,2.703,419.75,0,
2026-02-28 18:45:00,7.117,2.617,421.91,0,
2026-02-28 19:00:00,7.095,2.705,428.59,0,
2026-02-28 19:15:00,6.949,2.716,427.68,0,
2026-02-28 19:30:00,6.982,3.051,428.48,0,
2026-02-28 19:45:00,7.024,2.694,425.99,0,
2026-02-28 20:00:00,6.995,2.522,421.39,0,
2026-02-28 20:15:00,7.086,2.668,423.59,0,
2026-02-28 20:30:00,7.111,2.693,427.55,0,
2026-02-28 20:45:00,7.027,2.436,423.11,0,
2026-02-28 21:00:00,7.145,2.664,429.7,0,
2026-02-28 21:15:00,7.143,2.759,432.24,0,
2026-02-28 21:30:00,7.092,2.573,431.7,0,
2026-02-28 21:45:00,7.116,2.407,432.0,0,
2026-02-28 22:00:00,7.032,2.421,422.93,0,
2026-02-28 22:15:00,7.118,2.225,436.1,0,
2026-02-28 22:30:00,7.139,2.428,424.82,0,
2026-02-28 22:45:00,7.15,2.469,430.75,0,
2026-02-28 23:00:00,7.164,2.262,434.07,0,
2026-02-28 23:15:00,7.159,2.662,433.2,0,
2026-02-28 23:30:00,7.135,2.466,426.79,0,
2026-02-28 23:45:00,7.164,2.054,427.58,0,
2026-03-01 00:00:00,7.2,2.034,433.15,0,
2026-03-01 00:15:00,7.145,2.13,434.02,0,
2026-03-01 00:30:00,7.165,2.492,427.47,0,
2026-03-01 00:45:00,7.138,2.37,433.34,0,
2026-03-01 01:00:00,7.113,2.461,425.53,0,
2026-03-01 01:15:00,7.168,2.201,433.86,0,
2026-03-01 01:30:00,7.111,2.151,427.55,0,
2026-03-01 01:45:00,7.154,1.98,431.08,0,
2026-03-01 02:00:00,7.131,2.206,430.04,0,
2026-03-01 02:15:00,7.11,2.112,434.62,0,
2026-03-01 02:30:00,7.103,2.095,430.49,0,
2026-03-01 02:45:00,7.087,2.364,426.63,0,
2026-03-01 03:00:00,7.024,2.095,429.92,0,
2026-03-01 03:15:00,7.118,2.307,436.48,0,
2026-03-01 03:30:00,7.103,1.865,430.27,0,
2026-03-01 03:45:00,7.126,2.504,426.43,0,
2026-03-01 04:00:00,7.048,2.044,422.67,0,
2026-03-01 04:15:00,7.161,2.207,422.84,0,
2026-03-01 04:30:00,7.038,2.233,427.31,0,
2026-03-01 04:45:00,7.004,2.033,420.31,0,
2026-03-01 05:00:00,6.989,2.236,423.12,0,
2026-03-01 05:15:00,6.943,2.252,428.09,0,
2026-03-01 05:30:00,7.096,2.023,422.17,0,
2026-03-01 05:45:00,7.078,2.036,416.47,0,
2026-03-01 06:00:00,7.03,2.16,428.71,0,
2026-03-01 06:15:00,6.945,2.15,426.26,0,
2026-03-01 06:30:00,7.071,2.392,420.44,0,
2026-03-01 06:45:00,6.953,2.305,422.76,0,
2026-03-01 07:00:00,6.948,2.207,415.83,0,
2026-03-01 07:15:00,7.024,2.327,419.04,0,
2026-03-01 07:30:00,6.976,1.949,413.71,0,
2026-03-01 07:45:00,7.044,2.185,409.27,0,
2026-03-01 08:00:00,6.937,2.343,424.37,0,
2026-03-01 08:15:00,6.897,2.49,407.71,0,
2026-03-01 08:30:00,6.878,2.377,413.89,0,
2026-03-01 08:45:00,6.809,2.59,413.23,0,
2026-03-01 09:00:00,6.88,2.527,413.58,0,
2026-03-01 09:15:00,6.944,2.349,410.62,0,
2026-03-01 09:30:00,6.911,2.427,410.16,0,
2026-03-01 09:45:00,6.876,2.535,410.58,0,
2026-03-01 10:00:00,6.82,2.433,411.53,0,
2026-03-01 10:15:00,6.877,2.756,409.23,0,
2026-03-01 10:30:00,6.912,2.386,408.64,0,
2026-03-01 10:45:00,6.879,2.625,403.35,0,
2026-03-01 11:00:00,6.863,2.714,416.46,0,
2026-03-01 11:15:00,6.813,2.582,410.37,0,
2026-03-01 11:30:00,6.895,2.572,408.94,0,
2026-03-01 11:45:00,6.694,2.666,405.53,0,
2026-03-01 12:00:00,6.869,2.822,403.99,0,
2026-03-01 12:15:00,6.979,2.647,411.47,0,
2026-03-01 12:30:00,6.776,2.583,407.46,0,
2026-03-01 12:45:00,6.841,2.936,410.71,0,
2026-03-01 13:00:00,6.855,2.843,403.0,0,
2026-03-01 13:15:00,6.835,2.952,414.82,0,
2026-03-01 13:30:00,6.913,2.931,412.52,0,
2026-03-01 13:45:00,6.889,3.16,408.91,0,
2026-03-01 14:00:00,6.878,3.014,411.48,0,
2026-03-01 14:15:00,6.915,2.75,412.99,0,
2026-03-01 14:30:00,6.882,2.94,405.13,0,
2026-03-01 14:45:00,7.046,2.795,417.69,0,
2026-03-01 15:00:00,6.902,2.818,413.45,0,
2026-03-01 15:15:00,6.911,2.68,409.27,0,
2026-03-01 15:30:00,6.823,2.854,408.31,0,
2026-03-01 15:45:00,6.889,2.981,417.28,0,
2026-03-01 16:00:00,6.982,2.89,414.84,0,
2026-03-01 16:15:00,6.867,2.734,416.62,0,
2026-03-01 16:30:00,6.835,2.668,415.51,0,
2026-03-01 16:45:00,6.953,3.209,412.13,0,
2026-03-01 17:00:00,7.03,2.935,418.93,0,
2026-03-01 17:15:00,6.973,2.755,416.87,0,
2026-03-01 17:30:00,6.964,2.939,418.35,0,
2026-03-01 17:45:00,6.897,3.187,428.72,0,
2026-03-01 18:00:00,7.023,2.939,423.48,0,
2026-03-01 18:15:00,7.043,2.415,424.49,0,
2026-03-01 18:30:00,6.93,3.215,432.45,0,
2026-03-01 18:45:00,7.086,2.523,423.88,0,
2026-03-01 19:00:00,7.077,2.752,423.58,0,
2026-03-01 19:15:00,7.105,2.594,421.14,0,
2026-03-01 19:30:00,7.087,2.633,422.78,0,
2026-03-01 19:45:00,7.099,2.765,417.12,0,
2026-03-01 20:00:00,7.101,2.389,429.16,0,
2026-03-01 20:15:00,7.127,2.663,421.6,0,
2026-03-01 20:30:00,7.0,2.825,430.92,0,
2026-03-01 20:45:00,7.024,2.502,427.74,0,
2026-03-01 21:00:00,7.069,2.395,429.0,0,
2026-03-01 21:15:00,7.106,2.557,428.85,0,
2026-03-01 21:30:00,7.138,2.501,435.06,0,
2026-03-01 21:45:00,7.141,2.437,434.82,0,
2026-03-01 22:00:00,7.186,2.322,430.28,0,
2026-03-01 22:15:00,7.192,2.552,427.17,0,
2026-03-01 22:30:00,7.095,2.537,434.78,0,
2026-03-01 22:45:00,7.154,2.262,427.46,0,
2026-03-01 23:00:00,7.102,2.257,425.37,0,
2026-03-01 23:15:00,7.138,2.392,433.76,0,
2026-03-01 23:30:00,7.165,2.202,436.77,0,
2026-03-01 23:45:00,6.979,2.35,430.35,0,
2026-03-02 00:00:00,7.271,2.52,433.62,0,
2026-03-02 00:15:00,7.178,2.269,430.31,0,
2026-03-02 00:30:00,7.119,2.074,434.79,0,
2026-03-02 00:45:00,7.243,2.295,436.15,0,
2026-03-02 01:00:00,7.128,2.191,430.54,0,
2026-03-02 01:15:00,7.149,2.177,427.25,0,
2026-03-02 01:30:00,7.114,2.254,425.26,0,
2026-03-02 01:45:00,7.217,2.271,434.47,0,
2026-03-02 02:00:00,7.125,2.159,425.85,0,
2026-03-02 02:15:00,7.132,2.132,431.47,0,
2026-03-02 02:30:00,7.179,2.44,432.63,0,
2026-03-02 02:45:00,7.142,2.301,427.02,0,
2026-03-02 03:00:00,7.103,2.239,427.82,0,
2026-03-02 03:15:00,7.154,2.127,431.91,0,
2026-03-02 03:30:00,7.218,1.953,424.07,0,
2026-03-02 03:45:00,7.099,2.27,423.03,0,
2026-03-02 04:00:00,7.081,2.122,425.06,0,
2026-03-02 04:15:00,7.075,2.014,430.42,0,
2026-03-02 04:30:00,7.123,2.067,431.04,0,
2026-03-02 04:45:00,7.018,1.963,423.46,0,
2026-03-02 05:00:00,7.025,2.272,420.26,0,
2026-03-02 05:15:00,6.952,2.224,426.6,0,
2026-03-02 05:30:00,6.96,2.158,414.89,0,
2026-03-02 05:45:00,6.984,2.135,421.78,0,
2026-03-02 06:00:00,6.997,2.051,419.82,0,
2026-03-02 06:15:00,7.079,1.848,424.39,0,
2026-03-02 06:30:00,7.007,1.971,424.01,0,
2026-03-02 06:45:00,6.925,2.088,413.89,0,
2026-03-02 07:00:00,6.925,2.083,417.56,0,
2026-03-02 07:15:00,7.021,2.28,413.86,0,
2026-03-02 07:30:00,6.999,2.378,414.23,0,
2026-03-02 07:45:00,6.935,2.259,417.16,0,
2026-03-02 08:00:00,6.903,2.511,412.66,0,
2026-03-02 08:15:00,6.973,2.206,414.11,0,
2026-03-02 08:30:00,6.859,2.327,416.52,0,
2026-03-02 08:45:00,6.921,2.364,418.15,0,
2026-03-02 09:00:00,7.008,2.56,412.67,0,
2026-03-02 09:15:00,6.897,2.438,411.45,0,
2026-03-02 09:30:00,6.842,2.468,406.05,0,
2026-03-02 09:45:00,6.896,2.226,416.37,0,
2026-03-02 10:00:00,6.847,2.365,411.59,0,
2026-03-02 10:15:00,6.796,2.691,409.78,0,
2026-03-02 10:30:00,6.896,2.241,409.25,0,
2026-03-02 10:45:00,6.914,2.779,410.08,0,
2026-03-02 11:00:00,6.84,2.678,411.5,0,
2026-03-02 11:15:00,6.834,2.516,411.81,0,
2026-03-02 11:30:00,6.803,2.528,414.55,0,
2026-03-02 11:45:00,6.843,2.961,409.0,0,
2026-03-02 12:00:00,6.822,2.912,415.02,0,
2026-03-02 12:15:00,6.8,2.704,412.26,0,
2026-03-02 12:30:00,6.946,2.764,407.86,0,
2026-03-02 12:45:00,6.876,2.667,401.56,0,
2026-03-02 13:00:00,6.884,2.803,408.75,0,
2026-03-02 13:15:00,6.902,2.7,414.87,0,
2026-03-02 13:30:00,6.9,2.806,405.81,0,
2026-03-02 13:45:00,6.845,3.104,409.57,0,
2026-03-02 14:00:00,6.884,2.832,410.27,0,
2026-03-02 14:15:00,6.862,2.702,413.79,0,
2026-03-02 14:30:00,6.903,2.665,408.93,0,
2026-03-02 14:45:00,6.904,2.898,407.5,0,
2026-03-02 15:00:00,6.875,2.772,413.79,0,
2026-03-02 15:15:00,6.835,2.929,409.11,0,
2026-03-02 15:30:00,6.916,2.654,405.35,0,
2026-03-02 15:45:00,6.906,3.003,420.69,0,
2026-03-02 16:00:00,6.83,2.741,417.71,0,
2026-03-02 16:15:00,6.959,2.906,422.23,0,
2026-03-02 16:30:00,6.991,2.846,418.9,0,
2026-03-02 16:45:00,7.078,3.15,418.86,0,
2026-03-02 17:00:00,6.942,2.912,418.37,0,
2026-03-02 17:15:00,6.944,3.171,416.91,0,
2026-03-02 17:30:00,6.925,2.954,420.48,0,
2026-03-02 17:45:00,7.001,3.073,417.0,0,
2026-03-02 18:00:00,7.01,2.815,415.72,0,
2026-03-02 18:15:00,6.969,2.884,419.46,0,
2026-03-02 18:30:00,7.011,3.0,426.73,0,
2026-03-02 18:45:00,6.93,2.936,417.41,0,
2026-03-02 19:00:00,7.085,2.862,418.24,0,
2026-03-02 19:15:00,7.01,2.715,426.22,0,
2026-03-02 19:30:00,7.056,2.72,422.93,0,
2026-03-02 19:45:00,6.995,2.893,427.25,0,
2026-03-02 20:00:00,7.046,2.902,429.96,0,
2026-03-02 20:15:00,7.069,2.588,428.51,0,
2026-03-02 20:30:00,7.091,2.542,424.78,0,
2026-03-02 20:45:00,7.123,2.493,433.04,0,
2026-03-02 21:00:00,7.178,2.728,431.45,0,
2026-03-02 21:15:00,7.149,2.439,429.13,0,
2026-03-02 21:30:00,7.167,2.675,429.43,0,
2026-03-02 21:45:00,7.197,2.608,431.47,0,
2026-03-02 22:00:00,7.158,2.418,429.14,0,
2026-03-02 22:15:00,7.133,2.708,424.24,0,
2026-03-02 22:30:00,7.189,2.228,434.09,0,
2026-03-02 22:45:00,7.196,2.671,434.13,0,
2026-03-02 23:00:00,7.177,2.444,422.39,0,
2026-03-02 23:15:00,7.074,2.06,433.81,0,
2026-03-02 23:30:00,7.107,2.586,438.92,0,
2026-03-02 23:45:00,7.136,2.469,427.46,0,
2026-03-03 00:00:00,7.189,2.236,431.71,0,
2026-03-03 00:15:00,7.149,2.133,431.25,0,
2026-03-03 00:30:00,7.206,2.021,438.54,0,
2026-03-03 00:45:00,7.213,2.599,436.25,0,
2026-03-03 01:00:00,7.205,2.079,428.08,0,
2026-03-03 01:15:00,7.202,2.01,432.73,0,
2026-03-03 01:30:00,7.087,2.223,440.3,0,
2026-03-03 01:45:00,7.159,1.922,428.26,0,
2026-03-03 02:00:00,7.1,2.006,430.35,0,
2026-03-03 02:15:00,7.042,2.29,432.03,0,
2026-03-03 02:30:00,7.105,2.2,427.08,0,
2026-03-03 02:45:00,7.179,2.063,436.07,0,
2026-03-03 03:00:00,7.129,2.116,426.59,0,
2026-03-03 03:15:00,7.2,2.041,422.36,0,
2026-03-03 03:30:00,7.1,2.094,425.21,0,
2026-03-03 03:45:00,7.206,1.987,429.28,0,
2026-03-03 04:00:00,7.084,2.013,422.81,0,
2026-03-03 04:15:00,7.067,2.009,426.52,0,
2026-03-03 04:30:00,6.993,1.995,426.84,0,
2026-03-03 04:45:00,7.104,2.264,419.02,0,
2026-03-03 05:00:00,7.014,2.229,420.85,0,
2026-03-03 05:15:00,6.997,1.981,423.74,0,
2026-03-03 05:30:00,7.084,1.951,424.38,0,
2026-03-03 05:45:00,7.068,2.118,418.63,0,
2026-03-03 06:00:00,7.057,2.477,420.61,0,
2026-03-03 06:15:00,6.972,2.013,418.08,0,
2026-03-03 06:30:00,6.978,2.158,421.35,0,
2026-03-03 06:45:00,6.968,2.213,419.74,0,
2026-03-03 07:00:00,7.0,2.201,415.4,0,
2026-03-03 07:15:00,7.029,2.168,418.06,0,
2026-03-03 07:30:00,6.961,2.43,413.76,0,
2026-03-03 07:45:00,7.032,2.346,416.52,0,
2026-03-03 08:00:00,6.97,2.427,415.89,0,
2026-03-03 08:15:00,6.905,2.411,422.82,0,
2026-03-03 08:30:00,6.95,2.481,411.35,0,
2026-03-03 08:45:00,6.986,2.609,411.52,0,
2026-03-03 09:00:00,6.994,2.596,408.93,0,
2026-03-03 09:15:00,6.947,2.771,406.85,0,
2026-03-03 09:30:00,6.882,2.63,408.65,0,
2026-03-03 09:45:00,6.864,2.373,412.68,0,
2026-03-03 10:00:00,6.899,2.627,412.56,0,
2026-03-03 10:15:00,6.949,2.633,410.42,0,
2026-03-03 10:30:00,6.883,2.84,407.73,0,
2026-03-03 10:45:00,6.881,2.433,406.66,0,
2026-03-03 11:00:00,6.858,2.687,404.74,0,
2026-03-03 11:15:00,6.836,2.526,406.0,0,
2026-03-03 11:30:00,6.843,2.73,402.92,0,
2026-03-03 11:45:00,6.857,2.645,413.46,0,
2026-03-03 12:00:00,6.936,2.772,415.35,0,
2026-03-03 12:15:00,6.838,2.511,400.28,0,
2026-03-03 12:30:00,6.854,2.862,409.26,0,
2026-03-03 12:45:00,6.81,2.795,409.32,0,
2026-03-03 13:00:00,6.891,2.806,409.24,0,
2026-03-03 13:15:00,6.926,3.093,406.27,0,
2026-03-03 13:30:00,6.943,2.76,413.0,0,
2026-03-03 13:45:00,6.876,2.884,410.88,0,
2026-03-03 14:00:00,6.899,2.861,413.74,0,
2026-03-03 14:15:00,6.868,2.888,407.07,0,
2026-03-03 14:30:00,6.907,3.203,404.95,0,
2026-03-03 14:45:00,6.903,2.888,412.72,0,
2026-03-03 15:00:00,6.897,2.801,407.66,0,
2026-03-03 15:15:00,6.908,3.173,416.31,0,
2026-03-03 15:30:00,6.931,2.85,404.19,0,
2026-03-03 15:45:00,6.902,2.658,411.46,0,
2026-03-03 16:00:00,6.913,2.789,411.54,0,
2026-03-03 16:15:00,7.019,2.712,413.36,0,
2026-03-03 16:30:00,7.078,2.627,416.45,0,
2026-03-03 16:45:00,6.892,2.838,417.73,0,
2026-03-03 17:00:00,6.898,2.876,419.45,0,
2026-03-03 17:15:00,6.923,3.056,420.68,0,
2026-03-03 17:30:00,6.975,2.964,417.75,0,
2026-03-03 17:45:00,7.035,2.946,427.65,0,
2026-03-03 18:00:00,7.03,2.712,425.55,0,
2026-03-03 18:15:00,7.018,2.965,419.54,0,
2026-03-03 18:30:00,7.046,3.026,421.02,0,
2026-03-03 18:45:00,6.995,2.86,421.01,0,
2026-03-03 19:00:00,7.027,2.846,424.56,0,
2026-03-03 19:15:00,7.047,2.574,419.97,0,
2026-03-03 19:30:00,6.978,2.902,421.43,0,
2026-03-03 19:45:00,7.008,2.989,416.64,0,
2026-03-03 20:00:00,7.019,2.748,424.41,0,
2026-03-03 20:15:00,7.122,2.588,430.93,0,
2026-03-03 20:30:00,7.104,2.629,426.7,0,
2026-03-03 20:45:00,7.129,2.566,427.53,0,
2026-03-03 21:00:00,7.014,2.549,429.6,0,
2026-03-03 21:15:00,7.039,2.675,425.01,0,
2026-03-03 21:30:00,7.152,2.594,429.62,0,
2026-03-03 21:45:00,6.986,2.677,433.54,0,
2026-03-03 22:00:00,7.191,2.556,431.62,0,
2026-03-03 22:15:00,7.043,2.344,434.68,0,
2026-03-03 22:30:00,7.181,2.373,436.14,0,
2026-03-03 22:45:00,7.098,2.338,434.01,0,
2026-03-03 23:00:00,7.197,2.369,428.74,0,
2026-03-03 23:15:00,7.308,2.641,430.39,0,
2026-03-03 23:30:00,7.035,2.64,439.62,0,
2026-03-03 23:45:00,7.184,2.449,433.23,0,
2026-03-04 00:00:00,7.06,2.318,432.72,0,
2026-03-04 00:15:00,7.193,2.08,428.53,0,
2026-03-04 00:30:00,7.176,2.303,431.53,0,
2026-03-04 00:45:00,7.205,2.139,434.63,0,
2026-03-04 01:00:00,7.17,2.49,431.65,0,
2026-03-04 01:15:00,7.299,1.993,429.29,0,
2026-03-04 01:30:00,7.156,2.282,429.94,0,
2026-03-04 01:45:00,7.357,2.085,435.53,0,
2026-03-04 02:00:00,7.232,2.208,433.06,0,
2026-03-04 02:15:00,7.273,2.304,432.11,0,
2026-03-04 02:30:00,7.381,2.353,431.28,0,
2026-03-04 02:45:00,7.345,2.189,424.29,0,
2026-03-04 03:00:00,7.458,2.311,429.57,0,
2026-03-04 03:15:00,7.444,2.099,432.18,0,
2026-03-04 03:30:00,7.359,2.238,426.26,0,
2026-03-04 03:45:00,7.28,2.356,430.58,0,
2026-03-04 04:00:00,7.338,2.261,428.18,0,
2026-03-04 04:15:00,7.407,2.14,428.62,0,
2026-03-04 04:30:00,7.454,2.187,424.8,0,
2026-03-04 04:45:00,7.449,2.392,427.4,0,
2026-03-04 05:00:00,7.353,2.089,417.25,0,
2026-03-04 05:15:00,7.484,2.126,422.47,0,
2026-03-04 05:30:00,7.444,2.374,424.42,0,
2026-03-04 05:45:00,7.393,2.235,421.97,0,
2026-03-04 06:00:00,7.394,2.103,424.38,0,
2026-03-04 06:15:00,7.488,2.544,418.59,0,
2026-03-04 06:30:00,7.287,2.199,416.24,0,
2026-03-04 06:45:00,7.515,2.357,411.1,0,
2026-03-04 07:00:00,7.493,2.319,415.8,0,
2026-03-04 07:15:00,7.581,2.393,418.21,0,
2026-03-04 07:30:00,7.388,2.332,418.45,0,
2026-03-04 07:45:00,7.626,2.601,409.1,0,
2026-03-04 08:00:00,7.508,2.539,418.7,0,
2026-03-04 08:15:00,7.538,2.7,409.44,0,
2026-03-04 08:30:00,7.432,2.492,412.21,0,
2026-03-04 08:45:00,7.456,2.935,409.81,0,
2026-03-04 09:00:00,7.51,2.361,413.18,0,
2026-03-04 09:15:00,7.44,2.442,411.35,0,
2026-03-04 09:30:00,7.532,2.975,413.19,0,
2026-03-04 09:45:00,7.542,2.816,417.4,0,
2026-03-04 10:00:00,7.72,2.829,411.2,0,
2026-03-04 10:15:00,7.55,2.876,406.93,0,
2026-03-04 10:30:00,7.601,2.93,410.76,0,
2026-03-04 10:45:00,7.733,2.922,416.42,0,
2026-03-04 11:00:00,7.601,2.765,411.03,0,
2026-03-04 11:15:00,7.552,3.064,412.01,0,
2026-03-04 11:30:00,7.673,3.072,401.73,0,
2026-03-04 11:45:00,7.58,3.218,409.57,0,
2026-03-04 12:00:00,7.816,3.299,406.93,0,
2026-03-04 12:15:00,7.857,3.113,405.31,0,
2026-03-04 12:30:00,7.844,2.907,408.01,0,
2026-03-04 12:45:00,7.981,3.384,408.67,0,
2026-03-04 13:00:00,7.45,2.992,405.91,0,
2026-03-04 13:15:00,7.624,3.22,409.39,0,
2026-03-04 13:30:00,7.588,3.154,408.22,0,
2026-03-04 13:45:00,7.79,3.151,412.05,0,
2026-03-04 14:00:00,7.625,3.351,410.52,0,
2026-03-04 14:15:00,7.589,3.292,411.53,0,
2026-03-04 14:30:00,8.007,3.35,414.4,0,
2026-03-04 14:45:00,7.762,3.167,413.2,0,
2026-03-04 15:00:00,7.728,3.278,411.49,0,
2026-03-04 15:15:00,7.788,3.201,403.74,0,
2026-03-04 15:30:00,7.64,3.298,414.75,0,
2026-03-04 15:45:00,7.576,3.32,409.69,0,
2026-03-04 16:00:00,7.855,3.622,413.66,0,
2026-03-04 16:15:00,7.765,3.312,416.18,0,
2026-03-04 16:30:00,8.203,3.037,420.74,0,
2026-03-04 16:45:00,7.927,3.568,423.51,0,
2026-03-04 17:00:00,8.138,3.427,413.21,0,
2026-03-04 17:15:00,8.075,3.339,412.4,0,
2026-03-04 17:30:00,8.206,3.291,419.74,0,
2026-03-04 17:45:00,8.346,3.211,420.18,0,
2026-03-04 18:00:00,7.996,3.638,415.19,0,
2026-03-04 18:15:00,7.847,3.348,420.72,0,
2026-03-04 18:30:00,7.799,3.071,423.96,0,
2026-03-04 18:45:00,7.874,3.372,417.42,0,
2026-03-04 19:00:00,8.39,3.492,419.13,0,
2026-03-04 19:15:00,8.083,3.323,421.28,0,
2026-03-04 19:30:00,7.935,3.151,423.74,0,
2026-03-04 19:45:00,8.006,3.123,428.08,0,
2026-03-04 20:00:00,8.523,3.119,424.69,1,
2026-03-04 20:15:00,8.233,3.469,426.89,0,
2026-03-04 20:30:00,7.973,3.213,436.29,0,
2026-03-04 20:45:00,8.463,2.954,424.09,0,
2026-03-04 21:00:00,8.371,3.245,425.87,0,
2026-03-04 21:15:00,8.257,3.19,431.73,0,
2026-03-04 21:30:00,8.19,3.083,433.47,0,
2026-03-04 21:45:00,8.42,2.978,431.64,0,
2026-03-04 22:00:00,8.265,2.953,437.63,0,
2026-03-04 22:15:00,8.622,3.256,432.03,1,
2026-03-04 22:30:00,8.414,3.111,423.18,0,
2026-03-04 22:45:00,8.32,3.127,431.75,0,
2026-03-04 23:00:00,8.462,3.073,429.31,0,
2026-03-04 23:15:00,8.64,3.068,437.3,1,
2026-03-04 23:30:00,8.0,2.931,435.76,0,
2026-03-04 23:45:00,7.939,2.953,425.62,0,
2026-03-05 00:00:00,8.541,3.143,437.4,1,
2026-03-05 00:15:00,8.088,3.165,435.73,0,
2026-03-05 00:30:00,8.391,2.755,430.6,0,
2026-03-05 00:45:00,8.278,2.894,431.46,0,
2026-03-05 01:00:00,8.106,3.039,437.16,0,
2026-03-05 01:15:00,8.2,3.184,423.48,0,
2026-03-05 01:30:00,8.471,3.16,432.87,0,
2026-03-05 01:45:00,8.08,2.765,435.14,0,
2026-03-05 02:00:00,8.006,3.068,430.04,0,
2026-03-05 02:15:00,8.169,2.88,432.57,0,
2026-03-05 02:30:00,7.979,3.025,429.93,0,
2026-03-05 02:45:00,8.396,2.984,425.89,0,
2026-03-05 03:00:00,8.545,2.675,425.25,1,
2026-03-05 03:15:00,8.348,2.948,430.76,0,
2026-03-05 03:30:00,8.289,3.019,424.76,0,
2026-03-05 03:45:00,8.151,2.87,420.57,0,
2026-03-05 04:00:00,8.597,2.842,426.49,1,
2026-03-05 04:15:00,8.444,2.651,423.26,0,
2026-03-05 04:30:00,8.404,2.999,419.8,0,
2026-03-05 04:45:00,7.998,2.939,424.14,0,
2026-03-05 05:00:00,7.82,2.782,426.17,0,
2026-03-05 05:15:00,7.851,2.886,422.42,0,
2026-03-05 05:30:00,7.882,2.974,417.3,0,
2026-03-05 05:45:00,7.739,2.885,422.71,0,
2026-03-05 06:00:00,8.352,2.989,424.14,0,
2026-03-05 06:15:00,7.856,2.747,428.07,0,
2026-03-05 06:30:00,7.856,3.234,424.2,0,
2026-03-05 06:45:00,8.124,3.057,413.64,0,
2026-03-05 07:00:00,8.381,2.915,420.33,0,
2026-03-05 07:15:00,7.755,2.737,417.17,0,
2026-03-05 07:30:00,7.931,3.287,410.8,0,
2026-03-05 07:45:00,8.048,3.245,415.83,0,
2026-03-05 08:00:00,8.163,3.222,421.67,0,
2026-03-05 08:15:00,7.88,3.35,418.12,0,
2026-03-05 08:30:00,7.867,3.38,408.64,0,
2026-03-05 08:45:00,7.913,3.312,412.14,0,
2026-03-05 09:00:00,7.957,3.277,413.48,0,
2026-03-05 09:15:00,7.539,3.285,404.06,0,
2026-03-05 09:30:00,7.815,3.443,403.7,0,
2026-03-05 09:45:00,8.032,3.623,410.64,0,
2026-03-05 10:00:00,7.984,3.431,410.28,0,
2026-03-05 10:15:00,7.54,3.701,401.88,0,
2026-03-05 10:30:00,7.896,3.568,410.47,0,
2026-03-05 10:45:00,7.757,3.602,412.98,0,
2026-03-05 11:00:00,7.577,3.938,407.54,0,
2026-03-05 11:15:00,7.595,3.857,408.47,0,
2026-03-05 11:30:00,7.616,3.893,410.39,0,
2026-03-05 11:45:00,7.971,3.552,409.78,0,
2026-03-05 12:00:00,7.553,4.031,401.33,0,
2026-03-05 12:15:00,7.764,3.719,404.41,0,
2026-03-05 12:30:00,7.698,3.725,406.52,0,
2026-03-05 12:45:00,7.797,3.462,404.79,0,
2026-03-05 13:00:00,7.815,3.861,414.28,0,
2026-03-05 13:15:00,7.771,3.675,411.17,0,
2026-03-05 13:30:00,7.716,3.922,404.47,0,
2026-03-05 13:45:00,7.626,3.709,408.38,0,
2026-03-05 14:00:00,7.485,4.173,414.13,0,
2026-03-05 14:15:00,7.49,4.006,407.44,0,
2026-03-05 14:30:00,7.596,4.283,413.89,0,
2026-03-05 14:45:00,7.597,3.804,416.51,0,
2026-03-05 15:00:00,7.569,4.204,416.38,0,
2026-03-05 15:15:00,7.326,3.714,412.81,0,
2026-03-05 15:30:00,7.597,4.027,417.7,0,
2026-03-05 15:45:00,7.354,3.91,411.24,0,
2026-03-05 16:00:00,7.446,3.946,423.94,0,
2026-03-05 16:15:00,7.483,3.942,415.66,0,
2026-03-05 16:30:00,7.512,3.886,419.99,0,
2026-03-05 16:45:00,7.67,3.837,414.69,0,
2026-03-05 17:00:00,7.448,3.961,418.89,0,
2026-03-05 17:15:00,7.487,4.044,419.83,0,
2026-03-05 17:30:00,7.37,4.199,414.72,0,
2026-03-05 17:45:00,7.319,4.065,415.38,0,
2026-03-05 18:00:00,7.599,4.19,419.18,0,
2026-03-05 18:15:00,7.389,3.787,425.21,0,
2026-03-05 18:30:00,7.548,3.935,414.24,0,
2026-03-05 18:45:00,7.501,4.097,420.89,0,
2026-03-05 19:00:00,7.341,4.031,428.35,0,
2026-03-05 19:15:00,7.377,3.838,418.93,0,
2026-03-05 19:30:00,7.412,4.094,429.61,0,
2026-03-05 19:45:00,7.363,3.86,420.8,0,
2026-03-05 20:00:00,7.419,3.808,422.33,0,
2026-03-05 20:15:00,7.371,3.981,426.08,0,
2026-03-05 20:30:00,7.416,3.892,434.8,0,
2026-03-05 20:45:00,7.316,3.795,425.35,0,
2026-03-05 21:00:00,7.397,3.772,421.55,0,
2026-03-05 21:15:00,7.219,3.677,423.41,0,
2026-03-05 21:30:00,7.31,3.759,433.25,0,
2026-03-05 21:45:00,7.3,3.964,424.56,0,
2026-03-05 22:00:00,7.244,3.817,435.14,0,
2026-03-05 22:15:00,7.172,3.905,431.04,0,
2026-03-05 22:30:00,7.267,3.819,430.96,0,
2026-03-05 22:45:00,7.281,3.631,432.55,0,
2026-03-05 23:00:00,7.299,3.457,428.39,0,
2026-03-05 23:15:00,7.209,3.547,432.32,0,
2026-03-05 23:30:00,7.284,3.568,427.13,0,
2026-03-05 23:45:00,7.157,3.539,437.37,0,
2026-03-06 00:00:00,7.193,3.783,427.89,0,
2026-03-06 00:15:00,7.098,3.766,433.73,0,
2026-03-06 00:30:00,7.083,3.938,427.76,0,
2026-03-06 00:45:00,7.043,3.478,429.64,0,
2026-03-06 01:00:00,6.935,3.82,430.1,0,
2026-03-06 01:15:00,7.108,3.808,443.29,0,
2026-03-06 01:30:00,6.985,3.525,431.03,0,
2026-03-06 01:45:00,6.917,3.623,427.48,0,
2026-03-06 02:00:00,6.891,3.731,428.61,0,
2026-03-06 02:15:00,6.972,3.531,423.96,0,
2026-03-06 02:30:00,6.977,3.515,428.87,0,
2026-03-06 02:45:00,7.003,3.439,436.43,0,
2026-03-06 03:00:00,6.752,3.179,429.83,0,
2026-03-06 03:15:00,6.817,3.544,431.53,0,
2026-03-06 03:30:00,6.816,3.43,423.67,0,
2026-03-06 03:45:00,6.792,3.38,425.85,0,
2026-03-06 04:00:00,6.877,3.61,426.82,0,
2026-03-06 04:15:00,6.636,3.337,422.41,0,
2026-03-06 04:30:00,6.655,3.685,426.19,0,
2026-03-06 04:45:00,6.563,3.648,426.32,0,
2026-03-06 05:00:00,6.85,3.528,425.28,0,
2026-03-06 05:15:00,6.678,3.593,421.74,0,
2026-03-06 05:30:00,6.724,3.441,425.93,0,
2026-03-06 05:45:00,6.48,3.749,419.75,0,
2026-03-06 06:00:00,6.588,3.684,418.6,0,
2026-03-06 06:15:00,6.603,3.716,424.98,0,
2026-03-06 06:30:00,6.584,3.774,414.01,0,
2026-03-06 06:45:00,6.239,3.626,410.85,0,
2026-03-06 07:00:00,6.5,3.52,413.42,0,
2026-03-06 07:15:00,6.386,3.917,417.69,0,
2026-03-06 07:30:00,6.413,3.904,420.54,0,
2026-03-06 07:45:00,6.458,3.749,412.05,0,
2026-03-06 08:00:00,6.226,3.92,421.26,0,
2026-03-06 08:15:00,6.245,4.077,413.44,0,
2026-03-06 08:30:00,6.086,4.09,412.23,0,
2026-03-06 08:45:00,6.15,3.866,408.69,0,
2026-03-06 09:00:00,6.126,3.759,419.32,0,
2026-03-06 09:15:00,6.07,3.817,410.38,0,
2026-03-06 09:30:00,6.291,4.001,405.15,0,
2026-03-06 09:45:00,6.166,4.3,419.85,0,
2026-03-06 10:00:00,6.08,4.005,411.18,0,
2026-03-06 10:15:00,6.291,4.058,412.43,0,
2026-03-06 10:30:00,6.117,4.087,415.64,0,
2026-03-06 10:45:00,6.038,4.133,411.09,0,
2026-03-06 11:00:00,6.32,4.244,412.31,0,
2026-03-06 11:15:00,6.11,4.085,408.45,0,
2026-03-06 11:30:00,5.911,4.471,411.04,1,
2026-03-06 11:45:00,6.3,4.318,407.89,0,
2026-03-06 12:00:00,6.147,4.741,407.92,0,
2026-03-06 12:15:00,5.846,4.223,408.5,1,
2026-03-06 12:30:00,5.825,4.665,406.52,1,
2026-03-06 12:45:00,5.941,4.663,410.25,1,
2026-03-06 13:00:00,6.072,4.418,410.42,0,
2026-03-06 13:15:00,6.215,4.446,411.91,0,
2026-03-06 13:30:00,5.76,4.39,411.47,1,
2026-03-06 13:45:00,6.109,4.414,417.24,0,
2026-03-06 14:00:00,5.797,4.572,413.82,1,
2026-03-06 14:15:00,5.749,4.594,409.19,1,
2026-03-06 14:30:00,6.188,4.368,412.29,0,
2026-03-06 14:45:00,5.849,4.969,416.63,1,
2026-03-06 15:00:00,5.684,4.6,407.71,1,
2026-03-06 15:15:00,5.624,4.662,420.14,1,
2026-03-06 15:30:00,5.931,4.57,409.6,1,
2026-03-06 15:45:00,6.085,4.633,416.93,0,
2026-03-06 16:00:00,5.866,4.627,414.03,1,
2026-03-06 16:15:00,5.791,4.687,414.49,1,
2026-03-06 16:30:00,5.838,4.689,410.2,1,
2026-03-06 16:45:00,6.132,4.815,419.77,0,
2026-03-06 17:00:00,5.724,4.729,411.74,1,
2026-03-06 17:15:00,5.936,4.8,411.89,1,
2026-03-06 17:30:00,6.097,4.691,423.07,0,
2026-03-06 17:45:00,6.075,4.723,426.37,0,
2026-03-06 18:00:00,6.076,4.647,417.33,0,
2026-03-06 18:15:00,5.929,4.827,424.8,1,
2026-03-06 18:30:00,6.162,4.716,424.75,0,
2026-03-06 18:45:00,5.897,4.634,421.98,1,
2026-03-06 19:00:00,6.226,4.619,428.45,0,
2026-03-06 19:15:00,6.088,4.619,423.2,0,
2026-03-06 19:30:00,6.211,4.626,426.66,0,
2026-03-06 19:45:00,6.092,4.599,420.29,0,
2026-03-06 20:00:00,6.027,4.508,421.16,0,
2026-03-06 20:15:00,6.016,4.691,431.34,0,
2026-03-06 20:30:00,5.814,4.683,429.51,1,
2026-03-06 20:45:00,6.029,4.809,427.34,0,
2026-03-06 21:00:00,5.811,4.433,436.12,1,
2026-03-06 21:15:00,6.295,4.605,436.61,0,
2026-03-06 21:30:00,6.027,4.2,431.28,0,
2026-03-06 21:45:00,6.313,4.591,424.16,0,
2026-03-06 22:00:00,6.01,4.229,429.95,0,
2026-03-06 22:15:00,6.001,4.281,427.43,0,
2026-03-06 22:30:00,5.779,4.459,431.44,1,
2026-03-06 22:45:00,5.948,4.297,427.62,1,
2026-03-06 23:00:00,6.072,4.258,426.81,0,
2026-03-06 23:15:00,6.097,4.281,422.72,0,
2026-03-06 23:30:00,5.627,4.446,432.57,1,
2026-03-06 23:45:00,6.184,4.18,422.78,0,
2026-03-07 00:00:00,6.377,4.295,430.72,0,
2026-03-07 00:15:00,6.26,4.231,434.75,0,
2026-03-07 00:30:00,5.627,4.397,429.01,1,
2026-03-07 00:45:00,5.777,4.388,427.43,1,
2026-03-07 01:00:00,6.201,3.973,431.32,0,
2026-03-07 01:15:00,6.405,4.394,428.05,0,
2026-03-07 01:30:00,5.766,4.136,431.83,1,
2026-03-07 01:45:00,6.107,4.255,426.63,0,
2026-03-07 02:00:00,6.413,4.072,429.97,0,
2026-03-07 02:15:00,6.031,4.263,428.59,0,
2026-03-07 02:30:00,6.025,4.586,429.47,0,
2026-03-07 02:45:00,6.114,4.22,435.56,0,
2026-03-07 03:00:00,5.925,4.132,429.28,1,
2026-03-07 03:15:00,5.794,4.167,429.93,1,
2026-03-07 03:30:00,5.944,3.984,424.81,1,
2026-03-07 03:45:00,6.346,4.426,427.56,0,
2026-03-07 04:00:00,6.231,4.262,424.9,0,
2026-03-07 04:15:00,5.708,4.065,425.43,1,
2026-03-07 04:30:00,6.114,4.08,427.19,0,
2026-03-07 04:45:00,5.975,4.246,421.86,1,
2026-03-07 05:00:00,6.187,4.396,421.51,0,
2026-03-07 05:15:00,6.152,4.098,420.4,0,
2026-03-07 05:30:00,5.94,4.454,419.54,1,
2026-03-07 05:45:00,6.083,4.291,421.48,0,
2026-03-07 06:00:00,5.842,4.184,418.54,1,
2026-03-07 06:15:00,5.967,4.275,425.21,1,
2026-03-07 06:30:00,5.775,4.629,429.15,1,
2026-03-07 06:45:00,5.928,4.182,415.39,1,
2026-03-07 07:00:00,6.084,4.306,418.07,0,
2026-03-07 07:15:00,5.732,4.584,420.29,1,
2026-03-07 07:30:00,5.687,4.501,414.34,1,
2026-03-07 07:45:00,6.063,4.378,410.71,0,
2026-03-07 08:00:00,5.859,4.671,420.95,1,
2026-03-07 08:15:00,6.013,4.708,416.08,0,
2026-03-07 08:30:00,5.831,4.637,413.97,1,
2026-03-07 08:45:00,6.209,4.527,417.89,0,
2026-03-07 09:00:00,6.254,4.582,414.6,0,
2026-03-07 09:15:00,6.147,4.726,410.79,0,
2026-03-07 09:30:00,6.238,4.519,406.57,0,
2026-03-07 09:45:00,5.925,4.948,408.05,1,
2026-03-07 10:00:00,5.787,5.037,414.43,1,
2026-03-07 10:15:00,6.179,4.779,411.97,0,
2026-03-07 10:30:00,6.068,4.901,408.17,0,
2026-03-07 10:45:00,6.053,5.059,415.7,0,
2026-03-07 11:00:00,6.053,5.206,407.78,0,
2026-03-07 11:15:00,5.791,5.179,412.18,1,
2026-03-07 11:30:00,5.914,4.716,408.98,1,
2026-03-07 11:45:00,6.023,4.96,415.76,0,
2026-03-07 12:00:00,6.099,5.112,411.01,0,
2026-03-07 12:15:00,6.163,4.992,408.21,0,
2026-03-07 12:30:00,5.821,5.362,407.39,1,
2026-03-07 12:45:00,6.251,5.366,408.17,0,
2026-03-07 13:00:00,6.182,5.026,405.51,0,
2026-03-07 13:15:00,6.126,5.149,403.17,0,
2026-03-07 13:30:00,6.267,5.084,410.15,0,
2026-03-07 13:45:00,6.139,5.189,407.1,0,
2026-03-07 14:00:00,5.935,5.206,407.46,1,
2026-03-07 14:15:00,6.38,5.402,409.67,0,
2026-03-07 14:30:00,6.374,5.143,410.69,0,
2026-03-07 14:45:00,6.325,4.9,411.01,0,
2026-03-07 15:00:00,6.445,5.067,418.47,0,
2026-03-07 15:15:00,6.082,5.166,414.74,0,
2026-03-07 15:30:00,6.223,5.233,421.13,0,
2026-03-07 15:45:00,6.133,5.369,411.58,0,
2026-03-07 16:00:00,6.287,5.187,417.13,0,
2026-03-07 16:15:00,6.448,5.173,413.16,0,
2026-03-07 16:30:00,6.303,5.22,413.16,0,
2026-03-07 16:45:00,6.417,5.195,424.72,0,
2026-03-07 17:00:00,6.469,5.28,413.82,0,
2026-03-07 17:15:00,6.358,5.273,408.73,0,
2026-03-07 17:30:00,6.517,5.463,415.6,0,
2026-03-07 17:45:00,6.619,5.208,411.18,0,
2026-03-07 18:00:00,6.529,5.297,416.19,0,
2026-03-07 18:15:00,6.712,5.262,417.35,0,
2026-03-07 18:30:00,6.701,5.457,421.71,0,
2026-03-07 18:45:00,6.746,5.303,414.14,0,
2026-03-07 19:00:00,6.67,5.473,427.89,0,
2026-03-07 19:15:00,6.679,5.13,416.35,0,
2026-03-07 19:30:00,6.64,5.282,424.08,0,
2026-03-07 19:45:00,6.763,5.189,424.01,0,
2026-03-07 20:00:00,6.75,5.076,429.3,0,
2026-03-07 20:15:00,6.827,5.234,428.07,0,
2026-03-07 20:30:00,6.92,5.487,432.05,0,
2026-03-07 20:45:00,6.897,5.082,426.47,0,
2026-03-07 21:00:00,6.938,5.172,426.63,0,
2026-03-07 21:15:00,7.016,4.976,430.67,0,
2026-03-07 21:30:00,6.906,4.935,433.64,0,
2026-03-07 21:45:00,6.97,5.017,433.28,0,
2026-03-07 22:00:00,7.012,5.048,431.68,0,
2026-03-07 22:15:00,7.036,5.036,431.69,0,
2026-03-07 22:30:00,7.092,5.043,430.94,0,
2026-03-07 22:45:00,7.07,4.811,433.0,0,
2026-03-07 23:00:00,7.062,4.946,439.73,0,
2026-03-07 23:15:00,7.018,5.097,430.8,0,
2026-03-07 23:30:00,7.049,4.801,430.44,0,
2026-03-07 23:45:00,7.053,4.934,430.21,0,
2026-03-08 00:00:00,7.183,5.015,433.56,0,
2026-03-08 00:15:00,7.121,4.839,423.49,0,
2026-03-08 00:30:00,7.266,4.993,431.36,0,
2026-03-08 00:45:00,7.229,4.7,435.29,0,
2026-03-08 01:00:00,7.195,5.05,429.49,0,
2026-03-08 01:15:00,7.223,4.96,432.11,0,
2026-03-08 01:30:00,7.321,4.904,439.52,0,
2026-03-08 01:45:00,7.231,5.056,432.09,0,
2026-03-08 02:00:00,7.243,4.831,421.44,0,
2026-03-08 02:15:00,7.316,4.782,424.34,0,
2026-03-08 02:30:00,7.297,5.077,428.52,0,
2026-03-08 02:45:00,7.261,5.145,425.81,0,
2026-03-08 03:00:00,7.409,4.764,428.9,0,
2026-03-08 03:15:00,7.401,4.852,426.73,0,
2026-03-08 03:30:00,7.319,5.029,431.97,0,
2026-03-08 03:45:00,7.41,4.865,422.3,0,
2026-03-08 04:00:00,7.553,4.972,425.17,0,
2026-03-08 04:15:00,7.381,5.007,426.18,0,
2026-03-08 04:30:00,7.582,4.816,425.96,0,
2026-03-08 04:45:00,7.488,4.974,424.44,0,
2026-03-08 05:00:00,7.397,4.923,413.46,0,
2026-03-08 05:15:00,7.576,4.756,422.67,0,
2026-03-08 05:30:00,7.48,4.806,420.96,0,
2026-03-08 05:45:00,7.311,4.875,424.24,0,
2026-03-08 06:00:00,7.424,5.131,422.89,0,
2026-03-08 06:15:00,7.605,5.157,420.18,0,
2026-03-08 06:30:00,7.599,5.147,419.69,0,
2026-03-08 06:45:00,7.46,5.124,423.07,0,
2026-03-08 07:00:00,7.479,5.145,421.5,0,
2026-03-08 07:15:00,7.407,5.151,417.24,0,
2026-03-08 07:30:00,7.699,5.198,423.99,0,
2026-03-08 07:45:00,7.32,5.236,412.18,0,
2026-03-08 08:00:00,7.494,4.983,409.26,0,
2026-03-08 08:15:00,7.632,5.105,413.29,0,
2026-03-08 08:30:00,7.371,5.1,411.2,0,
2026-03-08 08:45:00,7.812,5.452,402.23,0,
2026-03-08 09:00:00,7.709,5.566,408.91,0,
2026-03-08 09:15:00,7.546,5.025,412.35,0,
2026-03-08 09:30:00,7.623,5.618,410.25,0,
2026-03-08 09:45:00,7.726,5.429,406.92,0,
2026-03-08 10:00:00,7.327,5.601,409.78,0,
2026-03-08 10:15:00,7.442,5.559,409.73,0,
2026-03-08 10:30:00,7.703,5.732,411.77,0,
2026-03-08 10:45:00,7.637,5.58,406.07,0,
2026-03-08 11:00:00,7.688,5.376,411.9,0,
2026-03-08 11:15:00,7.625,5.597,403.87,0,
2026-03-08 11:30:00,7.794,5.722,406.09,0,
2026-03-08 11:45:00,7.431,5.643,414.82,0,
2026-03-08 12:00:00,7.556,5.804,403.9,0,
2026-03-08 12:15:00,7.656,5.725,405.39,0,
2026-03-08 12:30:00,7.731,5.673,403.09,0,
2026-03-08 12:45:00,7.775,5.627,404.92,0,
2026-03-08 13:00:00,7.879,5.757,408.96,0,
2026-03-08 13:15:00,7.712,5.871,411.46,0,
2026-03-08 13:30:00,7.812,5.57,408.84,0,
2026-03-08 13:45:00,7.592,5.769,407.94,0,
2026-03-08 14:00:00,7.797,5.608,404.64,0,
2026-03-08 14:15:00,8.057,5.834,407.11,0,
2026-03-08 14:30:00,7.787,6.124,404.3,0,
2026-03-08 14:45:00,7.996,5.783,413.92,0,
2026-03-08 15:00:00,7.648,6.081,414.74,0,
2026-03-08 15:15:00,7.72,6.415,411.93,0,
2026-03-08 15:30:00,7.937,6.217,414.46,0,
2026-03-08 15:45:00,8.114,6.029,416.84,0,
2026-03-08 16:00:00,8.039,6.145,414.4,0,
2026-03-08 16:15:00,8.126,5.817,420.27,0,
2026-03-08 16:30:00,8.164,5.791,411.31,0,
2026-03-08 16:45:00,7.986,6.034,414.75,0,
2026-03-08 17:00:00,7.894,6.091,415.02,0,
2026-03-08 17:15:00,7.972,6.194,420.25,0,
2026-03-08 17:30:00,8.086,5.942,412.7,0,
2026-03-08 17:45:00,8.14,6.053,425.01,0,
2026-03-08 18:00:00,7.943,6.042,422.25,0,
2026-03-08 18:15:00,7.985,5.992,427.79,0,
2026-03-08 18:30:00,7.976,5.993,421.4,0,
2026-03-08 18:45:00,7.79,5.866,420.14,0,
2026-03-08 19:00:00,8.057,6.025,425.73,0,
2026-03-08 19:15:00,8.353,6.0,427.98,0,
2026-03-08 19:30:00,8.262,5.891,421.73,0,
2026-03-08 19:45:00,8.459,6.043,417.32,0,
2026-03-08 20:00:00,8.373,6.082,418.69,0,
2026-03-08 20:15:00,8.014,6.013,427.71,0,
2026-03-08 20:30:00,8.43,5.738,433.47,0,
2026-03-08 20:45:00,8.447,5.892,422.71,0,
2026-03-08 21:00:00,8.332,5.722,427.4,0,
2026-03-08 21:15:00,8.266,5.855,427.63,0,
2026-03-08 21:30:00,8.204,5.686,437.2,0,
2026-03-08 21:45:00,7.946,5.994,439.01,0,
2026-03-08 22:00:00,8.106,5.901,432.09,0,
2026-03-08 22:15:00,8.115,5.937,434.35,0,
2026-03-08 22:30:00,8.272,5.903,434.57,0,
2026-03-08 22:45:00,8.507,5.686,426.24,1,
2026-03-08 23:00:00,8.137,5.644,434.39,0,
2026-03-08 23:15:00,7.983,5.951,427.69,0,
2026-03-08 23:30:00,8.447,5.647,431.21,0,
2026-03-08 23:45:00,8.567,5.452,436.53,1,
2026-03-09 00:00:00,8.312,5.79,432.32,0,
2026-03-09 00:15:00,8.29,5.645,436.38,0,
2026-03-09 00:30:00,8.266,5.835,437.09,0,
2026-03-09 00:45:00,8.416,5.633,424.74,0,
2026-03-09 01:00:00,8.567,5.581,422.88,1,
2026-03-09 01:15:00,8.125,5.802,436.01,0,
2026-03-09 01:30:00,8.6,5.333,435.9,1,
2026-03-09 01:45:00,8.455,5.467,431.79,0,
2026-03-09 02:00:00,8.463,5.415,431.96,0,
2026-03-09 02:15:00,7.983,5.214,433.55,0,
2026-03-09 02:30:00,8.601,5.67,433.02,1,
2026-03-09 02:45:00,8.256,5.453,427.81,0,
2026-03-09 03:00:00,8.138,5.672,432.31,0,
2026-03-09 03:15:00,8.237,5.596,426.53,0,
2026-03-09 03:30:00,8.148,5.631,428.28,0,
2026-03-09 03:45:00,7.966,5.476,427.47,0,
2026-03-09 04:00:00,7.845,5.436,422.56,0,
2026-03-09 04:15:00,8.083,5.572,422.34,0,
2026-03-09 04:30:00,8.191,5.706,433.53,0,
2026-03-09 04:45:00,8.264,5.571,420.29,0,
2026-03-09 05:00:00,8.26,5.487,424.59,0,
2026-03-09 05:15:00,8.186,5.427,424.66,0,
2026-03-09 05:30:00,7.839,5.653,421.35,0,
2026-03-09 05:45:00,7.996,5.557,423.47,0,
2026-03-09 06:00:00,8.17,5.649,421.32,0,
2026-03-09 06:15:00,8.207,5.645,415.73,0,
2026-03-09 06:30:00,7.891,5.636,420.58,0,
2026-03-09 06:45:00,8.318,5.77,415.48,0,
2026-03-09 07:00:00,8.234,5.834,423.86,0,
2026-03-09 07:15:00,8.233,6.072,417.86,0,
2026-03-09 07:30:00,8.037,5.918,412.61,0,
2026-03-09 07:45:00,7.916,6.072,416.06,0,
2026-03-09 08:00:00,8.177,5.739,410.3,0,
2026-03-09 08:15:00,8.071,5.652,414.36,0,
2026-03-09 08:30:00,8.103,5.92,411.79,0,
2026-03-09 08:45:00,8.094,6.083,408.78,0,
2026-03-09 09:00:00,8.21,6.091,408.16,0,
2026-03-09 09:15:00,8.036,6.2,420.72,0,
2026-03-09 09:30:00,7.673,5.671,410.85,0,
2026-03-09 09:45:00,7.823,6.272,408.3,0,
2026-03-09 10:00:00,7.844,6.168,407.19,0,
2026-03-09 10:15:00,7.853,5.919,411.12,0,
2026-03-09 10:30:00,7.65,6.292,406.36,0,
2026-03-09 10:45:00,7.687,6.242,404.26,0,
2026-03-09 11:00:00,7.963,6.306,408.28,0,
2026-03-09 11:15:00,7.564,6.431,408.07,0,
2026-03-09 11:30:00,7.465,6.377,406.43,0,
2026-03-09 11:45:00,7.756,6.122,404.46,0,
2026-03-09 12:00:00,7.573,6.352,406.44,0,
2026-03-09 12:15:00,7.484,6.16,406.15,0,
2026-03-09 12:30:00,7.668,6.528,405.67,0,
2026-03-09 12:45:00,7.908,6.667,409.34,0,
2026-03-09 13:00:00,7.548,6.297,417.31,0,
2026-03-09 13:15:00,7.504,6.408,413.96,0,
2026-03-09 13:30:00,7.559,6.4,416.68,0,
2026-03-09 13:45:00,7.645,6.486,406.97,0,
2026-03-09 14:00:00,7.474,6.637,416.31,0,
2026-03-09 14:15:00,7.477,6.528,410.93,0,
2026-03-09 14:30:00,7.667,6.71,414.43,0,
2026-03-09 14:45:00,7.695,6.788,412.81,0,
2026-03-09 15:00:00,7.394,6.808,410.14,0,
2026-03-09 15:15:00,7.539,6.488,414.97,0,
2026-03-09 15:30:00,7.613,6.875,414.63,0,
2026-03-09 15:45:00,7.293,6.896,406.26,0,
2026-03-09 16:00:00,7.591,6.917,413.5,0,
2026-03-09 16:15:00,7.472,6.667,418.18,0,
2026-03-09 16:30:00,7.367,6.582,416.52,0,
2026-03-09 16:45:00,7.425,6.55,418.02,0,
2026-03-09 17:00:00,7.376,6.533,413.89,0,
2026-03-09 17:15:00,7.605,6.7,418.68,0,
2026-03-09 17:30:00,7.627,6.823,418.05,0,
2026-03-09 17:45:00,7.548,6.888,418.4,0,
2026-03-09 18:00:00,7.497,6.614,417.28,0,
2026-03-09 18:15:00,7.435,6.674,424.44,0,
2026-03-09 18:30:00,7.482,6.656,422.95,0,
2026-03-09 18:45:00,7.49,6.566,423.32,0,
2026-03-09 19:00:00,7.326,6.761,431.31,0,
2026-03-09 19:15:00,7.458,6.693,425.75,0,
2026-03-09 19:30:00,7.403,6.647,429.39,0,
2026-03-09 19:45:00,7.328,6.665,426.4,0,
2026-03-09 20:00:00,7.311,6.688,424.59,0,
2026-03-09 20:15:00,7.312,6.67,422.43,0,
2026-03-09 20:30:00,7.31,6.437,428.27,0,
2026-03-09 20:45:00,7.28,6.68,417.26,0,
2026-03-09 21:00:00,7.289,6.565,429.58,0,
2026-03-09 21:15:00,7.303,6.443,430.28,0,
2026-03-09 21:30:00,7.278,6.525,428.65,0,
2026-03-09 21:45:00,7.329,6.522,429.61,0,
2026-03-09 22:00:00,7.316,6.614,425.39,0,
2026-03-09 22:15:00,7.302,6.275,436.3,0,
2026-03-09 22:30:00,7.276,6.612,429.74,0,
2026-03-09 22:45:00,7.24,6.398,427.47,0,
2026-03-09 23:00:00,7.207,6.3,433.77,0,
2026-03-09 23:15:00,7.236,6.277,432.21,0,
2026-03-09 23:30:00,7.209,6.19,430.46,0,
2026-03-09 23:45:00,7.168,6.062,430.12,0,
2026-03-10 00:00:00,7.214,2.402,431.98,0,"Full maintenance visit – pH probe cleaned, turbidity probe serviced"
2026-03-10 00:15:00,7.032,2.575,437.36,0,
2026-03-10 00:30:00,7.134,2.014,433.78,0,
2026-03-10 00:45:00,7.132,2.094,431.63,0,
2026-03-10 01:00:00,7.203,2.33,435.0,0,
2026-03-10 01:15:00,7.221,2.192,431.47,0,
2026-03-10 01:30:00,7.066,2.308,432.69,0,
2026-03-10 01:45:00,7.205,2.152,431.37,0,
2026-03-10 02:00:00,7.071,2.066,432.75,0,
2026-03-10 02:15:00,7.068,2.107,428.2,0,
2026-03-10 02:30:00,7.107,1.773,424.96,0,
2026-03-10 02:45:00,7.097,1.95,432.65,0,
2026-03-10 03:00:00,7.028,2.256,434.5,0,
2026-03-10 03:15:00,7.131,2.286,423.54,0,
2026-03-10 03:30:00,7.125,2.314,428.02,0,
2026-03-10 03:45:00,7.136,2.167,424.87,0,
2026-03-10 04:00:00,7.053,1.762,429.53,0,
2026-03-10 04:15:00,7.064,2.006,426.29,0,
2026-03-10 04:30:00,7.056,2.302,437.9,0,
2026-03-10 04:45:00,7.133,2.351,422.65,0,
2026-03-10 05:00:00,6.897,2.318,429.25,0,
2026-03-10 05:15:00,6.981,2.086,428.88,0,
2026-03-10 05:30:00,7.02,1.934,423.7,0,
2026-03-10 05:45:00,6.956,2.135,420.93,0,
2026-03-10 06:00:00,6.987,2.156,420.38,0,
2026-03-10 06:15:00,6.984,2.402,419.26,0,
2026-03-10 06:30:00,6.948,2.217,422.97,0,
2026-03-10 06:45:00,6.974,2.202,414.17,0,
2026-03-10 07:00:00,6.993,2.228,416.25,0,
2026-03-10 07:15:00,6.94,2.296,415.01,0,
2026-03-10 07:30:00,6.92,2.35,408.5,0,
2026-03-10 07:45:00,6.925,2.169,418.13,0,
2026-03-10 08:00:00,6.925,2.141,418.25,0,
2026-03-10 08:15:00,6.83,2.529,410.8,0,
2026-03-10 08:30:00,6.932,2.101,416.82,0,
2026-03-10 08:45:00,6.879,2.617,405.75,0,
2026-03-10 09:00:00,6.957,2.11,411.61,0,
2026-03-10 09:15:00,6.917,2.334,410.47,0,
2026-03-10 09:30:00,6.94,2.594,410.83,0,
2026-03-10 09:45:00,6.825,2.474,410.35,0,
2026-03-10 10:00:00,6.852,2.303,409.3,0,
2026-03-10 10:15:00,6.803,2.59,407.69,0,
2026-03-10 10:30:00,6.826,2.562,408.48,0,
2026-03-10 10:45:00,6.921,2.546,414.09,0,
2026-03-10 11:00:00,6.929,2.51,406.09,0,
2026-03-10 11:15:00,6.795,2.623,417.25,0,
2026-03-10 11:30:00,6.828,2.566,405.56,0,
2026-03-10 11:45:00,6.847,3.042,408.99,0,
2026-03-10 12:00:00,6.879,2.664,410.28,0,
2026-03-10 12:15:00,6.762,2.666,406.86,0,
2026-03-10 12:30:00,6.771,2.662,413.63,0,
2026-03-10 12:45:00,6.877,3.03,410.41,0,
2026-03-10 13:00:00,6.758,2.537,407.59,0,
2026-03-10 13:15:00,6.836,2.855,414.12,0,
2026-03-10 13:30:00,6.87,2.781,404.85,0,
2026-03-10 13:45:00,6.886,2.619,406.98,0,
2026-03-10 14:00:00,6.863,2.724,411.86,0,
2026-03-10 14:15:00,6.857,2.906,413.23,0,
2026-03-10 14:30:00,6.923,2.74,411.77,0,
2026-03-10 14:45:00,6.901,2.918,410.47,0,
2026-03-10 15:00:00,6.862,3.146,410.51,0,
2026-03-10 15:15:00,6.903,2.918,416.61,0,
2026-03-10 15:30:00,6.928,2.679,413.66,0,
2026-03-10 15:45:00,7.003,2.772,409.84,0,
2026-03-10 16:00:00,6.964,2.857,410.28,0,
2026-03-10 16:15:00,6.994,2.846,420.75,0,
2026-03-10 16:30:00,6.912,2.919,412.53,0,
2026-03-10 16:45:00,6.926,2.939,417.23,0,
2026-03-10 17:00:00,6.949,3.146,422.3,0,
2026-03-10 17:15:00,6.964,2.878,419.83,0,
2026-03-10 17:30:00,6.93,2.697,415.4,0,
2026-03-10 17:45:00,7.053,3.032,415.15,0,
2026-03-10 18:00:00,7.044,3.036,427.48,0,
2026-03-10 18:15:00,6.995,2.867,416.62,0,
2026-03-10 18:30:00,7.052,2.78,419.35,0,
2026-03-10 18:45:00,7.04,2.894,423.83,0,
2026-03-10 19:00:00,7.075,2.751,422.23,0,
2026-03-10 19:15:00,6.981,2.455,426.15,0,
2026-03-10 19:30:00,7.05,2.828,418.72,0,
2026-03-10 19:45:00,7.063,2.856,424.47,0,
2026-03-10 20:00:00,7.106,2.916,428.71,0,
2026-03-10 20:15:00,7.052,2.567,429.39,0,
2026-03-10 20:30:00,6.966,2.687,425.02,0,
2026-03-10 20:45:00,7.045,2.666,423.83,0,
2026-03-10 21:00:00,7.103,2.616,429.34,0,
2026-03-10 21:15:00,7.116,2.595,423.77,0,
2026-03-10 21:30:00,7.203,2.558,434.66,0,
2026-03-10 21:45:00,7.154,2.558,430.61,0,
2026-03-10 22:00:00,7.134,2.611,427.61,0,
2026-03-10 22:15:00,7.133,2.657,426.54,0,
2026-03-10 22:30:00,7.194,2.334,428.55,0,
2026-03-10 22:45:00,7.113,2.396,425.12,0,
2026-03-10 23:00:00,7.138,2.333,433.57,0,
2026-03-10 23:15:00,7.093,2.287,428.56,0,
2026-03-10 23:30:00,7.22,2.105,433.5,0,
2026-03-10 23:45:00,7.169,2.327,434.12,0,
2026-03-11 00:00:00,7.115,2.372,435.86,0,
2026-03-11 00:15:00,7.144,2.255,432.98,0,
2026-03-11 00:30:00,7.174,2.255,436.4,0,
2026-03-11 00:45:00,7.135,2.299,437.31,0,
2026-03-11 01:00:00,7.118,2.429,432.62,0,
2026-03-11 01:15:00,7.109,2.136,432.64,0,
2026-03-11 01:30:00,7.156,2.007,428.86,0,
2026-03-11 01:45:00,7.117,2.154,426.81,0,
2026-03-11 02:00:00,7.107,2.436,435.52,0,
2026-03-11 02:15:00,7.058,1.967,432.4,0,
2026-03-11 02:30:00,7.123,2.228,432.27,0,
2026-03-11 02:45:00,7.104,2.295,426.66,0,
2026-03-11 03:00:00,7.09,1.759,434.98,0,
2026-03-11 03:15:00,7.109,2.169,427.0,0,
2026-03-11 03:30:00,7.129,2.194,424.1,0,
2026-03-11 03:45:00,7.118,2.061,424.37,0,
2026-03-11 04:00:00,7.103,2.003,432.28,0,
2026-03-11 04:15:00,7.054,2.012,420.86,0,
2026-03-11 04:30:00,7.029,2.054,421.59,0,
2026-03-11 04:45:00,6.996,2.062,435.45,0,
2026-03-11 05:00:00,7.009,2.04,426.87,0,
2026-03-11 05:15:00,7.03,2.07,419.41,0,
2026-03-11 05:30:00,6.98,2.309,417.24,0,
2026-03-11 05:45:00,7.015,1.959,414.09,0,
2026-03-11 06:00:00,6.952,1.891,420.39,0,
2026-03-11 06:15:00,6.907,2.348,422.13,0,
2026-03-11 06:30:00,7.021,2.154,424.51,0,
2026-03-11 06:45:00,6.947,2.141,410.08,0,
2026-03-11 07:00:00,6.919,2.2,411.59,0,
2026-03-11 07:15:00,6.897,2.268,415.66,0,
2026-03-11 07:30:00,6.964,2.178,426.56,0,
2026-03-11 07:45:00,7.002,2.354,418.24,0,
2026-03-11 08:00:00,6.905,2.156,415.49,0,
2026-03-11 08:15:00,6.906,2.278,408.43,0,
2026-03-11 08:30:00,6.962,2.015,404.21,0,
2026-03-11 08:45:00,6.811,2.547,412.24,0,
2026-03-11 09:00:00,6.992,2.37,411.12,0,
2026-03-11 09:15:00,7.009,2.522,409.91,0,
2026-03-11 09:30:00,6.746,2.519,408.96,0,
2026-03-11 09:45:00,6.87,2.556,407.03,0,
2026-03-11 10:00:00,6.834,2.499,405.7,0,
2026-03-11 10:15:00,6.852,2.584,414.8,0,
2026-03-11 10:30:00,6.84,2.408,405.37,0,
2026-03-11 10:45:00,6.899,2.402,407.53,0,
2026-03-11 11:00:00,6.849,2.588,408.25,0,
2026-03-11 11:15:00,6.807,2.527,411.06,0,
2026-03-11 11:30:00,6.843,2.867,404.7,0,
2026-03-11 11:45:00,6.876,2.733,411.94,0,
2026-03-11 12:00:00,6.791,2.593,405.68,0,
2026-03-11 12:15:00,6.768,2.681,407.38,0,
2026-03-11 12:30:00,6.951,2.763,414.68,0,
2026-03-11 12:45:00,6.821,2.754,404.35,0,
2026-03-11 13:00:00,6.848,2.824,411.29,0,
2026-03-11 13:15:00,6.838,2.811,412.66,0,
2026-03-11 13:30:00,6.889,2.609,410.15,0,
2026-03-11 13:45:00,6.954,2.51,408.77,0,
2026-03-11 14:00:00,6.899,2.79,418.11,0,
2026-03-11 14:15:00,6.799,2.943,409.97,0,
2026-03-11 14:30:00,6.812,2.815,411.3,0,
2026-03-11 14:45:00,6.867,3.064,409.63,0,
2026-03-11 15:00:00,6.881,2.879,412.12,0,
2026-03-11 15:15:00,6.815,3.096,415.94,0,
2026-03-11 15:30:00,6.95,3.069,411.59,0,
2026-03-11 15:45:00,6.862,3.057,404.9,0,
2026-03-11 16:00:00,7.0,2.719,416.05,0,
2026-03-11 16:15:00,7.025,2.902,410.38,0,
2026-03-11 16:30:00,6.93,3.08,418.38,0,
2026-03-11 16:45:00,6.974,2.933,416.14,0,
2026-03-11 17:00:00,6.9,2.97,420.67,0,
2026-03-11 17:15:00,7.002,2.671,413.87,0,
2026-03-11 17:30:00,6.956,3.157,416.29,0,
2026-03-11 17:45:00,6.936,2.74,417.86,0,
2026-03-11 18:00:00,6.986,2.547,414.07,0,
2026-03-11 18:15:00,6.987,2.78,425.23,0,
2026-03-11 18:30:00,7.003,2.45,415.06,0,
2026-03-11 18:45:00,7.077,2.638,426.73,0,
2026-03-11 19:00:00,7.0,3.167,424.8,0,
2026-03-11 19:15:00,7.135,2.707,423.06,0,
2026-03-11 19:30:00,6.991,2.529,425.97,0,
2026-03-11 19:45:00,7.147,2.726,426.58,0,
2026-03-11 20:00:00,7.024,2.565,424.4,0,
2026-03-11 20:15:00,7.083,2.807,427.86,0,
2026-03-11 20:30:00,7.067,2.52,430.23,0,
2026-03-11 20:45:00,7.082,2.669,424.13,0,
2026-03-11 21:00:00,7.146,2.431,429.87,0,
2026-03-11 21:15:00,7.188,2.968,418.52,0,
2026-03-11 21:30:00,7.179,2.628,421.8,0,
2026-03-11 21:45:00,7.104,2.504,432.24,0,
2026-03-11 22:00:00,7.139,2.456,428.72,0,
2026-03-11 22:15:00,7.095,2.391,427.35,0,
2026-03-11 22:30:00,7.089,2.334,430.87,0,
2026-03-11 22:45:00,7.085,2.304,429.78,0,
2026-03-11 23:00:00,7.123,2.648,427.64,0,
2026-03-11 23:15:00,7.16,2.289,425.21,0,
2026-03-11 23:30:00,7.053,2.028,424.02,0,
2026-03-11 23:45:00,7.147,2.148,434.93,0,
2026-03-12 00:00:00,7.226,2.439,430.31,0,
2026-03-12 00:15:00,7.206,2.24,435.85,0,
2026-03-12 00:30:00,7.119,2.236,430.17,0,
2026-03-12 00:45:00,7.077,2.412,433.19,0,
2026-03-12 01:00:00,7.168,2.101,431.09,0,
2026-03-12 01:15:00,7.026,2.294,431.54,0,
2026-03-12 01:30:00,7.194,2.082,431.46,0,
2026-03-12 01:45:00,7.124,2.254,428.98,0,
2026-03-12 02:00:00,7.221,2.095,425.47,0,
2026-03-12 02:15:00,7.038,2.105,433.04,0,
2026-03-12 02:30:00,7.165,2.253,435.89,0,
2026-03-12 02:45:00,7.108,2.233,435.66,0,
2026-03-12 03:00:00,7.09,2.089,426.27,0,
2026-03-12 03:15:00,7.03,2.037,424.98,0,
2026-03-12 03:30:00,7.121,2.343,425.09,0,
2026-03-12 03:45:00,7.117,2.189,425.96,0,
2026-03-12 04:00:00,7.164,2.041,425.79,0,
2026-03-12 04:15:00,7.117,2.003,421.32,0,
2026-03-12 04:30:00,7.028,2.257,418.67,0,
2026-03-12 04:45:00,6.998,2.125,424.06,0,
2026-03-12 05:00:00,6.97,2.089,408.98,0,
2026-03-12 05:15:00,7.103,2.138,421.94,0,
2026-03-12 05:30:00,6.981,2.181,417.79,0,
2026-03-12 05:45:00,7.084,2.133,423.91,0,
2026-03-12 06:00:00,7.026,2.334,424.19,0,
2026-03-12 06:15:00,7.007,2.356,423.5,0,
2026-03-12 06:30:00,6.965,2.262,417.05,0,
2026-03-12 06:45:00,7.004,2.405,413.12,0,
2026-03-12 07:00:00,6.96,2.218,413.64,0,
2026-03-12 07:15:00,6.933,2.34,417.29,0,
2026-03-12 07:30:00,6.977,2.407,408.82,0,
2026-03-12 07:45:00,6.926,2.431,420.27,0,
2026-03-12 08:00:00,6.885,2.437,412.68,0,
2026-03-12 08:15:00,6.947,2.418,415.33,0,
2026-03-12 08:30:00,6.905,2.64,405.57,0,
2026-03-12 08:45:00,6.926,2.29,408.38,0,
2026-03-12 09:00:00,6.871,2.373,403.89,0,
2026-03-12 09:15:00,6.827,2.39,415.06,0,
2026-03-12 09:30:00,6.968,2.393,409.84,0,
2026-03-12 09:45:00,6.953,2.176,412.31,0,
2026-03-12 10:00:00,6.914,2.706,409.86,0,
2026-03-12 10:15:00,6.846,2.372,411.11,0,
2026-03-12 10:30:00,6.846,2.578,407.56,0,
2026-03-12 10:45:00,6.927,2.365,407.82,0,
2026-03-12 11:00:00,6.837,2.697,408.04,0,
2026-03-12 11:15:00,6.821,2.511,409.85,0,
2026-03-12 11:30:00,6.945,2.483,409.83,0,
2026-03-12 11:45:00,6.848,2.706,419.27,0,
2026-03-12 12:00:00,6.938,2.595,414.73,0,
2026-03-12 12:15:00,6.78,2.636,400.91,0,
2026-03-12 12:30:00,6.877,2.769,407.53,0,
2026-03-12 12:45:00,6.956,2.884,406.61,0,
2026-03-12 13:00:00,6.857,2.66,413.53,0,
2026-03-12 13:15:00,6.845,2.652,407.37,0,
2026-03-12 13:30:00,6.803,2.821,410.77,0,
2026-03-12 13:45:00,6.92,2.913,399.89,0,
2026-03-12 14:00:00,6.832,3.066,403.55,0,
2026-03-12 14:15:00,6.871,2.698,418.39,0,
2026-03-12 14:30:00,6.819,2.822,410.68,0,
2026-03-12 14:45:00,6.965,3.055,406.98,0,
2026-03-12 15:00:00,6.952,3.182,412.49,0,
2026-03-12 15:15:00,6.9,2.743,407.88,0,
2026-03-12 15:30:00,6.851,2.786,411.56,0,
2026-03-12 15:45:00,6.993,2.956,407.52,0,
2026-03-12 16:00:00,6.907,2.813,410.85,0,
2026-03-12 16:15:00,6.878,2.785,413.03,0,
2026-03-12 16:30:00,6.854,2.933,419.89,0,
2026-03-12 16:45:00,6.919,3.125,418.0,0,
2026-03-12 17:00:00,6.888,2.69,419.45,0,
2026-03-12 17:15:00,6.94,3.104,417.56,0,
2026-03-12 17:30:00,7.018,2.783,421.73,0,
2026-03-12 17:45:00,6.971,2.911,415.72,0,
2026-03-12 18:00:00,7.018,3.085,417.07,0,
2026-03-12 18:15:00,6.974,2.881,422.42,0,
2026-03-12 18:30:00,7.023,2.773,420.45,0,
2026-03-12 18:45:00,7.125,2.908,422.29,0,
2026-03-12 19:00:00,7.021,2.757,422.45,0,
2026-03-12 19:15:00,7.067,2.842,428.87,0,
2026-03-12 19:30:00,6.979,2.713,429.81,0,
2026-03-12 19:45:00,7.142,2.851,422.8,0,
2026-03-12 20:00:00,7.051,2.491,418.96,0,
2026-03-12 20:15:00,7.136,2.525,423.82,0,
2026-03-12 20:30:00,7.085,2.442,423.72,0,
2026-03-12 20:45:00,7.129,2.62,431.24,0,
2026-03-12 21:00:00,7.14,2.374,432.17,0,
2026-03-12 21:15:00,7.09,2.474,424.9,0,
2026-03-12 21:30:00,7.174,2.386,426.5,0,
2026-03-12 21:45:00,7.087,2.748,424.06,0,
2026-03-12 22:00:00,7.169,2.351,430.93,0,
2026-03-12 22:15:00,7.115,2.281,430.58,0,
2026-03-12 22:30:00,7.156,2.485,434.24,0,
2026-03-12 22:45:00,7.119,2.675,433.35,0,
2026-03-12 23:00:00,7.147,2.379,434.03,0,
2026-03-12 23:15:00,7.093,2.366,425.6,0,
2026-03-12 23:30:00,7.161,2.541,429.39,0,
2026-03-12 23:45:00,7.152,2.455,435.77,0,
2026-03-13 00:00:00,7.123,2.364,429.85,0,
2026-03-13 00:15:00,7.147,2.19,425.46,0,
2026-03-13 00:30:00,7.155,2.325,435.13,0,
2026-03-13 00:45:00,7.116,2.032,429.46,0,
2026-03-13 01:00:00,7.138,2.124,435.84,0,
2026-03-13 01:15:00,7.092,2.414,431.29,0,
2026-03-13 01:30:00,7.256,2.378,429.98,0,
2026-03-13 01:45:00,7.187,2.233,436.22,0,
2026-03-13 02:00:00,7.144,1.864,425.18,0,
2026-03-13 02:15:00,7.183,1.96,435.71,0,
2026-03-13 02:30:00,7.02,2.029,426.96,0,
2026-03-13 02:45:00,6.985,2.095,429.67,0,
2026-03-13 03:00:00,7.086,1.926,429.17,0,
2026-03-13 03:15:00,7.03,2.071,426.2,0,
2026-03-13 03:30:00,7.079,2.369,424.26,0,
2026-03-13 03:45:00,7.094,2.161,425.19,0,
2026-03-13 04:00:00,7.121,2.133,421.94,0,
2026-03-13 04:15:00,7.009,1.948,433.16,0,
2026-03-13 04:30:00,7.077,1.858,422.67,0,
2026-03-13 04:45:00,7.049,1.923,428.49,0,
2026-03-13 05:00:00,7.056,1.862,427.21,0,
2026-03-13 05:15:00,7.003,2.132,423.79,0,
2026-03-13 05:30:00,7.089,2.188,421.02,0,
2026-03-13 05:45:00,7.005,1.996,421.56,0,
2026-03-13 06:00:00,7.089,2.176,422.29,0,
2026-03-13 06:15:00,6.951,2.388,419.62,0,
2026-03-13 06:30:00,7.018,2.476,412.17,0,
2026-03-13 06:45:00,6.968,2.315,410.39,0,
2026-03-13 07:00:00,6.945,2.191,422.93,0,
2026-03-13 07:15:00,6.983,2.347,405.6,0,
2026-03-13 07:30:00,6.928,2.459,416.19,0,
2026-03-13 07:45:00,6.801,1.977,413.75,0,
2026-03-13 08:00:00,6.772,2.522,414.64,0,
2026-03-13 08:15:00,6.98,2.241,408.77,0,
2026-03-13 08:30:00,6.97,2.267,414.1,0,
2026-03-13 08:45:00,6.995,2.318,412.91,0,
2026-03-13 09:00:00,6.893,2.444,422.56,0,
2026-03-13 09:15:00,6.823,2.255,411.5,0,
2026-03-13 09:30:00,6.86,2.405,415.87,0,
2026-03-13 09:45:00,6.876,2.553,404.03,0,
2026-03-13 10:00:00,6.82,2.533,413.69,0,
2026-03-13 10:15:00,6.948,2.583,410.14,0,
2026-03-13 10:30:00,6.973,2.504,409.99,0,
2026-03-13 10:45:00,6.882,2.682,409.77,0,
2026-03-13 11:00:00,6.855,2.762,415.23,0,
2026-03-13 11:15:00,6.788,2.778,409.25,0,
2026-03-13 11:30:00,6.929,2.717,404.97,0,
2026-03-13 11:45:00,6.854,2.818,405.56,0,
2026-03-13 12:00:00,6.836,2.831,411.27,0,
2026-03-13 12:15:00,6.874,3.124,409.82,0,
2026-03-13 12:30:00,6.822,2.926,401.98,0,
2026-03-13 12:45:00,6.86,2.75,410.29,0,
2026-03-13 13:00:00,6.783,2.646,404.08,0,
2026-03-13 13:15:00,6.912,2.762,410.39,0,
2026-03-13 13:30:00,6.856,2.768,405.69,0,
2026-03-13 13:45:00,6.923,2.909,408.11,0,
2026-03-13 14:00:00,6.86,2.741,407.43,0,
2026-03-13 14:15:00,6.868,3.038,416.1,0,
2026-03-13 14:30:00,6.82,2.661,412.09,0,
2026-03-13 14:45:00,6.925,2.634,416.02,0,
2026-03-13 15:00:00,6.85,2.866,423.1,0,
2026-03-13 15:15:00,6.877,2.766,412.28,0,
2026-03-13 15:30:00,6.909,2.708,418.7,0,
2026-03-13 15:45:00,6.923,2.804,410.54,0,
2026-03-13 16:00:00,6.84,2.786,419.02,0,
2026-03-13 16:15:00,6.922,2.901,411.46,0,
2026-03-13 16:30:00,6.982,2.804,415.33,0,
2026-03-13 16:45:00,6.933,2.811,418.29,0,
2026-03-13 17:00:00,6.95,2.886,419.67,0,
2026-03-13 17:15:00,6.979,3.031,412.57,0,
2026-03-13 17:30:00,6.974,3.09,414.97,0,
2026-03-13 17:45:00,6.939,2.881,421.66,0,
2026-03-13 18:00:00,6.998,2.88,418.53,0,
2026-03-13 18:15:00,7.06,2.805,415.2,0,
2026-03-13 18:30:00,6.967,2.89,421.28,0,
2026-03-13 18:45:00,7.011,2.859,421.87,0,
2026-03-13 19:00:00,6.97,2.982,423.81,0,
2026-03-13 19:15:00,7.095,2.48,425.97,0,
2026-03-13 19:30:00,7.053,2.708,426.45,0,
2026-03-13 19:45:00,7.024,2.773,422.23,0,
2026-03-13 20:00:00,7.08,2.696,424.36,0,
2026-03-13 20:15:00,7.023,2.536,430.38,0,
2026-03-13 20:30:00,7.04,2.458,425.13,0,
2026-03-13 20:45:00,7.026,2.75,426.33,0,
2026-03-13 21:00:00,7.053,2.49,422.47,0,
2026-03-13 21:15:00,7.181,2.315,428.91,0,
2026-03-13 21:30:00,7.082,2.681,430.9,0,
2026-03-13 21:45:00,7.148,2.595,422.08,0,
2026-03-13 22:00:00,7.088,2.483,426.11,0,
2026-03-13 22:15:00,7.173,2.337,425.08,0,
2026-03-13 22:30:00,7.087,2.431,434.24,0,
2026-03-13 22:45:00,7.144,2.604,423.71,0,
2026-03-13 23:00:00,7.148,2.154,431.28,0,
2026-03-13 23:15:00,7.264,2.137,434.64,0,
2026-03-13 23:30:00,7.18,2.253,432.65,0,
2026-03-13 23:45:00,7.12,2.319,430.21,0,
2026-03-14 00:00:00,7.184,2.226,433.39,0,
2026-03-14 00:15:00,7.257,2.374,436.12,0,
2026-03-14 00:30:00,7.067,2.42,431.47,0,
2026-03-14 00:45:00,7.105,2.278,422.81,0,
2026-03-14 01:00:00,7.133,2.301,436.18,0,
2026-03-14 01:15:00,7.121,2.24,432.96,0,
2026-03-14 01:30:00,7.122,2.184,430.95,0,
2026-03-14 01:45:00,7.069,1.973,422.84,0,
2026-03-14 02:00:00,7.2,1.999,429.2,0,
2026-03-14 02:15:00,7.054,1.939,426.48,0,
2026-03-14 02:30:00,7.109,2.108,424.66,0,
2026-03-14 02:45:00,7.165,2.156,428.48,0,
2026-03-14 03:00:00,7.105,1.896,426.34,0,
2026-03-14 03:15:00,7.05,2.119,426.03,0,
2026-03-14 03:30:00,7.024,1.972,430.26,0,
2026-03-14 03:45:00,7.072,1.94,427.69,0,
2026-03-14 04:00:00,7.037,2.006,424.02,0,
2026-03-14 04:15:00,7.077,1.933,422.82,0,
2026-03-14 04:30:00,6.987,2.194,422.77,0,
2026-03-14 04:45:00,7.089,2.082,422.87,0,
2026-03-14 05:00:00,7.045,2.236,425.44,0,
2026-03-14 05:15:00,7.039,2.055,418.17,0,
2026-03-14 05:30:00,7.092,2.07,427.4,0,
2026-03-14 05:45:00,6.988,2.422,423.12,0,
2026-03-14 06:00:00,6.964,1.91,409.05,0,
2026-03-14 06:15:00,6.963,2.36,419.56,0,
2026-03-14 06:30:00,6.971,2.431,422.6,0,
2026-03-14 06:45:00,6.966,2.314,419.21,0,
2026-03-14 07:00:00,6.92,2.168,415.24,0,
2026-03-14 07:15:00,6.851,2.45,415.9,0,
2026-03-14 07:30:00,6.915,2.208,416.12,0,
2026-03-14 07:45:00,6.952,2.172,417.77,0,
2026-03-14 08:00:00,6.932,2.242,408.34,0,
2026-03-14 08:15:00,6.977,2.238,410.91,0,
2026-03-14 08:30:00,7.006,2.205,419.25,0,
2026-03-14 08:45:00,6.939,2.538,412.22,0,
2026-03-14 09:00:00,6.963,2.28,417.63,0,
2026-03-14 09:15:00,6.926,2.418,422.92,0,
2026-03-14 09:30:00,6.966,2.231,408.51,0,
2026-03-14 09:45:00,6.968,2.478,405.23,0,
2026-03-14 10:00:00,6.918,2.327,408.55,0,
2026-03-14 10:15:00,6.901,2.349,413.63,0,
2026-03-14 10:30:00,6.851,2.536,413.87,0,
2026-03-14 10:45:00,6.856,2.737,417.72,0,
2026-03-14 11:00:00,6.838,2.67,408.26,0,
2026-03-14 11:15:00,6.884,2.705,410.18,0,
2026-03-14 11:30:00,6.815,2.634,405.26,0,
2026-03-14 11:45:00,6.841,2.627,398.0,0,
2026-03-14 12:00:00,6.732,2.819,407.84,0,
2026-03-14 12:15:00,6.936,2.638,403.41,0,
2026-03-14 12:30:00,6.84,2.869,410.68,0,
2026-03-14 12:45:00,6.876,2.949,400.71,0,
2026-03-14 13:00:00,6.928,2.657,405.45,0,
2026-03-14 13:15:00,6.873,2.697,409.71,0,
2026-03-14 13:30:00,6.934,2.735,410.4,0,
2026-03-14 13:45:00,6.803,2.613,409.05,0,
2026-03-14 14:00:00,6.99,2.776,417.08,0,
2026-03-14 14:15:00,6.93,3.054,416.3,0,
2026-03-14 14:30:00,6.891,2.713,407.74,0,
2026-03-14 14:45:00,6.958,3.078,417.42,0,
2026-03-14 15:00:00,6.836,2.821,418.56,0,
2026-03-14 15:15:00,6.887,3.209,411.59,0,
2026-03-14 15:30:00,6.981,2.794,412.88,0,
2026-03-14 15:45:00,6.823,2.878,413.13,0,
2026-03-14 16:00:00,6.953,2.763,411.42,0,
2026-03-14 16:15:00,6.96,2.796,412.51,0,
2026-03-14 16:30:00,7.041,3.097,420.69,0,
2026-03-14 16:45:00,6.873,2.963,417.89,0,
2026-03-14 17:00:00,7.042,3.041,414.68,0,
2026-03-14 17:15:00,6.943,2.681,413.95,0,
2026-03-14 17:30:00,6.958,2.968,415.4,0,
2026-03-14 17:45:00,6.929,2.713,418.56,0,
2026-03-14 18:00:00,6.946,2.646,423.65,0,
2026-03-14 18:15:00,7.03,2.868,417.34,0,
2026-03-14 18:30:00,6.964,2.852,425.17,0,
2026-03-14 18:45:00,7.066,2.809,423.13,0,
2026-03-14 19:00:00,7.006,2.89,423.68,0,
2026-03-14 19:15:00,6.988,2.895,427.96,0,
2026-03-14 19:30:00,7.031,2.964,427.97,0,
2026-03-14 19:45:00,7.083,2.544,419.69,0,
2026-03-14 20:00:00,7.061,2.925,421.66,0,
2026-03-14 20:15:00,7.085,2.959,425.75,0,
2026-03-14 20:30:00,7.126,2.598,428.73,0,
2026-03-14 20:45:00,7.153,2.378,433.37,0,
2026-03-14 21:00:00,7.091,2.396,428.75,0,
2026-03-14 21:15:00,7.061,2.509,435.84,0,
2026-03-14 21:30:00,7.123,2.854,426.69,0,
2026-03-14 21:45:00,7.148,2.529,427.83,0,
2026-03-14 22:00:00,7.057,2.407,429.17,0,
2026-03-14 22:15:00,7.09,2.371,427.49,0,
2026-03-14 22:30:00,7.103,2.249,435.72,0,
2026-03-14 22:45:00,7.132,2.553,420.28,0,
2026-03-14 23:00:00,7.107,2.383,429.58,0,
2026-03-14 23:15:00,7.182,2.686,436.36,0,
2026-03-14 23:30:00,7.068,2.441,430.65,0,
2026-03-14 23:45:00,7.071,2.448,436.27,0,
2026-03-15 00:00:00,7.133,2.264,440.79,0,
2026-03-15 00:15:00,7.141,2.114,432.3,0,
2026-03-15 00:30:00,7.076,2.125,436.57,0,
2026-03-15 00:45:00,7.117,2.031,441.45,0,
2026-03-15 01:00:00,7.125,2.354,433.2,0,
2026-03-15 01:15:00,7.122,2.142,431.17,0,
2026-03-15 01:30:00,7.146,2.326,434.7,0,
2026-03-15 01:45:00,7.101,2.188,435.5,0,
2026-03-15 02:00:00,7.204,2.11,430.24,0,
2026-03-15 02:15:00,7.149,1.966,428.04,0,
2026-03-15 02:30:00,7.079,2.176,436.39,0,
2026-03-15 02:45:00,7.118,2.088,427.94,0,
2026-03-15 03:00:00,7.112,2.249,433.26,0,
2026-03-15 03:15:00,7.16,2.0,428.96,0,
2026-03-15 03:30:00,7.061,2.196,434.61,0,
2026-03-15 03:45:00,7.122,2.347,423.27,0,
2026-03-15 04:00:00,7.077,2.141,422.6,0,
2026-03-15 04:15:00,7.141,2.219,428.73,0,
2026-03-15 04:30:00,7.122,2.189,420.07,0,
2026-03-15 04:45:00,7.058,2.392,424.32,0,
2026-03-15 05:00:00,7.026,2.169,429.3,0,
2026-03-15 05:15:00,7.055,2.226,415.2,0,
2026-03-15 05:30:00,7.011,2.125,423.17,0,
2026-03-15 05:45:00,7.094,2.025,425.63,0,
2026-03-15 06:00:00,7.004,1.972,419.9,0,
2026-03-15 06:15:00,6.97,2.357,415.51,0,
2026-03-15 06:30:00,6.957,2.031,417.38,0,
2026-03-15 06:45:00,6.91,2.311,414.3,0,
2026-03-15 07:00:00,6.989,2.28,417.17,0,
2026-03-15 07:15:00,6.911,2.374,415.04,0,
2026-03-15 07:30:00,6.998,2.179,413.35,0,
2026-03-15 07:45:00,6.869,2.159,416.56,0,
2026-03-15 08:00:00,6.931,2.357,420.32,0,
2026-03-15 08:15:00,6.974,2.279,414.64,0,
2026-03-15 08:30:00,6.801,2.162,418.07,0,
2026-03-15 08:45:00,7.002,2.662,418.4,0,
2026-03-15 09:00:00,6.873,2.278,409.17,0,
2026-03-15 09:15:00,6.894,2.273,412.08,0,
2026-03-15 09:30:00,6.91,2.411,408.78,0,
2026-03-15 09:45:00,6.912,2.662,404.09,0,
2026-03-15 10:00:00,6.884,2.175,411.03,0,
2026-03-15 10:15:00,6.915,2.702,405.03,0,
2026-03-15 10:30:00,6.887,2.415,410.85,0,
2026-03-15 10:45:00,6.946,2.618,402.41,0,
2026-03-15 11:00:00,6.881,2.502,409.09,0,
2026-03-15 11:15:00,6.951,2.927,401.95,0,
2026-03-15 11:30:00,6.896,2.672,410.8,0,
2026-03-15 11:45:00,6.76,2.571,406.45,0,
2026-03-15 12:00:00,6.981,2.655,406.04,0,
2026-03-15 12:15:00,6.822,2.736,412.53,0,
2026-03-15 12:30:00,6.926,2.77,406.82,0,
2026-03-15 12:45:00,6.854,2.83,408.67,0,
2026-03-15 13:00:00,6.908,2.783,407.61,0,
2026-03-15 13:15:00,6.824,2.594,410.67,0,
2026-03-15 13:30:00,6.893,2.766,413.09,0,
2026-03-15 13:45:00,6.853,2.924,412.58,0,
2026-03-15 14:00:00,6.949,2.746,407.74,0,
2026-03-15 14:15:00,6.897,2.96,414.86,0,
2026-03-15 14:30:00,6.928,2.874,406.81,0,
2026-03-15 14:45:00,6.779,2.846,408.01,0,
2026-03-15 15:00:00,6.89,3.065,411.0,0,
2026-03-15 15:15:00,6.922,2.632,416.28,0,
2026-03-15 15:30:00,6.92,2.795,408.01,0,
2026-03-15 15:45:00,6.965,3.084,416.9,0,
2026-03-15 16:00:00,6.907,3.175,413.78,0,
2026-03-15 16:15:00,6.936,3.242,412.96,0,
2026-03-15 16:30:00,7.002,2.904,419.8,0,
2026-03-15 16:45:00,6.838,2.961,412.93,0,
2026-03-15 17:00:00,6.991,3.009,426.04,0,
2026-03-15 17:15:00,6.954,3.07,416.95,0,
2026-03-15 17:30:00,6.935,2.917,419.03,0,
2026-03-15 17:45:00,7.007,2.998,425.39,0,
2026-03-15 18:00:00,7.061,2.915,420.7,0,
2026-03-15 18:15:00,7.062,2.911,425.54,0,
2026-03-15 18:30:00,7.013,2.68,413.75,0,
2026-03-15 18:45:00,7.073,2.751,420.57,0,
2026-03-15 19:00:00,7.082,2.704,424.69,0,
2026-03-15 19:15:00,7.044,2.585,428.18,0,
2026-03-15 19:30:00,7.023,2.496,427.67,0,
2026-03-15 19:45:00,7.035,2.659,428.01,0,
2026-03-15 20:00:00,7.117,2.66,430.24,0,
2026-03-15 20:15:00,7.081,2.693,428.57,0,
2026-03-15 20:30:00,7.039,2.736,418.73,0,
2026-03-15 20:45:00,7.015,2.657,433.68,0,
2026-03-15 21:00:00,7.148,2.565,425.13,0,
2026-03-15 21:15:00,7.085,2.441,430.28,0,
2026-03-15 21:30:00,7.136,2.684,430.24,0,
2026-03-15 21:45:00,7.187,2.511,430.17,0,
2026-03-15 22:00:00,7.064,2.435,425.97,0,
2026-03-15 22:15:00,7.132,2.446,423.01,0,
2026-03-15 22:30:00,7.13,2.338,427.08,0,
2026-03-15 22:45:00,7.161,2.342,434.67,0,
2026-03-15 23:00:00,7.207,2.312,425.8,0,
2026-03-15 23:15:00,7.081,2.328,428.25,0,
2026-03-15 23:30:00,7.177,2.445,433.57,0,
2026-03-15 23:45:00,7.201,2.384,427.86,0,
2026-03-16 00:00:00,7.141,2.532,429.83,0,
2026-03-16 00:15:00,7.143,2.46,432.3,0,
2026-03-16 00:30:00,7.17,2.55,433.03,0,
2026-03-16 00:45:00,7.164,2.32,427.58,0,
2026-03-16 01:00:00,7.174,2.299,432.15,0,
2026-03-16 01:15:00,7.17,2.126,432.96,0,
2026-03-16 01:30:00,7.089,2.307,425.99,0,
2026-03-16 01:45:00,7.184,2.069,431.62,0,
2026-03-16 02:00:00,7.188,1.933,427.53,0,
2026-03-16 02:15:00,7.134,2.37,430.47,0,
2026-03-16 02:30:00,7.044,1.943,432.41,0,
2026-03-16 02:45:00,7.107,2.187,428.32,0,
2026-03-16 03:00:00,7.116,1.982,432.14,0,
2026-03-16 03:15:00,7.042,2.277,431.08,0,
2026-03-16 03:30:00,7.073,2.293,430.94,0,
2026-03-16 03:45:00,7.013,2.18,428.28,0,
2026-03-16 04:00:00,7.105,2.287,430.4,0,
2026-03-16 04:15:00,7.075,2.102,426.85,0,
2026-03-16 04:30:00,6.975,2.439,417.92,0,
2026-03-16 04:45:00,7.066,2.22,420.69,0,
2026-03-16 05:00:00,7.036,1.979,422.26,0,
2026-03-16 05:15:00,7.055,2.132,421.99,0,
2026-03-16 05:30:00,7.0,2.108,423.0,0,
2026-03-16 05:45:00,6.97,2.104,417.56,0,
2026-03-16 06:00:00,6.961,1.905,428.03,0,
2026-03-16 06:15:00,6.963,2.225,418.81,0,
2026-03-16 06:30:00,6.981,1.975,418.4,0,
2026-03-16 06:45:00,6.978,1.82,414.98,0,
2026-03-16 07:00:00,6.952,2.166,412.88,0,
2026-03-16 07:15:00,6.931,2.123,415.64,0,
2026-03-16 07:30:00,6.925,2.127,415.52,0,
2026-03-16 07:45:00,7.059,1.812,414.34,0,
2026-03-16 08:00:00,6.886,2.172,420.62,0,
2026-03-16 08:15:00,6.889,2.297,412.83,0,
2026-03-16 08:30:00,7.073,2.252,412.35,0,
2026-03-16 08:45:00,6.922,2.43,415.35,0,
2026-03-16 09:00:00,6.825,2.605,410.83,0,
2026-03-16 09:15:00,6.929,2.499,413.14,0,
2026-03-16 09:30:00,6.835,2.602,405.36,0,
2026-03-16 09:45:00,6.921,2.64,404.94,0,
2026-03-16 10:00:00,6.86,2.347,410.1,0,
2026-03-16 10:15:00,6.843,2.592,408.31,0,
2026-03-16 10:30:00,6.942,2.701,405.68,0,
2026-03-16 10:45:00,6.886,2.513,409.12,0,
2026-03-16 11:00:00,6.904,2.485,409.25,0,
2026-03-16 11:15:00,6.875,2.708,405.39,0,
2026-03-16 11:30:00,6.829,2.431,406.03,0,
2026-03-16 11:45:00,6.881,2.514,408.89,0,
2026-03-16 12:00:00,6.91,2.6,403.92,0,
2026-03-16 12:15:00,6.857,2.79,405.61,0,
2026-03-16 12:30:00,6.941,2.776,410.24,0,
2026-03-16 12:45:00,6.895,2.919,408.14,0,
2026-03-16 13:00:00,6.866,2.645,406.5,0,
2026-03-16 13:15:00,6.871,2.654,405.02,0,
2026-03-16 13:30:00,6.868,2.896,404.86,0,
2026-03-16 13:45:00,6.803,2.713,408.71,0,
2026-03-16 14:00:00,6.866,2.756,417.71,0,
2026-03-16 14:15:00,6.886,2.58,412.29,0,
2026-03-16 14:30:00,6.86,2.913,405.15,0,
2026-03-16 14:45:00,6.904,3.11,413.81,0,
2026-03-16 15:00:00,6.895,2.732,408.48,0,
2026-03-16 15:15:00,6.94,3.046,412.07,0,
2026-03-16 15:30:00,6.942,2.888,410.34,0,
2026-03-16 15:45:00,6.925,2.634,421.42,0,
2026-03-16 16:00:00,6.857,2.766,409.46,0,
2026-03-16 16:15:00,7.023,2.756,415.95,0,
2026-03-16 16:30:00,6.936,2.849,412.67,0,
2026-03-16 16:45:00,6.948,2.955,419.1,0,
2026-03-16 17:00:00,6.944,3.164,418.07,0,
2026-03-16 17:15:00,6.946,2.664,422.68,0,
2026-03-16 17:30:00,7.058,2.797,421.31,0,
2026-03-16 17:45:00,7.059,2.724,416.44,0,
2026-03-16 18:00:00,7.022,2.656,431.66,0,
2026-03-16 18:15:00,7.004,2.847,423.01,0,
2026-03-16 18:30:00,7.051,2.818,419.36,0,
2026-03-16 18:45:00,7.033,2.529,423.16,0,
2026-03-16 19:00:00,7.029,2.786,425.63,0,
2026-03-16 19:15:00,7.065,2.583,426.23,0,
2026-03-16 19:30:00,7.035,2.745,426.58,0,
2026-03-16 19:45:00,7.079,2.913,429.17,0,
2026-03-16 20:00:00,7.085,2.769,429.47,0,
2026-03-16 20:15:00,7.113,2.704,423.28,0,
2026-03-16 20:30:00,7.06,2.574,435.74,0,
2026-03-16 20:45:00,7.134,2.639,435.79,0,
2026-03-16 21:00:00,7.061,2.688,431.69,0,
2026-03-16 21:15:00,7.084,2.648,429.18,0,
2026-03-16 21:30:00,7.093,2.537,429.74,0,
2026-03-16 21:45:00,7.071,2.559,428.68,0,
2026-03-16 22:00:00,7.181,2.303,429.61,0,
2026-03-16 22:15:00,7.086,2.364,422.02,0,
2026-03-16 22:30:00,7.104,2.554,437.21,0,
2026-03-16 22:45:00,7.205,2.548,436.07,0,
2026-03-16 23:00:00,7.116,2.411,424.88,0,
2026-03-16 23:15:00,7.138,2.593,435.33,0,
2026-03-16 23:30:00,7.098,2.423,431.87,0,
2026-03-16 23:45:00,7.191,2.288,431.18,0,
2026-03-17 00:00:00,7.192,2.117,433.97,0,
2026-03-17 00:15:00,7.187,2.494,425.0,0,
2026-03-17 00:30:00,7.176,2.372,431.85,0,
2026-03-17 00:45:00,7.151,2.506,432.09,0,
2026-03-17 01:00:00,7.119,2.542,431.91,0,
2026-03-17 01:15:00,7.101,2.006,425.89,0,
2026-03-17 01:30:00,7.203,1.99,432.87,0,
2026-03-17 01:45:00,7.173,1.738,435.0,0,
2026-03-17 02:00:00,7.095,2.291,432.02,0,
2026-03-17 02:15:00,7.127,2.24,429.06,0,
2026-03-17 02:30:00,7.104,2.145,440.28,0,
2026-03-17 02:45:00,7.056,1.937,425.32,0,
2026-03-17 03:00:00,7.115,2.1,431.58,0,
2026-03-17 03:15:00,7.078,2.135,428.89,0,
2026-03-17 03:30:00,7.044,2.221,435.35,0,
2026-03-17 03:45:00,7.009,2.142,428.21,0,
2026-03-17 04:00:00,6.997,2.2,428.4,0,
2026-03-17 04:15:00,7.048,2.082,427.33,0,
2026-03-17 04:30:00,7.053,2.281,420.36,0,
2026-03-17 04:45:00,7.004,2.202,420.38,0,
2026-03-17 05:00:00,7.071,1.936,422.0,0,
2026-03-17 05:15:00,7.026,2.33,426.17,0,
2026-03-17 05:30:00,7.048,2.314,422.5,0,
2026-03-17 05:45:00,7.001,2.211,419.96,0,
2026-03-17 06:00:00,6.961,2.196,425.49,0,
2026-03-17 06:15:00,6.996,2.416,411.29,0,
2026-03-17 06:30:00,6.917,1.938,413.25,0,
2026-03-17 06:45:00,6.998,2.385,407.67,0,
2026-03-17 07:00:00,6.914,2.146,421.73,0,
2026-03-17 07:15:00,6.998,2.401,415.76,0,
2026-03-17 07:30:00,6.926,2.275,419.27,0,
2026-03-17 07:45:00,6.987,2.091,414.26,0,
2026-03-17 08:00:00,6.869,2.226,418.09,0,
2026-03-17 08:15:00,6.883,2.476,412.83,0,
2026-03-17 08:30:00,6.928,2.315,414.33,0,
2026-03-17 08:45:00,6.96,2.278,413.14,0,
2026-03-17 09:00:00,6.977,2.302,412.87,0,
2026-03-17 09:15:00,6.889,2.518,417.72,0,
2026-03-17 09:30:00,6.973,2.71,403.98,0,
2026-03-17 09:45:00,6.861,2.153,409.75,0,
2026-03-17 10:00:00,6.925,2.92,410.4,0,
2026-03-17 10:15:00,6.818,2.557,409.43,0,
2026-03-17 10:30:00,6.882,2.639,407.32,0,
2026-03-17 10:45:00,6.741,2.513,406.5,0,
2026-03-17 11:00:00,6.799,2.603,414.53,0,
2026-03-17 11:15:00,6.876,2.657,407.95,0,
2026-03-17 11:30:00,6.786,2.496,417.85,0,
2026-03-17 11:45:00,6.872,2.556,410.14,0,
2026-03-17 12:00:00,6.895,2.878,406.84,0,
2026-03-17 12:15:00,6.825,2.489,410.24,0,
2026-03-17 12:30:00,6.803,2.81,408.54,0,
2026-03-17 12:45:00,6.829,2.708,413.6,0,
2026-03-17 13:00:00,6.807,2.639,403.74,0,
2026-03-17 13:15:00,6.853,3.097,401.43,0,
2026-03-17 13:30:00,6.867,2.674,410.36,0,
2026-03-17 13:45:00,6.85,2.663,412.58,0,
2026-03-17 14:00:00,6.954,2.818,410.75,0,
2026-03-17 14:15:00,6.839,2.743,412.71,0,
2026-03-17 14:30:00,6.951,2.871,412.58,0,
2026-03-17 14:45:00,6.835,2.902,405.06,0,
2026-03-17 15:00:00,6.898,2.922,412.64,0,
2026-03-17 15:15:00,6.96,2.874,417.35,0,
2026-03-17 15:30:00,6.965,2.791,413.38,0,
2026-03-17 15:45:00,6.896,2.996,408.09,0,
2026-03-17 16:00:00,6.953,2.883,412.66,0,
2026-03-17 16:15:00,6.955,2.825,416.92,0,
2026-03-17 16:30:00,6.916,3.119,422.59,0,
2026-03-17 16:45:00,6.983,2.874,408.32,0,
2026-03-17 17:00:00,7.054,3.05,418.34,0,
2026-03-17 17:15:00,6.994,3.063,413.93,0,
2026-03-17 17:30:00,7.009,3.063,420.46,0,
2026-03-17 17:45:00,7.024,2.962,421.57,0,
2026-03-17 18:00:00,6.927,2.846,419.07,0,
2026-03-17 18:15:00,7.033,2.823,423.31,0,
2026-03-17 18:30:00,6.969,2.781,426.13,0,
2026-03-17 18:45:00,7.0,2.476,421.68,0,
2026-03-17 19:00:00,7.147,2.891,417.76,0,
2026-03-17 19:15:00,7.036,2.8,429.56,0,
2026-03-17 19:30:00,7.02,2.867,427.91,0,
2026-03-17 19:45:00,7.124,2.705,427.56,0,
2026-03-17 20:00:00,7.028,2.8,423.24,0,
2026-03-17 20:15:00,7.061,2.47,430.61,0,
2026-03-17 20:30:00,7.154,2.478,435.47,0,
2026-03-17 20:45:00,7.101,2.257,427.43,0,
2026-03-17 21:00:00,7.028,2.583,428.86,0,
2026-03-17 21:15:00,7.14,2.462,424.76,0,
2026-03-17 21:30:00,7.099,2.417,426.64,0,
2026-03-17 21:45:00,7.202,2.576,425.68,0,
2026-03-17 22:00:00,7.1,2.436,430.92,0,
2026-03-17 22:15:00,7.187,2.259,429.4,0,
2026-03-17 22:30:00,7.227,2.83,432.58,0,
2026-03-17 22:45:00,7.099,2.416,427.8,0,
2026-03-17 23:00:00,7.135,2.234,430.92,0,
2026-03-17 23:15:00,7.167,2.271,427.96,0,
2026-03-17 23:30:00,7.106,2.321,432.65,0,
2026-03-17 23:45:00,7.163,2.297,425.45,0,
2026-03-18 00:00:00,7.139,2.495,432.61,0,
2026-03-18 00:15:00,7.137,2.266,430.86,0,
2026-03-18 00:30:00,7.151,2.535,432.62,0,
2026-03-18 00:45:00,7.151,2.171,425.16,0,
2026-03-18 01:00:00,7.153,2.281,434.21,0,
2026-03-18 01:15:00,7.112,2.353,430.17,0,
2026-03-18 01:30:00,7.111,2.362,431.96,0,
2026-03-18 01:45:00,7.129,2.364,423.28,0,
2026-03-18 02:00:00,7.128,2.113,425.42,0,
2026-03-18 02:15:00,7.103,2.14,428.42,0,
2026-03-18 02:30:00,7.135,1.759,435.02,0,
2026-03-18 02:45:00,7.022,2.092,431.13,0,
2026-03-18 03:00:00,7.07,2.277,429.0,0,
2026-03-18 03:15:00,7.085,2.242,424.21,0,
2026-03-18 03:30:00,7.049,2.09,422.88,0,
2026-03-18 03:45:00,7.165,2.356,427.77,0,
2026-03-18 04:00:00,7.076,2.042,428.8,0,
2026-03-18 04:15:00,7.075,1.993,426.14,0,
2026-03-18 04:30:00,7.033,2.033,431.43,0,
2026-03-18 04:45:00,7.047,1.939,421.13,0,
2026-03-18 05:00:00,6.978,2.207,423.82,0,
2026-03-18 05:15:00,7.021,2.165,415.57,0,
2026-03-18 05:30:00,6.973,2.222,422.41,0,
2026-03-18 05:45:00,6.996,2.079,426.66,0,
2026-03-18 06:00:00,6.872,2.145,415.83,0,
2026-03-18 06:15:00,6.934,1.841,422.58,0,
2026-03-18 06:30:00,7.054,2.239,424.2,0,
2026-03-18 06:45:00,7.012,2.214,414.9,0,
2026-03-18 07:00:00,7.027,2.052,418.76,0,
2026-03-18 07:15:00,7.021,2.221,422.46,0,
2026-03-18 07:30:00,6.976,2.218,416.33,0,
2026-03-18 07:45:00,6.911,2.542,417.84,0,
2026-03-18 08:00:00,6.873,2.141,406.9,0,
2026-03-18 08:15:00,6.974,2.373,415.72,0,
2026-03-18 08:30:00,6.912,2.183,414.76,0,
2026-03-18 08:45:00,7.026,2.288,406.78,0,
2026-03-18 09:00:00,6.876,2.438,407.66,0,
2026-03-18 09:15:00,6.986,2.39,413.39,0,
2026-03-18 09:30:00,6.873,2.447,409.27,0,
2026-03-18 09:45:00,6.942,2.524,414.47,0,
2026-03-18 10:00:00,6.955,2.426,410.85,0,
2026-03-18 10:15:00,6.814,2.659,409.46,0,
2026-03-18 10:30:00,6.837,2.506,408.23,0,
2026-03-18 10:45:00,6.806,2.563,409.81,0,
2026-03-18 11:00:00,6.794,2.658,411.62,0,
2026-03-18 11:15:00,6.886,2.663,410.37,0,
2026-03-18 11:30:00,6.841,2.75,406.41,0,
2026-03-18 11:45:00,6.853,2.724,412.98,0,
2026-03-18 12:00:00,6.878,2.77,410.63,0,
2026-03-18 12:15:00,6.757,2.673,409.57,0,
2026-03-18 12:30:00,6.916,2.583,408.47,0,
2026-03-18 12:45:00,6.835,2.55,410.23,0,
2026-03-18 13:00:00,6.882,2.532,401.08,0,
2026-03-18 13:15:00,6.889,3.065,409.6,0,
2026-03-18 13:30:00,6.93,2.485,415.47,0,
2026-03-18 13:45:00,6.86,3.012,410.12,0,
2026-03-18 14:00:00,6.764,2.723,409.94,0,
2026-03-18 14:15:00,6.878,3.037,407.64,0,
2026-03-18 14:30:00,6.891,2.539,412.45,0,
2026-03-18 14:45:00,6.836,2.844,410.2,0,
2026-03-18 15:00:00,6.901,3.104,416.75,0,
2026-03-18 15:15:00,6.883,2.999,408.63,0,
2026-03-18 15:30:00,6.842,2.846,410.89,0,
2026-03-18 15:45:00,6.95,2.608,410.93,0,
2026-03-18 16:00:00,6.897,2.702,421.34,0,
2026-03-18 16:15:00,6.913,3.108,413.93,0,
2026-03-18 16:30:00,6.919,2.844,413.22,0,
2026-03-18 16:45:00,7.014,2.882,407.78,0,
2026-03-18 17:00:00,6.959,2.929,413.25,0,
2026-03-18 17:15:00,6.975,2.683,419.77,0,
2026-03-18 17:30:00,6.958,2.931,420.53,0,
2026-03-18 17:45:00,7.013,2.796,416.61,0,
2026-03-18 18:00:00,7.067,2.89,417.62,0,
2026-03-18 18:15:00,7.042,2.746,428.22,0,
2026-03-18 18:30:00,7.054,2.581,432.35,0,
2026-03-18 18:45:00,7.06,2.737,426.94,0,
2026-03-18 19:00:00,6.97,2.879,429.34,0,
2026-03-18 19:15:00,7.004,2.823,430.94,0,
2026-03-18 19:30:00,7.047,2.748,433.45,0,
2026-03-18 19:45:00,7.03,2.857,424.1,0,
2026-03-18 20:00:00,7.022,2.669,422.49,0,
2026-03-18 20:15:00,6.99,2.685,434.0,0,
2026-03-18 20:30:00,7.024,2.581,423.45,0,
2026-03-18 20:45:00,7.086,2.772,423.8,0,
2026-03-18 21:00:00,7.103,2.647,424.46,0,
2026-03-18 21:15:00,7.073,2.494,428.5,0,
2026-03-18 21:30:00,7.123,2.329,421.58,0,
2026-03-18 21:45:00,7.103,2.692,424.25,0,
2026-03-18 22:00:00,7.184,2.388,427.9,0,
2026-03-18 22:15:00,7.126,2.485,425.98,0,
2026-03-18 22:30:00,7.173,2.801,435.34,0,
2026-03-18 22:45:00,7.152,2.542,431.39,0,
2026-03-18 23:00:00,7.075,2.638,433.9,0,
2026-03-18 23:15:00,7.143,2.291,433.64,0,
2026-03-18 23:30:00,7.087,2.508,431.07,0,
2026-03-18 23:45:00,7.144,2.327,435.93,0,
2026-03-19 00:00:00,7.113,2.355,433.81,0,
2026-03-19 00:15:00,7.169,2.581,430.7,0,
2026-03-19 00:30:00,7.082,2.215,425.16,0,
2026-03-19 00:45:00,7.148,2.239,433.85,0,
2026-03-19 01:00:00,7.174,2.082,426.55,0,
2026-03-19 01:15:00,7.187,2.333,432.88,0,
2026-03-19 01:30:00,7.1,2.099,431.4,0,
2026-03-19 01:45:00,7.135,2.321,425.32,0,
2026-03-19 02:00:00,7.139,1.906,431.43,0,
2026-03-19 02:15:00,7.202,2.224,430.74,0,
2026-03-19 02:30:00,7.045,2.034,430.3,0,
2026-03-19 02:45:00,7.067,2.231,429.61,0,
2026-03-19 03:00:00,7.246,2.112,425.88,0,
2026-03-19 03:15:00,7.085,2.027,430.28,0,
2026-03-19 03:30:00,6.997,2.045,424.55,0,
2026-03-19 03:45:00,7.054,1.973,422.37,0,
2026-03-19 04:00:00,6.937,2.226,428.7,0,
2026-03-19 04:15:00,7.078,1.944,429.05,0,
2026-03-19 04:30:00,7.098,2.063,427.02,0,
2026-03-19 04:45:00,7.003,2.159,423.03,0,
2026-03-19 05:00:00,7.015,2.356,415.35,0,
2026-03-19 05:15:00,7.075,2.12,428.27,0,
2026-03-19 05:30:00,6.932,2.094,413.75,0,
2026-03-19 05:45:00,6.944,2.182,423.13,0,
2026-03-19 06:00:00,6.989,1.843,428.44,0,
2026-03-19 06:15:00,6.953,1.988,419.81,0,
2026-03-19 06:30:00,6.966,2.126,419.6,0,
2026-03-19 06:45:00,6.908,2.092,419.18,0,
2026-03-19 07:00:00,6.972,1.977,417.69,0,
2026-03-19 07:15:00,6.944,2.365,425.55,0,
2026-03-19 07:30:00,6.97,2.295,412.04,0,
2026-03-19 07:45:00,6.944,2.299,410.82,0,
2026-03-19 08:00:00,6.935,2.196,412.69,0,
2026-03-19 08:15:00,6.844,2.335,420.3,0,
2026-03-19 08:30:00,6.933,2.424,410.39,0,
2026-03-19 08:45:00,6.885,2.332,413.81,0,
2026-03-19 09:00:00,6.886,2.463,415.8,0,
2026-03-19 09:15:00,6.94,2.303,414.09,0,
2026-03-19 09:30:00,6.845,2.462,414.55,0,
2026-03-19 09:45:00,6.943,2.645,415.69,0,
2026-03-19 10:00:00,6.942,2.685,410.84,0,
2026-03-19 10:15:00,6.903,2.725,407.41,0,
2026-03-19 10:30:00,6.812,2.595,409.5,0,
2026-03-19 10:45:00,6.749,2.583,407.28,0,
2026-03-19 11:00:00,6.909,2.536,418.5,0,
2026-03-19 11:15:00,6.858,2.357,406.1,0,
2026-03-19 11:30:00,6.814,2.451,410.04,0,
2026-03-19 11:45:00,6.909,2.652,402.02,0,
2026-03-19 12:00:00,6.807,2.684,408.53,0,
2026-03-19 12:15:00,6.829,2.934,406.88,0,
2026-03-19 12:30:00,6.878,2.941,410.81,0,
2026-03-19 12:45:00,6.797,2.661,411.04,0,
2026-03-19 13:00:00,6.85,2.906,414.08,0,
2026-03-19 13:15:00,6.912,2.729,413.99,0,
2026-03-19 13:30:00,6.872,2.92,408.65,0,
2026-03-19 13:45:00,6.928,2.953,405.46,0,
2026-03-19 14:00:00,6.927,3.033,406.3,0,
2026-03-19 14:15:00,6.876,2.785,411.23,0,
2026-03-19 14:30:00,6.764,3.022,411.11,0,
2026-03-19 14:45:00,6.832,2.598,412.01,0,
2026-03-19 15:00:00,6.932,3.081,409.37,0,
2026-03-19 15:15:00,6.824,2.889,417.84,0,
2026-03-19 15:30:00,6.892,2.896,406.8,0,
2026-03-19 15:45:00,6.934,2.594,410.97,0,
2026-03-19 16:00:00,6.998,2.842,409.69,0,
2026-03-19 16:15:00,6.905,3.102,413.86,0,
2026-03-19 16:30:00,6.91,2.833,420.39,0,
2026-03-19 16:45:00,6.949,2.999,414.99,0,
2026-03-19 17:00:00,6.979,2.892,417.3,0,
2026-03-19 17:15:00,6.963,3.038,420.32,0,
2026-03-19 17:30:00,7.033,2.898,417.09,0,
2026-03-19 17:45:00,6.95,2.719,420.75,0,
2026-03-19 18:00:00,7.006,2.855,421.0,0,
2026-03-19 18:15:00,7.032,3.073,416.26,0,
2026-03-19 18:30:00,7.0,2.892,419.71,0,
2026-03-19 18:45:00,7.071,2.783,423.76,0,
2026-03-19 19:00:00,7.046,3.121,428.23,0,
2026-03-19 19:15:00,7.088,2.938,428.98,0,
2026-03-19 19:30:00,7.067,2.866,432.97,0,
2026-03-19 19:45:00,7.085,2.77,427.25,0,
2026-03-19 20:00:00,7.043,2.81,424.35,0,
2026-03-19 20:15:00,7.052,2.791,426.41,0,
2026-03-19 20:30:00,7.153,2.326,426.85,0,
2026-03-19 20:45:00,7.131,2.688,426.28,0,
2026-03-19 21:00:00,7.055,2.579,430.02,0,
2026-03-19 21:15:00,7.122,2.503,430.74,0,
2026-03-19 21:30:00,7.0,2.523,424.83,0,
2026-03-19 21:45:00,7.096,2.293,434.33,0,
2026-03-19 22:00:00,7.178,2.229,423.05,0,
2026-03-19 22:15:00,7.128,2.661,429.87,0,
2026-03-19 22:30:00,7.144,2.517,435.68,0,
2026-03-19 22:45:00,6.991,2.06,433.79,0,
2026-03-19 23:00:00,7.125,2.31,430.16,0,
2026-03-19 23:15:00,7.164,2.504,439.64,0,
2026-03-19 23:30:00,7.172,2.305,430.14,0,
2026-03-19 23:45:00,7.198,2.51,423.97,0,
2026-03-20 00:00:00,7.139,2.457,433.81,0,
2026-03-20 00:15:00,7.141,2.074,424.86,0,
2026-03-20 00:30:00,7.082,2.235,428.57,0,
2026-03-20 00:45:00,7.137,2.169,434.26,0,
2026-03-20 01:00:00,7.082,2.009,429.75,0,
2026-03-20 01:15:00,7.05,1.981,433.69,0,
2026-03-20 01:30:00,7.084,2.062,426.45,0,
2026-03-20 01:45:00,7.21,2.071,434.2,0,
2026-03-20 02:00:00,7.116,2.196,423.63,0,
2026-03-20 02:15:00,7.136,2.298,435.25,0,
2026-03-20 02:30:00,7.093,2.207,427.62,0,
2026-03-20 02:45:00,7.023,2.234,435.15,0,
2026-03-20 03:00:00,7.153,2.074,425.12,0,
2026-03-20 03:15:00,6.99,2.198,435.61,0,
2026-03-20 03:30:00,7.064,2.081,423.47,0,
2026-03-20 03:45:00,7.081,2.035,419.49,0,
2026-03-20 04:00:00,7.087,2.385,426.17,0,
2026-03-20 04:15:00,7.03,1.751,430.24,0,
2026-03-20 04:30:00,6.966,1.822,427.76,0,
2026-03-20 04:45:00,7.008,2.165,428.51,0,
2026-03-20 05:00:00,7.001,2.074,426.35,0,
2026-03-20 05:15:00,6.991,1.906,419.06,0,
2026-03-20 05:30:00,7.068,1.972,424.63,0,
2026-03-20 05:45:00,6.949,2.003,421.16,0,
2026-03-20 06:00:00,7.015,2.287,417.16,0,
2026-03-20 06:15:00,6.998,2.349,419.93,0,
2026-03-20 06:30:00,7.028,2.429,418.21,0,
2026-03-20 06:45:00,6.964,1.961,423.32,0,
2026-03-20 07:00:00,7.001,2.012,414.83,0,
2026-03-20 07:15:00,6.943,2.021,413.9,0,
2026-03-20 07:30:00,6.964,2.45,412.61,0,
2026-03-20 07:45:00,6.859,2.34,422.28,0,
2026-03-20 08:00:00,6.793,2.312,411.43,0,
2026-03-20 08:15:00,6.936,2.358,418.52,0,
2026-03-20 08:30:00,6.93,2.338,408.57,0,
2026-03-20 08:45:00,6.925,2.203,414.11,0,
2026-03-20 09:00:00,6.868,2.473,412.56,0,
2026-03-20 09:15:00,6.962,2.394,415.91,0,
2026-03-20 09:30:00,6.858,2.268,414.83,0,
2026-03-20 09:45:00,6.896,2.56,410.35,0,
2026-03-20 10:00:00,6.9,2.436,407.46,0,
2026-03-20 10:15:00,6.951,2.56,415.74,0,
2026-03-20 10:30:00,6.846,2.533,406.37,0,
2026-03-20 10:45:00,6.825,2.712,399.57,0,
2026-03-20 11:00:00,6.78,2.637,400.97,0,
2026-03-20 11:15:00,6.931,2.496,401.77,0,
2026-03-20 11:30:00,6.872,2.701,410.49,0,
2026-03-20 11:45:00,6.873,2.73,416.88,0,
2026-03-20 12:00:00,7.006,2.777,399.84,0,
2026-03-20 12:15:00,6.867,2.878,404.9,0,
2026-03-20 12:30:00,6.786,2.651,408.46,0,
2026-03-20 12:45:00,6.843,2.864,414.41,0,
2026-03-20 13:00:00,6.806,2.524,405.26,0,
2026-03-20 13:15:00,6.838,2.783,411.0,0,
2026-03-20 13:30:00,6.841,2.776,407.91,0,
2026-03-20 13:45:00,6.836,3.05,419.67,0,
2026-03-20 14:00:00,6.8,2.823,410.19,0,
2026-03-20 14:15:00,6.955,2.95,411.45,0,
2026-03-20 14:30:00,6.896,2.605,410.82,0,
2026-03-20 14:45:00,6.876,2.826,409.32,0,
2026-03-20 15:00:00,6.932,2.759,415.31,0,
2026-03-20 15:15:00,6.925,3.264,407.45,0,
2026-03-20 15:30:00,6.922,2.797,404.69,0,
2026-03-20 15:45:00,6.951,2.91,412.73,0,
2026-03-20 16:00:00,6.932,2.919,417.26,0,
2026-03-20 16:15:00,6.967,2.661,412.37,0,
2026-03-20 16:30:00,6.98,2.818,416.15,0,
2026-03-20 16:45:00,6.96,2.953,411.26,0,
2026-03-20 17:00:00,6.95,2.899,421.14,0,
2026-03-20 17:15:00,7.047,2.534,420.27,0,
2026-03-20 17:30:00,6.957,2.785,418.51,0,
2026-03-20 17:45:00,7.01,3.012,419.89,0,
2026-03-20 18:00:00,7.021,2.935,414.43,0,
2026-03-20 18:15:00,6.979,3.015,415.39,0,
2026-03-20 18:30:00,6.979,2.669,421.08,0,
2026-03-20 18:45:00,7.012,2.993,424.4,0,
2026-03-20 19:00:00,7.014,2.776,425.36,0,
2026-03-20 19:15:00,6.975,3.003,422.41,0,
2026-03-20 19:30:00,7.025,2.744,427.57,0,
2026-03-20 19:45:00,7.08,2.415,430.99,0,
2026-03-20 20:00:00,7.138,2.827,425.65,0,
2026-03-20 20:15:00,7.111,2.61,427.91,0,
2026-03-20 20:30:00,6.961,2.597,426.47,0,
2026-03-20 20:45:00,7.131,2.411,427.41,0,
2026-03-20 21:00:00,7.078,2.847,429.16,0,
2026-03-20 21:15:00,7.135,2.5,435.84,0,
2026-03-20 21:30:00,7.118,2.788,433.18,0,
2026-03-20 21:45:00,7.115,2.461,433.28,0,
2026-03-20 22:00:00,7.125,2.361,428.58,0,
2026-03-20 22:15:00,7.133,2.672,427.17,0,
2026-03-20 22:30:00,7.206,2.437,432.64,0,
2026-03-20 22:45:00,7.141,2.412,436.34,0,
2026-03-20 23:00:00,7.199,2.204,438.48,0,
2026-03-20 23:15:00,7.194,2.303,421.96,0,
2026-03-20 23:30:00,7.182,2.411,441.68,0,
2026-03-20 23:45:00,7.06,2.128,433.64,0,
2026-03-21 00:00:00,7.206,2.219,435.64,0,
2026-03-21 00:15:00,7.127,2.215,425.01,0,
2026-03-21 00:30:00,7.185,2.266,430.95,0,
2026-03-21 00:45:00,7.098,2.458,435.06,0,
2026-03-21 01:00:00,7.086,2.172,426.89,0,
2026-03-21 01:15:00,7.241,2.096,419.81,0,
2026-03-21 01:30:00,7.091,2.595,432.43,0,
2026-03-21 01:45:00,7.192,2.102,430.56,0,
2026-03-21 02:00:00,7.136,2.125,436.16,0,
2026-03-21 02:15:00,7.104,2.088,429.34,0,
2026-03-21 02:30:00,7.117,2.089,429.17,0,
2026-03-21 02:45:00,7.048,2.133,431.81,0,
2026-03-21 03:00:00,7.105,2.252,432.62,0,
2026-03-21 03:15:00,7.045,2.168,425.08,0,
2026-03-21 03:30:00,7.072,2.265,431.08,0,
2026-03-21 03:45:00,7.13,2.257,424.58,0,
2026-03-21 04:00:00,7.088,2.131,426.07,0,
2026-03-21 04:15:00,6.992,2.157,427.99,0,
2026-03-21 04:30:00,7.1,2.27,427.97,0,
2026-03-21 04:45:00,7.048,1.941,425.13,0,
2026-03-21 05:00:00,7.012,2.488,418.78,0,
2026-03-21 05:15:00,7.067,2.044,414.86,0,
2026-03-21 05:30:00,7.011,2.078,420.81,0,
2026-03-21 05:45:00,6.952,1.959,424.67,0,
2026-03-21 06:00:00,7.092,1.976,421.8,0,
2026-03-21 06:15:00,6.989,2.314,420.18,0,
2026-03-21 06:30:00,6.976,2.523,418.41,0,
2026-03-21 06:45:00,6.95,2.114,418.9,0,
2026-03-21 07:00:00,7.02,2.269,412.92,0,
2026-03-21 07:15:00,6.926,2.269,419.26,0,
2026-03-21 07:30:00,6.865,2.407,418.79,0,
2026-03-21 07:45:00,6.9,2.611,413.27,0,
2026-03-21 08:00:00,6.991,2.528,415.75,0,
2026-03-21 08:15:00,6.958,2.287,406.47,0,
2026-03-21 08:30:00,6.896,2.426,413.42,0,
2026-03-21 08:45:00,6.97,2.466,411.56,0,
2026-03-21 09:00:00,6.931,2.393,416.55,0,
2026-03-21 09:15:00,6.874,2.258,410.18,0,
2026-03-21 09:30:00,6.873,2.328,413.95,0,
2026-03-21 09:45:00,6.892,2.646,408.46,0,
2026-03-21 10:00:00,6.829,2.688,400.46,0,
2026-03-21 10:15:00,6.866,2.495,408.34,0,
2026-03-21 10:30:00,6.877,2.591,409.7,0,
2026-03-21 10:45:00,6.774,2.758,409.24,0,
2026-03-21 11:00:00,6.846,2.348,409.07,0,
2026-03-21 11:15:00,6.838,2.562,406.2,0,
2026-03-21 11:30:00,6.903,2.956,406.81,0,
2026-03-21 11:45:00,6.758,2.722,403.52,0,
2026-03-21 12:00:00,6.831,2.531,400.01,0,
2026-03-21 12:15:00,6.826,2.74,407.6,0,
2026-03-21 12:30:00,6.899,2.897,405.12,0,
2026-03-21 12:45:00,6.851,2.382,412.55,0,
2026-03-21 13:00:00,6.945,2.809,399.68,0,
2026-03-21 13:15:00,6.891,2.745,409.8,0,
2026-03-21 13:30:00,6.841,2.571,417.4,0,
2026-03-21 13:45:00,6.877,2.845,408.51,0,
2026-03-21 14:00:00,6.852,2.826,409.6,0,
2026-03-21 14:15:00,6.918,2.855,411.73,0,
2026-03-21 14:30:00,6.814,2.817,412.5,0,
2026-03-21 14:45:00,6.846,2.726,409.34,0,
2026-03-21 15:00:00,6.917,2.668,407.48,0,
2026-03-21 15:15:00,6.962,2.789,414.7,0,
2026-03-21 15:30:00,6.799,3.025,405.06,0,
2026-03-21 15:45:00,6.985,2.934,416.66,0,
2026-03-21 16:00:00,6.918,2.89,412.43,0,
2026-03-21 16:15:00,6.839,2.743,414.7,0,
2026-03-21 16:30:00,6.793,2.84,413.31,0,
2026-03-21 16:45:00,6.875,3.003,421.87,0,
2026-03-21 17:00:00,6.96,2.962,417.89,0,
2026-03-21 17:15:00,6.967,2.807,416.37,0,
2026-03-21 17:30:00,7.012,2.478,417.03,0,
2026-03-21 17:45:00,6.963,2.758,418.62,0,
2026-03-21 18:00:00,6.945,2.774,429.59,0,
2026-03-21 18:15:00,6.989,2.697,415.52,0,
2026-03-21 18:30:00,7.021,2.755,425.9,0,
2026-03-21 18:45:00,7.041,2.923,424.61,0,
2026-03-21 19:00:00,6.999,2.777,429.27,0,
2026-03-21 19:15:00,7.093,2.912,426.37,0,
2026-03-21 19:30:00,7.026,2.517,424.61,0,
2026-03-21 19:45:00,7.023,2.676,429.39,0,
2026-03-21 20:00:00,7.048,2.409,426.92,0,
2026-03-21 20:15:00,7.137,2.613,429.69,0,
2026-03-21 20:30:00,7.085,2.496,433.02,0,
2026-03-21 20:45:00,7.064,2.821,428.28,0,
2026-03-21 21:00:00,7.152,2.665,426.79,0,
2026-03-21 21:15:00,7.22,2.73,426.45,0,
2026-03-21 21:30:00,7.129,2.488,431.32,0,
2026-03-21 21:45:00,7.186,2.373,426.46,0,
2026-03-21 22:00:00,7.182,2.342,428.99,0,
2026-03-21 22:15:00,7.104,2.514,426.89,0,
2026-03-21 22:30:00,7.14,2.719,433.12,0,
2026-03-21 22:45:00,7.078,2.484,428.35,0,
2026-03-21 23:00:00,7.135,2.34,426.44,0,
2026-03-21 23:15:00,7.116,2.343,427.33,0,
2026-03-21 23:30:00,7.129,2.342,429.61,0,
2026-03-21 23:45:00,7.112,2.627,430.05,0,
2026-03-22 00:00:00,7.136,2.485,433.01,0,
2026-03-22 00:15:00,7.176,2.317,431.37,0,
2026-03-22 00:30:00,7.143,2.273,433.47,0,
2026-03-22 00:45:00,7.054,2.281,433.71,0,
2026-03-22 01:00:00,7.108,2.291,434.74,0,
2026-03-22 01:15:00,7.066,2.137,423.97,0,
2026-03-22 01:30:00,7.151,2.056,426.86,0,
2026-03-22 01:45:00,7.16,2.322,433.31,0,
2026-03-22 02:00:00,7.143,2.157,431.61,0,
2026-03-22 02:15:00,7.085,2.284,434.31,0,
2026-03-22 02:30:00,7.131,2.377,423.81,0,
2026-03-22 02:45:00,7.089,2.199,427.64,0,
2026-03-22 03:00:00,7.049,2.167,427.86,0,
2026-03-22 03:15:00,7.136,2.588,429.19,0,
2026-03-22 03:30:00,7.132,2.134,428.11,0,
2026-03-22 03:45:00,7.131,1.937,429.25,0,
2026-03-22 04:00:00,7.045,2.058,426.29,0,
2026-03-22 04:15:00,7.125,2.334,431.59,0,
2026-03-22 04:30:00,7.033,1.909,432.2,0,
2026-03-22 04:45:00,7.081,1.995,420.28,0,
2026-03-22 05:00:00,7.013,2.28,424.22,0,
2026-03-22 05:15:00,7.018,2.08,426.52,0,
2026-03-22 05:30:00,6.899,2.114,424.94,0,
2026-03-22 05:45:00,6.995,2.302,420.23,0,
2026-03-22 06:00:00,7.005,2.046,422.15,0,
2026-03-22 06:15:00,6.97,1.947,414.05,0,
2026-03-22 06:30:00,7.068,1.974,419.58,0,
2026-03-22 06:45:00,6.913,2.287,413.08,0,
2026-03-22 07:00:00,6.933,2.256,420.24,0,
2026-03-22 07:15:00,6.907,2.132,413.04,0,
2026-03-22 07:30:00,6.914,2.083,417.47,0,
2026-03-22 07:45:00,6.985,2.237,417.42,0,
2026-03-22 08:00:00,6.999,2.467,415.81,0,
2026-03-22 08:15:00,6.882,2.198,412.35,0,
2026-03-22 08:30:00,6.873,2.248,413.45,0,
2026-03-22 08:45:00,6.843,2.193,418.45,0,
2026-03-22 09:00:00,6.959,2.341,411.51,0,
2026-03-22 09:15:00,6.943,2.473,412.8,0,
2026-03-22 09:30:00,6.876,2.765,410.04,0,
2026-03-22 09:45:00,6.805,2.507,415.93,0,
2026-03-22 10:00:00,6.805,2.492,411.8,0,
2026-03-22 10:15:00,6.874,2.656,408.11,0,
2026-03-22 10:30:00,6.889,2.657,410.91,0,
2026-03-22 10:45:00,6.755,2.491,409.69,0,
2026-03-22 11:00:00,6.839,2.949,416.04,0,
2026-03-22 11:15:00,6.934,2.625,410.16,0,
2026-03-22 11:30:00,6.84,2.689,404.73,0,
2026-03-22 11:45:00,6.925,2.76,412.23,0,
2026-03-22 12:00:00,6.882,2.752,417.4,0,
2026-03-22 12:15:00,6.796,2.951,415.11,0,
2026-03-22 12:30:00,6.837,2.655,406.04,0,
2026-03-22 12:45:00,6.846,2.881,409.55,0,
2026-03-22 13:00:00,6.807,2.808,410.73,0,
2026-03-22 13:15:00,6.809,2.948,411.05,0,
2026-03-22 13:30:00,6.937,2.785,412.97,0,
2026-03-22 13:45:00,6.817,2.78,410.44,0,
2026-03-22 14:00:00,6.924,2.956,408.57,0,
2026-03-22 14:15:00,6.853,2.912,416.5,0,
2026-03-22 14:30:00,6.88,2.747,408.71,0,
2026-03-22 14:45:00,6.915,3.081,410.54,0,
2026-03-22 15:00:00,6.864,2.996,409.81,0,
2026-03-22 15:15:00,6.929,2.881,417.4,0,
2026-03-22 15:30:00,6.806,2.826,416.03,0,
2026-03-22 15:45:00,6.939,2.954,419.82,0,
2026-03-22 16:00:00,6.802,2.999,413.86,0,
2026-03-22 16:15:00,6.922,2.66,412.73,0,
2026-03-22 16:30:00,6.985,2.953,416.73,0,
2026-03-22 16:45:00,6.983,2.99,418.56,0,
2026-03-22 17:00:00,6.896,2.534,420.92,0,
2026-03-22 17:15:00,6.912,2.908,414.17,0,
2026-03-22 17:30:00,6.946,2.974,423.63,0,
2026-03-22 17:45:00,7.0,2.946,418.97,0,
2026-03-22 18:00:00,6.898,2.967,420.79,0,
2026-03-22 18:15:00,7.009,2.783,428.91,0,
2026-03-22 18:30:00,7.035,2.661,416.31,0,
2026-03-22 18:45:00,7.015,2.531,427.15,0,
2026-03-22 19:00:00,7.065,2.947,427.95,0,
2026-03-22 19:15:00,7.059,2.869,424.2,0,
2026-03-22 19:30:00,7.03,2.919,426.46,0,
2026-03-22 19:45:00,6.97,2.613,433.9,0,
2026-03-22 20:00:00,7.082,2.821,437.61,0,
2026-03-22 20:15:00,7.036,2.452,434.73,0,
2026-03-22 20:30:00,7.062,2.523,438.7,0,
2026-03-22 20:45:00,7.123,2.647,429.04,0,
2026-03-22 21:00:00,7.177,2.703,426.11,0,
2026-03-22 21:15:00,7.111,2.83,432.8,0,
2026-03-22 21:30:00,7.147,2.516,436.78,0,
2026-03-22 21:45:00,7.052,2.396,426.64,0,
2026-03-22 22:00:00,7.142,2.362,430.82,0,
2026-03-22 22:15:00,7.132,2.371,431.68,0,
2026-03-22 22:30:00,7.2,2.781,436.74,0,
2026-03-22 22:45:00,7.115,2.535,436.54,0,
2026-03-22 23:00:00,7.133,2.563,432.81,0,
2026-03-22 23:15:00,7.2,2.336,436.85,0,
2026-03-22 23:30:00,7.144,2.347,431.73,0,
2026-03-22 23:45:00,7.094,2.428,434.73,0,
2026-03-23 00:00:00,7.278,2.224,431.45,0,
2026-03-23 00:15:00,7.096,2.234,435.92,0,
2026-03-23 00:30:00,7.145,2.155,433.29,0,
2026-03-23 00:45:00,7.164,2.169,439.18,0,
2026-03-23 01:00:00,7.158,2.225,436.18,0,
2026-03-23 01:15:00,7.133,2.076,435.2,0,
2026-03-23 01:30:00,7.129,2.226,442.95,0,
2026-03-23 01:45:00,7.123,2.21,437.13,0,
2026-03-23 02:00:00,7.074,2.127,433.8,0,
2026-03-23 02:15:00,7.232,2.017,432.57,0,
2026-03-23 02:30:00,7.108,2.146,429.77,0,
2026-03-23 02:45:00,7.143,2.045,433.78,0,
2026-03-23 03:00:00,7.089,2.121,434.78,0,
2026-03-23 03:15:00,7.081,2.272,425.37,0,
2026-03-23 03:30:00,7.069,1.915,427.01,0,
2026-03-23 03:45:00,7.006,2.427,429.81,0,
2026-03-23 04:00:00,7.067,2.089,426.86,0,
2026-03-23 04:15:00,7.046,2.163,430.78,0,
2026-03-23 04:30:00,7.116,1.991,430.67,0,
2026-03-23 04:45:00,6.988,2.279,428.76,0,
2026-03-23 05:00:00,7.01,2.095,430.75,0,
2026-03-23 05:15:00,6.984,2.062,425.49,0,
2026-03-23 05:30:00,7.092,2.044,426.92,0,
2026-03-23 05:45:00,6.966,2.101,422.36,0,
2026-03-23 06:00:00,7.028,2.216,426.77,0,
2026-03-23 06:15:00,7.039,2.193,425.2,0,
2026-03-23 06:30:00,6.973,2.177,419.36,0,
2026-03-23 06:45:00,6.902,2.093,422.81,0,
2026-03-23 07:00:00,6.893,2.102,422.56,0,
2026-03-23 07:15:00,6.995,2.167,423.13,0,
2026-03-23 07:30:00,6.88,2.326,422.59,0,
2026-03-23 07:45:00,6.953,2.377,417.77,0,
2026-03-23 08:00:00,6.931,2.42,423.06,0,
2026-03-23 08:15:00,6.936,2.323,421.48,0,
2026-03-23 08:30:00,6.932,2.404,415.9,0,
2026-03-23 08:45:00,6.854,2.346,413.66,0,
2026-03-23 09:00:00,6.845,2.135,415.12,0,
2026-03-23 09:15:00,6.923,2.39,411.33,0,
2026-03-23 09:30:00,6.85,2.391,417.6,0,
2026-03-23 09:45:00,6.738,2.318,421.09,0,
2026-03-23 10:00:00,6.903,2.415,421.68,0,
2026-03-23 10:15:00,6.814,2.546,411.31,0,
2026-03-23 10:30:00,6.885,2.382,418.54,0,
2026-03-23 10:45:00,6.928,2.471,415.5,0,
2026-03-23 11:00:00,6.856,2.836,405.39,0,
2026-03-23 11:15:00,6.903,2.388,413.52,0,
2026-03-23 11:30:00,6.859,2.626,412.99,0,
2026-03-23 11:45:00,6.93,2.502,419.58,0,
2026-03-23 12:00:00,6.797,2.587,411.27,0,
2026-03-23 12:15:00,6.85,2.693,417.08,0,
2026-03-23 12:30:00,6.885,2.595,414.53,0,
2026-03-23 12:45:00,6.843,2.85,409.35,0,
2026-03-23 13:00:00,6.913,2.986,413.14,0,
2026-03-23 13:15:00,6.836,2.927,421.76,0,
2026-03-23 13:30:00,6.965,2.971,415.26,0,
2026-03-23 13:45:00,6.972,2.626,419.95,0,
2026-03-23 14:00:00,6.884,2.81,420.14,0,
2026-03-23 14:15:00,6.903,2.929,415.41,0,
2026-03-23 14:30:00,6.941,3.0,412.57,0,
2026-03-23 14:45:00,6.828,3.142,413.64,0,
2026-03-23 15:00:00,6.828,3.047,424.64,0,
2026-03-23 15:15:00,6.964,3.027,420.06,0,
2026-03-23 15:30:00,6.922,3.292,413.17,0,
2026-03-23 15:45:00,6.905,2.914,424.13,0,
2026-03-23 16:00:00,6.926,2.857,414.36,0,
2026-03-23 16:15:00,6.814,2.926,418.94,0,
2026-03-23 16:30:00,6.933,2.759,423.33,0,
2026-03-23 16:45:00,6.914,2.902,433.87,0,
2026-03-23 17:00:00,7.007,2.627,427.85,0,
2026-03-23 17:15:00,7.02,2.799,423.47,0,
2026-03-23 17:30:00,7.009,2.852,426.34,0,
2026-03-23 17:45:00,7.01,3.001,430.73,0,
2026-03-23 18:00:00,6.925,3.013,433.57,0,
2026-03-23 18:15:00,7.039,2.688,427.72,0,
2026-03-23 18:30:00,7.051,3.129,428.67,0,
2026-03-23 18:45:00,7.092,2.823,427.04,0,
2026-03-23 19:00:00,7.145,2.819,433.84,0,
2026-03-23 19:15:00,6.964,2.521,436.08,0,
2026-03-23 19:30:00,7.038,2.65,425.0,0,
2026-03-23 19:45:00,7.029,2.88,431.93,0,
2026-03-23 20:00:00,7.084,2.725,429.4,0,
2026-03-23 20:15:00,7.084,2.693,435.58,0,
2026-03-23 20:30:00,7.08,2.687,430.71,0,
2026-03-23 20:45:00,7.15,2.412,431.03,0,
2026-03-23 21:00:00,7.051,2.589,441.43,0,
2026-03-23 21:15:00,7.061,2.789,436.85,0,
2026-03-23 21:30:00,7.068,2.715,437.82,0,
2026-03-23 21:45:00,7.107,2.507,440.29,0,
2026-03-23 22:00:00,7.068,2.735,442.91,0,
2026-03-23 22:15:00,7.132,2.285,437.77,0,
2026-03-23 22:30:00,7.13,2.302,438.23,0,
2026-03-23 22:45:00,7.103,2.702,438.57,0,
2026-03-23 23:00:00,7.189,2.483,444.74,0,
2026-03-23 23:15:00,7.144,2.328,440.37,0,
2026-03-23 23:30:00,7.202,2.339,439.65,0,
2026-03-23 23:45:00,7.14,2.202,442.5,0,
2026-03-24 00:00:00,7.149,2.341,448.33,0,
2026-03-24 00:15:00,7.122,2.307,441.33,0,
2026-03-24 00:30:00,7.148,2.259,439.92,0,
2026-03-24 00:45:00,7.183,2.062,448.69,0,
2026-03-24 01:00:00,7.124,2.257,446.11,0,
2026-03-24 01:15:00,7.168,2.12,445.35,0,
2026-03-24 01:30:00,7.098,2.035,438.37,0,
2026-03-24 01:45:00,7.172,2.357,437.7,0,
2026-03-24 02:00:00,7.101,2.479,432.44,0,
2026-03-24 02:15:00,7.167,2.433,443.27,0,
2026-03-24 02:30:00,7.122,2.228,439.31,0,
2026-03-24 02:45:00,7.189,2.081,431.34,0,
2026-03-24 03:00:00,7.048,2.103,442.87,0,
2026-03-24 03:15:00,7.025,2.169,436.18,0,
2026-03-24 03:30:00,7.061,2.04,436.12,0,
2026-03-24 03:45:00,7.014,2.299,430.33,0,
2026-03-24 04:00:00,7.006,1.795,437.73,0,
2026-03-24 04:15:00,7.097,2.056,437.12,0,
2026-03-24 04:30:00,7.057,2.224,434.25,0,
2026-03-24 04:45:00,7.024,1.981,432.09,0,
2026-03-24 05:00:00,7.019,2.078,443.56,0,
2026-03-24 05:15:00,6.999,2.21,427.52,0,
2026-03-24 05:30:00,7.102,2.358,428.72,0,
2026-03-24 05:45:00,6.973,1.947,433.71,0,
2026-03-24 06:00:00,6.934,1.948,426.08,0,
2026-03-24 06:15:00,7.03,2.026,425.04,0,
2026-03-24 06:30:00,6.97,1.952,433.19,0,
2026-03-24 06:45:00,7.073,1.979,430.36,0,
2026-03-24 07:00:00,6.935,2.071,429.15,0,
2026-03-24 07:15:00,6.994,2.421,427.24,0,
2026-03-24 07:30:00,6.997,2.21,423.06,0,
2026-03-24 07:45:00,6.908,2.282,424.15,0,
2026-03-24 08:00:00,6.888,2.157,424.19,0,
2026-03-24 08:15:00,6.954,2.418,427.28,0,
2026-03-24 08:30:00,6.937,2.628,425.0,0,
2026-03-24 08:45:00,6.831,2.238,419.03,0,
2026-03-24 09:00:00,6.838,2.655,425.37,0,
2026-03-24 09:15:00,6.76,2.477,415.01,0,
2026-03-24 09:30:00,6.911,2.45,419.99,0,
2026-03-24 09:45:00,6.862,2.534,416.29,0,
2026-03-24 10:00:00,6.862,2.559,417.07,0,
2026-03-24 10:15:00,6.781,2.805,427.88,0,
2026-03-24 10:30:00,6.807,2.63,414.01,0,
2026-03-24 10:45:00,6.834,2.659,416.39,0,
2026-03-24 11:00:00,6.821,2.54,421.52,0,
2026-03-24 11:15:00,6.859,2.754,417.47,0,
2026-03-24 11:30:00,6.88,2.51,419.89,0,
2026-03-24 11:45:00,6.964,2.693,424.96,0,
2026-03-24 12:00:00,6.849,3.132,421.88,0,
2026-03-24 12:15:00,6.906,2.347,417.46,0,
2026-03-24 12:30:00,6.81,2.778,418.92,0,
2026-03-24 12:45:00,6.769,2.804,421.76,0,
2026-03-24 13:00:00,6.837,2.749,422.4,0,
2026-03-24 13:15:00,6.778,2.77,420.22,0,
2026-03-24 13:30:00,6.862,2.831,421.9,0,
2026-03-24 13:45:00,6.826,2.795,422.27,0,
2026-03-24 14:00:00,6.772,2.88,420.88,0,
2026-03-24 14:15:00,6.962,2.786,419.29,0,
2026-03-24 14:30:00,6.854,3.173,425.18,0,
2026-03-24 14:45:00,6.805,2.841,423.92,0,
2026-03-24 15:00:00,6.939,2.972,415.02,0,
2026-03-24 15:15:00,6.865,2.792,420.66,0,
2026-03-24 15:30:00,6.963,3.037,422.69,0,
2026-03-24 15:45:00,6.88,3.009,424.49,0,
2026-03-24 16:00:00,6.898,2.963,430.83,0,
2026-03-24 16:15:00,6.951,2.745,439.56,0,
2026-03-24 16:30:00,6.972,2.784,417.68,0,
2026-03-24 16:45:00,6.99,3.145,429.51,0,
2026-03-24 17:00:00,6.957,2.772,429.37,0,
2026-03-24 17:15:00,6.997,2.975,429.18,0,
2026-03-24 17:30:00,7.018,2.728,432.9,0,
2026-03-24 17:45:00,7.0,3.01,432.16,0,
2026-03-24 18:00:00,6.993,2.743,430.94,0,
2026-03-24 18:15:00,6.938,2.688,433.34,0,
2026-03-24 18:30:00,7.05,2.71,436.27,0,
2026-03-24 18:45:00,7.031,2.718,436.72,0,
2026-03-24 19:00:00,7.018,2.844,436.44,0,
2026-03-24 19:15:00,7.112,2.774,434.15,0,
2026-03-24 19:30:00,6.986,2.579,448.54,0,
2026-03-24 19:45:00,7.149,2.718,439.46,0,
2026-03-24 20:00:00,7.074,2.528,441.81,0,
2026-03-24 20:15:00,7.099,2.773,437.45,0,
2026-03-24 20:30:00,7.072,2.777,440.92,0,
2026-03-24 20:45:00,7.016,2.625,441.54,0,
2026-03-24 21:00:00,7.099,2.644,433.79,0,
2026-03-24 21:15:00,7.13,2.841,439.15,0,
2026-03-24 21:30:00,7.153,2.529,439.62,0,
2026-03-24 21:45:00,7.115,2.385,440.67,0,
2026-03-24 22:00:00,7.02,2.587,439.25,0,
2026-03-24 22:15:00,7.057,2.304,444.12,0,
2026-03-24 22:30:00,7.241,2.416,449.91,0,
2026-03-24 22:45:00,7.087,2.332,445.16,0,
2026-03-24 23:00:00,7.216,2.291,440.19,0,
2026-03-24 23:15:00,7.1,2.334,441.02,0,
2026-03-24 23:30:00,7.14,2.482,443.81,0,
2026-03-24 23:45:00,7.181,2.489,439.78,0,
2026-03-25 00:00:00,7.109,2.439,446.73,0,
2026-03-25 00:15:00,7.229,2.328,450.95,0,
2026-03-25 00:30:00,7.153,2.218,443.2,0,
2026-03-25 00:45:00,7.17,1.883,445.73,0,
2026-03-25 01:00:00,7.132,2.272,443.58,0,
2026-03-25 01:15:00,7.175,1.857,442.59,0,
2026-03-25 01:30:00,7.218,1.894,445.64,0,
2026-03-25 01:45:00,7.128,2.143,441.95,0,
2026-03-25 02:00:00,7.216,2.193,441.05,0,
2026-03-25 02:15:00,7.094,2.074,437.44,0,
2026-03-25 02:30:00,7.157,2.361,443.76,0,
2026-03-25 02:45:00,7.137,2.191,447.32,0,
2026-03-25 03:00:00,7.053,2.076,445.39,0,
2026-03-25 03:15:00,7.11,2.316,448.0,0,
2026-03-25 03:30:00,7.092,2.338,438.78,0,
2026-03-25 03:45:00,7.041,2.178,444.29,0,
2026-03-25 04:00:00,7.093,1.984,435.85,0,
2026-03-25 04:15:00,7.074,2.018,442.46,0,
2026-03-25 04:30:00,7.054,1.886,445.53,0,
2026-03-25 04:45:00,7.045,2.101,440.26,0,
2026-03-25 05:00:00,7.034,1.956,444.21,0,
2026-03-25 05:15:00,7.011,2.072,434.45,0,
2026-03-25 05:30:00,7.027,2.17,435.58,0,
2026-03-25 05:45:00,6.978,1.844,431.72,0,
2026-03-25 06:00:00,7.133,1.964,434.78,0,
2026-03-25 06:15:00,6.92,2.091,434.98,0,
2026-03-25 06:30:00,6.951,2.175,433.27,0,
2026-03-25 06:45:00,6.945,2.125,430.54,0,
2026-03-25 07:00:00,7.063,2.177,429.76,0,
2026-03-25 07:15:00,6.886,2.13,432.4,0,
2026-03-25 07:30:00,6.964,2.039,429.69,0,
2026-03-25 07:45:00,6.946,2.198,425.05,0,
2026-03-25 08:00:00,6.942,2.268,421.43,0,
2026-03-25 08:15:00,6.978,2.277,426.01,0,
2026-03-25 08:30:00,6.969,2.364,422.28,0,
2026-03-25 08:45:00,6.879,2.434,423.9,0,
2026-03-25 09:00:00,6.904,2.499,425.02,0,
2026-03-25 09:15:00,6.794,2.327,425.64,0,
2026-03-25 09:30:00,6.886,2.211,423.11,0,
2026-03-25 09:45:00,6.836,2.665,434.13,0,
2026-03-25 10:00:00,6.861,2.558,419.95,0,
2026-03-25 10:15:00,6.781,2.383,429.51,0,
2026-03-25 10:30:00,6.882,2.594,423.75,0,
2026-03-25 10:45:00,6.773,2.738,421.54,0,
2026-03-25 11:00:00,6.863,2.863,426.34,0,
2026-03-25 11:15:00,6.792,2.666,422.04,0,
2026-03-25 11:30:00,6.809,2.812,420.55,0,
2026-03-25 11:45:00,6.908,2.495,430.9,0,
2026-03-25 12:00:00,6.879,2.695,414.99,0,
2026-03-25 12:15:00,6.908,2.672,422.86,0,
2026-03-25 12:30:00,6.929,2.795,424.72,0,
2026-03-25 12:45:00,6.814,3.005,429.77,0,
2026-03-25 13:00:00,6.93,2.82,422.77,0,
2026-03-25 13:15:00,6.785,2.66,435.28,0,
2026-03-25 13:30:00,6.899,2.628,428.0,0,
2026-03-25 13:45:00,6.841,3.079,415.86,0,
2026-03-25 14:00:00,6.824,2.923,419.93,0,
2026-03-25 14:15:00,6.906,2.926,427.16,0,
2026-03-25 14:30:00,6.928,2.818,422.14,0,
2026-03-25 14:45:00,6.933,2.919,429.45,0,
2026-03-25 15:00:00,6.905,2.738,426.03,0,
2026-03-25 15:15:00,6.908,2.95,423.68,0,
2026-03-25 15:30:00,6.935,2.72,425.26,0,
2026-03-25 15:45:00,6.932,2.845,433.21,0,
2026-03-25 16:00:00,6.952,2.804,422.43,0,
2026-03-25 16:15:00,6.944,2.411,435.44,0,
2026-03-25 16:30:00,6.985,2.845,436.32,0,
2026-03-25 16:45:00,6.87,2.757,431.48,0,
2026-03-25 17:00:00,6.955,2.855,427.98,0,
2026-03-25 17:15:00,6.902,2.879,436.63,0,
2026-03-25 17:30:00,6.994,3.135,433.29,0,
2026-03-25 17:45:00,7.072,2.904,430.0,0,
2026-03-25 18:00:00,6.976,2.897,444.53,0,
2026-03-25 18:15:00,7.016,2.907,434.19,0,
2026-03-25 18:30:00,7.057,2.948,432.66,0,
2026-03-25 18:45:00,6.926,2.869,440.51,0,
2026-03-25 19:00:00,7.013,2.825,439.91,0,
2026-03-25 19:15:00,7.066,2.87,446.93,0,
2026-03-25 19:30:00,6.913,2.38,440.24,0,
2026-03-25 19:45:00,7.018,3.036,441.05,0,
2026-03-25 20:00:00,7.13,2.938,444.61,0,
2026-03-25 20:15:00,7.133,2.709,444.78,0,
2026-03-25 20:30:00,7.11,2.441,445.59,0,
2026-03-25 20:45:00,7.143,2.81,446.41,0,
2026-03-25 21:00:00,7.117,2.499,446.6,0,
2026-03-25 21:15:00,7.141,2.658,444.86,0,
2026-03-25 21:30:00,7.103,2.36,450.4,0,
2026-03-25 21:45:00,7.131,2.86,446.13,0,
2026-03-25 22:00:00,7.098,2.284,451.25,0,
2026-03-25 22:15:00,7.198,2.484,454.0,0,
2026-03-25 22:30:00,7.215,2.129,446.11,0,
2026-03-25 22:45:00,7.211,2.416,458.77,0,
2026-03-25 23:00:00,7.124,2.333,446.57,0,
2026-03-25 23:15:00,7.099,2.542,446.83,0,
2026-03-25 23:30:00,7.213,2.283,451.98,0,
2026-03-25 23:45:00,7.177,2.494,451.71,0,
2026-03-26 00:00:00,7.166,2.146,450.31,0,
2026-03-26 00:15:00,7.118,2.235,453.31,0,
2026-03-26 00:30:00,7.17,2.217,451.02,0,
2026-03-26 00:45:00,7.093,2.311,458.19,0,
2026-03-26 01:00:00,7.177,2.272,449.58,0,
2026-03-26 01:15:00,7.211,2.308,446.2,0,
2026-03-26 01:30:00,7.22,2.223,447.18,0,
2026-03-26 01:45:00,7.17,2.267,451.0,0,
2026-03-26 02:00:00,7.061,2.019,450.73,0,
2026-03-26 02:15:00,7.135,2.2,449.24,0,
2026-03-26 02:30:00,7.226,2.372,444.61,0,
2026-03-26 02:45:00,7.069,1.869,451.99,0,
2026-03-26 03:00:00,7.103,2.187,454.82,0,
2026-03-26 03:15:00,7.17,2.209,446.66,0,
2026-03-26 03:30:00,7.122,2.323,453.22,0,
2026-03-26 03:45:00,7.207,2.21,448.85,0,
2026-03-26 04:00:00,7.038,2.115,453.64,0,
2026-03-26 04:15:00,7.017,2.165,446.01,0,
2026-03-26 04:30:00,7.119,1.993,444.0,0,
2026-03-26 04:45:00,6.988,2.049,446.14,0,
2026-03-26 05:00:00,7.029,1.913,440.33,0,
2026-03-26 05:15:00,7.026,2.344,442.97,0,
2026-03-26 05:30:00,7.071,2.198,445.94,0,
2026-03-26 05:45:00,7.041,2.004,443.16,0,
2026-03-26 06:00:00,7.023,2.194,439.02,0,
2026-03-26 06:15:00,6.97,2.341,439.21,0,
2026-03-26 06:30:00,7.041,2.332,440.7,0,
2026-03-26 06:45:00,7.172,2.06,439.84,0,
2026-03-26 07:00:00,6.996,1.747,439.23,0,
2026-03-26 07:15:00,6.957,2.296,436.88,0,
2026-03-26 07:30:00,6.878,2.123,431.54,0,
2026-03-26 07:45:00,6.902,2.371,431.51,0,
2026-03-26 08:00:00,6.914,2.443,435.37,0,
2026-03-26 08:15:00,6.89,2.49,436.23,0,
2026-03-26 08:30:00,6.908,2.609,435.12,0,
2026-03-26 08:45:00,6.99,2.557,429.05,0,
2026-03-26 09:00:00,6.956,2.659,430.62,0,
2026-03-26 09:15:00,6.879,2.629,426.04,0,
2026-03-26 09:30:00,6.821,2.668,424.72,0,
2026-03-26 09:45:00,6.942,2.468,430.2,0,
2026-03-26 10:00:00,6.868,2.307,434.94,0,
2026-03-26 10:15:00,6.779,2.899,429.58,0,
2026-03-26 10:30:00,6.897,2.562,436.54,0,
2026-03-26 10:45:00,6.909,2.762,428.02,0,
2026-03-26 11:00:00,6.734,2.521,428.62,0,
2026-03-26 11:15:00,6.812,2.773,424.4,0,
2026-03-26 11:30:00,6.846,2.286,426.89,0,
2026-03-26 11:45:00,6.887,2.615,423.49,0,
2026-03-26 12:00:00,6.824,2.685,422.09,0,
2026-03-26 12:15:00,6.809,2.792,423.65,0,
2026-03-26 12:30:00,6.888,2.904,428.81,0,
2026-03-26 12:45:00,6.829,2.6,425.7,0,
2026-03-26 13:00:00,6.882,2.882,426.87,0,
2026-03-26 13:15:00,6.802,2.985,430.78,0,
2026-03-26 13:30:00,6.794,3.169,423.27,0,
2026-03-26 13:45:00,6.903,2.939,430.16,0,
2026-03-26 14:00:00,6.883,2.777,433.65,0,
2026-03-26 14:15:00,6.921,2.668,434.45,0,
2026-03-26 14:30:00,6.854,3.144,433.29,0,
2026-03-26 14:45:00,6.847,2.989,431.56,0,
2026-03-26 15:00:00,6.962,2.883,429.85,0,
2026-03-26 15:15:00,6.825,2.649,432.64,0,
2026-03-26 15:30:00,6.971,2.757,440.24,0,
2026-03-26 15:45:00,6.983,2.994,435.4,0,
2026-03-26 16:00:00,6.968,2.953,434.59,0,
2026-03-26 16:15:00,6.899,2.607,438.02,0,
2026-03-26 16:30:00,6.902,2.991,436.72,0,
2026-03-26 16:45:00,6.941,2.657,438.21,0,
2026-03-26 17:00:00,6.896,3.089,437.12,0,
2026-03-26 17:15:00,6.923,2.91,437.26,0,
2026-03-26 17:30:00,7.013,2.8,443.72,0,
2026-03-26 17:45:00,7.023,3.007,432.76,0,
2026-03-26 18:00:00,6.948,2.899,443.31,0,
2026-03-26 18:15:00,7.044,3.031,440.32,0,
2026-03-26 18:30:00,7.042,2.829,435.44,0,
2026-03-26 18:45:00,7.105,2.822,439.98,0,
2026-03-26 19:00:00,7.067,2.74,444.55,0,
2026-03-26 19:15:00,7.101,2.803,445.9,0,
2026-03-26 19:30:00,7.081,2.998,449.23,0,
2026-03-26 19:45:00,7.115,2.647,450.27,0,
2026-03-26 20:00:00,7.011,2.797,441.59,0,
2026-03-26 20:15:00,7.077,2.545,450.0,0,
2026-03-26 20:30:00,7.089,2.343,452.09,0,
2026-03-26 20:45:00,7.087,2.66,450.7,0,
2026-03-26 21:00:00,7.128,2.659,452.46,0,
2026-03-26 21:15:00,7.144,2.562,443.3,0,
2026-03-26 21:30:00,7.139,2.328,447.61,0,
2026-03-26 21:45:00,7.116,2.572,457.54,0,
2026-03-26 22:00:00,7.093,2.54,451.42,0,
2026-03-26 22:15:00,7.189,2.341,461.85,1,
2026-03-26 22:30:00,7.156,2.245,448.21,0,
2026-03-26 22:45:00,7.091,2.384,459.91,0,
2026-03-26 23:00:00,7.135,2.494,451.48,0,
2026-03-26 23:15:00,7.06,2.434,457.6,0,
2026-03-26 23:30:00,7.15,2.215,453.15,0,
2026-03-26 23:45:00,7.14,2.344,454.91,0,
2026-03-27 00:00:00,7.121,2.433,456.91,0,
2026-03-27 00:15:00,7.229,2.102,452.09,0,
2026-03-27 00:30:00,7.091,2.266,457.72,0,
2026-03-27 00:45:00,7.182,2.437,453.37,0,
2026-03-27 01:00:00,7.254,2.026,455.01,0,
2026-03-27 01:15:00,7.196,2.373,443.54,0,
2026-03-27 01:30:00,7.137,2.426,452.54,0,
2026-03-27 01:45:00,7.078,2.134,458.67,0,
2026-03-27 02:00:00,7.062,2.102,456.07,0,
2026-03-27 02:15:00,7.104,2.296,456.47,0,
2026-03-27 02:30:00,7.085,2.103,452.73,0,
2026-03-27 02:45:00,7.077,1.768,458.77,0,
2026-03-27 03:00:00,7.09,2.099,452.73,0,
2026-03-27 03:15:00,7.094,2.178,448.41,0,
2026-03-27 03:30:00,7.116,2.214,453.91,0,
2026-03-27 03:45:00,7.021,1.969,453.58,0,
2026-03-27 04:00:00,7.041,2.06,451.79,0,
2026-03-27 04:15:00,7.058,2.247,447.02,0,
2026-03-27 04:30:00,7.048,2.094,449.09,0,
2026-03-27 04:45:00,7.14,1.878,452.85,0,
2026-03-27 05:00:00,7.05,2.299,448.48,0,
2026-03-27 05:15:00,6.949,2.089,439.94,0,
2026-03-27 05:30:00,7.04,2.294,442.61,0,
2026-03-27 05:45:00,7.037,1.932,441.69,0,
2026-03-27 06:00:00,6.994,2.135,440.63,0,
2026-03-27 06:15:00,6.93,2.244,434.47,0,
2026-03-27 06:30:00,7.068,2.17,449.74,0,
2026-03-27 06:45:00,6.917,2.022,437.94,0,
2026-03-27 07:00:00,6.994,1.859,437.52,0,
2026-03-27 07:15:00,6.962,2.465,432.26,0,
2026-03-27 07:30:00,6.973,2.294,442.8,0,
2026-03-27 07:45:00,7.019,2.453,438.31,0,
2026-03-27 08:00:00,6.953,2.439,436.62,0,
2026-03-27 08:15:00,6.889,2.413,436.21,0,
2026-03-27 08:30:00,6.964,2.299,439.16,0,
2026-03-27 08:45:00,6.87,2.445,434.33,0,
2026-03-27 09:00:00,6.902,2.611,427.77,0,
2026-03-27 09:15:00,6.823,2.434,430.07,0,
2026-03-27 09:30:00,6.829,2.733,429.41,0,
2026-03-27 09:45:00,6.878,2.249,435.48,0,
2026-03-27 10:00:00,6.889,2.259,437.73,0,
2026-03-27 10:15:00,6.78,2.674,439.55,0,
2026-03-27 10:30:00,6.886,2.429,426.87,0,
2026-03-27 10:45:00,6.817,2.885,435.66,0,
2026-03-27 11:00:00,6.919,2.804,430.54,0,
2026-03-27 11:15:00,6.835,2.867,444.56,0,
2026-03-27 11:30:00,6.795,2.786,438.32,0,
2026-03-27 11:45:00,6.854,2.539,439.56,0,
2026-03-27 12:00:00,6.804,2.451,435.99,0,
2026-03-27 12:15:00,6.914,2.947,434.38,0,
2026-03-27 12:30:00,6.851,2.519,431.36,0,
2026-03-27 12:45:00,6.845,3.001,430.75,0,
2026-03-27 13:00:00,6.885,2.883,430.17,0,
2026-03-27 13:15:00,6.808,2.789,436.12,0,
2026-03-27 13:30:00,6.797,2.884,440.21,0,
2026-03-27 13:45:00,6.886,2.902,432.91,0,
2026-03-27 14:00:00,6.815,2.816,431.87,0,
2026-03-27 14:15:00,6.82,3.073,429.29,0,
2026-03-27 14:30:00,6.923,3.078,436.7,0,
2026-03-27 14:45:00,6.913,2.902,441.19,0,
2026-03-27 15:00:00,6.831,2.796,441.97,0,
2026-03-27 15:15:00,6.87,3.088,442.99,0,
2026-03-27 15:30:00,6.863,2.593,439.79,0,
2026-03-27 15:45:00,7.005,2.966,439.17,0,
2026-03-27 16:00:00,6.97,3.011,444.66,0,
2026-03-27 16:15:00,6.913,2.775,435.83,0,
2026-03-27 16:30:00,6.971,3.043,439.26,0,
2026-03-27 16:45:00,6.884,2.888,448.65,0,
2026-03-27 17:00:00,6.928,2.805,438.31,0,
2026-03-27 17:15:00,6.976,3.023,443.28,0,
2026-03-27 17:30:00,7.003,2.707,446.77,0,
2026-03-27 17:45:00,6.985,2.989,445.4,0,
2026-03-27 18:00:00,7.012,2.549,450.5,0,
2026-03-27 18:15:00,7.014,2.875,452.84,0,
2026-03-27 18:30:00,7.011,2.824,449.48,0,
2026-03-27 18:45:00,7.014,2.72,453.94,0,
2026-03-27 19:00:00,7.018,2.841,445.48,0,
2026-03-27 19:15:00,7.06,2.752,449.36,0,
2026-03-27 19:30:00,7.078,2.902,460.4,1,
2026-03-27 19:45:00,7.076,2.806,459.31,0,
2026-03-27 20:00:00,7.016,2.768,447.17,0,
2026-03-27 20:15:00,7.033,2.721,452.94,0,
2026-03-27 20:30:00,7.111,2.582,454.22,0,
2026-03-27 20:45:00,7.172,2.583,456.0,0,
2026-03-27 21:00:00,7.114,2.641,460.05,1,
2026-03-27 21:15:00,7.092,2.552,462.89,1,
2026-03-27 21:30:00,7.13,2.719,456.23,0,
2026-03-27 21:45:00,7.068,2.54,461.07,1,
2026-03-27 22:00:00,7.195,2.556,459.64,0,
2026-03-27 22:15:00,7.144,2.263,457.38,0,
2026-03-27 22:30:00,7.105,2.589,451.04,0,
2026-03-27 22:45:00,7.134,2.335,462.23,1,
2026-03-27 23:00:00,7.119,2.24,460.85,1,
2026-03-27 23:15:00,7.213,2.618,460.22,1,
2026-03-27 23:30:00,7.139,2.452,454.91,0,
2026-03-27 23:45:00,7.157,2.47,466.79,1,
2026-03-28 00:00:00,7.179,2.368,459.64,0,
2026-03-28 00:15:00,7.113,2.264,454.48,0,
2026-03-28 00:30:00,7.158,2.215,453.81,0,
2026-03-28 00:45:00,7.161,2.353,461.65,1,
2026-03-28 01:00:00,7.067,2.387,461.64,1,
2026-03-28 01:15:00,7.155,2.189,456.77,0,
2026-03-28 01:30:00,7.136,2.494,460.25,1,
2026-03-28 01:45:00,7.141,2.138,460.79,1,
2026-03-28 02:00:00,7.132,1.944,458.36,0,
2026-03-28 02:15:00,7.138,1.883,454.62,0,
2026-03-28 02:30:00,7.186,1.877,460.86,1,
2026-03-28 02:45:00,7.054,2.059,459.92,0,
2026-03-28 03:00:00,7.089,2.079,458.35,0,
2026-03-28 03:15:00,7.132,2.21,452.22,0,
2026-03-28 03:30:00,7.115,2.099,449.67,0,
2026-03-28 03:45:00,7.106,2.227,454.7,0,
2026-03-28 04:00:00,7.213,2.107,457.5,0,
2026-03-28 04:15:00,7.097,2.103,457.29,0,
2026-03-28 04:30:00,7.114,2.017,454.8,0,
2026-03-28 04:45:00,7.033,2.321,449.98,0,
2026-03-28 05:00:00,6.989,1.884,447.86,0,
2026-03-28 05:15:00,7.014,2.166,450.29,0,
2026-03-28 05:30:00,7.055,2.103,449.6,0,
2026-03-28 05:45:00,7.03,2.259,453.32,0,
2026-03-28 06:00:00,7.02,2.15,446.24,0,
2026-03-28 06:15:00,6.979,2.169,445.83,0,
2026-03-28 06:30:00,6.962,2.143,454.9,0,
2026-03-28 06:45:00,6.962,2.408,452.16,0,
2026-03-28 07:00:00,6.997,2.218,441.71,0,
2026-03-28 07:15:00,6.994,2.532,450.41,0,
2026-03-28 07:30:00,6.892,2.297,439.36,0,
2026-03-28 07:45:00,6.972,2.281,441.44,0,
2026-03-28 08:00:00,6.892,2.278,441.25,0,
2026-03-28 08:15:00,6.94,2.408,441.6,0,
2026-03-28 08:30:00,6.899,2.259,443.8,0,
2026-03-28 08:45:00,6.979,2.393,441.18,0,
2026-03-28 09:00:00,6.873,2.398,442.69,0,
2026-03-28 09:15:00,6.896,2.471,438.13,0,
2026-03-28 09:30:00,6.911,2.5,440.79,0,
2026-03-28 09:45:00,6.832,2.534,439.2,0,
2026-03-28 10:00:00,6.866,2.514,432.96,0,
2026-03-28 10:15:00,6.852,2.762,440.12,0,
2026-03-28 10:30:00,6.836,2.616,438.3,0,
2026-03-28 10:45:00,6.836,2.969,434.83,0,
2026-03-28 11:00:00,6.911,2.611,435.8,0,
2026-03-28 11:15:00,6.823,2.772,435.77,0,
2026-03-28 11:30:00,6.88,2.544,436.31,0,
2026-03-28 11:45:00,6.866,2.887,444.3,0,
2026-03-28 12:00:00,6.78,2.594,445.64,0,
2026-03-28 12:15:00,6.876,2.791,426.45,0,
2026-03-28 12:30:00,6.781,2.704,439.43,0,
2026-03-28 12:45:00,6.884,2.832,441.47,0,
2026-03-28 13:00:00,6.83,2.748,437.01,0,
2026-03-28 13:15:00,6.858,2.682,441.86,0,
2026-03-28 13:30:00,6.797,2.777,445.09,0,
2026-03-28 13:45:00,6.872,3.064,433.36,0,
2026-03-28 14:00:00,6.916,2.917,439.8,0,
2026-03-28 14:15:00,6.835,2.665,447.55,0,
2026-03-28 14:30:00,6.851,3.034,435.28,0,
2026-03-28 14:45:00,6.91,2.745,440.31,0,
2026-03-28 15:00:00,6.918,2.998,439.56,0,
2026-03-28 15:15:00,6.779,2.975,446.19,0,
2026-03-28 15:30:00,7.009,2.989,447.4,0,
2026-03-28 15:45:00,6.943,3.177,443.97,0,
2026-03-28 16:00:00,6.96,2.776,444.16,0,
2026-03-28 16:15:00,6.926,2.991,437.89,0,
2026-03-28 16:30:00,6.85,3.086,451.22,0,
2026-03-28 16:45:00,6.986,2.796,444.9,0,
2026-03-28 17:00:00,6.933,2.775,446.54,0,
2026-03-28 17:15:00,6.998,2.836,451.81,0,
2026-03-28 17:30:00,6.969,2.918,449.54,0,
2026-03-28 17:45:00,7.002,2.647,453.59,0,
2026-03-28 18:00:00,6.961,2.929,452.82,0,
2026-03-28 18:15:00,7.053,2.621,452.05,0,
2026-03-28 18:30:00,6.96,3.011,453.31,0,
2026-03-28 18:45:00,7.142,2.878,448.4,0,
2026-03-28 19:00:00,7.151,3.07,453.1,0,
2026-03-28 19:15:00,7.13,2.864,458.83,0,
2026-03-28 19:30:00,7.121,2.698,451.69,0,
2026-03-28 19:45:00,7.062,2.602,453.18,0,
2026-03-28 20:00:00,7.133,2.736,453.26,0,
2026-03-28 20:15:00,7.079,2.672,458.11,0,
2026-03-28 20:30:00,7.014,2.831,463.79,1,
2026-03-28 20:45:00,7.174,2.489,461.02,1,
2026-03-28 21:00:00,7.163,2.907,450.75,0,
2026-03-28 21:15:00,7.111,2.769,462.63,1,
2026-03-28 21:30:00,7.058,2.522,458.82,0,
2026-03-28 21:45:00,7.095,2.796,463.13,1,
2026-03-28 22:00:00,7.039,2.383,460.95,1,
2026-03-28 22:15:00,7.182,2.505,458.53,0,
2026-03-28 22:30:00,7.058,2.256,462.05,1,
2026-03-28 22:45:00,7.156,2.699,460.9,1,
2026-03-28 23:00:00,7.103,2.149,464.17,1,
2026-03-28 23:15:00,7.076,2.155,459.62,0,
2026-03-28 23:30:00,7.161,2.252,458.84,0,
2026-03-28 23:45:00,7.133,2.521,466.39,1,
2026-03-29 00:00:00,7.192,2.443,467.97,1,
2026-03-29 00:15:00,7.086,2.296,465.87,1,
2026-03-29 00:30:00,7.111,2.409,460.93,1,
2026-03-29 00:45:00,7.028,2.219,460.48,1,
2026-03-29 01:00:00,7.036,2.281,460.58,1,
2026-03-29 01:15:00,7.232,2.447,466.69,1,
2026-03-29 01:30:00,7.243,2.146,459.6,0,
2026-03-29 01:45:00,7.139,2.052,466.16,1,
2026-03-29 02:00:00,7.089,2.224,464.85,1,
2026-03-29 02:15:00,7.11,2.252,466.88,1,
2026-03-29 02:30:00,7.163,2.147,465.77,1,
2026-03-29 02:45:00,7.087,2.272,463.24,1,
2026-03-29 03:00:00,7.118,2.083,454.71,0,
2026-03-29 03:15:00,7.098,2.127,462.5,1,
2026-03-29 03:30:00,7.063,2.16,459.96,0,
2026-03-29 03:45:00,7.057,2.144,457.41,0,
2026-03-29 04:00:00,7.09,2.342,463.73,1,
2026-03-29 04:15:00,7.017,2.156,457.03,0,
2026-03-29 04:30:00,7.08,2.058,454.85,0,
2026-03-29 04:45:00,7.025,2.187,460.78,1,
2026-03-29 05:00:00,7.045,2.265,453.96,0,
2026-03-29 05:15:00,7.098,2.237,452.54,0,
2026-03-29 05:30:00,7.011,2.238,449.62,0,
2026-03-29 05:45:00,7.056,1.917,450.12,0,
2026-03-29 06:00:00,6.91,1.78,449.72,0,
2026-03-29 06:15:00,6.967,2.359,454.41,0,
2026-03-29 06:30:00,6.982,2.248,447.11,0,
2026-03-29 06:45:00,7.067,2.196,443.03,0,
2026-03-29 07:00:00,6.863,2.321,450.95,0,
2026-03-29 07:15:00,6.947,2.525,446.5,0,
2026-03-29 07:30:00,7.015,2.469,448.28,0,
2026-03-29 07:45:00,6.894,2.422,452.81,0,
2026-03-29 08:00:00,6.914,2.167,447.32,0,
2026-03-29 08:15:00,6.933,2.21,452.45,0,
2026-03-29 08:30:00,6.918,1.989,445.55,0,
2026-03-29 08:45:00,6.979,2.466,449.29,0,
2026-03-29 09:00:00,6.916,2.563,442.55,0,
2026-03-29 09:15:00,6.954,2.6,444.68,0,
2026-03-29 09:30:00,6.863,2.549,440.06,0,
2026-03-29 09:45:00,6.838,2.451,440.13,0,
2026-03-29 10:00:00,6.859,2.415,442.12,0,
2026-03-29 10:15:00,6.808,2.402,437.38,0,
2026-03-29 10:30:00,6.886,2.528,443.05,0,
2026-03-29 10:45:00,6.839,2.431,440.98,0,
2026-03-29 11:00:00,6.822,2.867,442.94,0,
2026-03-29 11:15:00,6.878,2.433,436.62,0,
2026-03-29 11:30:00,6.794,2.624,444.6,0,
2026-03-29 11:45:00,6.889,2.386,448.55,0,
2026-03-29 12:00:00,6.826,2.744,447.73,0,
2026-03-29 12:15:00,6.908,2.722,449.47,0,
2026-03-29 12:30:00,6.832,2.69,442.15,0,
2026-03-29 12:45:00,6.884,2.624,440.75,0,
2026-03-29 13:00:00,6.864,2.783,444.33,0,
2026-03-29 13:15:00,6.895,2.719,441.7,0,
2026-03-29 13:30:00,6.867,2.797,436.02,0,
2026-03-29 13:45:00,6.782,3.126,446.63,0,
2026-03-29 14:00:00,6.921,2.872,442.83,0,
2026-03-29 14:15:00,6.871,2.939,438.36,0,
2026-03-29 14:30:00,6.92,2.8,442.7,0,
2026-03-29 14:45:00,6.922,2.761,444.43,0,
2026-03-29 15:00:00,6.855,2.883,445.91,0,
2026-03-29 15:15:00,6.855,3.268,446.58,0,
2026-03-29 15:30:00,6.941,2.853,452.61,0,
2026-03-29 15:45:00,6.902,2.953,442.67,0,
2026-03-29 16:00:00,6.972,2.776,447.93,0,
2026-03-29 16:15:00,6.925,2.486,445.76,0,
2026-03-29 16:30:00,6.994,2.778,455.06,0,
2026-03-29 16:45:00,6.973,3.249,448.57,0,
2026-03-29 17:00:00,6.976,2.976,450.24,0,
2026-03-29 17:15:00,6.952,3.125,456.63,0,
2026-03-29 17:30:00,6.992,2.817,458.55,0,
2026-03-29 17:45:00,7.05,2.505,459.97,0,
2026-03-29 18:00:00,6.997,2.68,448.34,0,
2026-03-29 18:15:00,7.036,2.892,457.67,0,
2026-03-29 18:30:00,7.022,2.853,457.65,0,
2026-03-29 18:45:00,7.035,2.799,457.19,0,
2026-03-29 19:00:00,7.125,2.703,458.47,0,
2026-03-29 19:15:00,7.108,2.905,464.15,1,
2026-03-29 19:30:00,7.061,2.668,463.94,1,
2026-03-29 19:45:00,7.077,2.768,464.13,1,
2026-03-29 20:00:00,7.04,2.729,462.11,1,
2026-03-29 20:15:00,7.075,2.622,471.08,1,
2026-03-29 20:30:00,7.107,2.521,461.08,1,
2026-03-29 20:45:00,7.141,2.564,456.88,0,
2026-03-29 21:00:00,7.144,2.885,462.9,1,
2026-03-29 21:15:00,7.057,2.745,464.77,1,
2026-03-29 21:30:00,7.168,2.705,470.3,1,
2026-03-29 21:45:00,7.12,2.408,463.55,1,
2026-03-29 22:00:00,7.081,2.284,468.02,1,
2026-03-29 22:15:00,7.201,2.638,460.56,1,
2026-03-29 22:30:00,7.212,2.584,471.17,1,
2026-03-29 22:45:00,7.155,2.443,467.44,1,
2026-03-29 23:00:00,7.18,2.341,466.32,1,
2026-03-29 23:15:00,7.185,2.152,476.19,1,
2026-03-29 23:30:00,7.219,2.477,472.12,1,
2026-03-29 23:45:00,7.186,2.501,463.81,1,
2026-03-30 00:00:00,7.084,2.198,467.6,1,
2026-03-30 00:15:00,7.25,2.163,479.0,1,
2026-03-30 00:30:00,7.202,2.443,475.94,1,
2026-03-30 00:45:00,7.122,2.14,471.64,1,
2026-03-30 01:00:00,7.093,2.484,460.43,1,
2026-03-30 01:15:00,7.167,2.183,472.96,1,
2026-03-30 01:30:00,7.125,2.125,464.86,1,
2026-03-30 01:45:00,7.151,2.174,472.42,1,
2026-03-30 02:00:00,7.167,2.096,463.91,1,
2026-03-30 02:15:00,7.096,2.31,468.39,1,
2026-03-30 02:30:00,7.063,2.263,463.47,1,
2026-03-30 02:45:00,7.132,2.284,464.12,1,
2026-03-30 03:00:00,7.079,2.141,467.57,1,
2026-03-30 03:15:00,7.106,2.039,459.28,0,
2026-03-30 03:30:00,7.024,2.102,473.49,1,
2026-03-30 03:45:00,7.071,2.037,459.3,0,
2026-03-30 04:00:00,7.111,2.32,458.46,0,
2026-03-30 04:15:00,7.097,2.251,464.64,1,
2026-03-30 04:30:00,7.018,2.09,466.64,1,
2026-03-30 04:45:00,6.99,1.969,459.49,0,
2026-03-30 05:00:00,7.04,2.345,455.8,0,
2026-03-30 05:15:00,7.057,2.142,455.67,0,
2026-03-30 05:30:00,7.04,2.111,454.52,0,
2026-03-30 05:45:00,6.984,2.374,459.13,0,
2026-03-30 06:00:00,7.015,2.077,456.88,0,
2026-03-30 06:15:00,7.065,2.12,458.13,0,
2026-03-30 06:30:00,6.991,2.148,457.15,0,
2026-03-30 06:45:00,6.889,2.002,458.26,0,
2026-03-30 07:00:00,6.971,2.265,452.61,0,
2026-03-30 07:15:00,7.054,2.122,450.59,0,
2026-03-30 07:30:00,6.878,2.171,453.48,0,
2026-03-30 07:45:00,6.935,2.172,451.96,0,
2026-03-30 08:00:00,6.914,2.212,452.55,0,
2026-03-30 08:15:00,6.921,2.197,448.07,0,
2026-03-30 08:30:00,6.918,2.384,452.9,0,
2026-03-30 08:45:00,6.958,2.348,445.05,0,
2026-03-30 09:00:00,6.898,2.404,447.48,0,
2026-03-30 09:15:00,6.951,2.775,453.27,0,
2026-03-30 09:30:00,6.875,2.424,443.78,0,
2026-03-30 09:45:00,6.858,2.565,452.09,0,
2026-03-30 10:00:00,6.837,2.608,441.89,0,
2026-03-30 10:15:00,6.775,2.517,440.86,0,
2026-03-30 10:30:00,6.875,2.593,440.95,0,
2026-03-30 10:45:00,6.961,2.581,447.16,0,
2026-03-30 11:00:00,6.878,2.634,449.43,0,
2026-03-30 11:15:00,6.887,2.541,451.55,0,
2026-03-30 11:30:00,6.831,2.579,451.15,0,
2026-03-30 11:45:00,6.838,2.679,449.72,0,
2026-03-30 12:00:00,6.899,2.404,442.96,0,
2026-03-30 12:15:00,6.951,2.947,443.0,0,
2026-03-30 12:30:00,6.926,3.068,449.64,0,
2026-03-30 12:45:00,6.893,2.789,452.35,0,
2026-03-30 13:00:00,6.857,2.883,442.76,0,
2026-03-30 13:15:00,6.868,2.963,452.34,0,
2026-03-30 13:30:00,6.824,2.619,439.8,0,
2026-03-30 13:45:00,6.793,2.972,449.42,0,
2026-03-30 14:00:00,6.814,2.782,447.86,0,
2026-03-30 14:15:00,6.878,3.202,447.92,0,
2026-03-30 14:30:00,6.866,2.841,449.36,0,
2026-03-30 14:45:00,6.814,3.015,446.37,0,
2026-03-30 15:00:00,6.892,2.86,452.15,0,
2026-03-30 15:15:00,6.885,3.222,451.23,0,
2026-03-30 15:30:00,6.85,2.82,455.38,0,
2026-03-30 15:45:00,6.898,3.074,458.69,0,
2026-03-30 16:00:00,6.909,2.994,453.55,0,
2026-03-30 16:15:00,6.903,2.96,450.51,0,
2026-03-30 16:30:00,6.989,2.931,449.99,0,
2026-03-30 16:45:00,6.857,2.792,462.12,1,
2026-03-30 17:00:00,6.862,2.498,462.4,1,
2026-03-30 17:15:00,6.971,3.04,460.48,1,
2026-03-30 17:30:00,6.985,2.796,458.0,0,
2026-03-30 17:45:00,7.01,3.034,461.84,1,
2026-03-30 18:00:00,6.973,2.899,464.63,1,
2026-03-30 18:15:00,6.964,3.013,457.78,0,
2026-03-30 18:30:00,7.019,2.938,461.2,1,
2026-03-30 18:45:00,7.007,2.431,457.47,0,
2026-03-30 19:00:00,7.116,2.875,462.19,1,
2026-03-30 19:15:00,7.032,2.712,469.69,1,
2026-03-30 19:30:00,7.055,2.918,468.6,1,
2026-03-30 19:45:00,7.19,2.811,465.59,1,
2026-03-30 20:00:00,7.065,2.79,455.02,0,
2026-03-30 20:15:00,7.111,2.636,463.88,1,
2026-03-30 20:30:00,7.124,2.516,467.6,1,
2026-03-30 20:45:00,7.135,2.564,466.98,1,
2026-03-30 21:00:00,7.121,2.334,468.6,1,
2026-03-30 21:15:00,7.122,2.489,470.02,1,
2026-03-30 21:30:00,7.124,2.333,467.46,1,
2026-03-30 21:45:00,7.096,2.311,470.07,1,
2026-03-30 22:00:00,7.146,2.517,469.96,1,
2026-03-30 22:15:00,7.236,2.554,468.16,1,
2026-03-30 22:30:00,7.199,2.443,478.73,1,
2026-03-30 22:45:00,7.157,2.347,469.76,1,
2026-03-30 23:00:00,7.188,2.254,462.93,1,
2026-03-30 23:15:00,7.104,2.324,479.3,1,
2026-03-30 23:30:00,7.136,2.224,468.96,1,
2026-03-30 23:45:00,7.197,2.314,476.07,1,
2026-03-31 00:00:00,7.224,2.072,469.82,1,
2026-03-31 00:15:00,7.111,2.383,474.84,1,
2026-03-31 00:30:00,7.125,2.171,472.34,1,
2026-03-31 00:45:00,7.256,2.293,476.45,1,
2026-03-31 01:00:00,7.15,2.35,471.47,1,
2026-03-31 01:15:00,7.233,2.248,469.52,1,
2026-03-31 01:30:00,7.149,2.303,472.94,1,
2026-03-31 01:45:00,7.147,1.857,470.1,1,
2026-03-31 02:00:00,7.115,2.08,463.59,1,
2026-03-31 02:15:00,7.172,2.307,468.54,1,
2026-03-31 02:30:00,7.187,2.207,482.01,1,
2026-03-31 02:45:00,7.061,2.398,462.79,1,
2026-03-31 03:00:00,7.088,2.369,470.55,1,
2026-03-31 03:15:00,7.145,2.153,468.09,1,
2026-03-31 03:30:00,7.085,2.066,475.85,1,
2026-03-31 03:45:00,7.059,1.957,463.47,1,
2026-03-31 04:00:00,7.125,2.029,467.7,1,
2026-03-31 04:15:00,7.122,2.04,469.39,1,
2026-03-31 04:30:00,7.035,2.014,465.26,1,
2026-03-31 04:45:00,7.059,1.97,462.22,1,
2026-03-31 05:00:00,6.978,2.174,464.5,1,
2026-03-31 05:15:00,6.984,2.376,462.63,1,
2026-03-31 05:30:00,7.026,2.27,461.89,1,
2026-03-31 05:45:00,7.011,2.093,466.13,1,
2026-03-31 06:00:00,6.952,2.306,463.28,1,
2026-03-31 06:15:00,6.954,2.219,463.14,1,
2026-03-31 06:30:00,6.927,2.177,461.52,1,
2026-03-31 06:45:00,6.993,2.184,463.31,1,
2026-03-31 07:00:00,6.863,2.187,463.97,1,
2026-03-31 07:15:00,6.901,2.334,456.9,0,
2026-03-31 07:30:00,6.849,2.277,460.64,1,
2026-03-31 07:45:00,6.955,2.169,451.5,0,
2026-03-31 08:00:00,6.835,2.183,447.03,0,
2026-03-31 08:15:00,6.918,2.369,462.73,1,
2026-03-31 08:30:00,6.991,2.411,453.5,0,
2026-03-31 08:45:00,6.985,2.324,455.28,0,
2026-03-31 09:00:00,6.804,2.227,448.85,0,
2026-03-31 09:15:00,6.902,2.61,448.17,0,
2026-03-31 09:30:00,6.832,2.604,449.95,0,
2026-03-31 09:45:00,6.816,2.176,454.97,0,
2026-03-31 10:00:00,6.864,2.701,449.96,0,
2026-03-31 10:15:00,6.927,2.495,450.36,0,
2026-03-31 10:30:00,6.891,2.581,448.45,0,
2026-03-31 10:45:00,6.822,2.749,455.86,0,
2026-03-31 11:00:00,6.89,2.851,454.49,0,
2026-03-31 11:15:00,6.741,2.779,448.95,0,
2026-03-31 11:30:00,6.814,2.689,453.54,0,
2026-03-31 11:45:00,6.809,2.471,449.79,0,
2026-03-31 12:00:00,6.854,2.396,449.44,0,
2026-03-31 12:15:00,6.84,2.854,450.67,0,
2026-03-31 12:30:00,6.844,2.945,453.56,0,
2026-03-31 12:45:00,6.844,2.642,447.6,0,
2026-03-31 13:00:00,6.856,2.742,453.4,0,
2026-03-31 13:15:00,6.885,2.717,461.66,1,
2026-03-31 13:30:00,6.869,2.73,452.72,0,
2026-03-31 13:45:00,6.851,2.994,452.5,0,
2026-03-31 14:00:00,6.89,2.879,452.44,0,
2026-03-31 14:15:00,6.917,2.824,455.15,0,
2026-03-31 14:30:00,6.853,3.268,447.3,0,
2026-03-31 14:45:00,6.884,2.664,461.09,1,
2026-03-31 15:00:00,6.952,2.969,458.8,0,
2026-03-31 15:15:00,6.846,2.735,452.91,0,
2026-03-31 15:30:00,6.999,2.873,456.27,0,
2026-03-31 15:45:00,6.85,2.921,454.6,0,
2026-03-31 16:00:00,6.908,3.027,458.74,0,
2026-03-31 16:15:00,6.886,2.86,458.53,0,
2026-03-31 16:30:00,7.052,2.842,459.96,0,
2026-03-31 16:45:00,6.927,2.85,455.72,0,
2026-03-31 17:00:00,6.936,2.724,458.7,0,
2026-03-31 17:15:00,6.952,2.974,466.02,1,
2026-03-31 17:30:00,6.985,2.912,460.13,1,
2026-03-31 17:45:00,6.974,2.924,452.52,0,
2026-03-31 18:00:00,6.993,2.836,463.32,1,
2026-03-31 18:15:00,6.833,2.804,474.4,1,
2026-03-31 18:30:00,7.022,2.994,468.98,1,
2026-03-31 18:45:00,7.03,2.954,464.07,1,
2026-03-31 19:00:00,7.091,2.995,467.01,1,
2026-03-31 19:15:00,7.114,2.82,470.73,1,
2026-03-31 19:30:00,7.048,2.946,461.77,1,
2026-03-31 19:45:00,7.107,2.66,466.13,1,
2026-03-31 20:00:00,7.02,2.67,471.89,1,
2026-03-31 20:15:00,7.122,2.856,477.39,1,
2026-03-31 20:30:00,7.063,2.78,469.94,1,
2026-03-31 20:45:00,7.04,2.585,478.62,1,
2026-03-31 21:00:00,7.097,2.447,469.95,1,
2026-03-31 21:15:00,7.183,2.547,460.01,1,
2026-03-31 21:30:00,7.128,2.449,477.07,1,
2026-03-31 21:45:00,7.2,2.785,476.76,1,
2026-03-31 22:00:00,7.092,2.614,478.01,1,
2026-03-31 22:15:00,7.187,2.359,478.27,1,
2026-03-31 22:30:00,7.106,2.291,476.62,1,
2026-03-31 22:45:00,7.153,2.305,475.14,1,
2026-03-31 23:00:00,7.156,2.313,475.57,1,
2026-03-31 23:15:00,7.18,2.346,474.83,1,
2026-03-31 23:30:00,7.161,2.514,475.25,1,
2026-03-31 23:45:00,7.113,2.178,469.73,1,
