timestamp,pH,turbidity_NTU,CO2_ppm,alarm_flag,maintenance_log,zscore_flag_pH,zscore_flag_turbidity_NTU,zscore_flag_CO2_ppm,zscore_pH,zscore_turbidity_NTU,zscore_CO2_ppm,iqr_flag_pH,iqr_flag_turbidity_NTU,iqr_flag_CO2_ppm,zscore_flag_any,iqr_flag_any,ground_truth_event
2026-01-01 00:00:00,7.165,2.432,441.16,0,,0,0,0,,,,0,0,0,0,0,0
2026-01-01 00:15:00,7.098,2.538,428.2,0,,0,0,0,,,,0,0,0,0,0,0
2026-01-01 00:30:00,7.186,2.169,426.26,0,,0,0,0,,,,0,0,0,0,0,0
2026-01-01 00:45:00,7.194,1.961,438.52,0,,0,0,0,,,,0,0,0,0,0,0
2026-01-01 01:00:00,7.047,2.292,436.88,0,,0,0,0,,,,0,0,0,0,0,0
2026-01-01 01:15:00,7.077,2.15,430.63,0,,0,0,0,,,,0,0,0,0,0,0
2026-01-01 01:30:00,7.145,2.163,432.61,0,,0,0,0,,,,0,0,0,0,0,0
2026-01-01 01:45:00,7.119,2.251,432.39,0,,0,0,0,,,,0,0,0,0,0,0
2026-01-01 02:00:00,7.129,2.085,430.94,0,,0,0,0,,,,0,0,0,0,0,0
2026-01-01 02:15:00,7.082,2.101,424.79,0,,0,0,0,,,,0,0,0,0,0,0
2026-01-01 02:30:00,7.163,2.115,419.59,0,,0,0,0,,,,0,0,0,0,0,0
2026-01-01 02:45:00,7.152,2.342,425.64,0,,0,0,0,,,,0,0,0,0,0,0
2026-01-01 03:00:00,7.109,2.118,435.75,0,,0,0,0,,,,0,0,0,0,0,0
2026-01-01 03:15:00,7.155,1.922,435.33,0,,0,0,0,,,,0,0,0,0,0,0
2026-01-01 03:30:00,7.115,1.924,426.26,0,,0,0,0,,,,0,0,0,0,0,0
2026-01-01 03:45:00,7.04,2.122,422.83,0,,0,0,0,,,,0,0,0,0,0,0
2026-01-01 04:00:00,7.093,1.931,427.11,0,,0,0,0,,,,0,0,0,0,0,0
2026-01-01 04:15:00,7.018,1.867,427.06,0,,0,0,0,,,,0,0,0,0,0,0
2026-01-01 04:30:00,7.101,2.199,427.0,0,,0,0,0,,,,0,0,0,0,0,0
2026-01-01 04:45:00,7.046,2.21,413.75,0,,0,0,0,,,,0,0,0,0,0,0
2026-01-01 05:00:00,7.03,2.058,435.74,0,,0,0,0,,,,0,0,0,0,0,0
2026-01-01 05:15:00,6.995,2.165,426.87,0,,0,0,0,,,,0,0,0,0,0,0
2026-01-01 05:30:00,7.081,2.159,420.77,0,,0,0,0,,,,0,0,0,0,0,0
2026-01-01 05:45:00,7.002,2.232,417.91,0,,0,0,0,,,,0,0,0,0,0,0
2026-01-01 06:00:00,6.979,2.244,423.95,0,,0,0,0,,,,0,0,0,0,0,0
2026-01-01 06:15:00,6.973,1.777,421.2,0,,0,0,0,,,,0,0,0,0,0,0
2026-01-01 06:30:00,7.007,2.147,418.8,0,,0,0,0,,,,0,0,0,0,0,0
2026-01-01 06:45:00,6.989,2.277,419.49,0,,0,0,0,,,,0,0,0,0,0,0
2026-01-01 07:00:00,6.982,2.156,416.44,0,,0,0,0,,,,0,0,0,0,0,0
2026-01-01 07:15:00,6.973,2.242,417.75,0,,0,0,0,,,,0,0,0,0,0,0
2026-01-01 07:30:00,7.05,2.369,418.31,0,,0,0,0,,,,0,0,0,0,0,0
2026-01-01 07:45:00,6.913,2.29,416.07,0,,0,0,0,,,,0,0,0,0,0,0
2026-01-01 08:00:00,6.899,2.526,415.16,0,,0,0,0,,,,0,0,0,0,0,0
2026-01-01 08:15:00,6.876,2.492,418.9,0,,0,0,0,,,,0,0,0,0,0,0
2026-01-01 08:30:00,6.939,2.329,406.31,0,,0,0,0,,,,0,0,0,0,0,0
2026-01-01 08:45:00,6.958,2.342,408.9,0,,0,0,0,,,,0,0,0,0,0,0
2026-01-01 09:00:00,6.888,1.969,411.62,0,,0,0,0,,,,0,0,0,0,0,0
2026-01-01 09:15:00,6.845,2.373,408.06,0,,0,0,0,,,,0,0,0,0,0,0
2026-01-01 09:30:00,6.84,2.245,408.9,0,,0,0,0,,,,0,0,0,0,0,0
2026-01-01 09:45:00,6.908,2.507,415.17,0,,0,0,0,,,,0,0,0,0,0,0
2026-01-01 10:00:00,6.907,2.523,409.01,0,,0,0,0,,,,0,0,0,0,0,0
2026-01-01 10:15:00,6.893,2.631,401.92,0,,0,0,0,,,,0,0,0,0,0,0
2026-01-01 10:30:00,6.828,2.762,407.22,0,,0,0,0,,,,0,0,0,0,0,0
2026-01-01 10:45:00,6.87,2.574,408.87,0,,0,0,0,,,,0,0,0,0,0,0
2026-01-01 11:00:00,6.861,2.946,408.57,0,,0,0,0,,,,0,0,0,0,0,0
2026-01-01 11:15:00,6.864,2.663,410.45,0,,0,0,0,,,,0,0,0,0,0,0
2026-01-01 11:30:00,6.895,2.457,410.0,0,,0,0,0,,,,0,0,0,0,0,0
2026-01-01 11:45:00,6.862,2.593,407.47,0,,0,0,0,-1.34,1.3232,-1.3149,0,0,0,0,0,0
2026-01-01 12:00:00,6.884,2.644,403.23,0,,0,0,0,-1.1105,1.4807,-1.668,0,0,0,0,0,0
2026-01-01 12:15:00,6.854,2.811,406.26,0,,0,0,0,-1.347,2.0392,-1.3334,0,0,0,0,0,0
2026-01-01 12:30:00,6.866,2.601,405.61,0,,0,0,0,-1.2072,1.1911,-1.3566,0,0,0,0,0,0
2026-01-01 12:45:00,6.884,2.719,407.09,0,,0,0,0,-1.0229,1.5915,-1.1861,0,0,0,0,0,0
2026-01-01 13:00:00,6.782,2.759,411.17,0,,0,0,0,-1.8637,1.6796,-0.7844,0,0,0,0,0,0
2026-01-01 13:15:00,6.842,2.734,410.25,0,,0,0,0,-1.2991,1.5354,-0.8585,0,0,0,0,0,0
2026-01-01 13:30:00,6.838,2.939,412.21,0,,0,0,0,-1.301,2.1695,-0.6614,0,0,0,0,0,0
2026-01-01 13:45:00,6.834,2.929,407.7,0,,0,0,0,-1.3032,2.0326,-1.0755,0,0,0,0,0,0
2026-01-01 14:00:00,6.856,3.021,415.64,0,,0,0,0,-1.0909,2.223,-0.3072,0,0,0,0,0,0
2026-01-01 14:15:00,6.95,2.809,412.71,0,,0,0,0,-0.2753,1.4755,-0.5851,0,0,0,0,0,0
2026-01-01 14:30:00,6.838,3.05,410.93,0,,0,0,0,-1.2251,2.1557,-0.7491,0,0,0,0,0,0
2026-01-01 14:45:00,6.936,2.674,413.39,0,,0,0,0,-0.3709,0.9447,-0.5024,0,0,0,0,0,0
2026-01-01 15:00:00,6.81,2.678,408.81,0,,0,0,0,-1.435,0.9425,-0.9398,0,0,0,0,0,0
2026-01-01 15:15:00,6.884,2.71,403.65,0,,0,0,0,-0.7836,1.027,-1.414,0,0,0,0,0,0
2026-01-01 15:30:00,6.917,2.898,410.27,0,,0,0,0,-0.492,1.5794,-0.7559,0,0,0,0,0,0
2026-01-01 15:45:00,6.946,3.08,416.32,0,,0,0,0,-0.2365,2.0604,-0.1599,0,0,0,0,0,0
2026-01-01 16:00:00,6.961,2.81,414.32,0,,0,0,0,-0.1035,1.2111,-0.355,0,0,0,0,0,0
2026-01-01 16:15:00,6.973,2.828,414.15,0,,0,0,0,0.003,1.2412,-0.3687,0,0,0,0,0,0
2026-01-01 16:30:00,6.925,2.864,412.02,0,,0,0,0,-0.4228,1.3223,-0.5769,0,0,0,0,0,0
2026-01-01 16:45:00,6.929,2.978,408.32,0,,0,0,0,-0.3835,1.6206,-0.9371,0,0,0,0,0,0
2026-01-01 17:00:00,7.004,2.815,422.59,0,,0,0,0,0.2938,1.1168,0.4999,0,0,0,0,0,0
2026-01-01 17:15:00,6.961,2.799,416.83,0,,0,0,0,-0.0978,1.053,-0.0846,0,0,0,0,0,0
2026-01-01 17:30:00,6.917,2.668,416.72,0,,0,0,0,-0.4977,0.6576,-0.0952,0,0,0,0,0,0
2026-01-01 17:45:00,6.934,2.773,416.53,0,,0,0,0,-0.3381,0.9574,-0.114,0,0,0,0,0,0
2026-01-01 18:00:00,6.954,3.023,425.02,0,,0,0,0,-0.1511,1.6581,0.7588,0,0,0,0,0,0
2026-01-01 18:15:00,7.035,2.846,424.31,0,,0,0,0,0.6016,1.1197,0.6781,0,0,0,0,0,0
2026-01-01 18:30:00,7.027,2.706,417.7,0,,0,0,0,0.5219,0.7013,-0.0123,0,0,0,0,0,0
2026-01-01 18:45:00,7.064,2.986,427.0,0,,0,0,0,0.8615,1.4937,0.9536,0,0,0,0,0,0
2026-01-01 19:00:00,7.017,2.695,422.53,0,,0,0,0,0.4135,0.6374,0.4794,0,0,0,0,0,0
2026-01-01 19:15:00,7.056,2.977,421.42,0,,0,0,0,0.7766,1.4356,0.3594,0,0,0,0,0,0
2026-01-01 19:30:00,7.089,2.954,423.42,0,,0,0,0,1.0764,1.344,0.5674,0,0,0,0,0,0
2026-01-01 19:45:00,7.051,2.731,422.17,0,,0,0,0,0.7076,0.6915,0.4306,0,0,0,0,0,0
2026-01-01 20:00:00,7.098,2.475,420.72,0,,0,0,0,1.1403,-0.0523,0.2731,0,0,0,0,0,0
2026-01-01 20:15:00,7.05,3.02,429.77,0,,0,0,0,0.6763,1.5105,1.2313,0,0,0,0,0,0
2026-01-01 20:30:00,7.073,2.711,426.42,0,,0,0,0,0.8868,0.609,0.8615,0,0,0,0,0,0
2026-01-01 20:45:00,7.08,2.58,430.38,0,,0,0,0,0.9431,0.2261,1.2682,0,0,0,0,0,0
2026-01-01 21:00:00,7.046,2.747,429.63,0,,0,0,0,0.612,0.7089,1.1709,0,0,0,0,0,0
2026-01-01 21:15:00,7.137,2.683,431.22,0,,0,0,0,1.4605,0.5171,1.3197,0,0,0,0,0,0
2026-01-01 21:30:00,7.096,2.749,421.34,0,,0,0,0,1.0555,0.7057,0.2642,0,0,0,0,0,0
2026-01-01 21:45:00,7.125,2.427,426.51,0,,0,0,0,1.3117,-0.2456,0.8109,0,0,0,0,0,0
2026-01-01 22:00:00,7.154,2.548,432.67,0,,0,0,0,1.5566,0.1137,1.447,0,0,0,0,0,0
2026-01-01 22:15:00,7.157,2.296,425.66,0,,0,0,0,1.5543,-0.6352,0.6928,0,0,0,0,0,0
2026-01-01 22:30:00,7.172,2.548,432.58,0,,0,0,0,1.6592,0.1206,1.4099,0,0,0,0,0,0
2026-01-01 22:45:00,7.137,2.419,425.8,0,,0,0,0,1.315,-0.2673,0.6826,0,0,0,0,0,0
2026-01-01 23:00:00,7.124,2.439,431.66,0,,0,0,0,1.1797,-0.2054,1.2894,0,0,0,0,0,0
2026-01-01 23:15:00,7.143,2.349,438.21,0,,0,0,0,1.3342,-0.4768,1.9351,0,0,0,0,0,0
2026-01-01 23:30:00,7.064,2.309,435.0,0,,0,0,0,0.6062,-0.595,1.5693,0,0,0,0,0,0
2026-01-01 23:45:00,7.077,2.193,424.57,0,,0,0,0,0.7199,-0.9421,0.4823,0,0,0,0,0,0
2026-01-02 00:00:00,7.084,2.419,435.39,0,,0,0,0,0.7995,-0.2468,1.6376,0,0,0,0,0,0
2026-01-02 00:15:00,7.1,2.501,439.26,0,,0,0,0,0.948,0.0065,1.9987,0,0,0,0,0,0
2026-01-02 00:30:00,7.169,2.173,443.09,0,,0,0,0,1.5956,-1.0023,2.3145,0,0,0,0,0,0
2026-01-02 00:45:00,7.102,2.319,433.67,0,,0,0,0,0.9925,-0.5722,1.3795,0,0,0,0,0,0
2026-01-02 01:00:00,7.126,2.282,426.13,0,,0,0,0,1.2035,-0.687,0.6314,0,0,0,0,0,0
2026-01-02 01:15:00,7.207,2.2,433.1,0,,0,0,0,1.9179,-0.9456,1.3441,0,0,0,0,0,0
2026-01-02 01:30:00,7.121,1.954,437.47,0,,0,0,0,1.1301,-1.6904,1.7743,0,0,0,0,0,0
2026-01-02 01:45:00,7.171,1.972,430.01,0,,0,0,0,1.577,-1.6083,1.0181,0,0,0,0,0,0
2026-01-02 02:00:00,7.083,2.036,434.56,0,,0,0,0,0.7761,-1.4081,1.4727,0,0,0,0,0,0
2026-01-02 02:15:00,7.114,1.82,426.62,0,,0,0,0,1.0562,-2.0286,0.6611,0,0,0,0,0,0
2026-01-02 02:30:00,7.072,2.342,431.01,0,,0,0,0,0.685,-0.4686,1.0889,0,0,0,0,0,0
2026-01-02 02:45:00,7.096,2.176,419.06,0,,0,0,0,0.9194,-0.9618,-0.1128,0,0,0,0,0,0
2026-01-02 03:00:00,7.148,2.109,424.68,0,,0,0,0,1.3954,-1.1631,0.4738,0,0,0,0,0,0
2026-01-02 03:15:00,7.013,1.779,427.89,0,,0,0,0,0.1541,-2.134,0.8187,0,0,0,0,0,0
2026-01-02 03:30:00,7.113,1.83,425.85,0,,0,0,0,1.0961,-1.9681,0.6081,0,0,0,0,0,0
2026-01-02 03:45:00,7.095,2.101,421.46,0,,0,0,0,0.9179,-1.1617,0.1551,0,0,0,0,0,0
2026-01-02 04:00:00,7.045,2.396,424.0,0,,0,0,0,0.4548,-0.3049,0.4224,0,0,0,0,0,0
2026-01-02 04:15:00,6.994,1.996,426.63,0,,0,0,0,-0.023,-1.5241,0.696,0,0,0,0,0,0
2026-01-02 04:30:00,7.061,2.233,424.25,0,,0,0,0,0.6138,-0.8072,0.4527,0,0,0,0,0,0
2026-01-02 04:45:00,7.022,2.036,424.1,0,,0,0,0,0.248,-1.3909,0.4264,0,0,0,0,0,0
2026-01-02 05:00:00,7.05,2.122,426.03,0,,0,0,0,0.5103,-1.1364,0.6458,0,0,0,0,0,0
2026-01-02 05:15:00,7.03,2.303,420.97,0,,0,0,0,0.3178,-0.5955,0.1192,0,0,0,0,0,0
2026-01-02 05:30:00,7.1,2.079,427.0,0,,0,0,0,0.9752,-1.269,0.7476,0,0,0,0,0,0
2026-01-02 05:45:00,6.998,2.038,416.83,0,,0,0,0,0.0141,-1.3776,-0.3231,0,0,0,0,0,0
2026-01-02 06:00:00,6.949,2.366,427.71,0,,0,0,0,-0.4444,-0.3965,0.8171,0,0,0,0,0,0
2026-01-02 06:15:00,6.999,2.174,423.67,0,,0,0,0,0.0239,-1.0075,0.3895,0,0,0,0,0,0
2026-01-02 06:30:00,6.991,2.346,417.01,0,,0,0,0,-0.0498,-0.4877,-0.3078,0,0,0,0,0,0
2026-01-02 06:45:00,7.039,2.096,416.5,0,,0,0,0,0.3971,-1.2471,-0.3579,0,0,0,0,0,0
2026-01-02 07:00:00,7.003,2.428,417.72,0,,0,0,0,0.0562,-0.2373,-0.2314,0,0,0,0,0,0
2026-01-02 07:15:00,6.97,2.277,418.54,0,,0,0,0,-0.2541,-0.7056,-0.1462,0,0,0,0,0,0
2026-01-02 07:30:00,7.016,2.322,419.79,0,,0,0,0,0.1824,-0.5645,-0.0166,0,0,0,0,0,0
2026-01-02 07:45:00,6.874,2.298,409.33,0,,0,0,0,-1.1476,-0.639,-1.1012,0,0,0,0,0,0
2026-01-02 08:00:00,6.893,2.224,415.75,0,,0,0,0,-0.9681,-0.8546,-0.4317,0,0,0,0,0,0
2026-01-02 08:15:00,6.87,2.323,404.87,0,,0,0,0,-1.1825,-0.5436,-1.5332,0,0,0,0,0,0
2026-01-02 08:30:00,6.889,2.281,411.99,0,,0,0,0,-0.9957,-0.6705,-0.8106,0,0,0,0,0,0
2026-01-02 08:45:00,6.832,2.515,417.9,0,,0,0,0,-1.4987,0.0426,-0.2081,0,0,0,0,0,0
2026-01-02 09:00:00,6.926,2.366,405.84,0,,0,0,0,-0.6361,-0.4341,-1.4515,0,0,0,0,0,0
2026-01-02 09:15:00,6.876,2.197,404.58,0,,0,0,0,-1.1064,-0.9513,-1.5702,0,0,0,0,0,0
2026-01-02 09:30:00,6.807,2.196,411.36,0,,0,0,0,-1.7359,-0.9514,-0.8754,0,0,0,0,0,0
2026-01-02 09:45:00,6.825,2.215,415.57,0,,0,0,0,-1.5467,-0.8795,-0.4403,0,0,0,0,0,0
2026-01-02 10:00:00,6.886,2.593,410.91,0,,0,0,0,-0.9839,0.285,-0.9266,0,0,0,0,0,0
2026-01-02 10:15:00,6.907,2.353,401.62,0,,0,0,0,-0.7941,-0.4465,-1.8887,0,0,0,0,0,0
2026-01-02 10:30:00,6.961,2.597,402.18,0,,0,0,0,-0.316,0.3125,-1.8097,0,0,0,0,0,0
2026-01-02 10:45:00,7.004,2.599,409.03,0,,0,0,0,0.07,0.3178,-1.1061,0,0,0,0,0,0
2026-01-02 11:00:00,6.876,2.594,403.69,0,,0,0,0,-1.1281,0.3168,-1.6377,0,0,0,0,0,0
2026-01-02 11:15:00,6.803,2.694,408.78,0,,0,0,0,-1.7884,0.6278,-1.1145,0,0,0,0,0,0
2026-01-02 11:30:00,6.745,2.677,408.89,0,,0,0,0,-2.2583,0.5666,-1.1007,0,0,0,0,0,0
2026-01-02 11:45:00,6.864,2.27,406.07,0,,0,0,0,-1.1815,-0.6902,-1.3834,0,0,0,0,0,0
2026-01-02 12:00:00,6.809,2.651,415.26,0,,0,0,0,-1.6567,0.4948,-0.4696,0,0,0,0,0,0
2026-01-02 12:15:00,6.83,2.786,410.39,0,,0,0,0,-1.4616,0.9163,-0.9806,0,0,0,0,0,0
2026-01-02 12:30:00,6.821,2.99,412.95,0,,0,0,0,-1.5292,1.5206,-0.73,0,0,0,0,0,0
2026-01-02 12:45:00,6.846,3.017,411.91,0,,0,0,0,-1.2982,1.5769,-0.8487,0,0,0,0,0,0
2026-01-02 13:00:00,6.908,2.578,407.81,0,,0,0,0,-0.7727,0.2474,-1.2705,0,0,0,0,0,0
2026-01-02 13:15:00,6.866,2.748,407.86,0,,0,0,0,-1.1561,0.7656,-1.2589,0,0,0,0,0,0
2026-01-02 13:30:00,6.853,2.582,407.72,0,,0,0,0,-1.2773,0.273,-1.2622,0,0,0,0,0,0
2026-01-02 13:45:00,6.814,3.061,411.96,0,,0,0,0,-1.6232,1.7327,-0.8309,0,0,0,0,0,0
2026-01-02 14:00:00,6.786,2.998,407.01,0,,0,0,0,-1.8499,1.5424,-1.3265,0,0,0,0,0,0
2026-01-02 14:15:00,6.851,2.911,416.92,0,,0,0,0,-1.2513,1.268,-0.307,0,0,0,0,0,0
2026-01-02 14:30:00,6.878,2.894,407.5,0,,0,0,0,-1.0205,1.2301,-1.2745,0,0,0,0,0,0
2026-01-02 14:45:00,6.976,3.086,411.84,0,,0,0,0,-0.1529,1.7795,-0.8238,0,0,0,0,0,0
2026-01-02 15:00:00,6.9,3.068,410.6,0,,0,0,0,-0.8468,1.6891,-0.9555,0,0,0,0,0,0
2026-01-02 15:15:00,6.95,3.066,410.28,0,,0,0,0,-0.4048,1.6511,-1.0054,0,0,0,0,0,0
2026-01-02 15:30:00,6.884,2.965,421.38,0,,0,0,0,-0.9955,1.3477,0.1412,0,0,0,0,0,0
2026-01-02 15:45:00,6.857,2.847,411.58,0,,0,0,0,-1.222,1.0178,-0.8785,0,0,0,0,0,0
2026-01-02 16:00:00,6.877,3.015,412.78,0,,0,0,0,-1.0297,1.4988,-0.7505,0,0,0,0,0,0
2026-01-02 16:15:00,6.897,3.022,412.04,0,,0,0,0,-0.8416,1.5024,-0.8241,0,0,0,0,0,0
2026-01-02 16:30:00,7.049,2.868,415.57,0,,0,0,0,0.4958,1.0516,-0.4612,0,0,0,0,0,0
2026-01-02 16:45:00,6.911,2.84,415.74,0,,0,0,0,-0.7268,0.9788,-0.4546,0,0,0,0,0,0
2026-01-02 17:00:00,7.003,3.056,412.42,0,,0,0,0,0.0891,1.5916,-0.7904,0,0,0,0,0,0
2026-01-02 17:15:00,6.926,3.128,415.96,0,,0,0,0,-0.5896,1.7679,-0.418,0,0,0,0,0,0
2026-01-02 17:30:00,7.027,2.757,420.87,0,,0,0,0,0.2952,0.6977,0.0924,0,0,0,0,0,0
2026-01-02 17:45:00,7.009,2.819,423.32,0,,0,0,0,0.1287,0.8733,0.3421,0,0,0,0,0,0
2026-01-02 18:00:00,6.992,2.899,420.1,0,,0,0,0,-0.0258,1.1117,0.0096,0,0,0,0,0,0
2026-01-02 18:15:00,7.008,2.906,421.02,0,,0,0,0,0.119,1.128,0.11,0,0,0,0,0,0
2026-01-02 18:30:00,6.987,2.739,420.12,0,,0,0,0,-0.0642,0.6464,0.0127,0,0,0,0,0,0
2026-01-02 18:45:00,7.052,3.083,420.33,0,,0,0,0,0.5158,1.6249,0.0422,0,0,0,0,0,0
2026-01-02 19:00:00,7.016,2.846,419.43,0,,0,0,0,0.1953,0.9392,-0.0494,0,0,0,0,0,0
2026-01-02 19:15:00,6.987,2.843,417.63,0,,0,0,0,-0.0567,0.9389,-0.2352,0,0,0,0,0,0
2026-01-02 19:30:00,6.994,3.007,421.78,0,,0,0,0,0.0146,1.4041,0.2048,0,0,0,0,0,0
2026-01-02 19:45:00,7.075,2.655,428.92,0,,0,0,0,0.7367,0.4006,0.9471,0,0,0,0,0,0
2026-01-02 20:00:00,7.154,2.687,424.3,0,,0,0,0,1.4289,0.4853,0.457,0,0,0,0,0,0
2026-01-02 20:15:00,7.091,2.489,425.28,0,,0,0,0,0.863,-0.0656,0.5671,0,0,0,0,0,0
2026-01-02 20:30:00,7.085,2.627,425.84,0,,0,0,0,0.8081,0.3362,0.627,0,0,0,0,0,0
2026-01-02 20:45:00,7.113,2.405,432.89,0,,0,0,0,1.05,-0.3008,1.3632,0,0,0,0,0,0
2026-01-02 21:00:00,7.171,2.716,424.77,0,,0,0,0,1.5329,0.6002,0.5171,0,0,0,0,0,0
2026-01-02 21:15:00,7.124,2.641,430.13,0,,0,0,0,1.1254,0.3846,1.0856,0,0,0,0,0,0
2026-01-02 21:30:00,7.098,2.511,429.25,0,,0,0,0,0.8978,0.0152,0.979,0,0,0,0,0,0
2026-01-02 21:45:00,7.18,2.511,430.25,0,,0,0,0,1.5985,0.0127,1.0761,0,0,0,0,0,0
2026-01-02 22:00:00,7.151,2.614,431.37,0,,0,0,0,1.3475,0.3098,1.1971,0,0,0,0,0,0
2026-01-02 22:15:00,7.211,2.303,430.99,0,,0,0,0,1.8488,-0.5935,1.1454,0,0,0,0,0,0
2026-01-02 22:30:00,7.148,2.478,434.26,0,,0,0,0,1.3123,-0.0832,1.4813,0,0,0,0,0,0
2026-01-02 22:45:00,7.081,2.527,431.25,0,,0,0,0,0.7421,0.0558,1.1558,0,0,0,0,0,0
2026-01-02 23:00:00,7.076,2.129,438.57,0,,0,0,0,0.7058,-1.0843,1.885,0,0,0,0,0,0
2026-01-02 23:15:00,7.23,2.474,431.95,0,,0,0,0,2.0141,-0.0921,1.2262,0,0,0,0,0,0
2026-01-02 23:30:00,7.235,2.096,425.08,0,,0,0,0,2.0015,-1.1716,0.5317,0,0,0,0,0,0
2026-01-02 23:45:00,7.141,2.305,434.53,0,,0,0,0,1.1965,-0.5757,1.494,0,0,0,0,0,0
2026-01-03 00:00:00,7.131,2.125,433.57,0,,0,0,0,1.1043,-1.0791,1.4007,0,0,0,0,0,0
2026-01-03 00:15:00,7.223,2.492,432.1,0,,0,0,0,1.836,-0.0276,1.272,0,0,0,0,0,0
2026-01-03 00:30:00,7.093,2.083,430.86,0,,0,0,0,0.7769,-1.193,1.1841,0,0,0,0,0,0
2026-01-03 00:45:00,7.102,1.989,423.31,0,,0,0,0,0.8516,-1.4376,0.3855,0,0,0,0,0,0
2026-01-03 01:00:00,7.177,2.237,423.8,0,,0,0,0,1.4614,-0.7342,0.4423,0,0,0,0,0,0
2026-01-03 01:15:00,7.122,2.137,437.95,0,,0,0,0,1.0252,-1.0132,1.9638,0,0,0,0,0,0
2026-01-03 01:30:00,7.138,1.957,428.74,0,,0,0,0,1.1552,-1.5212,0.9914,0,0,0,0,0,0
2026-01-03 01:45:00,7.126,2.246,434.62,0,,0,0,0,1.0645,-0.7204,1.6199,0,0,0,0,0,0
2026-01-03 02:00:00,7.147,1.855,423.98,0,,0,0,0,1.2279,-1.8127,0.4782,0,0,0,0,0,0
2026-01-03 02:15:00,7.195,1.986,425.79,0,,0,0,0,1.6056,-1.46,0.6794,0,0,0,0,0,0
2026-01-03 02:30:00,7.124,2.044,432.23,0,,0,0,0,1.0121,-1.2762,1.387,0,0,0,0,0,0
2026-01-03 02:45:00,7.145,2.242,428.61,0,,0,0,0,1.1756,-0.72,0.9719,0,0,0,0,0,0
2026-01-03 03:00:00,7.004,2.308,430.64,0,,0,0,0,0.0346,-0.5417,1.1808,0,0,0,0,0,0
2026-01-03 03:15:00,7.096,2.273,427.86,0,,0,0,0,0.7834,-0.6694,0.8776,0,0,0,0,0,0
2026-01-03 03:30:00,7.049,2.08,426.47,0,,0,0,0,0.4042,-1.2523,0.725,0,0,0,0,0,0
2026-01-03 03:45:00,7.022,1.737,423.95,0,,0,0,0,0.1883,-2.2065,0.447,0,0,0,0,0,0
2026-01-03 04:00:00,7.031,2.159,421.22,0,,0,0,0,0.2641,-0.9784,0.1529,0,0,0,0,0,0
2026-01-03 04:15:00,7.05,2.321,430.92,0,,0,0,0,0.4161,-0.5285,1.1999,0,0,0,0,0,0
2026-01-03 04:30:00,7.103,2.288,430.86,0,,0,0,0,0.8487,-0.6265,1.1786,0,0,0,0,0,0
2026-01-03 04:45:00,6.982,2.177,419.7,0,,0,0,0,-0.146,-0.9575,-0.02,0,0,0,0,0,0
2026-01-03 05:00:00,7.04,1.935,418.69,0,,0,0,0,0.3334,-1.6443,-0.1211,0,0,0,0,0,0
2026-01-03 05:15:00,7.005,2.042,420.95,0,,0,0,0,0.0468,-1.317,0.1235,0,0,0,0,0,0
2026-01-03 05:30:00,7.003,2.421,422.93,0,,0,0,0,0.0387,-0.2411,0.3432,0,0,0,0,0,0
2026-01-03 05:45:00,7.06,1.929,420.06,0,,0,0,0,0.505,-1.6526,0.0282,0,0,0,0,0,0
2026-01-03 06:00:00,7.027,1.981,422.0,0,,0,0,0,0.2253,-1.4753,0.2461,0,0,0,0,0,0
2026-01-03 06:15:00,7.057,2.309,419.02,0,,0,0,0,0.4682,-0.5471,-0.0733,0,0,0,0,0,0
2026-01-03 06:30:00,6.973,2.118,417.98,0,,0,0,0,-0.2249,-1.0801,-0.1879,0,0,0,0,0,0
2026-01-03 06:45:00,6.936,2.022,427.31,0,,0,0,0,-0.5214,-1.3469,0.8151,0,0,0,0,0,0
2026-01-03 07:00:00,6.95,2.446,414.79,0,,0,0,0,-0.4009,-0.1463,-0.5425,0,0,0,0,0,0
2026-01-03 07:15:00,6.964,2.305,422.7,0,,0,0,0,-0.2848,-0.5469,0.3118,0,0,0,0,0,0
2026-01-03 07:30:00,6.951,2.199,421.2,0,,0,0,0,-0.3862,-0.8416,0.1474,0,0,0,0,0,0
2026-01-03 07:45:00,6.879,2.106,416.71,0,,0,0,0,-0.9808,-1.0938,-0.3506,0,0,0,0,0,0
2026-01-03 08:00:00,6.93,2.607,406.3,0,,0,0,0,-0.5645,0.3057,-1.4618,0,0,0,0,0,0
2026-01-03 08:15:00,6.928,2.319,413.46,0,,0,0,0,-0.5885,-0.5067,-0.7054,0,0,0,0,0,0
2026-01-03 08:30:00,7.035,2.557,410.64,0,,0,0,0,0.2885,0.1569,-1.0108,0,0,0,0,0,0
2026-01-03 08:45:00,6.995,2.505,412.17,0,,0,0,0,-0.0598,0.0102,-0.8343,0,0,0,0,0,0
2026-01-03 09:00:00,6.851,2.318,407.26,0,,0,0,0,-1.2585,-0.5166,-1.3735,0,0,0,0,0,0
2026-01-03 09:15:00,6.873,2.345,414.0,0,,0,0,0,-1.0737,-0.446,-0.6573,0,0,0,0,0,0
2026-01-03 09:30:00,6.808,2.665,414.42,0,,0,0,0,-1.6181,0.4481,-0.6161,0,0,0,0,0,0
2026-01-03 09:45:00,6.846,2.693,414.7,0,,0,0,0,-1.3052,0.5147,-0.5838,0,0,0,0,0,0
2026-01-03 10:00:00,6.886,2.218,408.08,0,,0,0,0,-0.9695,-0.8242,-1.3085,0,0,0,0,0,0
2026-01-03 10:15:00,6.926,2.609,405.0,0,,0,0,0,-0.6362,0.2782,-1.6641,0,0,0,0,0,0
2026-01-03 10:30:00,6.825,2.534,410.32,0,,0,0,0,-1.4571,0.0671,-1.0986,0,0,0,0,0,0
2026-01-03 10:45:00,6.825,2.423,415.66,0,,0,0,0,-1.426,-0.2431,-0.5078,0,0,0,0,0,0
2026-01-03 11:00:00,6.748,2.643,408.69,0,,0,0,0,-2.0143,0.3803,-1.3176,0,0,0,0,0,0
2026-01-03 11:15:00,6.845,2.426,410.04,0,,0,0,0,-1.2397,-0.2282,-1.1665,0,0,0,0,0,0
2026-01-03 11:30:00,6.798,2.583,407.16,0,,0,0,0,-1.6399,0.2212,-1.4909,0,0,0,0,0,0
2026-01-03 11:45:00,6.824,2.557,406.01,0,,0,0,0,-1.4172,0.139,-1.6223,0,0,0,0,0,0
2026-01-03 12:00:00,6.806,2.625,410.63,0,,0,0,0,-1.5633,0.3338,-1.0828,0,0,0,0,0,0
2026-01-03 12:15:00,6.846,2.712,407.6,0,,0,0,0,-1.2405,0.5851,-1.4189,0,0,0,0,0,0
2026-01-03 12:30:00,6.763,2.591,409.72,0,,0,0,0,-1.898,0.2537,-1.17,0,0,0,0,0,0
2026-01-03 12:45:00,6.78,3.0,410.26,0,,0,0,0,-1.7402,1.4357,-1.1048,0,0,0,0,0,0
2026-01-03 13:00:00,6.962,2.857,409.8,0,,0,0,0,-0.2825,1.009,-1.1625,0,0,0,0,0,0
2026-01-03 13:15:00,6.794,3.07,410.87,0,,0,0,0,-1.6166,1.5936,-1.0495,0,0,0,0,0,0
2026-01-03 13:30:00,6.807,2.793,405.5,0,,0,0,0,-1.5012,0.7977,-1.6506,0,0,0,0,0,0
2026-01-03 13:45:00,6.957,2.75,405.58,0,,0,0,0,-0.3241,0.6923,-1.6184,0,0,0,0,0,0
2026-01-03 14:00:00,7.015,3.11,409.44,0,,0,0,0,0.1247,1.7105,-1.193,0,0,0,0,0,0
2026-01-03 14:15:00,6.817,2.772,409.95,0,,0,0,0,-1.4823,0.7552,-1.1206,0,0,0,0,0,0
2026-01-03 14:30:00,6.863,2.843,408.39,0,,0,0,0,-1.1057,0.9612,-1.298,0,0,0,0,0,0
2026-01-03 14:45:00,6.904,2.987,411.94,0,,0,0,0,-0.7645,1.3827,-0.9004,0,0,0,0,0,0
2026-01-03 15:00:00,6.98,2.701,415.15,0,,0,0,0,-0.1567,0.5781,-0.5484,0,0,0,0,0,0
2026-01-03 15:15:00,6.852,2.999,416.84,0,,0,0,0,-1.1799,1.4525,-0.368,0,0,0,0,0,0
2026-01-03 15:30:00,6.896,2.984,418.34,0,,0,0,0,-0.8267,1.407,-0.1947,0,0,0,0,0,0
2026-01-03 15:45:00,6.956,3.09,408.07,0,,0,0,0,-0.3528,1.692,-1.3463,0,0,0,0,0,0
2026-01-03 16:00:00,6.947,3.034,409.35,0,,0,0,0,-0.4338,1.5282,-1.1932,0,0,0,0,0,0
2026-01-03 16:15:00,6.915,3.094,413.53,0,,0,0,0,-0.6972,1.6934,-0.7271,0,0,0,0,0,0
2026-01-03 16:30:00,6.936,2.88,415.73,0,,0,0,0,-0.5158,1.0769,-0.4802,0,0,0,0,0,0
2026-01-03 16:45:00,6.883,2.763,415.19,0,,0,0,0,-0.9442,0.7442,-0.5401,0,0,0,0,0,0
2026-01-03 17:00:00,6.949,3.203,414.68,0,,0,0,0,-0.4015,1.9919,-0.6012,0,0,0,0,0,0
2026-01-03 17:15:00,6.957,2.65,416.44,0,,0,0,0,-0.3394,0.432,-0.4038,0,0,0,0,0,0
2026-01-03 17:30:00,6.992,2.656,420.37,0,,0,0,0,-0.0511,0.4533,0.0391,0,0,0,0,0,0
2026-01-03 17:45:00,6.962,2.944,413.9,0,,0,0,0,-0.2916,1.2824,-0.6769,0,0,0,0,0,0
2026-01-03 18:00:00,7.024,3.09,429.37,0,,0,0,0,0.2109,1.6858,1.0443,0,0,0,0,0,0
2026-01-03 18:15:00,7.06,2.861,420.87,0,,0,0,0,0.4992,1.0304,0.095,0,0,0,0,0,0
2026-01-03 18:30:00,7.027,2.967,425.77,0,,0,0,0,0.2272,1.3196,0.6344,0,0,0,0,0,0
2026-01-03 18:45:00,7.047,2.501,420.02,0,,0,0,0,0.3905,0.0047,-0.0061,0,0,0,0,0,0
2026-01-03 19:00:00,7.041,2.708,425.4,0,,0,0,0,0.3393,0.6115,0.5856,0,0,0,0,0,0
2026-01-03 19:15:00,7.048,2.483,424.26,0,,0,0,0,0.3908,-0.0328,0.4507,0,0,0,0,0,0
2026-01-03 19:30:00,7.021,2.861,428.02,0,,0,0,0,0.169,1.0845,0.8584,0,0,0,0,0,0
2026-01-03 19:45:00,7.082,2.49,424.51,0,,0,0,0,0.6639,-0.0029,0.4764,0,0,0,0,0,0
2026-01-03 20:00:00,7.07,2.508,432.21,0,,0,0,0,0.5773,0.0558,1.3126,0,0,0,0,0,0
2026-01-03 20:15:00,7.188,2.754,420.7,0,,0,0,0,1.5195,0.7717,0.0486,0,0,0,0,0,0
2026-01-03 20:30:00,7.17,2.812,431.1,0,,0,0,0,1.3565,0.9332,1.1848,0,0,0,0,0,0
2026-01-03 20:45:00,7.118,2.605,428.39,0,,0,0,0,0.9376,0.32,0.8976,0,0,0,0,0,0
2026-01-03 21:00:00,7.068,2.689,424.41,0,,0,0,0,0.549,0.5674,0.4582,0,0,0,0,0,0
2026-01-03 21:15:00,7.057,2.659,436.83,0,,0,0,0,0.4674,0.4787,1.8029,0,0,0,0,0,0
2026-01-03 21:30:00,7.179,2.52,436.92,0,,0,0,0,1.4423,0.0708,1.7823,0,0,0,0,0,0
2026-01-03 21:45:00,7.138,2.362,421.68,0,,0,0,0,1.1199,-0.3878,0.1472,0,0,0,0,0,0
2026-01-03 22:00:00,7.154,2.585,431.1,0,,0,0,0,1.249,0.2667,1.1712,0,0,0,0,0,0
2026-01-03 22:15:00,7.047,2.566,433.59,0,,0,0,0,0.401,0.2033,1.4333,0,0,0,0,0,0
2026-01-03 22:30:00,7.185,2.582,432.85,0,,0,0,0,1.5272,0.247,1.3579,0,0,0,0,0,0
2026-01-03 22:45:00,7.165,2.469,437.43,0,,0,0,0,1.3462,-0.0829,1.8283,0,0,0,0,0,0
2026-01-03 23:00:00,7.089,2.221,436.82,0,,0,0,0,0.7262,-0.8157,1.7713,0,0,0,0,0,0
2026-01-03 23:15:00,7.124,2.475,432.83,0,,0,0,0,1.0334,-0.0683,1.3387,0,0,0,0,0,0
2026-01-03 23:30:00,7.162,2.347,441.01,0,,0,0,0,1.3671,-0.4555,2.1492,0,0,0,0,0,0
2026-01-03 23:45:00,7.152,2.251,435.72,0,,0,0,0,1.2814,-0.7374,1.5889,0,0,0,0,0,0
2026-01-04 00:00:00,7.135,2.256,430.59,0,,0,0,0,1.1392,-0.7293,1.0584,0,0,0,0,0,0
2026-01-04 00:15:00,7.145,2.174,429.76,0,,0,0,0,1.2423,-0.9583,0.9764,0,0,0,0,0,0
2026-01-04 00:30:00,7.136,2.39,436.87,0,,0,0,0,1.1586,-0.332,1.7045,0,0,0,0,0,0
2026-01-04 00:45:00,7.155,2.024,428.6,0,,0,0,0,1.3064,-1.4249,0.831,0,0,0,0,0,0
2026-01-04 01:00:00,7.218,2.068,429.95,0,,0,0,0,1.8168,-1.2814,0.9609,0,0,0,0,0,0
2026-01-04 01:15:00,7.014,2.15,430.4,0,,0,0,0,0.1376,-1.0391,1.0277,0,0,0,0,0,0
2026-01-04 01:30:00,7.127,2.425,432.51,0,,0,0,0,1.0806,-0.241,1.2398,0,0,0,0,0,0
2026-01-04 01:45:00,7.143,2.326,429.99,0,,0,0,0,1.2104,-0.5422,0.9875,0,0,0,0,0,0
2026-01-04 02:00:00,7.145,1.907,425.12,0,,0,0,0,1.2275,-1.8118,0.4735,0,0,0,0,0,0
2026-01-04 02:15:00,7.106,2.344,434.63,0,,0,0,0,0.9198,-0.5084,1.4499,0,0,0,0,0,0
2026-01-04 02:30:00,7.031,2.333,427.9,0,,0,0,0,0.2991,-0.5564,0.7571,0,0,0,0,0,0
2026-01-04 02:45:00,7.129,1.945,437.1,0,,0,0,0,1.131,-1.7233,1.6906,0,0,0,0,0,0
2026-01-04 03:00:00,7.192,1.735,429.7,0,,0,0,0,1.6248,-2.2841,0.9272,0,0,0,0,0,0
2026-01-04 03:15:00,7.022,2.097,432.98,0,,0,0,0,0.2124,-1.1975,1.2543,0,0,0,0,0,0
2026-01-04 03:30:00,7.135,2.272,429.83,0,,0,0,0,1.1448,-0.6904,0.9238,0,0,0,0,0,0
2026-01-04 03:45:00,7.067,2.34,431.93,0,,0,0,0,0.5737,-0.5209,1.1239,0,0,0,0,0,0
2026-01-04 04:00:00,7.072,1.969,428.28,0,,0,0,0,0.6107,-1.6339,0.7418,0,0,0,0,0,0
2026-01-04 04:15:00,7.014,2.364,426.25,0,,0,0,0,0.1324,-0.4396,0.5423,0,0,0,0,0,0
2026-01-04 04:30:00,7.041,1.769,428.97,0,,0,0,0,0.3634,-2.1744,0.8237,0,0,0,0,0,0
2026-01-04 04:45:00,7.113,2.052,433.8,0,,0,0,0,0.9478,-1.327,1.2914,0,0,0,0,0,0
2026-01-04 05:00:00,7.068,2.051,422.03,0,,0,0,0,0.5713,-1.3408,0.0941,0,0,0,0,0,0
2026-01-04 05:15:00,7.116,2.294,425.52,0,,0,0,0,0.955,-0.6337,0.4429,0,0,0,0,0,0
2026-01-04 05:30:00,7.078,2.325,421.55,0,,0,0,0,0.6337,-0.5375,0.042,0,0,0,0,0,0
2026-01-04 05:45:00,7.032,2.284,422.81,0,,0,0,0,0.2577,-0.6799,0.1668,0,0,0,0,0,0
2026-01-04 06:00:00,7.087,1.951,420.17,0,,0,0,0,0.704,-1.683,-0.0988,0,0,0,0,0,0
2026-01-04 06:15:00,7.012,2.297,410.58,0,,0,0,0,0.0915,-0.6382,-1.0558,0,0,0,0,0,0
2026-01-04 06:30:00,7.022,2.259,417.63,0,,0,0,0,0.1696,-0.7606,-0.345,0,0,0,0,0,0
2026-01-04 06:45:00,6.956,1.949,421.66,0,,0,0,0,-0.3755,-1.6915,0.0672,0,0,0,0,0,0
2026-01-04 07:00:00,6.965,1.907,413.83,0,,0,0,0,-0.3028,-1.7714,-0.7219,0,0,0,0,0,0
2026-01-04 07:15:00,6.917,2.392,419.83,0,,0,0,0,-0.6928,-0.3344,-0.1135,0,0,0,0,0,0
2026-01-04 07:30:00,6.992,2.229,416.14,0,,0,0,0,-0.0797,-0.8206,-0.48,0,0,0,0,0,0
2026-01-04 07:45:00,6.875,2.085,413.93,0,,0,0,0,-1.0419,-1.2474,-0.6987,0,0,0,0,0,0
2026-01-04 08:00:00,6.964,2.269,417.62,0,,0,0,0,-0.313,-0.6885,-0.3429,0,0,0,0,0,0
2026-01-04 08:15:00,6.907,2.378,416.06,0,,0,0,0,-0.7798,-0.3672,-0.5053,0,0,0,0,0,0
2026-01-04 08:30:00,6.967,2.334,414.38,0,,0,0,0,-0.2803,-0.4904,-0.6829,0,0,0,0,0,0
2026-01-04 08:45:00,6.939,2.139,416.15,0,,0,0,0,-0.5052,-1.0513,-0.5076,0,0,0,0,0,0
2026-01-04 09:00:00,6.985,2.679,412.33,0,,0,0,0,-0.1398,0.5299,-0.9107,0,0,0,0,0,0
2026-01-04 09:15:00,6.924,2.573,404.4,0,,0,0,0,-0.6519,0.2105,-1.6975,0,0,0,0,0,0
2026-01-04 09:30:00,6.802,2.397,408.97,0,,0,0,0,-1.6642,-0.3009,-1.219,0,0,0,0,0,0
2026-01-04 09:45:00,6.872,2.43,402.8,0,,0,0,0,-1.088,-0.1956,-1.8039,0,0,0,0,0,0
2026-01-04 10:00:00,6.811,2.554,412.24,0,,0,0,0,-1.5763,0.1614,-0.87,0,0,0,0,0,0
2026-01-04 10:15:00,6.84,2.357,412.82,0,,0,0,0,-1.3198,-0.4154,-0.8283,0,0,0,0,0,0
2026-01-04 10:30:00,6.937,2.601,412.68,0,,0,0,0,-0.5391,0.3064,-0.847,0,0,0,0,0,0
2026-01-04 10:45:00,6.89,2.378,410.59,0,,0,0,0,-0.9403,-0.3535,-1.0494,0,0,0,0,0,0
2026-01-04 11:00:00,6.82,2.593,412.28,0,,0,0,0,-1.5481,0.2856,-0.8858,0,0,0,0,0,0
2026-01-04 11:15:00,6.802,2.453,401.92,0,,0,0,0,-1.6864,-0.1305,-1.9042,0,0,0,0,0,0
2026-01-04 11:30:00,6.853,2.485,407.67,0,,0,0,0,-1.2727,-0.0326,-1.3294,0,0,0,0,0,0
2026-01-04 11:45:00,6.789,2.924,402.37,0,,0,0,0,-1.801,1.2487,-1.8453,0,0,0,0,0,0
2026-01-04 12:00:00,6.816,2.709,406.57,0,,0,0,0,-1.5772,0.6124,-1.4152,0,0,0,0,0,0
2026-01-04 12:15:00,6.866,2.753,414.49,0,,0,0,0,-1.1607,0.7399,-0.6417,0,0,0,0,0,0
2026-01-04 12:30:00,6.909,2.442,412.48,0,,0,0,0,-0.8262,-0.1691,-0.8476,0,0,0,0,0,0
2026-01-04 12:45:00,6.883,2.674,410.88,0,,0,0,0,-1.074,0.5278,-1.0092,0,0,0,0,0,0
2026-01-04 13:00:00,6.741,2.852,407.68,0,,0,0,0,-2.2319,1.0564,-1.324,0,0,0,0,0,0
2026-01-04 13:15:00,6.873,2.83,404.66,0,,0,0,0,-1.1299,1.0088,-1.6055,0,0,0,0,0,0
2026-01-04 13:30:00,6.865,2.494,409.66,0,,0,0,0,-1.213,0.0106,-1.1209,0,0,0,0,0,0
2026-01-04 13:45:00,6.886,2.864,413.68,0,,0,0,0,-1.0203,1.1176,-0.7358,0,0,0,0,0,0
2026-01-04 14:00:00,6.951,2.901,411.25,0,,0,0,0,-0.4549,1.2479,-0.9842,0,0,0,0,0,0
2026-01-04 14:15:00,6.772,3.051,403.68,0,,0,0,0,-1.9748,1.6751,-1.7246,0,0,0,0,0,0
2026-01-04 14:30:00,6.851,2.771,410.9,0,,0,0,0,-1.298,0.8395,-1.0091,0,0,0,0,0,0
2026-01-04 14:45:00,6.917,2.542,403.32,0,,0,0,0,-0.7375,0.1672,-1.7385,0,0,0,0,0,0
2026-01-04 15:00:00,6.815,2.737,414.73,0,,0,0,0,-1.572,0.7584,-0.6085,0,0,0,0,0,0
2026-01-04 15:15:00,6.975,2.728,409.32,0,,0,0,0,-0.2379,0.7471,-1.1293,0,0,0,0,0,0
2026-01-04 15:30:00,6.927,3.007,407.8,0,,0,0,0,-0.6494,1.6008,-1.2577,0,0,0,0,0,0
2026-01-04 15:45:00,6.959,2.492,416.6,0,,0,0,0,-0.3776,0.0419,-0.4107,0,0,0,0,0,0
2026-01-04 16:00:00,6.896,2.833,416.24,0,,0,0,0,-0.9061,1.1241,-0.4557,0,0,0,0,0,0
2026-01-04 16:15:00,6.974,3.113,415.62,0,,0,0,0,-0.2505,2.0038,-0.5199,0,0,0,0,0,0
2026-01-04 16:30:00,6.996,2.898,424.17,0,,0,0,0,-0.0689,1.3251,0.3179,0,0,0,0,0,0
2026-01-04 16:45:00,6.963,3.027,418.68,0,,0,0,0,-0.3589,1.703,-0.2299,0,0,0,0,0,0
2026-01-04 17:00:00,6.973,2.64,414.31,0,,0,0,0,-0.2756,0.5309,-0.6628,0,0,0,0,0,0
2026-01-04 17:15:00,6.984,2.638,419.74,0,,0,0,0,-0.1839,0.525,-0.1278,0,0,0,0,0,0
2026-01-04 17:30:00,6.937,3.085,417.29,0,,0,0,0,-0.5809,1.9044,-0.3676,0,0,0,0,0,0
2026-01-04 17:45:00,6.983,2.874,424.28,0,,0,0,0,-0.1893,1.2485,0.3158,0,0,0,0,0,0
2026-01-04 18:00:00,6.992,2.862,421.12,0,,0,0,0,-0.1094,1.2329,0.0102,0,0,0,0,0,0
2026-01-04 18:15:00,7.029,2.665,422.3,0,,0,0,0,0.2104,0.6155,0.1264,0,0,0,0,0,0
2026-01-04 18:30:00,7.07,2.832,415.8,0,,0,0,0,0.5572,1.1626,-0.5116,0,0,0,0,0,0
2026-01-04 18:45:00,6.976,2.629,422.59,0,,0,0,0,-0.2411,0.5029,0.163,0,0,0,0,0,0
2026-01-04 19:00:00,7.033,2.961,422.88,0,,0,0,0,0.2477,1.5485,0.1947,0,0,0,0,0,0
2026-01-04 19:15:00,7.122,3.173,419.76,0,,0,0,0,0.9987,2.1471,-0.1121,0,0,0,0,0,0
2026-01-04 19:30:00,7.02,2.816,423.71,0,,0,0,0,0.1293,1.0399,0.2875,0,0,0,0,0,0
2026-01-04 19:45:00,7.025,2.627,427.05,0,,0,0,0,0.1773,0.4461,0.6184,0,0,0,0,0,0
2026-01-04 20:00:00,7.085,2.32,425.98,0,,0,0,0,0.688,-0.5026,0.5207,0,0,0,0,0,0
2026-01-04 20:15:00,7.126,2.424,421.02,0,,0,0,0,1.0511,-0.1693,0.0219,0,0,0,0,0,0
2026-01-04 20:30:00,7.092,2.886,426.21,0,,0,0,0,0.7718,1.266,0.5509,0,0,0,0,0,0
2026-01-04 20:45:00,7.165,2.474,426.04,0,,0,0,0,1.393,-0.0114,0.5371,0,0,0,0,0,0
2026-01-04 21:00:00,7.149,2.548,429.26,0,,0,0,0,1.2396,0.224,0.8548,0,0,0,0,0,0
2026-01-04 21:15:00,7.155,2.676,429.36,0,,0,0,0,1.2725,0.6226,0.8814,0,0,0,0,0,0
2026-01-04 21:30:00,7.147,2.775,427.87,0,,0,0,0,1.212,0.919,0.7481,0,0,0,0,0,0
2026-01-04 21:45:00,7.241,2.496,428.17,0,,0,0,0,1.9764,0.0484,0.7696,0,0,0,0,0,0
2026-01-04 22:00:00,7.12,2.439,430.66,0,,0,0,0,0.9648,-0.1241,1.0262,0,0,0,0,0,0
2026-01-04 22:15:00,7.034,2.485,434.61,0,,0,0,0,0.2403,0.0215,1.4287,0,0,0,0,0,0
2026-01-04 22:30:00,7.219,2.354,432.2,0,,0,0,0,1.7902,-0.3784,1.1832,0,0,0,0,0,0
2026-01-04 22:45:00,7.119,2.336,437.06,0,,0,0,0,0.9586,-0.4296,1.6836,0,0,0,0,0,0
2026-01-04 23:00:00,7.15,2.458,436.12,0,,0,0,0,1.2086,-0.0585,1.5898,0,0,0,0,0,0
2026-01-04 23:15:00,7.213,2.399,437.76,0,,0,0,0,1.7116,-0.2399,1.7393,0,0,0,0,0,0
2026-01-04 23:30:00,7.069,2.667,437.37,0,,0,0,0,0.5272,0.5841,1.716,0,0,0,0,0,0
2026-01-04 23:45:00,7.087,2.389,438.23,0,,0,0,0,0.6873,-0.2862,1.7936,0,0,0,0,0,0
2026-01-05 00:00:00,7.07,2.473,427.39,0,,0,0,0,0.5525,-0.0313,0.6899,0,0,0,0,0,0
2026-01-05 00:15:00,7.11,2.117,434.56,0,,0,0,0,0.8968,-1.1407,1.412,0,0,0,0,0,0
2026-01-05 00:30:00,7.171,2.335,436.77,0,,0,0,0,1.4056,-0.4581,1.6378,0,0,0,0,0,0
2026-01-05 00:45:00,7.173,2.128,437.37,0,,0,0,0,1.4179,-1.112,1.6702,0,0,0,0,0,0
2026-01-05 01:00:00,7.159,2.276,428.51,0,,0,0,0,1.3157,-0.6596,0.7792,0,0,0,0,0,0
2026-01-05 01:15:00,7.071,2.303,433.99,0,,0,0,0,0.5617,-0.5818,1.323,0,0,0,0,0,0
2026-01-05 01:30:00,7.023,2.19,431.39,0,,0,0,0,0.1644,-0.9279,1.0642,0,0,0,0,0,0
2026-01-05 01:45:00,7.137,2.529,438.15,0,,0,0,0,1.1386,0.1346,1.7165,0,0,0,0,0,0
2026-01-05 02:00:00,7.106,2.368,424.84,0,,0,0,0,0.8806,-0.3957,0.3921,0,0,0,0,0,0
2026-01-05 02:15:00,7.148,2.318,426.9,0,,0,0,0,1.2319,-0.5552,0.6101,0,0,0,0,0,0
2026-01-05 02:30:00,7.154,2.245,422.28,0,,0,0,0,1.2617,-0.7851,0.1528,0,0,0,0,0,0
2026-01-05 02:45:00,7.12,2.386,429.6,0,,0,0,0,0.9754,-0.3535,0.9062,0,0,0,0,0,0
2026-01-05 03:00:00,7.144,1.898,437.54,0,,0,0,0,1.1901,-1.9725,1.6865,0,0,0,0,0,0
2026-01-05 03:15:00,7.11,2.313,427.73,0,,0,0,0,0.8888,-0.6161,0.7095,0,0,0,0,0,0
2026-01-05 03:30:00,7.118,1.955,427.71,0,,0,0,0,0.9597,-1.7693,0.7111,0,0,0,0,0,0
2026-01-05 03:45:00,7.048,2.016,428.87,0,,0,0,0,0.3665,-1.5408,0.8344,0,0,0,0,0,0
2026-01-05 04:00:00,7.066,2.184,425.53,0,,0,0,0,0.5203,-1.0141,0.499,0,0,0,0,0,0
2026-01-05 04:15:00,7.076,2.286,426.77,0,,0,0,0,0.5988,-0.6769,0.6244,0,0,0,0,0,0
2026-01-05 04:30:00,7.098,1.93,426.16,0,,0,0,0,0.7786,-1.8668,0.5665,0,0,0,0,0,0
2026-01-05 04:45:00,7.029,2.031,420.48,0,,0,0,0,0.2022,-1.5307,0.0015,0,0,0,0,0,0
2026-01-05 05:00:00,7.065,2.128,422.73,0,,0,0,0,0.5088,-1.2175,0.2324,0,0,0,0,0,0
2026-01-05 05:15:00,7.016,2.093,425.31,0,,0,0,0,0.1012,-1.3173,0.4983,0,0,0,0,0,0
2026-01-05 05:30:00,7.014,2.259,425.28,0,,0,0,0,0.09,-0.7678,0.4906,0,0,0,0,0,0
2026-01-05 05:45:00,7.051,2.657,425.98,0,,0,0,0,0.405,0.5273,0.5584,0,0,0,0,0,0
2026-01-05 06:00:00,6.9,2.216,421.34,0,,0,0,0,-0.8701,-0.9437,0.0807,0,0,0,0,0,0
2026-01-05 06:15:00,6.925,2.057,420.64,0,,0,0,0,-0.6471,-1.4519,-0.002,0,0,0,0,0,0
2026-01-05 06:30:00,6.906,1.988,421.43,0,,0,0,0,-0.7964,-1.6513,0.0756,0,0,0,0,0,0
2026-01-05 06:45:00,6.854,2.15,415.28,0,,0,0,0,-1.2207,-1.141,-0.5521,0,0,0,0,0,0
2026-01-05 07:00:00,6.927,2.076,414.35,0,,0,0,0,-0.6001,-1.4046,-0.6489,0,0,0,0,0,0
2026-01-05 07:15:00,6.989,2.306,415.64,0,,0,0,0,-0.0839,-0.635,-0.5106,0,0,0,0,0,0
2026-01-05 07:30:00,6.928,2.324,410.31,0,,0,0,0,-0.5927,-0.5799,-1.0486,0,0,0,0,0,0
2026-01-05 07:45:00,6.944,2.208,416.32,0,,0,0,0,-0.466,-0.9756,-0.4353,0,0,0,0,0,0
2026-01-05 08:00:00,6.979,2.598,418.2,0,,0,0,0,-0.1707,0.3199,-0.2429,0,0,0,0,0,0
2026-01-05 08:15:00,6.983,2.213,410.49,0,,0,0,0,-0.144,-0.9632,-1.0244,0,0,0,0,0,0
2026-01-05 08:30:00,6.905,2.329,414.44,0,,0,0,0,-0.7994,-0.575,-0.6205,0,0,0,0,0,0
2026-01-05 08:45:00,6.969,2.467,409.57,0,,0,0,0,-0.2597,-0.126,-1.1055,0,0,0,0,0,0
2026-01-05 09:00:00,6.899,2.53,407.45,0,,0,0,0,-0.8431,0.0918,-1.3087,0,0,0,0,0,0
2026-01-05 09:15:00,6.845,2.614,419.2,0,,0,0,0,-1.2842,0.3738,-0.1376,0,0,0,0,0,0
2026-01-05 09:30:00,6.851,2.512,406.47,0,,0,0,0,-1.2458,0.0255,-1.4358,0,0,0,0,0,0
2026-01-05 09:45:00,6.801,2.631,404.91,0,,0,0,0,-1.6481,0.42,-1.6037,0,0,0,0,0,0
2026-01-05 10:00:00,6.826,2.4,410.47,0,,0,0,0,-1.4427,-0.354,-1.0294,0,0,0,0,0,0
2026-01-05 10:15:00,6.848,2.664,410.31,0,,0,0,0,-1.2598,0.5257,-1.0405,0,0,0,0,0,0
2026-01-05 10:30:00,6.902,2.688,411.58,0,,0,0,0,-0.8013,0.6027,-0.9087,0,0,0,0,0,0
2026-01-05 10:45:00,6.944,2.805,416.64,0,,0,0,0,-0.4551,0.9778,-0.4004,0,0,0,0,0,0
2026-01-05 11:00:00,6.786,2.353,405.3,0,,0,0,0,-1.7731,-0.5294,-1.542,0,0,0,0,0,0
2026-01-05 11:15:00,6.873,2.492,405.92,0,,0,0,0,-1.0597,-0.065,-1.494,0,0,0,0,0,0
2026-01-05 11:30:00,6.799,2.777,414.54,0,,0,0,0,-1.6683,0.8763,-0.6233,0,0,0,0,0,0
2026-01-05 11:45:00,6.874,2.279,411.78,0,,0,0,0,-1.0578,-0.7686,-0.9314,0,0,0,0,0,0
2026-01-05 12:00:00,6.843,2.774,411.2,0,,0,0,0,-1.3276,0.891,-1.0035,0,0,0,0,0,0
2026-01-05 12:15:00,6.759,2.881,405.67,0,,0,0,0,-2.0025,1.2397,-1.5591,0,0,0,0,0,0
2026-01-05 12:30:00,6.898,2.657,412.61,0,,0,0,0,-0.8361,0.4838,-0.8365,0,0,0,0,0,0
2026-01-05 12:45:00,6.823,2.699,411.44,0,,0,0,0,-1.4496,0.6227,-0.9596,0,0,0,0,0,0
2026-01-05 13:00:00,6.828,2.622,409.17,0,,0,0,0,-1.4351,0.3763,-1.2003,0,0,0,0,0,0
2026-01-05 13:15:00,6.804,2.723,406.3,0,,0,0,0,-1.6182,0.7213,-1.5062,0,0,0,0,0,0
2026-01-05 13:30:00,6.829,2.743,409.34,0,,0,0,0,-1.4003,0.7773,-1.1869,0,0,0,0,0,0
2026-01-05 13:45:00,6.887,2.73,415.83,0,,0,0,0,-0.9171,0.7418,-0.5105,0,0,0,0,0,0
2026-01-05 14:00:00,6.861,2.736,405.23,0,,0,0,0,-1.1194,0.7725,-1.6016,0,0,0,0,0,0
2026-01-05 14:15:00,6.892,2.818,406.82,0,,0,0,0,-0.8856,1.0719,-1.4477,0,0,0,0,0,0
2026-01-05 14:30:00,6.899,2.827,407.97,0,,0,0,0,-0.8346,1.0985,-1.3193,0,0,0,0,0,0
2026-01-05 14:45:00,6.953,3.16,409.33,0,,0,0,0,-0.3825,2.1617,-1.196,0,0,0,0,0,0
2026-01-05 15:00:00,6.877,2.827,411.45,0,,0,0,0,-1.0382,1.0434,-0.9666,0,0,0,0,0,0
2026-01-05 15:15:00,6.827,2.944,415.92,0,,0,0,0,-1.4353,1.4141,-0.5082,0,0,0,0,0,0
2026-01-05 15:30:00,6.962,2.81,414.54,0,,0,0,0,-0.3012,0.987,-0.6663,0,0,0,0,0,0
2026-01-05 15:45:00,6.9,2.811,413.58,0,,0,0,0,-0.8168,0.9744,-0.7635,0,0,0,0,0,0
2026-01-05 16:00:00,6.981,2.644,415.11,0,,0,0,0,-0.1433,0.429,-0.5994,0,0,0,0,0,0
2026-01-05 16:15:00,6.953,2.663,417.19,0,,0,0,0,-0.3777,0.5183,-0.3809,0,0,0,0,0,0
2026-01-05 16:30:00,6.936,2.716,408.68,0,,0,0,0,-0.5152,0.7097,-1.2572,0,0,0,0,0,0
2026-01-05 16:45:00,6.969,2.92,420.43,0,,0,0,0,-0.2376,1.4207,-0.0216,0,0,0,0,0,0
2026-01-05 17:00:00,7.059,3.048,413.59,0,,0,0,0,0.5129,1.8163,-0.741,0,0,0,0,0,0
2026-01-05 17:15:00,7.075,2.611,415.88,0,,0,0,0,0.6383,0.337,-0.495,0,0,0,0,0,0
2026-01-05 17:30:00,6.984,2.787,419.8,0,,0,0,0,-0.1306,0.9588,-0.0856,0,0,0,0,0,0
2026-01-05 17:45:00,6.998,2.654,418.91,0,,0,0,0,-0.0141,0.5125,-0.1735,0,0,0,0,0,0
2026-01-05 18:00:00,7.054,2.807,421.95,0,,0,0,0,0.4512,1.0473,0.1457,0,0,0,0,0,0
2026-01-05 18:15:00,6.968,2.994,421.35,0,,0,0,0,-0.2663,1.6629,0.0835,0,0,0,0,0,0
2026-01-05 18:30:00,7.036,2.75,420.41,0,,0,0,0,0.3086,0.8316,-0.0205,0,0,0,0,0,0
2026-01-05 18:45:00,7.028,2.794,428.46,0,,0,0,0,0.2367,0.973,0.819,0,0,0,0,0,0
2026-01-05 19:00:00,7.055,3.001,425.94,0,,0,0,0,0.4616,1.6765,0.5501,0,0,0,0,0,0
2026-01-05 19:15:00,7.007,2.832,425.07,0,,0,0,0,0.0684,1.135,0.4526,0,0,0,0,0,0
2026-01-05 19:30:00,6.978,2.629,427.36,0,,0,0,0,-0.1731,0.4357,0.6872,0,0,0,0,0,0
2026-01-05 19:45:00,6.963,2.746,422.49,0,,0,0,0,-0.2944,0.8394,0.1831,0,0,0,0,0,0
2026-01-05 20:00:00,7.019,2.576,434.7,0,,0,0,0,0.1854,0.2359,1.4398,0,0,0,0,0,0
2026-01-05 20:15:00,7.06,2.74,422.32,0,,0,0,0,0.5414,0.7968,0.1529,0,0,0,0,0,0
2026-01-05 20:30:00,7.077,2.73,427.76,0,,0,0,0,0.6882,0.7721,0.7152,0,0,0,0,0,0
2026-01-05 20:45:00,7.196,2.424,426.77,0,,0,0,0,1.6928,-0.3017,0.6115,0,0,0,0,0,0
2026-01-05 21:00:00,7.161,2.63,427.19,0,,0,0,0,1.3926,0.4189,0.6584,0,0,0,0,0,0
2026-01-05 21:15:00,7.065,2.56,427.21,0,,0,0,0,0.5913,0.1776,0.664,0,0,0,0,0,0
2026-01-05 21:30:00,7.136,2.634,426.43,0,,0,0,0,1.2004,0.4447,0.585,0,0,0,0,0,0
2026-01-05 21:45:00,7.104,2.651,434.73,0,,0,0,0,0.9569,0.4983,1.431,0,0,0,0,0,0
2026-01-05 22:00:00,7.116,2.572,425.57,0,,0,0,0,1.0624,0.215,0.4921,0,0,0,0,0,0
2026-01-05 22:15:00,7.144,2.428,434.7,0,,0,0,0,1.286,-0.2905,1.4391,0,0,0,0,0,0
2026-01-05 22:30:00,7.17,2.588,433.68,0,,0,0,0,1.5272,0.2651,1.329,0,0,0,0,0,0
2026-01-05 22:45:00,7.125,2.291,429.84,0,,0,0,0,1.1335,-0.7802,0.949,0,0,0,0,0,0
2026-01-05 23:00:00,7.198,2.198,433.72,0,,0,0,0,1.7533,-1.0917,1.3629,0,0,0,0,0,0
2026-01-05 23:15:00,7.09,1.892,431.14,0,,0,0,0,0.8426,-2.0959,1.1109,0,0,0,0,0,0
2026-01-05 23:30:00,7.149,2.336,427.49,0,,0,0,0,1.3439,-0.5645,0.7448,0,0,0,0,0,0
2026-01-05 23:45:00,7.28,2.2,427.61,0,,0,0,0,2.4006,-1.0183,0.7823,0,0,0,0,0,0
2026-01-06 00:00:00,7.161,2.36,434.62,0,Routine calibration – all sensors checked,0,0,0,1.3721,-0.4689,1.5266,0,0,0,0,0,0
2026-01-06 00:15:00,7.221,1.982,434.39,0,,0,0,0,1.8419,-1.7373,1.5023,0,0,0,0,0,0
2026-01-06 00:30:00,7.153,2.159,432.87,0,,0,0,0,1.2818,-1.1274,1.3513,0,0,0,0,0,0
2026-01-06 00:45:00,7.176,2.307,430.2,0,,0,0,0,1.4723,-0.6403,1.0809,0,0,0,0,0,0
2026-01-06 01:00:00,7.142,2.063,430.83,0,,0,0,0,1.1933,-1.4454,1.1447,0,0,0,0,0,0
2026-01-06 01:15:00,7.134,2.261,430.06,0,,0,0,0,1.1159,-0.7794,1.0706,0,0,0,0,0,0
2026-01-06 01:30:00,7.1,2.099,424.1,0,,0,0,0,0.8245,-1.3138,0.4212,0,0,0,0,0,0
2026-01-06 01:45:00,7.156,2.162,431.01,0,,0,0,0,1.2831,-1.0841,1.2174,0,0,0,0,0,0
2026-01-06 02:00:00,7.087,2.243,432.48,0,,0,0,0,0.7166,-0.8091,1.3631,0,0,0,0,0,0
2026-01-06 02:15:00,7.158,2.284,430.25,0,,0,0,0,1.3006,-0.6719,1.1049,0,0,0,0,0,0
2026-01-06 02:30:00,7.173,2.144,436.6,0,,0,0,0,1.4195,-1.1272,1.7684,0,0,0,0,0,0
2026-01-06 02:45:00,7.131,1.999,425.0,0,,0,0,0,1.0719,-1.5713,0.5003,0,0,0,0,0,0
2026-01-06 03:00:00,7.092,2.045,425.84,0,,0,0,0,0.759,-1.4388,0.617,0,0,0,0,0,0
2026-01-06 03:15:00,7.122,2.203,428.44,0,,0,0,0,1.0047,-0.9144,0.9075,0,0,0,0,0,0
2026-01-06 03:30:00,7.076,1.95,428.28,0,,0,0,0,0.6307,-1.7409,0.8884,0,0,0,0,0,0
2026-01-06 03:45:00,7.13,2.074,419.06,0,,0,0,0,1.0648,-1.3414,-0.135,0,0,0,0,0,0
2026-01-06 04:00:00,6.983,2.042,428.41,0,,0,0,0,-0.1381,-1.433,0.913,0,0,0,0,0,0
2026-01-06 04:15:00,7.05,2.085,426.3,0,,0,0,0,0.4168,-1.2776,0.6767,0,0,0,0,0,0
2026-01-06 04:30:00,6.958,1.952,416.11,0,,0,0,0,-0.3313,-1.7112,-0.458,0,0,0,0,0,0
2026-01-06 04:45:00,6.973,1.83,423.39,0,,0,0,0,-0.2024,-2.0747,0.358,0,0,0,0,0,0
2026-01-06 05:00:00,7.107,2.192,419.87,0,,0,0,0,0.9008,-0.9194,-0.0347,0,0,0,0,0,0
2026-01-06 05:15:00,7.074,2.266,420.53,0,,0,0,0,0.6222,-0.6916,0.0452,0,0,0,0,0,0
2026-01-06 05:30:00,6.984,1.862,416.21,0,,0,0,0,-0.1168,-1.9473,-0.4316,0,0,0,0,0,0
2026-01-06 05:45:00,6.935,2.197,422.45,0,,0,0,0,-0.5104,-0.8679,0.2773,0,0,0,0,0,0
2026-01-06 06:00:00,6.852,2.316,427.05,0,,0,0,0,-1.185,-0.4957,0.7882,0,0,0,0,0,0
2026-01-06 06:15:00,6.963,2.257,420.28,0,,0,0,0,-0.2782,-0.6941,0.0256,0,0,0,0,0,0
2026-01-06 06:30:00,7.101,2.12,409.8,0,,0,0,0,0.8381,-1.1426,-1.1344,0,0,0,0,0,0
2026-01-06 06:45:00,6.992,2.058,418.8,0,,0,0,0,-0.0689,-1.3337,-0.131,0,0,0,0,0,0
2026-01-06 07:00:00,6.933,2.229,416.12,0,,0,0,0,-0.5575,-0.796,-0.434,0,0,0,0,0,0
2026-01-06 07:15:00,6.975,2.273,411.74,0,,0,0,0,-0.2088,-0.6529,-0.9181,0,0,0,0,0,0
2026-01-06 07:30:00,6.865,2.271,416.82,0,,0,0,0,-1.1081,-0.6569,-0.3593,0,0,0,0,0,0
2026-01-06 07:45:00,6.919,2.251,418.21,0,,0,0,0,-0.6605,-0.7234,-0.2053,0,0,0,0,0,0
2026-01-06 08:00:00,6.93,2.138,411.33,0,,0,0,0,-0.565,-1.0656,-0.9672,0,0,0,0,0,0
2026-01-06 08:15:00,6.912,2.386,406.76,0,,0,0,0,-0.7049,-0.2792,-1.4666,0,0,0,0,0,0
2026-01-06 08:30:00,6.948,2.418,404.65,0,,0,0,0,-0.4147,-0.1796,-1.6685,0,0,0,0,0,0
2026-01-06 08:45:00,6.918,2.402,409.43,0,,0,0,0,-0.6552,-0.2288,-1.1424,0,0,0,0,0,0
2026-01-06 09:00:00,6.927,2.413,410.89,0,,0,0,0,-0.5849,-0.1896,-0.9905,0,0,0,0,0,0
2026-01-06 09:15:00,6.853,2.674,408.91,0,,0,0,0,-1.1937,0.6457,-1.1884,0,0,0,0,0,0
2026-01-06 09:30:00,6.926,2.354,407.75,0,,0,0,0,-0.6043,-0.375,-1.3197,0,0,0,0,0,0
2026-01-06 09:45:00,6.957,2.666,412.29,0,,0,0,0,-0.3666,0.6233,-0.8382,0,0,0,0,0,0
2026-01-06 10:00:00,6.822,2.39,411.46,0,,0,0,0,-1.496,-0.2603,-0.9326,0,0,0,0,0,0
2026-01-06 10:15:00,6.821,2.693,410.04,0,,0,0,0,-1.4971,0.7086,-1.0898,0,0,0,0,0,0
2026-01-06 10:30:00,6.928,2.737,412.18,0,,0,0,0,-0.6077,0.8467,-0.8532,0,0,0,0,0,0
2026-01-06 10:45:00,6.848,2.534,406.01,0,,0,0,0,-1.2586,0.2081,-1.5094,0,0,0,0,0,0
2026-01-06 11:00:00,6.925,2.853,404.03,0,,0,0,0,-0.6413,1.2083,-1.7214,0,0,0,0,0,0
2026-01-06 11:15:00,6.831,2.699,406.14,0,,0,0,0,-1.4224,0.708,-1.4908,0,0,0,0,0,0
2026-01-06 11:30:00,6.924,2.521,405.74,0,,0,0,0,-0.6626,0.1505,-1.5087,0,0,0,0,0,0
2026-01-06 11:45:00,6.857,2.621,399.82,0,,0,0,0,-1.2278,0.4594,-2.0953,0,0,0,0,0,0
2026-01-06 12:00:00,6.863,2.87,405.82,0,,0,0,0,-1.1814,1.2491,-1.4409,0,0,0,0,0,0
2026-01-06 12:15:00,6.929,2.861,412.45,0,,0,0,0,-0.6492,1.222,-0.7542,0,0,0,0,0,0
2026-01-06 12:30:00,6.833,2.585,411.31,0,,0,0,0,-1.4657,0.3434,-0.8732,0,0,0,0,0,0
2026-01-06 12:45:00,6.806,2.743,410.33,0,,0,0,0,-1.6926,0.8461,-0.9752,0,0,0,0,0,0
2026-01-06 13:00:00,6.833,2.813,408.94,0,,0,0,0,-1.462,1.0581,-1.1223,0,0,0,0,0,0
2026-01-06 13:15:00,6.881,2.725,414.43,0,,0,0,0,-1.0665,0.7784,-0.5529,0,0,0,0,0,0
2026-01-06 13:30:00,6.783,3.171,404.67,0,,0,0,0,-1.8996,2.1358,-1.5829,0,0,0,0,0,0
2026-01-06 13:45:00,6.897,2.868,405.38,0,,0,0,0,-0.9186,1.1834,-1.4794,0,0,0,0,0,0
2026-01-06 14:00:00,6.843,2.837,414.1,0,,0,0,0,-1.3799,1.0808,-0.5768,0,0,0,0,0,0
2026-01-06 14:15:00,6.933,3.037,410.13,0,,0,0,0,-0.6105,1.6753,-1.0072,0,0,0,0,0,0
2026-01-06 14:30:00,6.761,2.815,407.8,0,,0,0,0,-2.0453,0.9971,-1.2557,0,0,0,0,0,0
2026-01-06 14:45:00,6.848,3.03,413.19,0,,0,0,0,-1.2882,1.6721,-0.6869,0,0,0,0,0,0
2026-01-06 15:00:00,6.81,2.636,409.76,0,,0,0,0,-1.5894,0.4654,-1.0509,0,0,0,0,0,0
2026-01-06 15:15:00,6.86,2.824,408.74,0,,0,0,0,-1.1796,1.0569,-1.145,0,0,0,0,0,0
2026-01-06 15:30:00,6.921,3.054,409.23,0,,0,0,0,-0.6639,1.7458,-1.0818,0,0,0,0,0,0
2026-01-06 15:45:00,6.908,3.135,414.62,0,,0,0,0,-0.7737,1.9545,-0.5125,0,0,0,0,0,0
2026-01-06 16:00:00,6.912,2.784,414.82,0,,0,0,0,-0.7322,0.883,-0.491,0,0,0,0,0,0
2026-01-06 16:15:00,6.926,2.766,420.76,0,,0,0,0,-0.6123,0.8235,0.1344,0,0,0,0,0,0
2026-01-06 16:30:00,6.953,2.982,414.25,0,,0,0,0,-0.3891,1.4537,-0.5645,0,0,0,0,0,0
2026-01-06 16:45:00,6.901,2.799,414.91,0,,0,0,0,-0.8142,0.9141,-0.4875,0,0,0,0,0,0
2026-01-06 17:00:00,6.997,2.846,422.65,0,,0,0,0,-0.0108,1.0709,0.3264,0,0,0,0,0,0
2026-01-06 17:15:00,7.004,3.01,421.6,0,,0,0,0,0.0537,1.5364,0.2083,0,0,0,0,0,0
2026-01-06 17:30:00,7.0,2.788,419.01,0,,0,0,0,0.0189,0.8721,-0.067,0,0,0,0,0,0
2026-01-06 17:45:00,7.018,2.564,412.97,0,,0,0,0,0.1673,0.2048,-0.7025,0,0,0,0,0,0
2026-01-06 18:00:00,7.015,2.651,416.75,0,,0,0,0,0.1459,0.4719,-0.2947,0,0,0,0,0,0
2026-01-06 18:15:00,7.112,2.834,416.57,0,,0,0,0,0.9391,1.0335,-0.3085,0,0,0,0,0,0
2026-01-06 18:30:00,7.015,2.538,421.71,0,,0,0,0,0.1346,0.1452,0.2364,0,0,0,0,0,0
2026-01-06 18:45:00,7.014,2.756,420.31,0,,0,0,0,0.1275,0.8088,0.0971,0,0,0,0,0,0
2026-01-06 19:00:00,7.001,2.574,429.52,0,,0,0,0,0.0241,0.2729,1.0727,0,0,0,0,0,0
2026-01-06 19:15:00,6.997,3.01,417.57,0,,0,0,0,-0.0083,1.5962,-0.1908,0,0,0,0,0,0
2026-01-06 19:30:00,6.995,3.068,419.95,0,,0,0,0,-0.0265,1.7327,0.0714,0,0,0,0,0,0
2026-01-06 19:45:00,7.022,2.563,426.29,0,,0,0,0,0.1934,0.2207,0.7438,0,0,0,0,0,0
2026-01-06 20:00:00,7.071,2.739,428.09,0,,0,0,0,0.5961,0.7443,0.9525,0,0,0,0,0,0
2026-01-06 20:15:00,7.1,2.533,416.32,0,,0,0,0,0.8319,0.1316,-0.3095,0,0,0,0,0,0
2026-01-06 20:30:00,7.094,2.607,420.36,0,,0,0,0,0.7798,0.3595,0.1349,0,0,0,0,0,0
2026-01-06 20:45:00,7.061,2.899,426.86,0,,0,0,0,0.5246,1.2176,0.8386,0,0,0,0,0,0
2026-01-06 21:00:00,7.151,2.534,433.91,0,,0,0,0,1.2825,0.126,1.5794,0,0,0,0,0,0
2026-01-06 21:15:00,7.15,2.535,436.57,0,,0,0,0,1.2581,0.1298,1.8282,0,0,0,0,0,0
2026-01-06 21:30:00,7.111,2.411,427.86,0,,0,0,0,0.9368,-0.2356,0.9043,0,0,0,0,0,0
2026-01-06 21:45:00,7.092,2.698,429.3,0,,0,0,0,0.7796,0.6246,1.0711,0,0,0,0,0,0
2026-01-06 22:00:00,7.157,2.011,427.04,0,,0,0,0,1.3149,-1.4055,0.8278,0,0,0,0,0,0
2026-01-06 22:15:00,7.144,2.407,433.3,0,,0,0,0,1.2065,-0.2283,1.4988,0,0,0,0,0,0
2026-01-06 22:30:00,7.066,2.441,437.2,0,,0,0,0,0.5702,-0.1228,1.8978,0,0,0,0,0,0
2026-01-06 22:45:00,7.139,2.323,436.39,0,,0,0,0,1.1817,-0.4747,1.7859,0,0,0,0,0,0
2026-01-06 23:00:00,7.158,2.526,431.48,0,,0,0,0,1.3522,0.1191,1.2782,0,0,0,0,0,0
2026-01-06 23:15:00,7.102,2.552,428.42,0,,0,0,0,0.8771,0.1792,0.9627,0,0,0,0,0,0
2026-01-06 23:30:00,7.158,2.135,431.93,0,,0,0,0,1.3477,-1.0747,1.321,0,0,0,0,0,0
2026-01-06 23:45:00,7.077,2.637,437.5,0,,0,0,0,0.702,0.4289,1.8666,0,0,0,0,0,0
2026-01-07 00:00:00,7.217,2.087,430.4,0,,0,0,0,1.8956,-1.2201,1.1443,0,0,0,0,0,0
2026-01-07 00:15:00,7.212,2.471,424.71,0,,0,0,0,1.8562,-0.0812,0.5693,0,0,0,0,0,0
2026-01-07 00:30:00,7.136,2.279,430.46,0,,0,0,0,1.2052,-0.6722,1.1811,0,0,0,0,0,0
2026-01-07 00:45:00,7.165,2.161,430.65,0,,0,0,0,1.4588,-1.0244,1.2,0,0,0,0,0,0
2026-01-07 01:00:00,7.024,2.156,424.31,0,,0,0,0,0.2523,-1.0462,0.5415,0,0,0,0,0,0
2026-01-07 01:15:00,7.084,2.194,432.29,0,,0,0,0,0.7835,-0.9263,1.3822,0,0,0,0,0,0
2026-01-07 01:30:00,7.124,2.214,433.11,0,,0,0,0,1.129,-0.8723,1.4448,0,0,0,0,0,0
2026-01-07 01:45:00,7.081,2.029,438.2,0,,0,0,0,0.7659,-1.4271,1.9461,0,0,0,0,0,0
2026-01-07 02:00:00,7.166,2.118,425.06,0,,0,0,0,1.4943,-1.1476,0.5984,0,0,0,0,0,0
2026-01-07 02:15:00,7.225,2.026,432.9,0,,0,0,0,1.9825,-1.4067,1.4085,0,0,0,0,0,0
2026-01-07 02:30:00,7.06,1.948,433.39,0,,0,0,0,0.5734,-1.6218,1.4713,0,0,0,0,0,0
2026-01-07 02:45:00,7.071,1.999,431.1,0,,0,0,0,0.6784,-1.4696,1.2178,0,0,0,0,0,0
2026-01-07 03:00:00,7.118,1.941,424.46,0,,0,0,0,1.0861,-1.6315,0.5296,0,0,0,0,0,0
2026-01-07 03:15:00,7.179,2.045,423.65,0,,0,0,0,1.6038,-1.3108,0.4522,0,0,0,0,0,0
2026-01-07 03:30:00,7.03,2.168,427.69,0,,0,0,0,0.3128,-0.9625,0.8752,0,0,0,0,0,0
2026-01-07 03:45:00,7.096,2.119,427.03,0,,0,0,0,0.894,-1.1117,0.7949,0,0,0,0,0,0
2026-01-07 04:00:00,7.166,2.396,423.76,0,,0,0,0,1.4722,-0.2987,0.4611,0,0,0,0,0,0
2026-01-07 04:15:00,6.984,1.769,430.47,0,,0,0,0,-0.095,-2.1412,1.1528,0,0,0,0,0,0
2026-01-07 04:30:00,6.993,2.174,422.99,0,,0,0,0,-0.0203,-0.9569,0.367,0,0,0,0,0,0
2026-01-07 04:45:00,7.027,2.109,416.28,0,,0,0,0,0.2691,-1.1762,-0.3235,0,0,0,0,0,0
2026-01-07 05:00:00,7.013,2.236,422.21,0,,0,0,0,0.1572,-0.7936,0.291,0,0,0,0,0,0
2026-01-07 05:15:00,7.07,2.229,424.26,0,,0,0,0,0.6535,-0.8129,0.4996,0,0,0,0,0,0
2026-01-07 05:30:00,7.032,2.106,422.93,0,,0,0,0,0.3184,-1.2083,0.3541,0,0,0,0,0,0
2026-01-07 05:45:00,6.921,2.167,422.12,0,,0,0,0,-0.6451,-1.0192,0.2703,0,0,0,0,0,0
2026-01-07 06:00:00,7.026,2.042,425.98,0,,0,0,0,0.2535,-1.3818,0.6731,0,0,0,0,0,0
2026-01-07 06:15:00,6.961,2.259,414.76,0,,0,0,0,-0.3156,-0.7222,-0.4871,0,0,0,0,0,0
2026-01-07 06:30:00,7.044,1.901,416.74,0,,0,0,0,0.418,-1.7853,-0.2904,0,0,0,0,0,0
2026-01-07 06:45:00,6.939,2.316,423.84,0,,0,0,0,-0.4993,-0.5487,0.4448,0,0,0,0,0,0
2026-01-07 07:00:00,6.929,2.214,409.02,0,,0,0,0,-0.5866,-0.8572,-1.0866,0,0,0,0,0,0
2026-01-07 07:15:00,6.979,2.163,415.93,0,,0,0,0,-0.1482,-1.0054,-0.3757,0,0,0,0,0,0
2026-01-07 07:30:00,6.981,2.222,420.32,0,,0,0,0,-0.1422,-0.8245,0.0769,0,0,0,0,0,0
2026-01-07 07:45:00,6.956,2.254,419.55,0,,0,0,0,-0.3672,-0.7281,-0.0046,0,0,0,0,0,0
2026-01-07 08:00:00,6.841,2.495,416.64,0,,0,0,0,-1.366,-0.0118,-0.3141,0,0,0,0,0,0
2026-01-07 08:15:00,6.944,2.808,416.07,0,,0,0,0,-0.4652,0.9221,-0.3872,0,0,0,0,0,0
2026-01-07 08:30:00,6.857,2.53,408.53,0,,0,0,0,-1.2138,0.0773,-1.1926,0,0,0,0,0,0
2026-01-07 08:45:00,6.913,2.287,417.58,0,,0,0,0,-0.7239,-0.6534,-0.2443,0,0,0,0,0,0
2026-01-07 09:00:00,6.823,2.491,406.71,0,,0,0,0,-1.4856,-0.0395,-1.3907,0,0,0,0,0,0
2026-01-07 09:15:00,6.91,2.523,406.42,0,,0,0,0,-0.7422,0.0621,-1.4136,0,0,0,0,0,0
2026-01-07 09:30:00,6.841,2.309,412.03,0,,0,0,0,-1.3243,-0.5838,-0.8299,0,0,0,0,0,0
2026-01-07 09:45:00,6.811,2.285,408.05,0,,0,0,0,-1.5507,-0.6438,-1.2417,0,0,0,0,0,0
2026-01-07 10:00:00,6.906,2.491,410.43,0,,0,0,0,-0.755,-0.0245,-0.9881,0,0,0,0,0,0
2026-01-07 10:15:00,6.878,2.647,410.96,0,,0,0,0,-1.0071,0.449,-0.9341,0,0,0,0,0,0
2026-01-07 10:30:00,6.831,2.31,416.03,0,,0,0,0,-1.3927,-0.5579,-0.4038,0,0,0,0,0,0
2026-01-07 10:45:00,6.931,2.47,410.37,0,,0,0,0,-0.5465,-0.0712,-1.0142,0,0,0,0,0,0
2026-01-07 11:00:00,6.833,2.689,405.93,0,,0,0,0,-1.3728,0.6001,-1.4945,0,0,0,0,0,0
2026-01-07 11:15:00,6.854,2.635,410.94,0,,0,0,0,-1.1982,0.4383,-0.9705,0,0,0,0,0,0
2026-01-07 11:30:00,6.865,2.866,404.78,0,,0,0,0,-1.0936,1.1234,-1.6297,0,0,0,0,0,0
2026-01-07 11:45:00,6.819,2.465,411.68,0,,0,0,0,-1.4767,-0.0851,-0.9207,0,0,0,0,0,0
2026-01-07 12:00:00,6.874,3.053,408.26,0,,0,0,0,-1.0108,1.6759,-1.304,0,0,0,0,0,0
2026-01-07 12:15:00,6.824,2.492,409.63,0,,0,0,0,-1.4142,0.0025,-1.1461,0,0,0,0,0,0
2026-01-07 12:30:00,6.831,2.439,400.98,0,,0,0,0,-1.3547,-0.1531,-2.0473,0,0,0,0,0,0
2026-01-07 12:45:00,6.921,2.755,399.23,0,,0,0,0,-0.6124,0.8018,-2.1793,0,0,0,0,0,0
2026-01-07 13:00:00,6.803,2.613,402.4,0,,0,0,0,-1.6099,0.3805,-1.8173,0,0,0,0,0,0
2026-01-07 13:15:00,6.737,2.795,415.62,0,,0,0,0,-2.1161,0.9291,-0.4362,0,0,0,0,0,0
2026-01-07 13:30:00,6.942,2.806,404.32,0,,0,0,0,-0.4283,0.9917,-1.6174,0,0,0,0,0,0
2026-01-07 13:45:00,6.993,2.803,412.17,0,,0,0,0,-0.0053,0.9868,-0.8108,0,0,0,0,0,0
2026-01-07 14:00:00,6.85,2.72,407.04,0,,0,0,0,-1.2209,0.7364,-1.3341,0,0,0,0,0,0
2026-01-07 14:15:00,6.778,2.924,409.06,0,,0,0,0,-1.7902,1.3811,-1.12,0,0,0,0,0,0
2026-01-07 14:30:00,6.865,2.822,410.3,0,,0,0,0,-1.0868,1.0622,-0.9962,0,0,0,0,0,0
2026-01-07 14:45:00,6.873,3.044,417.55,0,,0,0,0,-1.0237,1.7532,-0.2409,0,0,0,0,0,0
2026-01-07 15:00:00,6.884,2.859,413.85,0,,0,0,0,-0.9446,1.1621,-0.6369,0,0,0,0,0,0
2026-01-07 15:15:00,6.845,2.748,413.63,0,,0,0,0,-1.2755,0.8224,-0.6688,0,0,0,0,0,0
2026-01-07 15:30:00,6.938,2.643,417.88,0,,0,0,0,-0.4815,0.5175,-0.2291,0,0,0,0,0,0
2026-01-07 15:45:00,6.943,2.873,410.8,0,,0,0,0,-0.4426,1.2703,-0.9776,0,0,0,0,0,0
2026-01-07 16:00:00,6.85,2.71,418.27,0,,0,0,0,-1.2285,0.7525,-0.1867,0,0,0,0,0,0
2026-01-07 16:15:00,6.969,2.697,418.3,0,,0,0,0,-0.217,0.7145,-0.1807,0,0,0,0,0,0
2026-01-07 16:30:00,7.045,2.976,418.97,0,,0,0,0,0.4243,1.6122,-0.1148,0,0,0,0,0,0
2026-01-07 16:45:00,6.96,2.626,415.52,0,,0,0,0,-0.3082,0.4946,-0.484,0,0,0,0,0,0
2026-01-07 17:00:00,6.944,3.098,415.14,0,,0,0,0,-0.4401,1.9839,-0.5157,0,0,0,0,0,0
2026-01-07 17:15:00,6.964,2.903,414.18,0,,0,0,0,-0.2652,1.3735,-0.6088,0,0,0,0,0,0
2026-01-07 17:30:00,7.011,2.863,415.2,0,,0,0,0,0.136,1.2393,-0.4953,0,0,0,0,0,0
2026-01-07 17:45:00,6.904,2.704,415.55,0,,0,0,0,-0.7673,0.7248,-0.4617,0,0,0,0,0,0
2026-01-07 18:00:00,7.008,2.961,421.47,0,,0,0,0,0.1208,1.5175,0.1639,0,0,0,0,0,0
2026-01-07 18:15:00,6.99,2.832,419.87,0,,0,0,0,-0.0221,1.1107,-0.0103,0,0,0,0,0,0
2026-01-07 18:30:00,7.112,2.714,423.29,0,,0,0,0,1.0107,0.7308,0.3526,0,0,0,0,0,0
2026-01-07 18:45:00,7.021,2.831,424.29,0,,0,0,0,0.2334,1.0937,0.4543,0,0,0,0,0,0
2026-01-07 19:00:00,7.122,2.53,418.87,0,,0,0,0,1.0779,0.1506,-0.1117,0,0,0,0,0,0
2026-01-07 19:15:00,6.993,2.518,419.5,0,,0,0,0,-0.0159,0.1309,-0.0465,0,0,0,0,0,0
2026-01-07 19:30:00,7.087,2.575,423.68,0,,0,0,0,0.7708,0.335,0.3968,0,0,0,0,0,0
2026-01-07 19:45:00,7.082,2.775,422.21,0,,0,0,0,0.7214,0.9726,0.2445,0,0,0,0,0,0
2026-01-07 20:00:00,7.032,2.7,422.48,0,,0,0,0,0.3037,0.7323,0.2808,0,0,0,0,0,0
2026-01-07 20:15:00,7.092,2.834,433.45,0,,0,0,0,0.8117,1.1477,1.4279,0,0,0,0,0,0
2026-01-07 20:30:00,7.152,2.515,421.17,0,,0,0,0,1.3065,0.1262,0.1184,0,0,0,0,0,0
2026-01-07 20:45:00,7.083,2.715,436.0,0,,0,0,0,0.7237,0.7805,1.668,0,0,0,0,0,0
2026-01-07 21:00:00,7.021,2.586,429.64,0,,0,0,0,0.2164,0.3611,1.0091,0,0,0,0,0,0
2026-01-07 21:15:00,7.112,2.437,432.97,0,,0,0,0,0.9944,-0.1177,1.3742,0,0,0,0,0,0
2026-01-07 21:30:00,7.074,2.61,432.99,0,,0,0,0,0.6764,0.435,1.362,0,0,0,0,0,0
2026-01-07 21:45:00,7.108,2.516,432.45,0,,0,0,0,0.9636,0.1376,1.2962,0,0,0,0,0,0
2026-01-07 22:00:00,7.126,2.406,437.04,0,,0,0,0,1.1236,-0.235,1.7453,0,0,0,0,0,0
2026-01-07 22:15:00,7.049,2.48,426.43,0,,0,0,0,0.4776,0.0052,0.654,0,0,0,0,0,0
2026-01-07 22:30:00,7.058,2.428,430.46,0,,0,0,0,0.5561,-0.165,1.0955,0,0,0,0,0,0
2026-01-07 22:45:00,7.166,2.399,427.95,0,,0,0,0,1.4789,-0.263,0.8492,0,0,0,0,0,0
2026-01-07 23:00:00,7.119,2.335,424.81,0,,0,0,0,1.0837,-0.4661,0.5233,0,0,0,0,0,0
2026-01-07 23:15:00,7.019,2.176,429.12,0,,0,0,0,0.23,-0.9703,0.9871,0,0,0,0,0,0
2026-01-07 23:30:00,7.188,2.358,439.39,0,,0,0,0,1.6837,-0.3858,2.0575,0,0,0,0,0,0
2026-01-07 23:45:00,7.163,2.203,431.28,0,,0,0,0,1.4481,-0.8777,1.2147,0,0,0,0,0,0
2026-01-08 00:00:00,7.114,2.147,439.93,0,,0,0,0,1.0527,-1.0658,2.0976,0,0,0,0,0,0
2026-01-08 00:15:00,7.084,2.242,440.32,0,,0,0,0,0.8172,-0.7438,2.0751,0,0,0,0,0,0
2026-01-08 00:30:00,7.191,2.367,443.88,0,,0,0,0,1.7415,-0.3381,2.3691,0,0,0,0,0,0
2026-01-08 00:45:00,7.165,2.264,439.39,0,,0,0,0,1.5142,-0.6814,1.8817,0,0,0,0,0,0
2026-01-08 01:00:00,7.264,2.137,441.02,0,,0,0,0,2.292,-1.0976,1.9852,0,0,0,0,0,0
2026-01-08 01:15:00,7.163,2.114,432.66,0,,0,0,0,1.4157,-1.167,1.1696,0,0,0,0,0,0
2026-01-08 01:30:00,7.158,2.278,432.0,0,,0,0,0,1.3655,-0.6329,1.1079,0,0,0,0,0,0
2026-01-08 01:45:00,7.126,1.808,431.94,0,,0,0,0,1.0887,-2.1385,1.1185,0,0,0,0,0,0
2026-01-08 02:00:00,7.171,2.273,430.39,0,,0,0,0,1.4642,-0.6413,0.9568,0,0,0,0,0,0
2026-01-08 02:15:00,7.156,1.86,430.58,0,,0,0,0,1.3582,-1.9601,0.9804,0,0,0,0,0,0
2026-01-08 02:30:00,7.182,1.918,432.53,0,,0,0,0,1.5495,-1.7692,1.1742,0,0,0,0,0,0
2026-01-08 02:45:00,7.087,2.044,427.16,0,,0,0,0,0.7535,-1.3684,0.652,0,0,0,0,0,0
2026-01-08 03:00:00,7.084,2.439,422.97,0,,0,0,0,0.7334,-0.1138,0.2398,0,0,0,0,0,0
2026-01-08 03:15:00,7.075,2.359,429.37,0,,0,0,0,0.6739,-0.3902,0.8633,0,0,0,0,0,0
2026-01-08 03:30:00,7.131,2.209,424.53,0,,0,0,0,1.1313,-0.8887,0.3907,0,0,0,0,0,0
2026-01-08 03:45:00,7.158,2.154,424.31,0,,0,0,0,1.3446,-1.0734,0.3723,0,0,0,0,0,0
2026-01-08 04:00:00,7.052,1.821,425.43,0,,0,0,0,0.4738,-2.1067,0.4809,0,0,0,0,0,0
2026-01-08 04:15:00,7.045,2.124,423.82,0,,0,0,0,0.409,-1.1621,0.3303,0,0,0,0,0,0
2026-01-08 04:30:00,7.073,2.021,429.03,0,,0,0,0,0.6365,-1.4875,0.8378,0,0,0,0,0,0
2026-01-08 04:45:00,7.036,1.985,423.19,0,,0,0,0,0.3246,-1.592,0.2537,0,0,0,0,0,0
2026-01-08 05:00:00,7.086,2.137,427.75,0,,0,0,0,0.7364,-1.0889,0.6972,0,0,0,0,0,0
2026-01-08 05:15:00,6.917,2.051,423.17,0,,0,0,0,-0.6664,-1.3539,0.2466,0,0,0,0,0,0
2026-01-08 05:30:00,6.978,2.261,421.21,0,,0,0,0,-0.1507,-0.6835,0.055,0,0,0,0,0,0
2026-01-08 05:45:00,6.971,1.851,421.42,0,,0,0,0,-0.2141,-1.9733,0.0765,0,0,0,0,0,0
2026-01-08 06:00:00,6.884,2.165,414.83,0,,0,0,0,-0.9281,-0.978,-0.5624,0,0,0,0,0,0
2026-01-08 06:15:00,6.942,2.036,420.57,0,,0,0,0,-0.4413,-1.3745,-0.0019,0,0,0,0,0,0
2026-01-08 06:30:00,6.935,2.121,421.83,0,,0,0,0,-0.4901,-1.1229,0.1175,0,0,0,0,0,0
2026-01-08 06:45:00,6.961,2.245,421.62,0,,0,0,0,-0.2751,-0.7197,0.099,0,0,0,0,0,0
2026-01-08 07:00:00,7.017,2.05,411.49,0,,0,0,0,0.1855,-1.3339,-0.9085,0,0,0,0,0,0
2026-01-08 07:15:00,6.94,2.261,410.07,0,,0,0,0,-0.4551,-0.6638,-1.0386,0,0,0,0,0,0
2026-01-08 07:30:00,6.891,2.225,413.26,0,,0,0,0,-0.8536,-0.7795,-0.7143,0,0,0,0,0,0
2026-01-08 07:45:00,6.931,2.179,420.23,0,,0,0,0,-0.5178,-0.9227,-0.0284,0,0,0,0,0,0
2026-01-08 08:00:00,6.977,2.229,414.88,0,,0,0,0,-0.1481,-0.7515,-0.5531,0,0,0,0,0,0
2026-01-08 08:15:00,6.868,2.3,410.23,0,,0,0,0,-1.051,-0.5105,-1.0005,0,0,0,0,0,0
2026-01-08 08:30:00,6.863,2.232,406.88,0,,0,0,0,-1.0939,-0.717,-1.3244,0,0,0,0,0,0
2026-01-08 08:45:00,6.929,2.372,409.35,0,,0,0,0,-0.5443,-0.272,-1.0683,0,0,0,0,0,0
2026-01-08 09:00:00,6.883,2.355,408.51,0,,0,0,0,-0.9401,-0.3218,-1.1544,0,0,0,0,0,0
2026-01-08 09:15:00,6.92,2.33,414.72,0,,0,0,0,-0.63,-0.3952,-0.5622,0,0,0,0,0,0
2026-01-08 09:30:00,6.88,2.686,414.53,0,,0,0,0,-0.9741,0.7306,-0.5845,0,0,0,0,0,0
2026-01-08 09:45:00,6.91,2.536,405.82,0,,0,0,0,-0.7366,0.2432,-1.4353,0,0,0,0,0,0
2026-01-08 10:00:00,6.818,2.443,412.62,0,,0,0,0,-1.501,-0.0528,-0.7717,0,0,0,0,0,0
2026-01-08 10:15:00,6.865,2.548,411.84,0,,0,0,0,-1.1007,0.287,-0.85,0,0,0,0,0,0
2026-01-08 10:30:00,6.851,2.398,404.19,0,,0,0,0,-1.2237,-0.1969,-1.5714,0,0,0,0,0,0
2026-01-08 10:45:00,6.797,2.513,408.3,0,,0,0,0,-1.6477,0.1706,-1.167,0,0,0,0,0,0
2026-01-08 11:00:00,6.777,2.556,409.77,0,,0,0,0,-1.7962,0.3137,-1.0332,0,0,0,0,0,0
2026-01-08 11:15:00,6.887,2.442,408.88,0,,0,0,0,-0.8888,-0.0465,-1.1155,0,0,0,0,0,0
2026-01-08 11:30:00,6.834,2.711,401.26,0,,0,0,0,-1.3229,0.8297,-1.8419,0,0,0,0,0,0
2026-01-08 11:45:00,6.799,2.601,408.55,0,,0,0,0,-1.6073,0.4683,-1.1305,0,0,0,0,0,0
2026-01-08 12:00:00,6.845,2.647,410.55,0,,0,0,0,-1.2208,0.6423,-0.9423,0,0,0,0,0,0
2026-01-08 12:15:00,6.907,2.637,414.34,0,,0,0,0,-0.7218,0.6033,-0.5832,0,0,0,0,0,0
2026-01-08 12:30:00,6.737,3.187,405.43,0,,0,0,0,-2.0974,2.3169,-1.4629,0,0,0,0,0,0
2026-01-08 12:45:00,6.778,2.664,406.05,0,,0,0,0,-1.7244,0.6518,-1.4268,0,0,0,0,0,0
2026-01-08 13:00:00,6.809,2.473,407.57,0,,0,0,0,-1.4754,0.0452,-1.2924,0,0,0,0,0,0
2026-01-08 13:15:00,6.931,2.561,409.8,0,,0,0,0,-0.5159,0.3369,-1.0589,0,0,0,0,0,0
2026-01-08 13:30:00,6.876,2.931,409.3,0,,0,0,0,-0.9611,1.5165,-1.1216,0,0,0,0,0,0
2026-01-08 13:45:00,6.904,3.033,411.65,0,,0,0,0,-0.7209,1.8151,-0.8857,0,0,0,0,0,0
2026-01-08 14:00:00,6.813,2.744,405.11,0,,0,0,0,-1.4588,0.898,-1.5329,0,0,0,0,0,0
2026-01-08 14:15:00,6.819,3.051,411.61,0,,0,0,0,-1.4211,1.8528,-0.8901,0,0,0,0,0,0
2026-01-08 14:30:00,6.903,2.981,407.51,0,,0,0,0,-0.7359,1.6158,-1.2926,0,0,0,0,0,0
2026-01-08 14:45:00,6.89,2.85,410.4,0,,0,0,0,-0.8457,1.2251,-0.9925,0,0,0,0,0,0
2026-01-08 15:00:00,6.921,2.847,418.35,0,,0,0,0,-0.5943,1.2166,-0.2096,0,0,0,0,0,0
2026-01-08 15:15:00,6.892,2.919,406.49,0,,0,0,0,-0.842,1.4286,-1.3697,0,0,0,0,0,0
2026-01-08 15:30:00,6.923,3.028,411.58,0,,0,0,0,-0.5826,1.7322,-0.8584,0,0,0,0,0,0
2026-01-08 15:45:00,6.925,2.959,408.23,0,,0,0,0,-0.564,1.5105,-1.1815,0,0,0,0,0,0
2026-01-08 16:00:00,6.964,2.798,414.61,0,,0,0,0,-0.2519,1.0099,-0.5521,0,0,0,0,0,0
2026-01-08 16:15:00,6.974,2.873,418.89,0,,0,0,0,-0.1688,1.2277,-0.1341,0,0,0,0,0,0
2026-01-08 16:30:00,6.862,3.194,416.09,0,,0,0,0,-1.0835,2.172,-0.4047,0,0,0,0,0,0
2026-01-08 16:45:00,6.839,2.93,415.68,0,,0,0,0,-1.2542,1.3554,-0.445,0,0,0,0,0,0
2026-01-08 17:00:00,7.011,3.017,422.21,0,,0,0,0,0.1592,1.6249,0.1863,0,0,0,0,0,0
2026-01-08 17:15:00,7.03,2.96,418.98,0,,0,0,0,0.3103,1.4486,-0.1349,0,0,0,0,0,0
2026-01-08 17:30:00,6.929,2.911,421.71,0,,0,0,0,-0.5156,1.298,0.1262,0,0,0,0,0,0
2026-01-08 17:45:00,6.897,2.875,422.08,0,,0,0,0,-0.7784,1.1793,0.156,0,0,0,0,0,0
2026-01-08 18:00:00,7.005,2.981,408.5,0,,0,0,0,0.1117,1.4923,-1.1568,0,0,0,0,0,0
2026-01-08 18:15:00,7.056,2.94,420.48,0,,0,0,0,0.5254,1.3617,0.0114,0,0,0,0,0,0
2026-01-08 18:30:00,7.109,2.857,417.25,0,,0,0,0,0.962,1.1074,-0.2976,0,0,0,0,0,0
2026-01-08 18:45:00,7.055,2.697,419.02,0,,0,0,0,0.5141,0.6426,-0.1197,0,0,0,0,0,0
2026-01-08 19:00:00,7.02,2.841,429.0,0,,0,0,0,0.2365,1.0524,0.8413,0,0,0,0,0,0
2026-01-08 19:15:00,7.004,2.754,422.36,0,,0,0,0,0.1033,0.787,0.1925,0,0,0,0,0,0
2026-01-08 19:30:00,7.058,2.697,432.16,0,,0,0,0,0.5531,0.6154,1.1299,0,0,0,0,0,0
2026-01-08 19:45:00,7.051,3.124,419.68,0,,0,0,0,0.4987,1.827,-0.0738,0,0,0,0,0,0
2026-01-08 20:00:00,7.024,2.469,421.67,0,,0,0,0,0.2754,-0.0542,0.1194,0,0,0,0,0,0
2026-01-08 20:15:00,7.186,2.821,429.72,0,,0,0,0,1.5955,0.9631,0.9051,0,0,0,0,0,0
2026-01-08 20:30:00,7.181,2.524,425.94,0,,0,0,0,1.5464,0.1048,0.5326,0,0,0,0,0,0
2026-01-08 20:45:00,7.156,2.648,429.14,0,,0,0,0,1.3269,0.4656,0.8568,0,0,0,0,0,0
2026-01-08 21:00:00,7.06,2.989,428.04,0,,0,0,0,0.5421,1.4247,0.7519,0,0,0,0,0,0
2026-01-08 21:15:00,7.156,2.434,428.45,0,,0,0,0,1.3125,-0.1637,0.8005,0,0,0,0,0,0
2026-01-08 21:30:00,7.151,2.444,428.3,0,,0,0,0,1.2577,-0.1302,0.7944,0,0,0,0,0,0
2026-01-08 21:45:00,7.147,2.524,430.7,0,,0,0,0,1.218,0.0986,1.0355,0,0,0,0,0,0
2026-01-08 22:00:00,7.192,2.373,432.96,0,,0,0,0,1.5616,-0.3327,1.2715,0,0,0,0,0,0
2026-01-08 22:15:00,7.166,2.606,437.22,0,,0,0,0,1.3337,0.3304,1.6633,0,0,0,0,0,0
2026-01-08 22:30:00,7.176,2.368,430.28,0,,0,0,0,1.39,-0.3486,0.9809,0,0,0,0,0,0
2026-01-08 22:45:00,7.174,2.52,429.79,0,,0,0,0,1.3725,0.0825,0.9293,0,0,0,0,0,0
2026-01-08 23:00:00,7.162,2.197,429.5,0,,0,0,0,1.2704,-0.8352,0.8931,0,0,0,0,0,0
2026-01-08 23:15:00,7.058,2.1,437.65,0,,0,0,0,0.4583,-1.1071,1.664,0,0,0,0,0,0
2026-01-08 23:30:00,7.153,2.313,434.66,0,,0,0,0,1.2035,-0.4992,1.39,0,0,0,0,0,0
2026-01-08 23:45:00,7.122,2.088,424.38,0,,0,0,0,0.9689,-1.1321,0.3957,0,0,0,0,0,0
2026-01-09 00:00:00,7.086,2.528,424.23,0,,0,0,0,0.6907,0.1048,0.4047,0,0,0,0,0,0
2026-01-09 00:15:00,7.234,2.048,428.65,0,,0,0,0,1.8108,-1.2501,0.8745,0,0,0,0,0,0
2026-01-09 00:30:00,7.235,2.101,432.82,0,,0,0,0,1.8044,-1.0859,1.3408,0,0,0,0,0,0
2026-01-09 00:45:00,7.215,2.298,431.64,0,,0,0,0,1.6373,-0.5322,1.2436,0,0,0,0,0,0
2026-01-09 01:00:00,7.158,2.129,433.65,0,,0,0,0,1.2277,-1.0081,1.4868,0,0,0,0,0,0
2026-01-09 01:15:00,7.21,1.972,430.66,0,,0,0,0,1.6174,-1.4388,1.1717,0,0,0,0,0,0
2026-01-09 01:30:00,7.139,2.489,436.68,0,,0,0,0,1.0744,0.0044,1.7991,0,0,0,0,0,0
2026-01-09 01:45:00,7.145,2.017,433.85,0,,0,0,0,1.1173,-1.3408,1.4906,0,0,0,0,0,0
2026-01-09 02:00:00,7.075,2.124,430.7,0,,0,0,0,0.5906,-1.0291,1.1548,0,0,0,0,0,0
2026-01-09 02:15:00,7.145,2.11,434.56,0,,0,0,0,1.1355,-1.0876,1.5515,0,0,0,0,0,0
2026-01-09 02:30:00,7.122,2.237,422.92,0,,0,0,0,0.9675,-0.7427,0.3347,0,0,0,0,0,0
2026-01-09 02:45:00,7.048,2.191,428.68,0,,0,0,0,0.3935,-0.8844,0.946,0,0,0,0,0,0
2026-01-09 03:00:00,7.104,1.99,429.04,0,,0,0,0,0.8289,-1.4387,0.9732,0,0,0,0,0,0
2026-01-09 03:15:00,7.095,2.059,430.32,0,,0,0,0,0.7561,-1.2226,1.1066,0,0,0,0,0,0
2026-01-09 03:30:00,7.181,2.069,420.44,0,,0,0,0,1.4161,-1.185,0.0649,0,0,0,0,0,0
2026-01-09 03:45:00,7.128,2.213,425.63,0,,0,0,0,1.0097,-0.779,0.6133,0,0,0,0,0,0
2026-01-09 04:00:00,7.076,1.925,427.6,0,,0,0,0,0.6023,-1.6101,0.8182,0,0,0,0,0,0
2026-01-09 04:15:00,7.079,2.404,427.22,0,,0,0,0,0.6221,-0.2498,0.7726,0,0,0,0,0,0
2026-01-09 04:30:00,7.06,1.99,429.34,0,,0,0,0,0.4758,-1.4375,0.9956,0,0,0,0,0,0
2026-01-09 04:45:00,7.038,2.106,426.9,0,,0,0,0,0.3046,-1.1132,0.7325,0,0,0,0,0,0
2026-01-09 05:00:00,6.985,1.94,422.86,0,,0,0,0,-0.0993,-1.5741,0.3135,0,0,0,0,0,0
2026-01-09 05:15:00,7.022,1.927,425.04,0,,0,0,0,0.1807,-1.599,0.5412,0,0,0,0,0,0
2026-01-09 05:30:00,6.982,1.999,420.76,0,,0,0,0,-0.1318,-1.3753,0.0902,0,0,0,0,0,0
2026-01-09 05:45:00,6.947,1.996,421.37,0,,0,0,0,-0.4028,-1.3976,0.1546,0,0,0,0,0,0
2026-01-09 06:00:00,7.026,2.091,423.18,0,,0,0,0,0.2027,-1.1226,0.3367,0,0,0,0,0,0
2026-01-09 06:15:00,7.01,2.021,419.03,0,,0,0,0,0.072,-1.3201,-0.0999,0,0,0,0,0,0
2026-01-09 06:30:00,6.891,2.287,419.88,0,,0,0,0,-0.8554,-0.5727,-0.008,0,0,0,0,0,0
2026-01-09 06:45:00,6.965,2.082,421.5,0,,0,0,0,-0.277,-1.1466,0.1633,0,0,0,0,0,0
2026-01-09 07:00:00,7.011,2.083,419.74,0,,0,0,0,0.0834,-1.1461,-0.0318,0,0,0,0,0,0
2026-01-09 07:15:00,7.005,2.177,421.08,0,,0,0,0,0.0312,-0.8751,0.0987,0,0,0,0,0,0
2026-01-09 07:30:00,6.994,2.405,424.72,0,,0,0,0,-0.0636,-0.2349,0.4752,0,0,0,0,0,0
2026-01-09 07:45:00,6.936,2.31,417.5,0,,0,0,0,-0.5202,-0.5101,-0.2933,0,0,0,0,0,0
2026-01-09 08:00:00,6.883,2.285,412.15,0,,0,0,0,-0.9253,-0.5836,-0.8599,0,0,0,0,0,0
2026-01-09 08:15:00,6.862,2.108,415.38,0,,0,0,0,-1.0887,-1.0777,-0.5238,0,0,0,0,0,0
2026-01-09 08:30:00,6.926,2.176,414.57,0,,0,0,0,-0.5955,-0.8818,-0.6247,0,0,0,0,0,0
2026-01-09 08:45:00,6.92,2.18,414.54,0,,0,0,0,-0.6416,-0.8619,-0.6372,0,0,0,0,0,0
2026-01-09 09:00:00,6.958,2.593,417.49,0,,0,0,0,-0.3506,0.2981,-0.3296,0,0,0,0,0,0
2026-01-09 09:15:00,6.942,2.502,404.24,0,,0,0,0,-0.4791,0.0359,-1.7441,0,0,0,0,0,0
2026-01-09 09:30:00,6.874,2.319,416.54,0,,0,0,0,-1.0151,-0.4712,-0.4185,0,0,0,0,0,0
2026-01-09 09:45:00,6.813,2.389,417.42,0,,0,0,0,-1.4754,-0.2687,-0.3407,0,0,0,0,0,0
2026-01-09 10:00:00,6.854,2.376,411.88,0,,0,0,0,-1.1621,-0.3034,-0.9459,0,0,0,0,0,0
2026-01-09 10:15:00,6.876,2.393,411.61,0,,0,0,0,-0.9912,-0.2507,-0.975,0,0,0,0,0,0
2026-01-09 10:30:00,6.851,2.621,407.95,0,,0,0,0,-1.1877,0.3873,-1.3892,0,0,0,0,0,0
2026-01-09 10:45:00,6.829,2.535,408.66,0,,0,0,0,-1.3686,0.1435,-1.3122,0,0,0,0,0,0
2026-01-09 11:00:00,6.868,2.916,411.2,0,,0,0,0,-1.08,1.2007,-1.0357,0,0,0,0,0,0
2026-01-09 11:15:00,6.828,2.816,410.76,0,,0,0,0,-1.3863,0.9054,-1.0893,0,0,0,0,0,0
2026-01-09 11:30:00,6.82,2.849,410.99,0,,0,0,0,-1.4462,0.9903,-1.0952,0,0,0,0,0,0
2026-01-09 11:45:00,6.866,2.778,410.53,0,,0,0,0,-1.0958,0.7853,-1.1529,0,0,0,0,0,0
2026-01-09 12:00:00,6.83,2.637,411.59,0,,0,0,0,-1.3795,0.3942,-1.0356,0,0,0,0,0,0
2026-01-09 12:15:00,6.863,2.812,411.17,0,,0,0,0,-1.1091,0.8722,-1.0758,0,0,0,0,0,0
2026-01-09 12:30:00,6.865,2.691,404.01,0,,0,0,0,-1.1233,0.5617,-1.8767,0,0,0,0,0,0
2026-01-09 12:45:00,6.796,3.008,411.56,0,,0,0,0,-1.6868,1.4309,-1.0426,0,0,0,0,0,0
2026-01-09 13:00:00,6.831,2.843,415.84,0,,0,0,0,-1.4091,0.955,-0.5722,0,0,0,0,0,0
2026-01-09 13:15:00,6.93,2.84,408.53,0,,0,0,0,-0.6047,0.9344,-1.4065,0,0,0,0,0,0
2026-01-09 13:30:00,6.803,2.836,414.91,0,,0,0,0,-1.6168,0.9288,-0.6873,0,0,0,0,0,0
2026-01-09 13:45:00,6.76,3.094,405.57,0,,0,0,0,-1.9191,1.6379,-1.7387,0,0,0,0,0,0
2026-01-09 14:00:00,6.777,2.631,409.49,0,,0,0,0,-1.7727,0.3615,-1.3073,0,0,0,0,0,0
2026-01-09 14:15:00,6.877,3.134,407.46,0,,0,0,0,-0.9947,1.7454,-1.526,0,0,0,0,0,0
2026-01-09 14:30:00,6.883,2.842,416.0,0,,0,0,0,-0.9441,0.9482,-0.5661,0,0,0,0,0,0
2026-01-09 14:45:00,6.881,2.668,417.54,0,,0,0,0,-0.9586,0.4729,-0.3995,0,0,0,0,0,0
2026-01-09 15:00:00,6.955,2.774,411.12,0,,0,0,0,-0.3762,0.7714,-1.1305,0,0,0,0,0,0
2026-01-09 15:15:00,6.767,2.645,416.77,0,,0,0,0,-1.8302,0.4225,-0.4964,0,0,0,0,0,0
2026-01-09 15:30:00,6.928,2.995,419.3,0,,0,0,0,-0.5723,1.4074,-0.2107,0,0,0,0,0,0
2026-01-09 15:45:00,6.995,2.743,413.2,0,,0,0,0,-0.0543,0.7103,-0.9434,0,0,0,0,0,0
2026-01-09 16:00:00,6.869,2.925,414.52,0,,0,0,0,-1.0282,1.2165,-0.7863,0,0,0,0,0,0
2026-01-09 16:15:00,6.915,3.069,417.63,0,,0,0,0,-0.6635,1.6038,-0.415,0,0,0,0,0,0
2026-01-09 16:30:00,6.905,2.796,412.04,0,,0,0,0,-0.7472,0.8668,-1.0693,0,0,0,0,0,0
2026-01-09 16:45:00,6.907,2.852,416.58,0,,0,0,0,-0.7412,1.031,-0.5339,0,0,0,0,0,0
2026-01-09 17:00:00,6.945,2.691,425.47,0,,0,0,0,-0.4373,0.5879,0.5135,0,0,0,0,0,0
2026-01-09 17:15:00,7.042,2.821,415.66,0,,0,0,0,0.3218,0.9711,-0.6407,0,0,0,0,0,0
2026-01-09 17:30:00,7.072,3.256,421.85,0,,0,0,0,0.5452,2.1801,0.0894,0,0,0,0,0,0
2026-01-09 17:45:00,6.973,2.975,421.31,0,,0,0,0,-0.2375,1.3734,0.0267,0,0,0,0,0,0
2026-01-09 18:00:00,7.095,2.807,419.34,0,,0,0,0,0.7124,0.9082,-0.2216,0,0,0,0,0,0
2026-01-09 18:15:00,7.012,2.741,421.67,0,,0,0,0,0.0652,0.7305,0.055,0,0,0,0,0,0
2026-01-09 18:30:00,7.107,2.811,428.58,0,,0,0,0,0.811,0.9338,0.8632,0,0,0,0,0,0
2026-01-09 18:45:00,7.025,2.82,424.56,0,,0,0,0,0.17,0.9532,0.3778,0,0,0,0,0,0
2026-01-09 19:00:00,7.045,2.72,425.95,0,,0,0,0,0.3249,0.6727,0.5484,0,0,0,0,0,0
2026-01-09 19:15:00,7.066,2.843,430.26,0,,0,0,0,0.4841,1.0206,1.0468,0,0,0,0,0,0
2026-01-09 19:30:00,7.216,2.6,423.43,0,,0,0,0,1.6255,0.3281,0.2494,0,0,0,0,0,0
2026-01-09 19:45:00,7.109,2.578,421.12,0,,0,0,0,0.7908,0.2864,-0.0287,0,0,0,0,0,0
2026-01-09 20:00:00,7.04,2.756,433.07,0,,0,0,0,0.2571,0.7945,1.3729,0,0,0,0,0,0
2026-01-09 20:15:00,7.132,2.502,427.21,0,,0,0,0,0.9761,0.0656,0.6837,0,0,0,0,0,0
2026-01-09 20:30:00,7.073,2.762,430.88,0,,0,0,0,0.5318,0.8158,1.1078,0,0,0,0,0,0
2026-01-09 20:45:00,7.074,2.626,424.86,0,,0,0,0,0.5495,0.4203,0.4032,0,0,0,0,0,0
2026-01-09 21:00:00,7.151,2.329,430.04,0,,0,0,0,1.1409,-0.43,1.0126,0,0,0,0,0,0
2026-01-09 21:15:00,7.114,2.594,424.63,0,,0,0,0,0.858,0.3457,0.3784,0,0,0,0,0,0
2026-01-09 21:30:00,7.133,2.299,429.78,0,,0,0,0,1.0102,-0.5178,0.9859,0,0,0,0,0,0
2026-01-09 21:45:00,7.125,2.63,427.39,0,,0,0,0,0.9509,0.4518,0.7096,0,0,0,0,0,0
2026-01-09 22:00:00,7.147,2.463,426.88,0,,0,0,0,1.1334,-0.0415,0.6616,0,0,0,0,0,0
2026-01-09 22:15:00,7.156,2.752,429.55,0,,0,0,0,1.2067,0.8013,1.0052,0,0,0,0,0,0
2026-01-09 22:30:00,7.042,2.608,421.91,0,,0,0,0,0.3178,0.3718,0.088,0,0,0,0,0,0
2026-01-09 22:45:00,7.175,2.263,426.72,0,,0,0,0,1.381,-0.6303,0.6825,0,0,0,0,0,0
2026-01-09 23:00:00,7.096,2.093,434.72,0,,0,0,0,0.7592,-1.1208,1.6428,0,0,0,0,0,0
2026-01-09 23:15:00,7.075,2.258,433.16,0,,0,0,0,0.5884,-0.6473,1.4734,0,0,0,0,0,0
2026-01-09 23:30:00,7.146,2.164,427.6,0,,0,0,0,1.1603,-0.915,0.8085,0,0,0,0,0,0
2026-01-09 23:45:00,7.154,2.597,434.17,0,,0,0,0,1.2183,0.3355,1.5917,0,0,0,0,0,0
2026-01-10 00:00:00,7.115,2.298,428.49,0,,0,0,0,0.9015,-0.535,0.8864,0,0,0,0,0,0
2026-01-10 00:15:00,7.191,2.418,434.86,0,,0,0,0,1.5225,-0.196,1.6405,0,0,0,0,0,0
2026-01-10 00:30:00,7.082,2.214,431.43,0,,0,0,0,0.6689,-0.8056,1.2301,0,0,0,0,0,0
2026-01-10 00:45:00,7.127,2.209,430.47,0,,0,0,0,1.0561,-0.8162,1.1171,0,0,0,0,0,0
2026-01-10 01:00:00,7.116,2.212,431.23,0,,0,0,0,0.9728,-0.8118,1.2176,0,0,0,0,0,0
2026-01-10 01:15:00,7.14,2.365,441.6,0,,0,0,0,1.189,-0.374,2.4087,0,0,0,0,0,0
2026-01-10 01:30:00,7.153,2.229,428.05,0,,0,0,0,1.2948,-0.772,0.8181,0,0,0,0,0,0
2026-01-10 01:45:00,7.084,2.009,431.67,0,,0,0,0,0.7262,-1.4302,1.2629,0,0,0,0,0,0
2026-01-10 02:00:00,7.166,2.397,433.52,0,,0,0,0,1.3968,-0.2786,1.4767,0,0,0,0,0,0
2026-01-10 02:15:00,7.128,2.097,426.13,0,,0,0,0,1.083,-1.1812,0.6026,0,0,0,0,0,0
2026-01-10 02:30:00,7.024,2.062,423.14,0,,0,0,0,0.2231,-1.2739,0.2372,0,0,0,0,0,0
2026-01-10 02:45:00,7.015,1.697,426.62,0,,0,0,0,0.1505,-2.2941,0.6662,0,0,0,0,0,0
2026-01-10 03:00:00,7.105,2.209,431.52,0,,0,0,0,0.9076,-0.8114,1.2581,0,0,0,0,0,0
2026-01-10 03:15:00,7.088,2.123,426.54,0,,0,0,0,0.7656,-1.0689,0.6585,0,0,0,0,0,0
2026-01-10 03:30:00,7.086,2.118,426.38,0,,0,0,0,0.7645,-1.0871,0.6301,0,0,0,0,0,0
2026-01-10 03:45:00,7.082,2.04,430.31,0,,0,0,0,0.7374,-1.3049,1.0989,0,0,0,0,0,0
2026-01-10 04:00:00,7.086,2.014,422.77,0,,0,0,0,0.7702,-1.3898,0.1887,0,0,0,0,0,0
2026-01-10 04:15:00,7.114,2.045,424.95,0,,0,0,0,1.0031,-1.2765,0.4583,0,0,0,0,0,0
2026-01-10 04:30:00,7.002,2.173,418.54,0,,0,0,0,0.0558,-0.9136,-0.3126,0,0,0,0,0,0
2026-01-10 04:45:00,6.99,2.204,425.14,0,,0,0,0,-0.0422,-0.8277,0.5006,0,0,0,0,0,0
2026-01-10 05:00:00,6.984,2.079,424.02,0,,0,0,0,-0.0932,-1.2086,0.3612,0,0,0,0,0,0
2026-01-10 05:15:00,7.044,2.264,425.52,0,,0,0,0,0.416,-0.6775,0.5448,0,0,0,0,0,0
2026-01-10 05:30:00,7.082,2.119,416.99,0,,0,0,0,0.7288,-1.1232,-0.4976,0,0,0,0,0,0
2026-01-10 05:45:00,6.988,2.066,420.02,0,,0,0,0,-0.0734,-1.2897,-0.1241,0,0,0,0,0,0
2026-01-10 06:00:00,6.875,2.183,414.89,0,,0,0,0,-1.0156,-0.9407,-0.7409,0,0,0,0,0,0
2026-01-10 06:15:00,6.905,1.964,418.23,0,,0,0,0,-0.7504,-1.601,-0.3311,0,0,0,0,0,0
2026-01-10 06:30:00,6.939,2.218,424.36,0,,0,0,0,-0.4692,-0.8265,0.4126,0,0,0,0,0,0
2026-01-10 06:45:00,6.943,1.968,416.38,0,,0,0,0,-0.4331,-1.5725,-0.5552,0,0,0,0,0,0
2026-01-10 07:00:00,6.941,2.063,411.43,0,,0,0,0,-0.4434,-1.2844,-1.1408,0,0,0,0,0,0
2026-01-10 07:15:00,6.954,1.933,413.42,0,,0,0,0,-0.329,-1.6518,-0.8863,0,0,0,0,0,0
2026-01-10 07:30:00,6.927,2.23,408.96,0,,0,0,0,-0.5501,-0.7584,-1.3918,0,0,0,0,0,0
2026-01-10 07:45:00,6.986,2.519,409.51,0,,0,0,0,-0.0574,0.0948,-1.3051,0,0,0,0,0,0
2026-01-10 08:00:00,6.891,2.282,416.68,0,,0,0,0,-0.8601,-0.611,-0.4624,0,0,0,0,0,0
2026-01-10 08:15:00,6.874,2.42,407.55,0,,0,0,0,-1.0058,-0.211,-1.5237,0,0,0,0,0,0
2026-01-10 08:30:00,6.933,2.7,413.94,0,,0,0,0,-0.5079,0.6137,-0.7696,0,0,0,0,0,0
2026-01-10 08:45:00,6.824,2.432,412.19,0,,0,0,0,-1.4088,-0.2008,-0.9704,0,0,0,0,0,0
2026-01-10 09:00:00,6.913,2.282,409.39,0,,0,0,0,-0.6577,-0.6429,-1.279,0,0,0,0,0,0
2026-01-10 09:15:00,6.892,2.328,411.89,0,,0,0,0,-0.8267,-0.4981,-1.0107,0,0,0,0,0,0
2026-01-10 09:30:00,6.874,2.448,406.73,0,,0,0,0,-0.9769,-0.141,-1.5882,0,0,0,0,0,0
2026-01-10 09:45:00,6.955,2.379,413.39,0,,0,0,0,-0.317,-0.3487,-0.8041,0,0,0,0,0,0
2026-01-10 10:00:00,6.839,2.416,406.81,0,,0,0,0,-1.2924,-0.2385,-1.5512,0,0,0,0,0,0
2026-01-10 10:15:00,6.968,2.674,407.69,0,,0,0,0,-0.2148,0.5302,-1.4366,0,0,0,0,0,0
2026-01-10 10:30:00,6.85,2.706,406.89,0,,0,0,0,-1.2135,0.6231,-1.5243,0,0,0,0,0,0
2026-01-10 10:45:00,6.794,2.331,411.39,0,,0,0,0,-1.6765,-0.4981,-1.016,0,0,0,0,0,0
2026-01-10 11:00:00,6.859,2.481,410.59,0,,0,0,0,-1.1271,-0.0341,-1.1064,0,0,0,0,0,0
2026-01-10 11:15:00,6.799,2.559,397.74,0,,0,0,0,-1.6233,0.2115,-2.4964,0,0,0,0,0,0
2026-01-10 11:30:00,6.814,2.743,409.12,0,,0,0,0,-1.4958,0.7777,-1.2198,0,0,0,0,0,0
2026-01-10 11:45:00,6.87,2.848,401.05,0,,0,0,0,-1.0274,1.0938,-2.072,0,0,0,0,0,0
2026-01-10 12:00:00,6.878,3.105,406.63,0,,0,0,0,-0.9693,1.8309,-1.4453,0,0,0,0,0,0
2026-01-10 12:15:00,6.819,2.652,407.59,0,,0,0,0,-1.4552,0.48,-1.3306,0,0,0,0,0,0
2026-01-10 12:30:00,6.901,2.681,406.69,0,,0,0,0,-0.7733,0.5677,-1.438,0,0,0,0,0,0
2026-01-10 12:45:00,6.911,2.852,410.23,0,,0,0,0,-0.7079,1.0941,-1.0497,0,0,0,0,0,0
2026-01-10 13:00:00,6.927,2.681,411.29,0,,0,0,0,-0.5852,0.5839,-0.9261,0,0,0,0,0,0
2026-01-10 13:15:00,6.884,2.78,405.54,0,,0,0,0,-0.9471,0.8886,-1.538,0,0,0,0,0,0
2026-01-10 13:30:00,6.93,2.755,405.67,0,,0,0,0,-0.5722,0.817,-1.4977,0,0,0,0,0,0
2026-01-10 13:45:00,6.771,2.439,409.09,0,,0,0,0,-1.9548,-0.1297,-1.143,0,0,0,0,0,0
2026-01-10 14:00:00,6.854,2.865,403.43,0,,0,0,0,-1.2551,1.1806,-1.7262,0,0,0,0,0,0
2026-01-10 14:15:00,6.832,2.831,408.11,0,,0,0,0,-1.4367,1.1022,-1.2312,0,0,0,0,0,0
2026-01-10 14:30:00,6.887,3.06,415.87,0,,0,0,0,-0.957,1.7952,-0.4064,0,0,0,0,0,0
2026-01-10 14:45:00,6.859,2.88,404.95,0,,0,0,0,-1.197,1.2214,-1.5337,0,0,0,0,0,0
2026-01-10 15:00:00,6.886,2.698,410.15,0,,0,0,0,-0.9514,0.6631,-0.9859,0,0,0,0,0,0
2026-01-10 15:15:00,6.995,2.854,409.72,0,,0,0,0,-0.0262,1.1327,-1.0181,0,0,0,0,0,0
2026-01-10 15:30:00,6.9,2.583,420.72,0,,0,0,0,-0.8646,0.3161,0.1277,0,0,0,0,0,0
2026-01-10 15:45:00,6.937,2.718,411.18,0,,0,0,0,-0.5309,0.7381,-0.8636,0,0,0,0,0,0
2026-01-10 16:00:00,6.913,2.995,412.08,0,,0,0,0,-0.75,1.594,-0.766,0,0,0,0,0,0
2026-01-10 16:15:00,6.937,2.862,410.57,0,,0,0,0,-0.5398,1.1998,-0.9114,0,0,0,0,0,0
2026-01-10 16:30:00,6.943,3.035,415.45,0,,0,0,0,-0.4911,1.7167,-0.4109,0,0,0,0,0,0
2026-01-10 16:45:00,6.974,2.597,417.22,0,,0,0,0,-0.222,0.3667,-0.228,0,0,0,0,0,0
2026-01-10 17:00:00,7.019,2.85,413.35,0,,0,0,0,0.1734,1.147,-0.6164,0,0,0,0,0,0
2026-01-10 17:15:00,7.053,2.807,421.61,0,,0,0,0,0.4763,1.0141,0.2343,0,0,0,0,0,0
2026-01-10 17:30:00,6.996,3.013,419.52,0,,0,0,0,-0.0263,1.6909,0.0198,0,0,0,0,0,0
2026-01-10 17:45:00,7.02,2.96,422.62,0,,0,0,0,0.1844,1.5249,0.3402,0,0,0,0,0,0
2026-01-10 18:00:00,6.942,2.943,418.69,0,,0,0,0,-0.5016,1.4583,-0.067,0,0,0,0,0,0
2026-01-10 18:15:00,7.005,3.064,421.76,0,,0,0,0,0.065,1.8033,0.2515,0,0,0,0,0,0
2026-01-10 18:30:00,7.067,2.762,420.71,0,,0,0,0,0.6278,0.8684,0.1518,0,0,0,0,0,0
2026-01-10 18:45:00,7.073,3.001,428.17,0,,0,0,0,0.6759,1.5933,0.9232,0,0,0,0,0,0
2026-01-10 19:00:00,7.049,2.626,423.57,0,,0,0,0,0.4596,0.4399,0.4481,0,0,0,0,0,0
2026-01-10 19:15:00,7.093,2.602,423.89,0,,0,0,0,0.8511,0.3757,0.4911,0,0,0,0,0,0
2026-01-10 19:30:00,7.082,2.856,422.76,0,,0,0,0,0.7785,1.1499,0.3736,0,0,0,0,0,0
2026-01-10 19:45:00,7.126,2.497,423.24,0,,0,0,0,1.1766,0.0433,0.4213,0,0,0,0,0,0
2026-01-10 20:00:00,7.089,2.786,426.95,0,,0,0,0,0.8322,0.9349,0.8227,0,0,0,0,0,0
2026-01-10 20:15:00,7.066,2.692,429.95,0,,0,0,0,0.6331,0.6371,1.1328,0,0,0,0,0,0
2026-01-10 20:30:00,7.108,2.814,424.57,0,,0,0,0,1.0109,1.0098,0.5774,0,0,0,0,0,0
2026-01-10 20:45:00,6.952,2.62,428.42,0,,0,0,0,-0.4007,0.4131,0.978,0,0,0,0,0,0
2026-01-10 21:00:00,7.125,2.612,429.22,0,,0,0,0,1.1859,0.3796,1.0644,0,0,0,0,0,0
2026-01-10 21:15:00,6.93,2.654,430.46,0,,0,0,0,-0.5862,0.5065,1.1822,0,0,0,0,0,0
2026-01-10 21:30:00,7.033,2.453,422.69,0,,0,0,0,0.3746,-0.1169,0.376,0,0,0,0,0,0
2026-01-10 21:45:00,7.147,2.42,426.28,0,,0,0,0,1.4263,-0.2121,0.7573,0,0,0,0,0,0
2026-01-10 22:00:00,7.154,2.571,424.93,0,,0,0,0,1.489,0.2501,0.6177,0,0,0,0,0,0
2026-01-10 22:15:00,7.076,2.469,430.89,0,,0,0,0,0.7826,-0.0555,1.2453,0,0,0,0,0,0
2026-01-10 22:30:00,7.103,2.387,427.48,0,,0,0,0,1.0239,-0.3021,0.8754,0,0,0,0,0,0
2026-01-10 22:45:00,7.211,2.41,429.38,0,,0,0,0,2.0103,-0.2362,1.0697,0,0,0,0,0,0
2026-01-10 23:00:00,7.121,2.636,426.81,0,,0,0,0,1.1745,0.4502,0.8171,0,0,0,0,0,0
2026-01-10 23:15:00,7.259,2.305,430.16,0,,0,0,0,2.3608,-0.5855,1.1815,0,0,0,0,0,0
2026-01-10 23:30:00,7.149,2.276,427.4,0,,0,0,0,1.3753,-0.682,0.8875,0,0,0,0,0,0
2026-01-10 23:45:00,7.17,2.067,435.01,0,,0,0,0,1.5582,-1.3087,1.6959,0,0,0,0,0,0
2026-01-11 00:00:00,7.231,2.294,433.92,0,,0,0,0,2.057,-0.6028,1.5616,0,0,0,0,0,1
2026-01-11 00:15:00,7.118,2.376,432.58,0,,0,0,0,1.0818,-0.3464,1.428,0,0,0,0,0,1
2026-01-11 00:30:00,7.022,2.382,430.69,0,,0,0,0,0.2372,-0.3343,1.2296,0,0,0,0,0,1
2026-01-11 00:45:00,7.027,2.252,423.62,0,,0,0,0,0.2929,-0.7418,0.4892,0,0,0,0,0,1
2026-01-11 01:00:00,6.99,2.361,429.76,0,,0,0,0,-0.0266,-0.4077,1.1498,0,0,0,0,0,1
2026-01-11 01:15:00,6.882,2.309,428.32,0,,0,0,0,-0.9793,-0.5682,1.0373,0,0,0,0,0,1
2026-01-11 01:30:00,6.896,2.35,432.08,0,,0,0,0,-0.835,-0.445,1.4381,0,0,0,0,0,1
2026-01-11 01:45:00,6.829,2.315,433.24,0,,0,0,0,-1.4123,-0.5708,1.559,0,0,0,0,0,1
2026-01-11 02:00:00,6.87,2.389,431.69,0,,0,0,0,-1.0221,-0.336,1.3964,0,0,0,0,0,1
2026-01-11 02:15:00,6.782,2.116,435.03,0,,0,0,0,-1.7798,-1.2028,1.7294,0,0,0,0,0,1
2026-01-11 02:30:00,6.722,1.931,427.25,0,,0,0,0,-2.2356,-1.773,0.8815,0,0,0,0,0,1
2026-01-11 02:45:00,6.686,2.221,426.58,0,,0,0,0,-2.4435,-0.9037,0.8094,0,0,0,0,0,1
2026-01-11 03:00:00,6.658,2.231,432.64,0,,0,0,0,-2.5666,-0.8725,1.4583,0,0,0,0,0,1
2026-01-11 03:15:00,6.632,2.343,428.58,0,,0,0,0,-2.6528,-0.5195,1.0173,0,0,0,0,0,1
2026-01-11 03:30:00,6.505,2.296,426.32,0,,1,0,0,-3.4106,-0.6833,0.7749,1,0,0,1,1,1
2026-01-11 03:45:00,6.457,2.393,434.05,0,,1,0,0,-3.4912,-0.3807,1.5908,1,0,0,1,1,1
2026-01-11 04:00:00,6.517,2.193,428.31,0,,0,0,0,-2.9,-1.0618,0.9683,1,0,0,0,1,1
2026-01-11 04:15:00,6.395,2.135,424.55,0,,1,0,0,-3.4606,-1.2654,0.5694,1,0,0,1,1,1
2026-01-11 04:30:00,6.297,1.896,421.85,0,,1,0,0,-3.7324,-2.0301,0.2788,1,0,0,1,1,1
2026-01-11 04:45:00,6.343,2.154,429.16,0,,1,0,0,-3.228,-1.1693,1.0468,1,0,0,1,1,1
2026-01-11 05:00:00,6.296,2.031,423.93,0,,1,0,0,-3.2522,-1.5714,0.4935,1,0,0,1,1,1
2026-01-11 05:15:00,6.148,2.153,422.44,0,,1,0,0,-3.6901,-1.1598,0.3398,1,0,0,1,1,1
2026-01-11 05:30:00,6.188,2.139,424.27,0,,1,0,0,-3.2617,-1.2076,0.5252,1,0,0,1,1,1
2026-01-11 05:45:00,6.166,2.212,424.31,0,,1,0,0,-3.1467,-0.978,0.5239,1,0,0,1,1,1
2026-01-11 06:00:00,6.1,2.139,422.2,0,,1,0,0,-3.2078,-1.2165,0.293,1,0,0,1,1,1
2026-01-11 06:15:00,6.064,2.308,422.75,0,,1,0,0,-3.141,-0.6788,0.346,1,0,0,1,1,1
2026-01-11 06:30:00,5.914,1.774,420.24,1,,1,0,0,-3.4443,-2.3945,0.0852,1,0,0,1,1,1
2026-01-11 06:45:00,5.953,2.228,419.88,1,,1,0,0,-3.0955,-0.9281,0.0433,1,0,0,1,1,1
2026-01-11 07:00:00,5.874,2.398,413.97,1,,1,0,0,-3.1507,-0.3804,-0.5869,1,0,0,1,1,1
2026-01-11 07:15:00,5.817,2.517,423.38,1,,1,0,0,-3.1246,-0.0021,0.4017,1,0,0,1,1,1
2026-01-11 07:30:00,5.837,2.366,410.47,1,,0,0,0,-2.8913,-0.5252,-0.9742,1,0,0,0,1,1
2026-01-11 07:45:00,5.82,2.531,415.93,1,,0,0,0,-2.7868,0.0407,-0.402,1,0,0,0,1,1
2026-01-11 08:00:00,5.789,2.325,408.65,1,,0,0,0,-2.7282,-0.6687,-1.1647,1,0,0,0,1,1
2026-01-11 08:15:00,5.719,2.324,412.94,1,,0,0,0,-2.7666,-0.6675,-0.7187,1,0,0,0,1,1
2026-01-11 08:30:00,5.601,2.426,410.41,1,,0,0,0,-2.9013,-0.3083,-0.9824,1,0,0,0,1,1
2026-01-11 08:45:00,5.578,2.371,412.63,1,,0,0,0,-2.8018,-0.4947,-0.7464,1,0,0,0,1,1
2026-01-11 09:00:00,5.554,2.279,412.88,1,,0,0,0,-2.7144,-0.8103,-0.7262,1,0,0,0,1,1
2026-01-11 09:15:00,5.476,2.345,407.15,1,,0,0,0,-2.7441,-0.5846,-1.3268,1,0,0,0,1,1
2026-01-11 09:30:00,5.432,2.281,410.36,1,,0,0,0,-2.6985,-0.7959,-0.9938,1,0,0,0,1,1
2026-01-11 09:45:00,5.423,2.553,415.6,1,,0,0,0,-2.5899,0.1291,-0.4363,1,0,0,0,1,1
2026-01-11 10:00:00,5.335,2.502,404.36,1,,0,0,0,-2.6356,-0.0488,-1.631,1,0,0,0,1,1
2026-01-11 10:15:00,5.259,2.472,405.82,1,,0,0,0,-2.6497,-0.1446,-1.4689,1,0,0,0,1,1
2026-01-11 10:30:00,5.232,2.467,412.36,1,,0,0,0,-2.5749,-0.1536,-0.7843,1,0,0,0,1,1
2026-01-11 10:45:00,5.243,2.654,408.95,1,,0,0,0,-2.4447,0.4788,-1.1436,0,0,0,0,0,1
2026-01-11 11:00:00,5.17,2.721,409.01,1,,0,0,0,-2.4615,0.6991,-1.1333,0,0,0,0,0,1
2026-01-11 11:15:00,5.146,2.459,412.32,1,,0,0,0,-2.3976,-0.1973,-0.8179,0,0,0,0,0,1
2026-01-11 11:30:00,5.123,2.46,404.93,1,,0,0,0,-2.3373,-0.1843,-1.611,0,0,0,0,0,1
2026-01-11 11:45:00,5.032,2.82,405.95,1,,0,0,0,-2.3808,1.0582,-1.5208,0,0,0,0,0,1
2026-01-11 12:00:00,5.088,2.494,405.43,1,,0,0,0,-2.2076,-0.0453,-1.5733,0,0,0,0,0,0
2026-01-11 12:15:00,5.148,2.804,406.63,1,,0,0,0,-2.0447,1.0383,-1.4385,0,0,0,0,0,0
2026-01-11 12:30:00,5.146,2.986,413.46,1,,0,0,0,-1.9812,1.6456,-0.7049,0,0,0,0,0,0
2026-01-11 12:45:00,5.36,3.007,401.43,1,,0,0,0,-1.6245,1.699,-1.9908,0,0,0,0,0,0
2026-01-11 13:00:00,5.343,2.894,403.63,1,,0,0,0,-1.6063,1.2932,-1.7232,0,0,0,0,0,0
2026-01-11 13:15:00,5.367,2.907,403.17,1,,0,0,0,-1.5328,1.3263,-1.7622,0,0,0,0,0,0
2026-01-11 13:30:00,5.479,3.155,414.52,1,,0,0,0,-1.3435,2.1107,-0.5645,0,0,0,0,0,0
2026-01-11 13:45:00,5.562,2.482,406.78,1,,0,0,0,-1.2016,-0.1311,-1.3932,0,0,0,0,0,0
2026-01-11 14:00:00,5.699,2.777,408.3,1,,0,0,0,-0.9907,0.8569,-1.2454,0,0,0,0,0,0
2026-01-11 14:15:00,5.766,2.986,403.56,1,,0,0,0,-0.8802,1.5388,-1.7412,0,0,0,0,0,0
2026-01-11 14:30:00,5.847,2.819,409.43,1,,0,0,0,-0.7526,1.005,-1.0956,0,0,0,0,0,0
2026-01-11 14:45:00,5.979,3.065,414.44,1,,0,0,0,-0.5575,1.8064,-0.5762,0,0,0,0,0,0
2026-01-11 15:00:00,6.05,2.88,412.53,0,,0,0,0,-0.4479,1.1786,-0.7878,0,0,0,0,0,0
2026-01-11 15:15:00,6.134,2.912,411.66,0,,0,0,0,-0.32,1.2793,-0.8865,0,0,0,0,0,0
2026-01-11 15:30:00,6.225,2.855,406.44,0,,0,0,0,-0.1841,1.0756,-1.4231,0,0,0,0,0,0
2026-01-11 15:45:00,6.321,2.821,412.02,0,,0,0,0,-0.0413,0.9579,-0.8238,0,0,0,0,0,0
2026-01-11 16:00:00,6.272,2.818,414.59,0,,0,0,0,-0.1009,0.9614,-0.5506,0,0,0,0,0,0
2026-01-11 16:15:00,6.446,2.94,410.73,0,,0,0,0,0.1513,1.356,-0.9679,0,0,0,0,0,0
2026-01-11 16:30:00,6.442,2.78,418.03,0,,0,0,0,0.1536,0.849,-0.1824,0,0,0,0,0,0
2026-01-11 16:45:00,6.641,3.035,419.68,0,,0,0,0,0.4417,1.656,-0.0067,0,0,0,0,0,0
2026-01-11 17:00:00,6.726,2.984,414.78,0,,0,0,0,0.5686,1.476,-0.5389,0,0,0,0,0,0
2026-01-11 17:15:00,6.866,3.044,420.56,0,,0,0,0,0.7729,1.6461,0.0881,0,0,0,0,0,0
2026-01-11 17:30:00,6.962,2.7,417.99,0,,0,0,0,0.9109,0.5555,-0.1884,0,0,0,0,0,0
2026-01-11 17:45:00,7.0,2.604,423.8,0,,0,0,0,0.9658,0.2576,0.4391,0,0,0,0,0,0
2026-01-11 18:00:00,6.975,2.846,428.14,0,,0,0,0,0.9292,1.0612,0.8943,0,0,0,0,0,0
2026-01-11 18:15:00,7.034,3.267,416.41,0,,0,0,0,1.0126,2.4088,-0.3636,0,0,0,0,0,0
2026-01-11 18:30:00,6.993,3.007,424.64,0,,0,0,0,0.9562,1.5395,0.5178,0,0,0,0,0,0
2026-01-11 18:45:00,7.029,2.718,427.56,0,,0,0,0,1.0091,0.624,0.8331,0,0,0,0,0,0
2026-01-11 19:00:00,7.088,2.847,419.22,0,,0,0,0,1.0922,1.0313,-0.0597,0,0,0,0,0,0
2026-01-11 19:15:00,7.02,2.873,421.56,0,,0,0,0,0.9972,1.0996,0.1951,0,0,0,0,0,0
2026-01-11 19:30:00,7.098,2.538,422.25,0,,0,0,0,1.1084,0.0318,0.2701,0,0,0,0,0,0
2026-01-11 19:45:00,7.1,2.928,424.78,0,,0,0,0,1.1121,1.2694,0.5408,0,0,0,0,0,0
2026-01-11 20:00:00,7.027,2.675,424.57,0,,0,0,0,1.0095,0.4618,0.5217,0,0,0,0,0,0
2026-01-11 20:15:00,7.132,2.663,425.87,0,,0,0,0,1.1577,0.4244,0.6694,0,0,0,0,0,0
2026-01-11 20:30:00,7.126,2.657,430.66,0,,0,0,0,1.1485,0.4118,1.1747,0,0,0,0,0,0
2026-01-11 20:45:00,7.104,2.8,420.33,0,,0,0,0,1.1122,0.8648,0.0711,0,0,0,0,0,0
2026-01-11 21:00:00,7.068,2.49,424.59,0,,0,0,0,1.0626,-0.1294,0.5397,0,0,0,0,0,0
2026-01-11 21:15:00,7.07,2.322,431.7,0,,0,0,0,1.0613,-0.6585,1.3088,0,0,0,0,0,0
2026-01-11 21:30:00,7.092,2.601,431.73,0,,0,0,0,1.0908,0.2339,1.291,0,0,0,0,0,0
2026-01-11 21:45:00,7.152,2.22,425.74,0,,0,0,0,1.1761,-0.9804,0.6473,0,0,0,0,0,0
2026-01-11 22:00:00,7.082,2.455,432.63,0,,0,0,0,1.0787,-0.224,1.3688,0,0,0,0,0,0
2026-01-11 22:15:00,7.156,2.652,436.07,0,,0,0,0,1.1815,0.4003,1.7158,0,0,0,0,0,0
2026-01-11 22:30:00,7.076,2.535,430.89,0,,0,0,0,1.0684,0.0211,1.1594,0,0,0,0,0,0
2026-01-11 22:45:00,7.132,2.578,427.33,0,,0,0,0,1.151,0.1533,0.7878,0,0,0,0,0,0
2026-01-11 23:00:00,7.15,2.49,435.09,0,,0,0,0,1.1757,-0.1239,1.5818,0,0,0,0,0,0
2026-01-11 23:15:00,7.269,2.733,438.66,0,,0,0,0,1.3451,0.6413,1.919,0,0,0,0,0,0
2026-01-11 23:30:00,7.08,2.259,428.35,0,,0,0,0,1.0778,-0.8784,0.8542,0,0,0,0,0,0
2026-01-11 23:45:00,7.223,2.383,432.13,0,,0,0,0,1.2799,-0.4966,1.2521,0,0,0,0,0,0
2026-01-12 00:00:00,7.157,2.234,436.36,0,Post-event inspection after pH alarm – acid neutralised,0,0,0,1.1885,-0.9758,1.6803,0,0,0,0,0,0
2026-01-12 00:15:00,7.17,2.421,432.44,0,,0,0,0,1.2052,-0.3726,1.2767,0,0,0,0,0,0
2026-01-12 00:30:00,7.155,2.247,424.91,0,,0,0,0,1.1793,-0.9283,0.5094,0,0,0,0,0,0
2026-01-12 00:45:00,7.169,2.494,433.54,0,,0,0,0,1.1943,-0.14,1.3795,0,0,0,0,0,0
2026-01-12 01:00:00,7.137,2.138,427.68,0,,0,0,0,1.144,-1.2772,0.782,0,0,0,0,0,0
2026-01-12 01:15:00,7.215,2.41,426.28,0,,0,0,0,1.2434,-0.406,0.6413,0,0,0,0,0,0
2026-01-12 01:30:00,7.116,2.272,424.18,0,,0,0,0,1.0972,-0.8468,0.4366,0,0,0,0,0,0
2026-01-12 01:45:00,7.191,2.163,435.52,0,,0,0,0,1.1913,-1.1867,1.6045,0,0,0,0,0,0
2026-01-12 02:00:00,7.098,2.235,427.05,0,,0,0,0,1.0547,-0.9475,0.7378,0,0,0,0,0,0
2026-01-12 02:15:00,7.122,2.18,431.31,0,,0,0,0,1.0786,-1.1281,1.1909,0,0,0,0,0,0
2026-01-12 02:30:00,7.065,2.184,431.84,0,,0,0,0,0.9907,-1.1386,1.2351,0,0,0,0,0,0
2026-01-12 02:45:00,7.136,2.09,429.67,0,,0,0,0,1.0771,-1.4311,1.0033,0,0,0,0,0,0
2026-01-12 03:00:00,7.178,2.008,429.67,0,,0,0,0,1.1209,-1.6712,1.0103,0,0,0,0,0,0
2026-01-12 03:15:00,7.095,2.057,429.44,0,,0,0,0,0.9961,-1.4903,0.9846,0,0,0,0,0,0
2026-01-12 03:30:00,7.081,1.851,427.86,0,,0,0,0,0.9643,-2.083,0.8177,0,0,0,0,0,0
2026-01-12 03:45:00,7.028,2.227,423.63,0,,0,0,0,0.8807,-0.9105,0.3941,0,0,0,0,0,0
2026-01-12 04:00:00,7.064,1.915,422.6,0,,0,0,0,0.9177,-1.8402,0.2934,0,0,0,0,0,0
2026-01-12 04:15:00,6.987,2.068,424.89,0,,0,0,0,0.8031,-1.3684,0.534,0,0,0,0,0,0
2026-01-12 04:30:00,7.012,2.201,424.09,0,,0,0,0,0.8237,-0.9881,0.447,0,0,0,0,0,0
2026-01-12 04:45:00,7.06,2.234,425.57,0,,0,0,0,0.8742,-0.8913,0.6085,0,0,0,0,0,0
2026-01-12 05:00:00,7.105,1.847,427.51,0,,0,0,0,0.9188,-2.0585,0.8073,0,0,0,0,0,0
2026-01-12 05:15:00,7.17,2.107,423.72,0,,0,0,0,0.9863,-1.2604,0.4068,0,0,0,0,0,0
2026-01-12 05:30:00,6.99,2.199,418.32,0,,0,0,0,0.7362,-0.9837,-0.155,0,0,0,0,0,0
2026-01-12 05:45:00,7.082,2.149,412.06,0,,0,0,0,0.842,-1.1321,-0.7991,0,0,0,0,0,0
2026-01-12 06:00:00,7.012,2.355,416.92,0,,0,0,0,0.7365,-0.5137,-0.2826,0,0,0,0,0,0
2026-01-12 06:15:00,6.983,2.044,413.84,0,,0,0,0,0.6852,-1.4464,-0.5957,0,0,0,0,0,0
2026-01-12 06:30:00,7.002,1.875,415.51,0,,0,0,0,0.6953,-1.977,-0.4149,0,0,0,0,0,0
2026-01-12 06:45:00,6.974,2.321,418.63,0,,0,0,0,0.6449,-0.6159,-0.0864,0,0,0,0,0,0
2026-01-12 07:00:00,6.967,2.137,417.23,0,,0,0,0,0.6217,-1.1646,-0.2371,0,0,0,0,0,0
2026-01-12 07:15:00,6.931,1.972,423.58,0,,0,0,0,0.5608,-1.6269,0.4294,0,0,0,0,0,0
2026-01-12 07:30:00,6.873,2.233,417.34,0,,0,0,0,0.4718,-0.836,-0.2343,0,0,0,0,0,0
2026-01-12 07:45:00,6.856,2.462,422.33,0,,0,0,0,0.4367,-0.1475,0.285,0,0,0,0,0,0
2026-01-12 08:00:00,6.958,2.111,416.86,0,,0,0,0,0.5573,-1.1858,-0.3031,0,0,0,0,0,0
2026-01-12 08:15:00,6.903,2.673,417.68,0,,0,0,0,0.4704,0.4781,-0.2218,0,0,0,0,0,0
2026-01-12 08:30:00,6.879,2.221,411.26,0,,0,0,0,0.424,-0.8598,-0.9072,0,0,0,0,0,0
2026-01-12 08:45:00,6.902,2.384,407.79,0,,0,0,0,0.44,-0.3761,-1.2647,0,0,0,0,0,0
2026-01-12 09:00:00,6.934,2.214,409.72,0,,0,0,0,0.4681,-0.8777,-1.0533,0,0,0,0,0,0
2026-01-12 09:15:00,6.896,2.428,410.93,0,,0,0,0,0.4006,-0.2458,-0.9341,0,0,0,0,0,0
2026-01-12 09:30:00,6.848,2.428,407.97,0,,0,0,0,0.3182,-0.2509,-1.242,0,0,0,0,0,0
2026-01-12 09:45:00,6.937,2.25,406.02,0,,0,0,0,0.4268,-0.7687,-1.4237,0,0,0,0,0,0
2026-01-12 10:00:00,6.949,2.924,411.28,0,,0,0,0,0.4275,1.2079,-0.8884,0,0,0,0,0,0
2026-01-12 10:15:00,6.89,2.452,405.22,0,,0,0,0,0.3245,-0.1805,-1.5274,0,0,0,0,0,0
2026-01-12 10:30:00,6.91,2.478,402.78,0,,0,0,0,0.3362,-0.1044,-1.7512,0,0,0,0,0,0
2026-01-12 10:45:00,6.92,2.723,404.15,0,,0,0,0,0.3333,0.6138,-1.5917,0,0,0,0,0,0
2026-01-12 11:00:00,6.912,2.876,407.47,0,,0,0,0,0.3018,1.0546,-1.2438,0,0,0,0,0,0
2026-01-12 11:15:00,6.884,2.798,404.27,0,,0,0,0,0.236,0.8131,-1.5503,0,0,0,0,0,0
2026-01-12 11:30:00,6.881,2.473,407.19,0,,0,0,0,0.2088,-0.1356,-1.2581,0,0,0,0,0,0
2026-01-12 11:45:00,6.876,2.709,410.43,0,,0,0,0,0.1755,0.5578,-0.9355,0,0,0,0,0,0
2026-01-12 12:00:00,6.795,2.418,410.3,0,,0,0,0,-0.0038,-0.291,-0.9603,0,0,0,0,0,0
2026-01-12 12:15:00,6.885,2.857,405.38,0,,0,0,0,0.1413,0.9896,-1.4674,0,0,0,0,0,0
2026-01-12 12:30:00,6.783,2.498,402.89,0,,0,0,0,-0.1059,-0.0442,-1.6915,0,0,0,0,0,0
2026-01-12 12:45:00,6.813,2.643,405.93,0,,0,0,0,-0.0782,0.3988,-1.3961,0,0,0,0,0,0
2026-01-12 13:00:00,6.92,2.782,411.03,0,,0,0,0,0.1373,0.8194,-0.887,0,0,0,0,0,0
2026-01-12 13:15:00,6.9,2.867,412.19,0,,0,0,0,0.0535,1.0764,-0.7856,0,0,0,0,0,0
2026-01-12 13:30:00,6.936,2.778,410.33,0,,0,0,0,0.1171,0.8354,-0.9738,0,0,0,0,0,0
2026-01-12 13:45:00,6.852,3.06,414.04,0,,0,0,0,-0.174,1.6514,-0.5964,0,0,0,0,0,0
2026-01-12 14:00:00,6.812,2.955,416.52,0,,0,0,0,-0.3612,1.3228,-0.3451,0,0,0,0,0,0
2026-01-12 14:15:00,6.863,2.955,408.09,0,,0,0,0,-0.2493,1.3256,-1.2594,0,0,0,0,0,0
2026-01-12 14:30:00,6.886,2.685,416.43,0,,0,0,0,-0.2243,0.5248,-0.3725,0,0,0,0,0,0
2026-01-12 14:45:00,6.891,3.134,409.94,0,,0,0,0,-0.2639,1.8608,-1.0651,0,0,0,0,0,0
2026-01-12 15:00:00,6.951,2.766,415.59,0,,0,0,0,-0.0477,0.7685,-0.4608,0,0,0,0,0,0
2026-01-12 15:15:00,6.883,3.153,414.92,0,,0,0,0,-0.4466,1.8976,-0.5382,0,0,0,0,0,0
2026-01-12 15:30:00,6.926,3.2,404.79,0,,0,0,0,-0.2843,1.9938,-1.6283,0,0,0,0,0,0
2026-01-12 15:45:00,6.867,2.976,409.47,0,,0,0,0,-0.7033,1.3296,-1.1171,0,0,0,0,0,0
2026-01-12 16:00:00,6.948,3.055,409.11,0,,0,0,0,-0.2799,1.5379,-1.1436,0,0,0,0,0,0
2026-01-12 16:15:00,6.934,2.437,407.56,0,,0,0,0,-0.4441,-0.2238,-1.3007,0,0,0,0,0,0
2026-01-12 16:30:00,6.905,2.867,418.93,0,,0,0,0,-0.7638,1.0157,-0.0893,0,0,0,0,0,0
2026-01-12 16:45:00,6.94,3.058,424.42,0,,0,0,0,-0.5277,1.5648,0.4903,0,0,0,0,0,0
2026-01-12 17:00:00,6.952,3.025,415.86,0,,0,0,0,-0.4587,1.4658,-0.4229,0,0,0,0,0,0
2026-01-12 17:15:00,6.957,2.696,421.08,0,,0,0,0,-0.426,0.5348,0.1328,0,0,0,0,0,0
2026-01-12 17:30:00,7.069,2.825,424.37,0,,0,0,0,0.5541,0.904,0.4759,0,0,0,0,0,0
2026-01-12 17:45:00,6.985,2.478,420.05,0,,0,0,0,-0.1867,-0.0995,0.0201,0,0,0,0,0,0
2026-01-12 18:00:00,6.988,2.908,419.9,0,,0,0,0,-0.1615,1.1449,0.0134,0,0,0,0,0,0
2026-01-12 18:15:00,6.905,2.55,419.8,0,,0,0,0,-0.8796,0.1325,-0.0011,0,0,0,0,0,0
2026-01-12 18:30:00,6.975,2.987,423.72,0,,0,0,0,-0.2617,1.4341,0.4198,0,0,0,0,0,0
2026-01-12 18:45:00,7.016,2.978,425.84,0,,0,0,0,0.1003,1.3878,0.6498,0,0,0,0,0,0
2026-01-12 19:00:00,7.005,2.712,424.95,0,,0,0,0,0.0111,0.6087,0.547,0,0,0,0,0,0
2026-01-12 19:15:00,7.117,2.842,425.57,0,,0,0,0,0.9858,0.9958,0.6079,0,0,0,0,0,0
2026-01-12 19:30:00,7.049,2.711,424.39,0,,0,0,0,0.3942,0.6008,0.4789,0,0,0,0,0,0
2026-01-12 19:45:00,7.131,2.759,418.94,0,,0,0,0,1.1104,0.7521,-0.0969,0,0,0,0,0,0
2026-01-12 20:00:00,7.078,2.528,429.59,0,,0,0,0,0.639,0.0694,1.0323,0,0,0,0,0,0
2026-01-12 20:15:00,7.085,2.77,421.53,0,,0,0,0,0.7074,0.7854,0.179,0,0,0,0,0,0
2026-01-12 20:30:00,7.087,2.407,429.78,0,,0,0,0,0.731,-0.2863,1.0616,0,0,0,0,0,0
2026-01-12 20:45:00,7.099,2.354,430.94,0,,0,0,0,0.8377,-0.4315,1.1652,0,0,0,0,0,0
2026-01-12 21:00:00,7.192,2.585,423.92,0,,0,0,0,1.627,0.2549,0.4215,0,0,0,0,0,0
2026-01-12 21:15:00,6.997,2.546,426.59,0,,0,0,0,-0.0671,0.1317,0.7145,0,0,0,0,0,0
2026-01-12 21:30:00,7.019,2.593,438.01,0,,0,0,0,0.1322,0.2724,1.9047,0,0,0,0,0,0
2026-01-12 21:45:00,7.098,2.429,429.66,0,,0,0,0,0.8337,-0.2249,1.0157,0,0,0,0,0,0
2026-01-12 22:00:00,7.131,2.783,425.51,0,,0,0,0,1.1153,0.8234,0.5916,0,0,0,0,0,0
2026-01-12 22:15:00,7.169,2.498,433.97,0,,0,0,0,1.4451,-0.0234,1.4959,0,0,0,0,0,0
2026-01-12 22:30:00,7.162,2.483,428.0,0,,0,0,0,1.3651,-0.0666,0.867,0,0,0,0,0,0
2026-01-12 22:45:00,7.123,2.452,423.68,0,,0,0,0,1.028,-0.1554,0.4112,0,0,0,0,0,0
2026-01-12 23:00:00,7.196,2.547,433.67,0,,0,0,0,1.6486,0.127,1.485,0,0,0,0,0,0
2026-01-12 23:15:00,7.199,2.458,428.1,0,,0,0,0,1.7024,-0.131,0.9156,0,0,0,0,0,0
2026-01-12 23:30:00,7.158,2.413,433.18,0,,0,0,0,1.3268,-0.2714,1.4549,0,0,0,0,0,0
2026-01-12 23:45:00,7.198,2.433,428.72,0,,0,0,0,1.6837,-0.2129,0.9796,0,0,0,0,0,0
2026-01-13 00:00:00,7.164,2.026,434.83,0,,0,0,0,1.3851,-1.4198,1.6519,0,0,0,0,0,0
2026-01-13 00:15:00,7.122,2.01,432.71,0,,0,0,0,1.0288,-1.4391,1.4193,0,0,0,0,0,0
2026-01-13 00:30:00,7.184,2.245,421.54,0,,0,0,0,1.5637,-0.7451,0.2036,0,0,0,0,0,0
2026-01-13 00:45:00,7.153,2.207,433.3,0,,0,0,0,1.297,-0.8452,1.4907,0,0,0,0,0,0
2026-01-13 01:00:00,7.145,2.304,430.43,0,,0,0,0,1.2252,-0.5674,1.1698,0,0,0,0,0,0
2026-01-13 01:15:00,7.216,2.202,437.03,0,,0,0,0,1.8457,-0.8591,1.848,0,0,0,0,0,0
2026-01-13 01:30:00,7.016,2.27,432.67,0,,0,0,0,0.1066,-0.6589,1.3585,0,0,0,0,0,0
2026-01-13 01:45:00,7.064,1.981,433.79,0,,0,0,0,0.5471,-1.4935,1.4841,0,0,0,0,0,0
2026-01-13 02:00:00,7.071,2.152,427.55,0,,0,0,0,0.6131,-0.989,0.8171,0,0,0,0,0,0
2026-01-13 02:15:00,7.107,1.94,426.82,0,,0,0,0,0.9368,-1.5853,0.7479,0,0,0,0,0,0
2026-01-13 02:30:00,7.106,2.188,429.42,0,,0,0,0,0.9215,-0.8689,1.0327,0,0,0,0,0,0
2026-01-13 02:45:00,7.037,1.839,427.58,0,,0,0,0,0.3184,-1.8487,0.839,0,0,0,0,0,0
2026-01-13 03:00:00,7.057,2.166,433.84,0,,0,0,0,0.5152,-0.9242,1.5001,0,0,0,0,0,0
2026-01-13 03:15:00,7.056,1.887,427.3,0,,0,0,0,0.5112,-1.7077,0.8034,0,0,0,0,0,0
2026-01-13 03:30:00,7.214,2.046,422.41,0,,0,0,0,1.9043,-1.2716,0.2854,0,0,0,0,0,0
2026-01-13 03:45:00,7.173,2.235,423.36,0,,0,0,0,1.5058,-0.7282,0.3881,0,0,0,0,0,0
2026-01-13 04:00:00,7.054,2.134,429.86,0,,0,0,0,0.4546,-1.0346,1.0745,0,0,0,0,0,0
2026-01-13 04:15:00,7.048,1.854,424.64,0,,0,0,0,0.3956,-1.8229,0.5154,0,0,0,0,0,0
2026-01-13 04:30:00,7.0,2.003,423.71,0,,0,0,0,-0.0277,-1.3795,0.4162,0,0,0,0,0,0
2026-01-13 04:45:00,6.953,1.882,428.1,0,,0,0,0,-0.4336,-1.693,0.8821,0,0,0,0,0,0
2026-01-13 05:00:00,7.033,1.859,419.45,0,,0,0,0,0.2818,-1.7593,-0.0345,0,0,0,0,0,0
2026-01-13 05:15:00,6.979,2.139,413.4,0,,0,0,0,-0.1823,-0.9711,-0.6716,0,0,0,0,0,0
2026-01-13 05:30:00,7.015,2.214,418.15,0,,0,0,0,0.1389,-0.76,-0.1621,0,0,0,0,0,0
2026-01-13 05:45:00,6.93,2.207,421.75,0,,0,0,0,-0.6112,-0.7826,0.2138,0,0,0,0,0,0
2026-01-13 06:00:00,6.962,2.244,419.0,0,,0,0,0,-0.3186,-0.6735,-0.0844,0,0,0,0,0,0
2026-01-13 06:15:00,6.998,2.166,412.97,0,,0,0,0,0.0037,-0.9009,-0.7319,0,0,0,0,0,0
2026-01-13 06:30:00,6.999,2.142,422.5,0,,0,0,0,0.0129,-0.9876,0.2854,0,0,0,0,0,0
2026-01-13 06:45:00,6.992,2.038,418.31,0,,0,0,0,-0.0517,-1.2678,-0.1652,0,0,0,0,0,0
2026-01-13 07:00:00,6.895,2.151,418.45,0,,0,0,0,-0.9136,-0.9471,-0.1515,0,0,0,0,0,0
2026-01-13 07:15:00,6.995,2.038,417.82,0,,0,0,0,-0.0239,-1.2741,-0.213,0,0,0,0,0,0
2026-01-13 07:30:00,6.903,2.13,410.21,0,,0,0,0,-0.8547,-1.0058,-1.0194,0,0,0,0,0,0
2026-01-13 07:45:00,6.965,2.291,415.9,0,,0,0,0,-0.3095,-0.5415,-0.4023,0,0,0,0,0,0
2026-01-13 08:00:00,6.924,2.282,417.63,0,,0,0,0,-0.6772,-0.5746,-0.2179,0,0,0,0,0,0
2026-01-13 08:15:00,6.848,2.783,417.89,0,,0,0,0,-1.3525,0.8502,-0.1903,0,0,0,0,0,0
2026-01-13 08:30:00,6.893,2.145,415.58,0,,0,0,0,-0.9498,-0.9625,-0.4441,0,0,0,0,0,0
2026-01-13 08:45:00,6.919,2.353,414.14,0,,0,0,0,-0.7179,-0.3703,-0.6101,0,0,0,0,0,0
2026-01-13 09:00:00,6.925,2.183,404.57,0,,0,0,0,-0.6625,-0.8518,-1.6271,0,0,0,0,0,0
2026-01-13 09:15:00,6.88,2.364,410.92,0,,0,0,0,-1.0655,-0.3359,-0.9453,0,0,0,0,0,0
2026-01-13 09:30:00,6.958,2.396,406.65,0,,0,0,0,-0.3764,-0.244,-1.3995,0,0,0,0,0,0
2026-01-13 09:45:00,6.926,2.601,415.15,0,,0,0,0,-0.6659,0.3278,-0.504,0,0,0,0,0,0
2026-01-13 10:00:00,6.857,2.433,414.13,0,,0,0,0,-1.2745,-0.1363,-0.6192,0,0,0,0,0,0
2026-01-13 10:15:00,6.903,2.497,405.44,0,,0,0,0,-0.8618,0.0458,-1.5632,0,0,0,0,0,0
2026-01-13 10:30:00,6.958,2.488,408.73,0,,0,0,0,-0.3708,0.0197,-1.2255,0,0,0,0,0,0
2026-01-13 10:45:00,6.956,2.368,409.63,0,,0,0,0,-0.393,-0.3142,-1.1434,0,0,0,0,0,0
2026-01-13 11:00:00,6.794,2.506,412.01,0,,0,0,0,-1.8242,0.0938,-0.8905,0,0,0,0,0,0
2026-01-13 11:15:00,6.807,2.571,401.53,0,,0,0,0,-1.6843,0.2898,-2.0423,0,0,0,0,0,0
2026-01-13 11:30:00,6.926,2.664,399.26,0,,0,0,0,-0.6375,0.5532,-2.2464,0,0,0,0,0,0
2026-01-13 11:45:00,6.797,2.761,408.18,0,,0,0,0,-1.7575,0.8319,-1.2689,0,0,0,0,0,0
2026-01-13 12:00:00,6.784,2.665,397.87,0,,0,0,0,-1.8673,0.5456,-2.3186,0,0,0,0,0,0
2026-01-13 12:15:00,6.826,2.684,408.66,0,,0,0,0,-1.4834,0.6085,-1.1841,0,0,0,0,0,0
2026-01-13 12:30:00,6.872,2.485,410.47,0,,0,0,0,-1.104,0.0309,-1.0118,0,0,0,0,0,0
2026-01-13 12:45:00,6.848,2.845,413.17,0,,0,0,0,-1.3253,1.0654,-0.7355,0,0,0,0,0,0
2026-01-13 13:00:00,6.823,2.678,405.92,0,,0,0,0,-1.5227,0.5871,-1.5079,0,0,0,0,0,0
2026-01-13 13:15:00,6.824,2.913,409.28,0,,0,0,0,-1.4947,1.2645,-1.1378,0,0,0,0,0,0
2026-01-13 13:30:00,6.826,3.015,411.52,0,,0,0,0,-1.4528,1.539,-0.8991,0,0,0,0,0,0
2026-01-13 13:45:00,6.821,2.804,404.53,0,,0,0,0,-1.4874,0.9512,-1.6225,0,0,0,0,0,0
2026-01-13 14:00:00,6.984,2.693,413.27,0,,0,0,0,-0.1047,0.6428,-0.6864,0,0,0,0,0,0
2026-01-13 14:15:00,6.89,2.856,411.12,0,,0,0,0,-0.9272,1.1262,-0.9217,0,0,0,0,0,0
2026-01-13 14:30:00,6.925,2.922,408.06,0,,0,0,0,-0.6273,1.3033,-1.2299,0,0,0,0,0,0
2026-01-13 14:45:00,6.863,2.831,411.54,0,,0,0,0,-1.1639,1.0623,-0.8644,0,0,0,0,0,0
2026-01-13 15:00:00,6.885,2.802,410.96,0,,0,0,0,-0.9621,0.9745,-0.9176,0,0,0,0,0,0
2026-01-13 15:15:00,6.865,2.977,415.21,0,,0,0,0,-1.1322,1.5107,-0.4685,0,0,0,0,0,0
2026-01-13 15:30:00,6.776,2.971,411.25,0,,0,0,0,-1.859,1.5201,-0.9026,0,0,0,0,0,0
2026-01-13 15:45:00,6.848,2.847,414.24,0,,0,0,0,-1.2409,1.1563,-0.5914,0,0,0,0,0,0
2026-01-13 16:00:00,6.834,2.652,411.52,0,,0,0,0,-1.3381,0.5861,-0.8882,0,0,0,0,0,0
2026-01-13 16:15:00,6.821,2.968,410.94,0,,0,0,0,-1.4241,1.524,-0.9585,0,0,0,0,0,0
2026-01-13 16:30:00,6.883,2.781,416.09,0,,0,0,0,-0.9027,0.9603,-0.3989,0,0,0,0,0,0
2026-01-13 16:45:00,7.018,2.924,412.56,0,,0,0,0,0.217,1.411,-0.765,0,0,0,0,0,0
2026-01-13 17:00:00,6.959,2.909,420.1,0,,0,0,0,-0.2763,1.3766,0.0422,0,0,0,0,0,0
2026-01-13 17:15:00,7.035,2.595,420.03,0,,0,0,0,0.3515,0.4095,0.0359,0,0,0,0,0,0
2026-01-13 17:30:00,7.001,2.882,415.37,0,,0,0,0,0.0737,1.294,-0.4565,0,0,0,0,0,0
2026-01-13 17:45:00,7.029,2.936,420.07,0,,0,0,0,0.304,1.4304,0.0503,0,0,0,0,0,0
2026-01-13 18:00:00,6.955,2.942,416.92,0,,0,0,0,-0.3118,1.4455,-0.2859,0,0,0,0,0,0
2026-01-13 18:15:00,7.036,2.85,414.37,0,,0,0,0,0.3546,1.1473,-0.5537,0,0,0,0,0,0
2026-01-13 18:30:00,7.056,2.521,419.18,0,,0,0,0,0.5144,0.1665,-0.0311,0,0,0,0,0,0
2026-01-13 18:45:00,7.0,2.992,422.14,0,,0,0,0,0.0473,1.6119,0.2925,0,0,0,0,0,0
2026-01-13 19:00:00,7.067,2.844,425.19,0,,0,0,0,0.6014,1.1487,0.6214,0,0,0,0,0,0
2026-01-13 19:15:00,7.077,2.583,424.46,0,,0,0,0,0.6905,0.3611,0.5442,0,0,0,0,0,0
2026-01-13 19:30:00,7.03,2.625,428.22,0,,0,0,0,0.2986,0.494,0.943,0,0,0,0,0,0
2026-01-13 19:45:00,7.01,2.757,421.38,0,,0,0,0,0.1425,0.901,0.2038,0,0,0,0,0,0
2026-01-13 20:00:00,7.016,2.802,424.49,0,,0,0,0,0.1991,1.0253,0.5469,0,0,0,0,0,0
2026-01-13 20:15:00,7.088,2.604,433.24,0,,0,0,0,0.8079,0.4251,1.4634,0,0,0,0,0,0
2026-01-13 20:30:00,7.108,2.777,419.58,0,,0,0,0,0.9736,0.9413,0.0141,0,0,0,0,0,0
2026-01-13 20:45:00,7.059,2.36,426.1,0,,0,0,0,0.5648,-0.3362,0.7251,0,0,0,0,0,0
2026-01-13 21:00:00,7.107,2.447,424.2,0,,0,0,0,0.9888,-0.0654,0.5191,0,0,0,0,0,0
2026-01-13 21:15:00,7.141,2.268,428.24,0,,0,0,0,1.2561,-0.6042,0.9528,0,0,0,0,0,0
2026-01-13 21:30:00,7.15,2.418,427.78,0,,0,0,0,1.3091,-0.1397,0.9306,0,0,0,0,0,0
2026-01-13 21:45:00,7.202,2.752,432.39,0,,0,0,0,1.7167,0.8694,1.4283,0,0,0,0,0,0
2026-01-13 22:00:00,7.194,2.809,431.41,0,,0,0,0,1.6324,1.0416,1.3055,0,0,0,0,0,0
2026-01-13 22:15:00,7.084,2.509,425.54,0,,0,0,0,0.7386,0.1269,0.6844,0,0,0,0,0,0
2026-01-13 22:30:00,7.223,2.352,428.73,0,,0,0,0,1.8723,-0.3472,1.0334,0,0,0,0,0,0
2026-01-13 22:45:00,7.115,2.389,431.36,0,,0,0,0,0.9838,-0.2324,1.3031,0,0,0,0,0,0
2026-01-13 23:00:00,7.197,2.467,434.55,0,,0,0,0,1.6596,0.0076,1.6471,0,0,0,0,0,0
2026-01-13 23:15:00,7.151,2.137,441.5,0,,0,0,0,1.2925,-0.9822,2.3292,0,0,0,0,0,0
2026-01-13 23:30:00,7.128,2.261,434.71,0,,0,0,0,1.1079,-0.6006,1.6028,0,0,0,0,0,0
2026-01-13 23:45:00,7.059,2.538,427.92,0,,0,0,0,0.5532,0.2338,0.8858,0,0,0,0,0,0
2026-01-14 00:00:00,7.141,2.143,431.62,0,,0,0,0,1.2506,-0.9684,1.2879,0,0,0,0,0,0
2026-01-14 00:15:00,7.072,2.165,432.7,0,,0,0,0,0.6738,-0.9116,1.403,0,0,0,0,0,0
2026-01-14 00:30:00,7.197,2.258,429.82,0,,0,0,0,1.7312,-0.6282,1.0806,0,0,0,0,0,0
2026-01-14 00:45:00,7.223,2.279,433.65,0,,0,0,0,1.9257,-0.5672,1.4848,0,0,0,0,0,0
2026-01-14 01:00:00,7.105,2.123,422.51,0,,0,0,0,0.9426,-1.0341,0.3171,0,0,0,0,0,0
2026-01-14 01:15:00,7.157,2.211,433.58,0,,0,0,0,1.3978,-0.7665,1.5094,0,0,0,0,0,0
2026-01-14 01:30:00,7.102,2.274,429.18,0,,0,0,0,0.9189,-0.5748,1.0468,0,0,0,0,0,0
2026-01-14 01:45:00,7.103,2.462,430.32,0,,0,0,0,0.9215,-0.0174,1.1798,0,0,0,0,0,0
2026-01-14 02:00:00,7.169,2.135,436.26,0,,0,0,0,1.4565,-1.0243,1.7894,0,0,0,0,0,0
2026-01-14 02:15:00,7.123,2.135,424.93,0,,0,0,0,1.0689,-1.0393,0.5816,0,0,0,0,0,0
2026-01-14 02:30:00,7.206,2.36,430.61,0,,0,0,0,1.733,-0.347,1.1863,0,0,0,0,0,0
2026-01-14 02:45:00,7.089,2.039,432.2,0,,0,0,0,0.7609,-1.3693,1.3434,0,0,0,0,0,0
2026-01-14 03:00:00,7.156,1.915,429.17,0,,0,0,0,1.2941,-1.7324,1.0335,0,0,0,0,0,0
2026-01-14 03:15:00,7.104,2.145,421.46,0,,0,0,0,0.8628,-1.0364,0.2162,0,0,0,0,0,0
2026-01-14 03:30:00,7.131,2.265,432.71,0,,0,0,0,1.101,-0.6699,1.3981,0,0,0,0,0,0
2026-01-14 03:45:00,7.061,2.155,425.82,0,,0,0,0,0.5396,-1.0145,0.6622,0,0,0,0,0,0
2026-01-14 04:00:00,7.073,2.085,423.89,0,,0,0,0,0.6371,-1.2325,0.4665,0,0,0,0,0,0
2026-01-14 04:15:00,7.061,1.884,424.07,0,,0,0,0,0.536,-1.8733,0.4865,0,0,0,0,0,0
2026-01-14 04:30:00,7.016,2.095,423.06,0,,0,0,0,0.1611,-1.2122,0.3795,0,0,0,0,0,0
2026-01-14 04:45:00,7.081,2.293,419.1,0,,0,0,0,0.6882,-0.6058,-0.0332,0,0,0,0,0,0
2026-01-14 05:00:00,7.071,1.929,423.77,0,,0,0,0,0.6012,-1.7959,0.4621,0,0,0,0,0,0
2026-01-14 05:15:00,7.059,2.085,419.95,0,,0,0,0,0.4945,-1.2834,0.0458,0,0,0,0,0,0
2026-01-14 05:30:00,7.096,2.072,424.25,0,,0,0,0,0.7907,-1.3138,0.4999,0,0,0,0,0,0
2026-01-14 05:45:00,7.082,2.037,422.86,0,,0,0,0,0.662,-1.4118,0.3495,0,0,0,0,0,0
2026-01-14 06:00:00,6.981,2.191,426.5,0,,0,0,0,-0.171,-0.9144,0.7291,0,0,0,0,0,0
2026-01-14 06:15:00,7.009,2.234,418.37,0,,0,0,0,0.0586,-0.7804,-0.146,0,0,0,0,0,0
2026-01-14 06:30:00,6.949,2.248,415.22,0,,0,0,0,-0.4307,-0.7414,-0.475,0,0,0,0,0,0
2026-01-14 06:45:00,6.972,2.053,411.78,0,,0,0,0,-0.2398,-1.3712,-0.833,0,0,0,0,0,0
2026-01-14 07:00:00,6.931,1.97,425.67,0,,0,0,0,-0.5813,-1.6194,0.6393,0,0,0,0,0,0
2026-01-14 07:15:00,7.033,2.276,418.79,0,,0,0,0,0.256,-0.6542,-0.0941,0,0,0,0,0,0
2026-01-14 07:30:00,6.961,2.181,412.64,0,,0,0,0,-0.3432,-0.964,-0.7534,0,0,0,0,0,0
2026-01-14 07:45:00,6.923,2.554,421.47,0,,0,0,0,-0.6524,0.2325,0.1829,0,0,0,0,0,0
2026-01-14 08:00:00,6.985,2.583,419.42,0,,0,0,0,-0.1466,0.3168,-0.038,0,0,0,0,0,0
2026-01-14 08:15:00,6.808,2.622,407.93,0,,0,0,0,-1.5982,0.4504,-1.2443,0,0,0,0,0,0
2026-01-14 08:30:00,6.808,2.206,409.68,0,,0,0,0,-1.5766,-0.9073,-1.0472,0,0,0,0,0,0
2026-01-14 08:45:00,6.941,2.457,411.56,0,,0,0,0,-0.4949,-0.0924,-0.8444,0,0,0,0,0,0
2026-01-14 09:00:00,6.897,2.527,407.23,0,,0,0,0,-0.8501,0.125,-1.3086,0,0,0,0,0,0
2026-01-14 09:15:00,6.9,2.536,410.59,0,,0,0,0,-0.8286,0.1488,-0.9528,0,0,0,0,0,0
2026-01-14 09:30:00,6.815,2.395,413.33,0,,0,0,0,-1.4929,-0.3141,-0.6758,0,0,0,0,0,0
2026-01-14 09:45:00,6.874,2.666,404.53,0,,0,0,0,-1.009,0.5728,-1.5813,0,0,0,0,0,0
2026-01-14 10:00:00,6.97,2.5,410.78,0,,0,0,0,-0.2486,0.0261,-0.9179,0,0,0,0,0,0
2026-01-14 10:15:00,6.907,2.545,413.91,0,,0,0,0,-0.7589,0.172,-0.6048,0,0,0,0,0,0
2026-01-14 10:30:00,6.87,2.322,410.51,0,,0,0,0,-1.0455,-0.5528,-0.9689,0,0,0,0,0,0
2026-01-14 10:45:00,6.836,2.675,408.33,0,,0,0,0,-1.2982,0.592,-1.1968,0,0,0,0,0,0
2026-01-14 11:00:00,6.835,2.564,405.74,0,,0,0,0,-1.3163,0.2269,-1.4528,0,0,0,0,0,0
2026-01-14 11:15:00,6.746,2.698,411.55,0,,0,0,0,-2.0071,0.6595,-0.8663,0,0,0,0,0,0
2026-01-14 11:30:00,6.864,2.688,403.39,0,,0,0,0,-1.0591,0.6257,-1.7582,0,0,0,0,0,0
2026-01-14 11:45:00,6.893,2.704,409.0,0,,0,0,0,-0.8456,0.6809,-1.1559,0,0,0,0,0,0
2026-01-14 12:00:00,6.771,2.693,408.1,0,,0,0,0,-1.8166,0.6436,-1.292,0,0,0,0,0,0
2026-01-14 12:15:00,6.817,2.84,412.53,0,,0,0,0,-1.4472,1.1132,-0.8119,0,0,0,0,0,0
2026-01-14 12:30:00,6.793,2.714,405.77,0,,0,0,0,-1.6179,0.6941,-1.544,0,0,0,0,0,0
2026-01-14 12:45:00,6.805,2.545,406.24,0,,0,0,0,-1.5122,0.1574,-1.4714,0,0,0,0,0,0
2026-01-14 13:00:00,6.858,2.868,403.44,0,,0,0,0,-1.1021,1.198,-1.7655,0,0,0,0,0,0
2026-01-14 13:15:00,6.754,2.679,410.39,0,,0,0,0,-1.8993,0.5973,-1.0143,0,0,0,0,0,0
2026-01-14 13:30:00,6.892,2.619,407.22,0,,0,0,0,-0.8304,0.4207,-1.3463,0,0,0,0,0,0
2026-01-14 13:45:00,6.903,2.679,405.79,0,,0,0,0,-0.7561,0.6264,-1.5056,0,0,0,0,0,0
2026-01-14 14:00:00,6.858,2.889,406.54,0,,0,0,0,-1.0953,1.31,-1.4054,0,0,0,0,0,0
2026-01-14 14:15:00,6.751,2.844,412.17,0,,0,0,0,-1.8964,1.1621,-0.8028,0,0,0,0,0,0
2026-01-14 14:30:00,6.831,2.55,406.07,0,,0,0,0,-1.26,0.2042,-1.452,0,0,0,0,0,0
2026-01-14 14:45:00,6.949,2.821,406.92,0,,0,0,0,-0.3602,1.1113,-1.3479,0,0,0,0,0,0
2026-01-14 15:00:00,6.755,3.062,415.1,0,,0,0,0,-1.8244,1.8833,-0.4823,0,0,0,0,0,0
2026-01-14 15:15:00,6.884,2.825,411.42,0,,0,0,0,-0.8433,1.1141,-0.8691,0,0,0,0,0,0
2026-01-14 15:30:00,6.85,2.872,416.52,0,,0,0,0,-1.1181,1.2802,-0.3324,0,0,0,0,0,0
2026-01-14 15:45:00,6.957,3.056,411.9,0,,0,0,0,-0.3048,1.8668,-0.8226,0,0,0,0,0,0
2026-01-14 16:00:00,6.891,3.019,414.0,0,,0,0,0,-0.8249,1.7074,-0.6023,0,0,0,0,0,0
2026-01-14 16:15:00,6.954,3.052,415.32,0,,0,0,0,-0.3483,1.8034,-0.4675,0,0,0,0,0,0
2026-01-14 16:30:00,6.971,2.481,420.96,0,,0,0,0,-0.2228,-0.038,0.1328,0,0,0,0,0,0
2026-01-14 16:45:00,7.044,3.152,421.37,0,,0,0,0,0.3512,2.1107,0.1675,0,0,0,0,0,0
2026-01-14 17:00:00,6.951,2.982,421.51,0,,0,0,0,-0.3818,1.5565,0.181,0,0,0,0,0,0
2026-01-14 17:15:00,6.99,3.248,415.14,0,,0,0,0,-0.0705,2.3184,-0.4994,0,0,0,0,0,0
2026-01-14 17:30:00,6.906,2.752,414.49,0,,0,0,0,-0.7236,0.7831,-0.5681,0,0,0,0,0,0
2026-01-14 17:45:00,7.05,2.594,422.26,0,,0,0,0,0.4077,0.3036,0.2652,0,0,0,0,0,0
2026-01-14 18:00:00,6.962,2.847,425.51,0,,0,0,0,-0.2851,1.1088,0.6042,0,0,0,0,0,0
2026-01-14 18:15:00,6.982,2.791,425.44,0,,0,0,0,-0.1234,0.9354,0.5844,0,0,0,0,0,0
2026-01-14 18:30:00,7.018,2.915,421.62,0,,0,0,0,0.1632,1.3038,0.1714,0,0,0,0,0,0
2026-01-14 18:45:00,6.951,2.962,425.25,0,,0,0,0,-0.3603,1.4546,0.5569,0,0,0,0,0,0
2026-01-14 19:00:00,7.05,2.77,426.09,0,,0,0,0,0.4207,0.8547,0.6456,0,0,0,0,0,0
2026-01-14 19:15:00,7.097,2.728,424.45,0,,0,0,0,0.7883,0.7157,0.4699,0,0,0,0,0,0
2026-01-14 19:30:00,7.072,2.822,425.36,0,,0,0,0,0.5873,1.0006,0.5719,0,0,0,0,0,0
2026-01-14 19:45:00,6.987,2.684,425.7,0,,0,0,0,-0.0786,0.5715,0.6025,0,0,0,0,0,0
2026-01-14 20:00:00,7.069,2.649,422.85,0,,0,0,0,0.5605,0.4683,0.299,0,0,0,0,0,0
2026-01-14 20:15:00,7.12,2.832,423.92,0,,0,0,0,0.9558,1.032,0.4283,0,0,0,0,0,0
2026-01-14 20:30:00,6.997,2.842,424.5,0,,0,0,0,0.0021,1.059,0.485,0,0,0,0,0,0
2026-01-14 20:45:00,7.045,2.791,421.52,0,,0,0,0,0.3807,0.8828,0.1681,0,0,0,0,0,0
2026-01-14 21:00:00,7.15,2.578,429.06,0,,0,0,0,1.1982,0.2144,0.9764,0,0,0,0,0,0
2026-01-14 21:15:00,7.126,2.257,428.86,0,,0,0,0,1.0128,-0.7858,0.9535,0,0,0,0,0,0
2026-01-14 21:30:00,7.14,2.53,432.57,0,,0,0,0,1.1245,0.0615,1.3406,0,0,0,0,0,0
2026-01-14 21:45:00,7.218,2.412,435.02,0,,0,0,0,1.7318,-0.2962,1.5937,0,0,0,0,0,0
2026-01-14 22:00:00,7.153,2.481,435.69,0,,0,0,0,1.2317,-0.0701,1.6491,0,0,0,0,0,0
2026-01-14 22:15:00,7.167,2.373,436.44,0,,0,0,0,1.3259,-0.4045,1.6932,0,0,0,0,0,0
2026-01-14 22:30:00,7.274,2.445,428.06,0,,0,0,0,2.1406,-0.1818,0.8174,0,0,0,0,0,0
2026-01-14 22:45:00,7.131,2.266,425.64,0,,0,0,0,1.0293,-0.7384,0.5733,0,0,0,0,0,0
2026-01-14 23:00:00,7.105,2.204,435.31,0,,0,0,0,0.8429,-0.9201,1.5887,0,0,0,0,0,0
2026-01-14 23:15:00,7.169,2.555,437.3,0,,0,0,0,1.339,0.1627,1.8198,0,0,0,0,0,0
2026-01-14 23:30:00,7.171,2.201,438.12,0,,0,0,0,1.3455,-0.9458,1.8907,0,0,0,0,0,0
2026-01-14 23:45:00,7.123,2.323,433.91,0,,0,0,0,0.9639,-0.5553,1.4294,0,0,0,0,0,0
2026-01-15 00:00:00,7.098,2.443,424.01,0,,0,0,0,0.7765,-0.1906,0.4038,0,0,0,0,0,0
2026-01-15 00:15:00,7.265,2.415,433.44,0,,0,0,0,2.0158,-0.2886,1.3955,0,0,0,0,0,0
2026-01-15 00:30:00,7.165,2.376,434.12,0,,0,0,0,1.2622,-0.4171,1.4538,0,0,0,0,0,0
2026-01-15 00:45:00,7.111,2.282,436.78,0,,0,0,0,0.869,-0.7159,1.7195,0,0,0,0,0,0
2026-01-15 01:00:00,7.191,2.326,437.31,0,,0,0,0,1.4681,-0.5864,1.7309,0,0,0,0,0,0
2026-01-15 01:15:00,7.137,2.405,435.0,0,,0,0,0,1.0579,-0.3418,1.4895,0,0,0,0,0,0
2026-01-15 01:30:00,7.126,2.246,428.74,0,,0,0,0,0.9699,-0.8507,0.8502,0,0,0,0,0,0
2026-01-15 01:45:00,7.163,1.892,426.65,0,,0,0,0,1.2425,-1.9282,0.6424,0,0,0,0,0,0
2026-01-15 02:00:00,7.065,2.074,432.53,0,,0,0,0,0.5074,-1.3505,1.2572,0,0,0,0,0,0
2026-01-15 02:15:00,7.142,2.246,426.81,0,,0,0,0,1.0957,-0.8177,0.6639,0,0,0,0,0,0
2026-01-15 02:30:00,7.215,2.036,435.42,0,,0,0,0,1.6529,-1.4531,1.5361,0,0,0,0,0,0
2026-01-15 02:45:00,7.136,2.364,422.2,0,,0,0,0,1.0405,-0.4462,0.1943,0,0,0,0,0,0
2026-01-15 03:00:00,7.087,2.104,430.75,0,,0,0,0,0.6753,-1.2834,1.0731,0,0,0,0,0,0
2026-01-15 03:15:00,7.074,2.12,429.19,0,,0,0,0,0.5789,-1.2305,0.9003,0,0,0,0,0,0
2026-01-15 03:30:00,7.071,2.272,426.48,0,,0,0,0,0.5628,-0.7481,0.633,0,0,0,0,0,0
2026-01-15 03:45:00,7.071,2.073,422.97,0,,0,0,0,0.5618,-1.3728,0.274,0,0,0,0,0,0
2026-01-15 04:00:00,7.056,2.126,417.75,0,,0,0,0,0.4477,-1.2085,-0.2591,0,0,0,0,0,0
2026-01-15 04:15:00,7.112,2.236,423.18,0,,0,0,0,0.8735,-0.8863,0.3035,0,0,0,0,0,0
2026-01-15 04:30:00,6.971,1.883,422.54,0,,0,0,0,-0.2084,-1.9937,0.2379,0,0,0,0,0,0
2026-01-15 04:45:00,7.091,2.065,428.3,0,,0,0,0,0.7142,-1.395,0.821,0,0,0,0,0,0
2026-01-15 05:00:00,7.02,2.238,419.97,0,,0,0,0,0.1723,-0.8703,-0.0337,0,0,0,0,0,0
2026-01-15 05:15:00,7.048,2.131,424.15,0,,0,0,0,0.389,-1.2173,0.3927,0,0,0,0,0,0
2026-01-15 05:30:00,6.963,2.351,416.4,0,,0,0,0,-0.2562,-0.5246,-0.3978,0,0,0,0,0,0
2026-01-15 05:45:00,7.076,1.905,422.71,0,,0,0,0,0.6179,-1.9509,0.2529,0,0,0,0,0,0
2026-01-15 06:00:00,7.062,1.9,411.05,0,,0,0,0,0.5025,-1.929,-0.9303,0,0,0,0,0,0
2026-01-15 06:15:00,7.038,2.283,427.6,0,,0,0,0,0.3147,-0.7172,0.7596,0,0,0,0,0,0
2026-01-15 06:30:00,6.905,2.313,417.87,0,,0,0,0,-0.707,-0.6251,-0.2412,0,0,0,0,0,0
2026-01-15 06:45:00,7.012,2.17,406.48,0,,0,0,0,0.1141,-1.0891,-1.3957,0,0,0,0,0,0
2026-01-15 07:00:00,6.981,2.277,414.02,0,,0,0,0,-0.1289,-0.7673,-0.6141,0,0,0,0,0,0
2026-01-15 07:15:00,6.872,2.348,412.64,0,,0,0,0,-0.9526,-0.5408,-0.7461,0,0,0,0,0,0
2026-01-15 07:30:00,6.941,2.134,412.78,0,,0,0,0,-0.4208,-1.2308,-0.7321,0,0,0,0,0,0
2026-01-15 07:45:00,6.952,2.172,413.23,0,,0,0,0,-0.3391,-1.0881,-0.6761,0,0,0,0,0,0
2026-01-15 08:00:00,6.953,2.328,411.35,0,,0,0,0,-0.3286,-0.577,-0.8549,0,0,0,0,0,0
2026-01-15 08:15:00,6.926,2.459,410.07,0,,0,0,0,-0.5507,-0.1508,-0.989,0,0,0,0,0,0
2026-01-15 08:30:00,6.923,2.172,408.06,0,,0,0,0,-0.5889,-1.0708,-1.1886,0,0,0,0,0,0
2026-01-15 08:45:00,6.975,2.342,415.38,0,,0,0,0,-0.1847,-0.5206,-0.4537,0,0,0,0,0,0
2026-01-15 09:00:00,6.955,2.36,416.32,0,,0,0,0,-0.3471,-0.4568,-0.371,0,0,0,0,0,0
2026-01-15 09:15:00,6.744,2.485,409.96,0,,0,0,0,-1.9577,-0.0548,-1.0196,0,0,0,0,0,0
2026-01-15 09:30:00,6.865,2.446,410.41,0,,0,0,0,-1.0326,-0.1815,-0.968,0,0,0,0,0,0
2026-01-15 09:45:00,6.867,2.392,405.52,0,,0,0,0,-1.0159,-0.3456,-1.4696,0,0,0,0,0,0
2026-01-15 10:00:00,6.782,2.687,409.89,0,,0,0,0,-1.6365,0.5929,-1.0218,0,0,0,0,0,0
2026-01-15 10:15:00,6.87,2.445,410.16,0,,0,0,0,-0.9584,-0.1782,-0.9871,0,0,0,0,0,0
2026-01-15 10:30:00,6.924,2.508,408.04,0,,0,0,0,-0.5526,0.0172,-1.1965,0,0,0,0,0,0
2026-01-15 10:45:00,6.804,2.339,410.22,0,,0,0,0,-1.4633,-0.5135,-0.9798,0,0,0,0,0,0
2026-01-15 11:00:00,6.872,2.496,409.64,0,,0,0,0,-0.9507,-0.0078,-1.0482,0,0,0,0,0,0
2026-01-15 11:15:00,6.807,2.706,404.01,0,,0,0,0,-1.4651,0.6654,-1.5989,0,0,0,0,0,0
2026-01-15 11:30:00,6.818,2.701,412.87,0,,0,0,0,-1.3704,0.6487,-0.7222,0,0,0,0,0,0
2026-01-15 11:45:00,6.924,2.767,407.2,0,,0,0,0,-0.5597,0.8568,-1.2972,0,0,0,0,0,0
2026-01-15 12:00:00,6.823,2.783,414.7,0,,0,0,0,-1.3497,0.903,-0.5422,0,0,0,0,0,0
2026-01-15 12:15:00,6.873,3.035,409.71,0,,0,0,0,-0.9723,1.6859,-1.0487,0,0,0,0,0,0
2026-01-15 12:30:00,6.758,2.631,415.99,0,,0,0,0,-1.8556,0.4107,-0.4209,0,0,0,0,0,0
2026-01-15 12:45:00,6.946,2.521,412.93,0,,0,0,0,-0.415,0.0629,-0.7507,0,0,0,0,0,0
2026-01-15 13:00:00,6.885,2.625,409.32,0,,0,0,0,-0.8971,0.4031,-1.1443,0,0,0,0,0,0
2026-01-15 13:15:00,6.849,2.695,405.74,0,,0,0,0,-1.2023,0.6257,-1.5063,0,0,0,0,0,0
2026-01-15 13:30:00,6.89,2.671,406.11,0,,0,0,0,-0.8761,0.547,-1.4638,0,0,0,0,0,0
2026-01-15 13:45:00,6.795,2.847,411.37,0,,0,0,0,-1.6049,1.097,-0.9276,0,0,0,0,0,0
2026-01-15 14:00:00,6.929,3.034,410.18,0,,0,0,0,-0.5598,1.6735,-1.0621,0,0,0,0,0,0
2026-01-15 14:15:00,6.859,3.09,407.67,0,,0,0,0,-1.1377,1.8202,-1.3154,0,0,0,0,0,0
2026-01-15 14:30:00,6.871,2.945,413.81,0,,0,0,0,-1.0491,1.3432,-0.6845,0,0,0,0,0,0
2026-01-15 14:45:00,6.863,3.2,411.13,0,,0,0,0,-1.1002,2.0782,-0.9792,0,0,0,0,0,0
2026-01-15 15:00:00,6.865,2.833,414.87,0,,0,0,0,-1.1092,0.9844,-0.5796,0,0,0,0,0,0
2026-01-15 15:15:00,6.936,2.647,408.19,0,,0,0,0,-0.539,0.4234,-1.2838,0,0,0,0,0,0
2026-01-15 15:30:00,6.921,3.055,416.69,0,,0,0,0,-0.6711,1.6556,-0.3804,0,0,0,0,0,0
2026-01-15 15:45:00,6.949,2.623,415.34,0,,0,0,0,-0.4409,0.3599,-0.5292,0,0,0,0,0,0
2026-01-15 16:00:00,6.925,2.787,418.79,0,,0,0,0,-0.6419,0.8817,-0.1671,0,0,0,0,0,0
2026-01-15 16:15:00,6.959,2.977,418.6,0,,0,0,0,-0.3632,1.4818,-0.1913,0,0,0,0,0,0
2026-01-15 16:30:00,6.922,2.881,415.07,0,,0,0,0,-0.6615,1.1602,-0.5615,0,0,0,0,0,0
2026-01-15 16:45:00,7.063,2.864,415.48,0,,0,0,0,0.4919,1.1335,-0.5104,0,0,0,0,0,0
2026-01-15 17:00:00,6.883,2.709,424.03,0,,0,0,0,-0.9723,0.6604,0.3985,0,0,0,0,0,0
2026-01-15 17:15:00,7.034,2.877,416.5,0,,0,0,0,0.2554,1.2353,-0.4059,0,0,0,0,0,0
2026-01-15 17:30:00,7.049,3.02,421.43,0,,0,0,0,0.3665,1.6725,0.1125,0,0,0,0,0,0
2026-01-15 17:45:00,6.948,2.862,417.69,0,,0,0,0,-0.4503,1.1474,-0.2821,0,0,0,0,0,0
2026-01-15 18:00:00,7.111,2.722,412.55,0,,0,0,0,0.866,0.7065,-0.8154,0,0,0,0,0,0
2026-01-15 18:15:00,7.06,2.645,415.88,0,,0,0,0,0.4437,0.4658,-0.4499,0,0,0,0,0,0
2026-01-15 18:30:00,7.068,2.696,423.19,0,,0,0,0,0.5039,0.6422,0.3283,0,0,0,0,0,0
2026-01-15 18:45:00,7.031,2.86,425.15,0,,0,0,0,0.1966,1.1834,0.5376,0,0,0,0,0,0
2026-01-15 19:00:00,7.028,2.834,424.74,0,,0,0,0,0.1742,1.094,0.4958,0,0,0,0,0,0
2026-01-15 19:15:00,7.038,2.644,428.44,0,,0,0,0,0.2612,0.4796,0.8837,0,0,0,0,0,0
2026-01-15 19:30:00,7.077,2.412,426.16,0,,0,0,0,0.5788,-0.2641,0.6398,0,0,0,0,0,0
2026-01-15 19:45:00,7.136,2.785,422.21,0,,0,0,0,1.0414,0.9524,0.2237,0,0,0,0,0,0
2026-01-15 20:00:00,7.084,2.565,428.38,0,,0,0,0,0.618,0.2364,0.8719,0,0,0,0,0,0
2026-01-15 20:15:00,7.038,2.78,427.35,0,,0,0,0,0.2532,0.9434,0.7571,0,0,0,0,0,0
2026-01-15 20:30:00,7.133,2.54,425.0,0,,0,0,0,1.0092,0.1681,0.5074,0,0,0,0,0,0
2026-01-15 20:45:00,7.145,2.48,429.8,0,,0,0,0,1.0914,-0.0193,1.0014,0,0,0,0,0,0
2026-01-15 21:00:00,7.139,2.627,428.8,0,,0,0,0,1.0451,0.4665,0.8966,0,0,0,0,0,0
2026-01-15 21:15:00,7.15,2.932,426.6,0,,0,0,0,1.1293,1.4428,0.6685,0,0,0,0,0,0
2026-01-15 21:30:00,7.105,2.665,428.81,0,,0,0,0,0.7727,0.559,0.9102,0,0,0,0,0,0
2026-01-15 21:45:00,7.078,2.547,435.63,0,,0,0,0,0.5746,0.1669,1.6313,0,0,0,0,0,0
2026-01-15 22:00:00,7.086,2.554,435.92,0,,0,0,0,0.6491,0.1874,1.6611,0,0,0,0,0,0
2026-01-15 22:15:00,7.053,2.211,431.52,0,,0,0,0,0.3911,-0.9301,1.2101,0,0,0,0,0,0
2026-01-15 22:30:00,7.15,2.279,431.32,0,,0,0,0,1.2281,-0.7002,1.1808,0,0,0,0,0,0
2026-01-15 22:45:00,7.138,2.045,425.63,0,,0,0,0,1.1254,-1.4444,0.5754,0,0,0,0,0,0
2026-01-15 23:00:00,7.123,2.656,438.47,0,,0,0,0,0.9959,0.5198,1.926,0,0,0,0,0,0
2026-01-15 23:15:00,6.999,2.601,435.91,0,,0,0,0,-0.0338,0.3395,1.6613,0,0,0,0,0,0
2026-01-15 23:30:00,7.086,2.406,434.91,0,,0,0,0,0.7199,-0.3017,1.5685,0,0,0,0,0,0
2026-01-15 23:45:00,7.206,2.343,422.88,0,,0,0,0,1.724,-0.508,0.3008,0,0,0,0,0,0
2026-01-16 00:00:00,7.117,2.067,432.16,0,,0,0,0,0.9652,-1.3815,1.2824,0,0,0,0,0,0
2026-01-16 00:15:00,7.168,2.245,431.47,0,,0,0,0,1.4287,-0.7985,1.2143,0,0,0,0,0,0
2026-01-16 00:30:00,7.079,2.525,434.63,0,,0,0,0,0.6753,0.0979,1.5515,0,0,0,0,0,0
2026-01-16 00:45:00,7.219,2.256,429.97,0,,0,0,0,1.8555,-0.7673,1.0712,0,0,0,0,0,0
2026-01-16 01:00:00,7.138,2.132,430.66,0,,0,0,0,1.1743,-1.1536,1.167,0,0,0,0,0,0
2026-01-16 01:15:00,7.157,1.936,433.84,0,,0,0,0,1.3333,-1.7376,1.5203,0,0,0,0,0,0
2026-01-16 01:30:00,7.255,2.39,427.99,0,,0,0,0,2.1251,-0.3125,0.8789,0,0,0,0,0,0
2026-01-16 01:45:00,7.21,2.157,428.47,0,,0,0,0,1.7298,-1.0713,0.928,0,0,0,0,0,0
2026-01-16 02:00:00,7.115,1.89,431.17,0,,0,0,0,0.9254,-1.9007,1.2285,0,0,0,0,0,0
2026-01-16 02:15:00,7.095,2.003,435.33,0,,0,0,0,0.7652,-1.5204,1.6568,0,0,0,0,0,0
2026-01-16 02:30:00,7.103,1.939,432.75,0,,0,0,0,0.8533,-1.7096,1.3857,0,0,0,0,0,0
2026-01-16 02:45:00,7.138,2.101,433.32,0,,0,0,0,1.1507,-1.1869,1.4203,0,0,0,0,0,0
2026-01-16 03:00:00,7.101,2.145,428.74,0,,0,0,0,0.8339,-1.0533,0.9296,0,0,0,0,0,0
2026-01-16 03:15:00,7.079,2.032,433.89,0,,0,0,0,0.6463,-1.3965,1.4727,0,0,0,0,0,0
2026-01-16 03:30:00,7.165,2.22,420.34,0,,0,0,0,1.3576,-0.8117,0.0209,0,0,0,0,0,0
2026-01-16 03:45:00,7.078,2.113,434.76,0,,0,0,0,0.6235,-1.1457,1.5446,0,0,0,0,0,0
2026-01-16 04:00:00,7.19,2.259,434.61,0,,0,0,0,1.5372,-0.7005,1.4925,0,0,0,0,0,0
2026-01-16 04:15:00,7.071,2.047,427.13,0,,0,0,0,0.5513,-1.3448,0.6985,0,0,0,0,0,0
2026-01-16 04:30:00,7.147,2.56,427.92,0,,0,0,0,1.1626,0.2223,0.7734,0,0,0,0,0,0
2026-01-16 04:45:00,7.066,2.023,423.71,0,,0,0,0,0.4937,-1.4631,0.3381,0,0,0,0,0,0
2026-01-16 05:00:00,7.087,1.978,422.27,0,,0,0,0,0.6608,-1.5798,0.1841,0,0,0,0,0,0
2026-01-16 05:15:00,6.993,1.967,419.9,0,,0,0,0,-0.1132,-1.5971,-0.0604,0,0,0,0,0,0
2026-01-16 05:30:00,6.977,2.099,421.37,0,,0,0,0,-0.2471,-1.174,0.0889,0,0,0,0,0,0
2026-01-16 05:45:00,7.033,1.883,423.01,0,,0,0,0,0.2213,-1.8333,0.2612,0,0,0,0,0,0
2026-01-16 06:00:00,7.049,2.198,421.68,0,,0,0,0,0.3554,-0.8896,0.1101,0,0,0,0,0,0
2026-01-16 06:15:00,6.992,1.882,427.16,0,,0,0,0,-0.1142,-1.8275,0.6909,0,0,0,0,0,0
2026-01-16 06:30:00,6.916,2.207,418.83,0,,0,0,0,-0.7473,-0.83,-0.1922,0,0,0,0,0,0
2026-01-16 06:45:00,6.903,1.997,411.7,0,,0,0,0,-0.8427,-1.4545,-0.96,0,0,0,0,0,0
2026-01-16 07:00:00,6.89,2.16,423.47,0,,0,0,0,-0.9384,-0.9548,0.2857,0,0,0,0,0,0
2026-01-16 07:15:00,6.863,2.327,411.26,0,,0,0,0,-1.1593,-0.4501,-1.0167,0,0,0,0,0,0
2026-01-16 07:30:00,6.948,2.602,413.17,0,,0,0,0,-0.4595,0.3665,-0.8135,0,0,0,0,0,0
2026-01-16 07:45:00,6.99,2.116,415.78,0,,0,0,0,-0.1167,-1.103,-0.5387,0,0,0,0,0,0
2026-01-16 08:00:00,6.924,2.277,415.67,0,,0,0,0,-0.6578,-0.6137,-0.5574,0,0,0,0,0,0
2026-01-16 08:15:00,6.804,2.215,407.55,0,,0,0,0,-1.6167,-0.7908,-1.4215,0,0,0,0,0,0
2026-01-16 08:30:00,6.899,2.216,409.71,0,,0,0,0,-0.8399,-0.7901,-1.195,0,0,0,0,0,0
2026-01-16 08:45:00,6.893,2.264,406.16,0,,0,0,0,-0.8784,-0.642,-1.5483,0,0,0,0,0,0
2026-01-16 09:00:00,6.999,2.52,414.0,0,,0,0,0,-0.0237,0.1243,-0.7129,0,0,0,0,0,0
2026-01-16 09:15:00,6.814,2.349,415.71,0,,0,0,0,-1.5457,-0.3866,-0.541,0,0,0,0,0,0
2026-01-16 09:30:00,6.861,2.785,405.59,0,,0,0,0,-1.1598,0.9121,-1.6018,0,0,0,0,0,0
2026-01-16 09:45:00,6.961,2.536,414.01,0,,0,0,0,-0.3509,0.1609,-0.7289,0,0,0,0,0,0
2026-01-16 10:00:00,6.893,2.348,413.33,0,,0,0,0,-0.9331,-0.393,-0.8086,0,0,0,0,0,0
2026-01-16 10:15:00,6.894,2.471,406.6,0,,0,0,0,-0.9288,-0.0244,-1.5187,0,0,0,0,0,0
2026-01-16 10:30:00,6.867,2.432,400.98,0,,0,0,0,-1.1446,-0.1391,-2.0823,0,0,0,0,0,0
2026-01-16 10:45:00,6.874,2.698,404.35,0,,0,0,0,-1.1017,0.6477,-1.7053,0,0,0,0,0,0
2026-01-16 11:00:00,6.894,2.358,406.03,0,,0,0,0,-0.9375,-0.3675,-1.5181,0,0,0,0,0,0
2026-01-16 11:15:00,6.812,2.427,414.4,0,,0,0,0,-1.6294,-0.1524,-0.6696,0,0,0,0,0,0
2026-01-16 11:30:00,6.895,2.564,407.63,0,,0,0,0,-0.9451,0.264,-1.3676,0,0,0,0,0,0
2026-01-16 11:45:00,6.782,2.779,404.0,0,,0,0,0,-1.8623,0.9106,-1.7341,0,0,0,0,0,0
2026-01-16 12:00:00,6.866,2.885,408.59,0,,0,0,0,-1.1697,1.2221,-1.2424,0,0,0,0,0,0
2026-01-16 12:15:00,6.859,2.929,402.84,0,,0,0,0,-1.2255,1.3643,-1.8094,0,0,0,0,0,0
2026-01-16 12:30:00,6.82,2.823,410.16,0,,0,0,0,-1.574,1.034,-1.0499,0,0,0,0,0,0
2026-01-16 12:45:00,6.852,2.751,404.32,0,,0,0,0,-1.2848,0.8081,-1.6171,0,0,0,0,0,0
2026-01-16 13:00:00,6.824,2.902,405.08,0,,0,0,0,-1.5048,1.2419,-1.5271,0,0,0,0,0,0
2026-01-16 13:15:00,6.804,2.629,410.14,0,,0,0,0,-1.6583,0.434,-1.0315,0,0,0,0,0,0
2026-01-16 13:30:00,6.844,2.541,415.91,0,,0,0,0,-1.316,0.1767,-0.4657,0,0,0,0,0,0
2026-01-16 13:45:00,6.81,2.898,418.03,0,,0,0,0,-1.602,1.2354,-0.2584,0,0,0,0,0,0
2026-01-16 14:00:00,6.886,2.696,405.45,0,,0,0,0,-0.9655,0.6537,-1.5273,0,0,0,0,0,0
2026-01-16 14:15:00,6.818,2.849,407.64,0,,0,0,0,-1.5166,1.1343,-1.3051,0,0,0,0,0,0
2026-01-16 14:30:00,6.917,2.887,412.54,0,,0,0,0,-0.7088,1.2548,-0.8062,0,0,0,0,0,0
2026-01-16 14:45:00,6.828,2.916,415.65,0,,0,0,0,-1.4347,1.3748,-0.4977,0,0,0,0,0,0
2026-01-16 15:00:00,6.866,3.027,402.86,0,,0,0,0,-1.1225,1.6975,-1.7585,0,0,0,0,0,0
2026-01-16 15:15:00,6.87,3.017,412.44,0,,0,0,0,-1.079,1.6337,-0.8073,0,0,0,0,0,0
2026-01-16 15:30:00,6.975,2.926,410.75,0,,0,0,0,-0.2248,1.3706,-0.967,0,0,0,0,0,0
2026-01-16 15:45:00,6.933,2.833,405.64,0,,0,0,0,-0.5674,1.0744,-1.4541,0,0,0,0,0,0
2026-01-16 16:00:00,6.914,2.916,408.65,0,,0,0,0,-0.7217,1.3163,-1.1374,0,0,0,0,0,0
2026-01-16 16:15:00,6.959,2.81,412.42,0,,0,0,0,-0.3532,1.0078,-0.7575,0,0,0,0,0,0
2026-01-16 16:30:00,6.837,2.867,415.64,0,,0,0,0,-1.3353,1.1824,-0.4419,0,0,0,0,0,0
2026-01-16 16:45:00,6.95,3.285,420.18,0,,0,0,0,-0.4072,2.3845,-0.0007,0,0,0,0,0,0
2026-01-16 17:00:00,7.061,2.914,418.31,0,,0,0,0,0.4823,1.2671,-0.1789,0,0,0,0,0,0
2026-01-16 17:15:00,6.977,2.946,421.45,0,,0,0,0,-0.1986,1.3559,0.1251,0,0,0,0,0,0
2026-01-16 17:30:00,6.984,2.764,418.54,0,,0,0,0,-0.136,0.8353,-0.1585,0,0,0,0,0,0
2026-01-16 17:45:00,7.018,3.012,416.4,0,,0,0,0,0.136,1.5588,-0.3677,0,0,0,0,0,0
2026-01-16 18:00:00,7.045,2.96,419.27,0,,0,0,0,0.3637,1.387,-0.0924,0,0,0,0,0,0
2026-01-16 18:15:00,6.91,2.948,423.57,0,,0,0,0,-0.7303,1.3313,0.3243,0,0,0,0,0,0
2026-01-16 18:30:00,6.935,2.85,425.7,0,,0,0,0,-0.5143,1.0375,0.5314,0,0,0,0,0,0
2026-01-16 18:45:00,7.04,2.956,421.75,0,,0,0,0,0.3455,1.3371,0.1455,0,0,0,0,0,0
2026-01-16 19:00:00,7.003,2.974,419.39,0,,0,0,0,0.0445,1.378,-0.0822,0,0,0,0,0,0
2026-01-16 19:15:00,7.114,2.806,425.2,0,,0,0,0,0.9439,0.8874,0.4966,0,0,0,0,0,0
2026-01-16 19:30:00,7.042,2.726,426.5,0,,0,0,0,0.3597,0.6476,0.6249,0,0,0,0,0,0
2026-01-16 19:45:00,6.97,2.856,430.24,0,,0,0,0,-0.2162,1.0152,0.9822,0,0,0,0,0,0
2026-01-16 20:00:00,7.012,2.564,423.28,0,,0,0,0,0.136,0.1819,0.3023,0,0,0,0,0,0
2026-01-16 20:15:00,6.946,2.569,424.0,0,,0,0,0,-0.4006,0.2031,0.3777,0,0,0,0,0,0
2026-01-16 20:30:00,7.08,2.645,430.33,0,,0,0,0,0.7124,0.4172,0.995,0,0,0,0,0,0
2026-01-16 20:45:00,7.089,2.367,426.28,0,,0,0,0,0.7958,-0.3744,0.6008,0,0,0,0,0,0
2026-01-16 21:00:00,7.085,2.728,426.69,0,,0,0,0,0.7708,0.6535,0.6446,0,0,0,0,0,0
2026-01-16 21:15:00,7.167,2.434,434.04,0,,0,0,0,1.4523,-0.1721,1.3546,0,0,0,0,0,0
2026-01-16 21:30:00,7.179,2.481,424.04,0,,0,0,0,1.5337,-0.0314,0.3775,0,0,0,0,0,0
2026-01-16 21:45:00,7.116,2.494,438.2,0,,0,0,0,1.0059,0.0076,1.7634,0,0,0,0,0,0
2026-01-16 22:00:00,7.023,2.506,427.94,0,,0,0,0,0.2439,0.0436,0.7717,0,0,0,0,0,0
2026-01-16 22:15:00,7.165,2.422,434.23,0,,0,0,0,1.3973,-0.2054,1.3874,0,0,0,0,0,0
2026-01-16 22:30:00,7.166,2.438,430.65,0,,0,0,0,1.4015,-0.1643,1.0353,0,0,0,0,0,0
2026-01-16 22:45:00,7.158,2.413,432.45,0,,0,0,0,1.3314,-0.25,1.1988,0,0,0,0,0,0
2026-01-16 23:00:00,7.194,2.329,430.54,0,,0,0,0,1.6066,-0.4854,1.0312,0,0,0,0,0,0
2026-01-16 23:15:00,7.089,2.255,435.2,0,,0,0,0,0.7455,-0.6897,1.4968,0,0,0,0,0,0
2026-01-16 23:30:00,7.249,2.509,430.51,0,,0,0,0,1.9876,0.0478,1.0407,0,0,0,0,0,0
2026-01-16 23:45:00,7.102,2.007,429.68,0,,0,0,0,0.839,-1.3929,0.9464,0,0,0,0,0,0
2026-01-17 00:00:00,7.187,2.269,439.25,0,,0,0,0,1.504,-0.6457,1.8713,0,0,0,0,0,0
2026-01-17 00:15:00,7.065,2.207,432.09,0,,0,0,0,0.5456,-0.824,1.1644,0,0,0,0,0,0
2026-01-17 00:30:00,7.102,2.319,429.19,0,,0,0,0,0.8395,-0.492,0.8903,0,0,0,0,0,0
2026-01-17 00:45:00,7.223,2.018,425.81,0,,0,0,0,1.808,-1.3477,0.5615,0,0,0,0,0,0
2026-01-17 01:00:00,7.132,2.142,439.05,0,,0,0,0,1.0801,-0.9914,1.8457,0,0,0,0,0,0
2026-01-17 01:15:00,7.184,2.184,429.16,0,,0,0,0,1.49,-0.8861,0.8843,0,0,0,0,0,0
2026-01-17 01:30:00,7.15,2.343,439.33,0,,0,0,0,1.2452,-0.4224,1.8479,0,0,0,0,0,0
2026-01-17 01:45:00,7.129,2.217,432.36,0,,0,0,0,1.0924,-0.7915,1.1619,0,0,0,0,0,0
2026-01-17 02:00:00,7.198,1.976,430.96,0,,0,0,0,1.6351,-1.5017,1.0268,0,0,0,0,0,0
2026-01-17 02:15:00,7.113,2.068,430.66,0,,0,0,0,0.9427,-1.2382,1.0084,0,0,0,0,0,0
2026-01-17 02:30:00,7.03,2.263,438.38,0,,0,0,0,0.2773,-0.6846,1.7399,0,0,0,0,0,0
2026-01-17 02:45:00,7.073,1.941,420.25,0,,0,0,0,0.6356,-1.6228,0.0018,0,0,0,0,0,0
2026-01-17 03:00:00,7.134,2.102,429.34,0,,0,0,0,1.1282,-1.1459,0.8862,0,0,0,0,0,0
2026-01-17 03:15:00,7.119,2.106,426.85,0,,0,0,0,0.9996,-1.1397,0.6556,0,0,0,0,0,0
2026-01-17 03:30:00,7.013,2.046,426.45,0,,0,0,0,0.1527,-1.3038,0.6089,0,0,0,0,0,0
2026-01-17 03:45:00,7.047,2.505,427.26,0,,0,0,0,0.4351,0.0298,0.7016,0,0,0,0,0,0
2026-01-17 04:00:00,7.046,2.038,424.93,0,,0,0,0,0.4449,-1.3319,0.4863,0,0,0,0,0,0
2026-01-17 04:15:00,7.048,2.168,426.06,0,,0,0,0,0.4641,-0.9588,0.6005,0,0,0,0,0,0
2026-01-17 04:30:00,6.989,1.988,424.5,0,,0,0,0,-0.0142,-1.4545,0.4495,0,0,0,0,0,0
2026-01-17 04:45:00,7.017,2.187,418.6,0,,0,0,0,0.226,-0.8855,-0.1349,0,0,0,0,0,0
2026-01-17 05:00:00,7.002,2.244,424.63,0,,0,0,0,0.1075,-0.7335,0.4652,0,0,0,0,0,0
2026-01-17 05:15:00,7.068,2.033,425.21,0,,0,0,0,0.6574,-1.3627,0.5169,0,0,0,0,0,0
2026-01-17 05:30:00,7.06,2.122,419.4,0,,0,0,0,0.5816,-1.1007,-0.0607,0,0,0,0,0,0
2026-01-17 05:45:00,7.003,2.007,428.26,0,,0,0,0,0.1043,-1.4546,0.8153,0,0,0,0,0,0
2026-01-17 06:00:00,6.98,1.982,425.34,0,,0,0,0,-0.0836,-1.5102,0.5204,0,0,0,0,0,0
2026-01-17 06:15:00,6.997,2.323,422.59,0,,0,0,0,0.0594,-0.5231,0.2525,0,0,0,0,0,0
2026-01-17 06:30:00,6.94,2.1,421.76,0,,0,0,0,-0.4241,-1.1863,0.1668,0,0,0,0,0,0
2026-01-17 06:45:00,6.913,1.837,417.78,0,,0,0,0,-0.6535,-1.9525,-0.2365,0,0,0,0,0,0
2026-01-17 07:00:00,6.914,2.482,421.46,0,,0,0,0,-0.6482,-0.0463,0.1333,0,0,0,0,0,0
2026-01-17 07:15:00,6.92,2.116,422.43,0,,0,0,0,-0.605,-1.1268,0.2195,0,0,0,0,0,0
2026-01-17 07:30:00,6.884,2.22,418.64,0,,0,0,0,-0.9021,-0.8037,-0.167,0,0,0,0,0,0
2026-01-17 07:45:00,6.942,2.524,412.41,0,,0,0,0,-0.4062,0.0847,-0.7884,0,0,0,0,0,0
2026-01-17 08:00:00,6.961,2.279,413.84,0,,0,0,0,-0.249,-0.6459,-0.6423,0,0,0,0,0,0
2026-01-17 08:15:00,6.837,2.299,415.63,0,,0,0,0,-1.3084,-0.5899,-0.4748,0,0,0,0,0,0
2026-01-17 08:30:00,6.91,2.163,416.05,0,,0,0,0,-0.6885,-0.9931,-0.4413,0,0,0,0,0,0
2026-01-17 08:45:00,6.89,2.126,411.78,0,,0,0,0,-0.8584,-1.0949,-0.887,0,0,0,0,0,0
2026-01-17 09:00:00,6.911,2.372,409.25,0,,0,0,0,-0.6702,-0.3591,-1.1355,0,0,0,0,0,0
2026-01-17 09:15:00,6.887,2.476,417.31,0,,0,0,0,-0.8874,-0.0543,-0.317,0,0,0,0,0,0
2026-01-17 09:30:00,6.808,2.494,406.19,0,,0,0,0,-1.5493,0.0082,-1.4517,0,0,0,0,0,0
2026-01-17 09:45:00,6.812,2.402,406.26,0,,0,0,0,-1.4848,-0.2621,-1.424,0,0,0,0,0,0
2026-01-17 10:00:00,6.872,2.503,404.3,0,,0,0,0,-0.9767,0.0345,-1.5949,0,0,0,0,0,0
2026-01-17 10:15:00,6.917,2.251,405.46,0,,0,0,0,-0.6017,-0.7093,-1.4752,0,0,0,0,0,0
2026-01-17 10:30:00,6.751,2.621,413.9,0,,0,0,0,-1.9574,0.3865,-0.6579,0,0,0,0,0,0
2026-01-17 10:45:00,6.875,2.602,413.76,0,,0,0,0,-0.9306,0.3334,-0.6901,0,0,0,0,0,0
2026-01-17 11:00:00,6.915,2.9,408.11,0,,0,0,0,-0.6019,1.1966,-1.2771,0,0,0,0,0,0
2026-01-17 11:15:00,6.845,2.63,410.22,0,,0,0,0,-1.1898,0.3908,-1.051,0,0,0,0,0,0
2026-01-17 11:30:00,6.879,2.512,408.06,0,,0,0,0,-0.9043,0.0433,-1.2742,0,0,0,0,0,0
2026-01-17 11:45:00,6.815,2.669,403.26,0,,0,0,0,-1.4459,0.5125,-1.7643,0,0,0,0,0,0
2026-01-17 12:00:00,6.844,2.651,416.87,0,,0,0,0,-1.1992,0.4691,-0.3789,0,0,0,0,0,0
2026-01-17 12:15:00,6.769,2.787,413.52,0,,0,0,0,-1.7961,0.8836,-0.748,0,0,0,0,0,0
2026-01-17 12:30:00,6.734,2.748,409.52,0,,0,0,0,-2.0509,0.7706,-1.1662,0,0,0,0,0,0
2026-01-17 12:45:00,6.9,2.575,404.81,0,,0,0,0,-0.7068,0.2571,-1.6622,0,0,0,0,0,0
2026-01-17 13:00:00,6.806,2.537,407.51,0,,0,0,0,-1.4698,0.1553,-1.387,0,0,0,0,0,0
2026-01-17 13:15:00,6.835,2.84,405.87,0,,0,0,0,-1.2406,1.0637,-1.5455,0,0,0,0,0,0
2026-01-17 13:30:00,6.792,3.025,409.3,0,,0,0,0,-1.5782,1.5862,-1.1719,0,0,0,0,0,0
2026-01-17 13:45:00,6.795,2.844,410.48,0,,0,0,0,-1.5496,1.0501,-1.0353,0,0,0,0,0,0
2026-01-17 14:00:00,6.861,2.968,408.24,0,,0,0,0,-1.01,1.4001,-1.2757,0,0,0,0,0,0
2026-01-17 14:15:00,6.839,3.011,404.2,0,,0,0,0,-1.1926,1.5127,-1.6826,0,0,0,0,0,0
2026-01-17 14:30:00,6.9,2.91,419.01,0,,0,0,0,-0.6954,1.2136,-0.1586,0,0,0,0,0,0
2026-01-17 14:45:00,6.91,2.757,411.93,0,,0,0,0,-0.6255,0.7724,-0.8868,0,0,0,0,0,0
2026-01-17 15:00:00,6.91,2.916,413.34,0,,0,0,0,-0.6311,1.2518,-0.7635,0,0,0,0,0,0
2026-01-17 15:15:00,6.913,3.073,410.4,0,,0,0,0,-0.612,1.7115,-1.0677,0,0,0,0,0,0
2026-01-17 15:30:00,6.988,2.976,406.45,0,,0,0,0,0.0028,1.4197,-1.4683,0,0,0,0,0,0
2026-01-17 15:45:00,6.863,3.011,413.0,0,,0,0,0,-1.0133,1.5072,-0.8015,0,0,0,0,0,0
2026-01-17 16:00:00,6.922,2.831,412.71,0,,0,0,0,-0.5318,0.9844,-0.8404,0,0,0,0,0,0
2026-01-17 16:15:00,6.99,2.869,417.53,0,,0,0,0,0.0218,1.0924,-0.3378,0,0,0,0,0,0
2026-01-17 16:30:00,7.006,2.879,419.03,0,,0,0,0,0.1394,1.1209,-0.1827,0,0,0,0,0,0
2026-01-17 16:45:00,6.881,2.885,419.2,0,,0,0,0,-0.8825,1.1763,-0.1636,0,0,0,0,0,0
2026-01-17 17:00:00,6.946,3.062,420.85,0,,0,0,0,-0.3388,1.6913,0.0088,0,0,0,0,0,0
2026-01-17 17:15:00,7.039,2.527,424.87,0,,0,0,0,0.4208,0.1104,0.4316,0,0,0,0,0,0
2026-01-17 17:30:00,7.006,2.874,419.99,0,,0,0,0,0.1475,1.1475,-0.0878,0,0,0,0,0,0
2026-01-17 17:45:00,7.0,2.847,423.61,0,,0,0,0,0.0998,1.0791,0.2886,0,0,0,0,0,0
2026-01-17 18:00:00,6.989,2.641,421.98,0,,0,0,0,0.0141,0.4714,0.1125,0,0,0,0,0,0
2026-01-17 18:15:00,6.991,2.933,413.18,0,,0,0,0,0.0237,1.3634,-0.8083,0,0,0,0,0,0
2026-01-17 18:30:00,7.034,2.709,420.95,0,,0,0,0,0.3701,0.687,0.0198,0,0,0,0,0,0
2026-01-17 18:45:00,7.017,2.747,418.87,0,,0,0,0,0.2319,0.8164,-0.1976,0,0,0,0,0,0
2026-01-17 19:00:00,7.037,3.06,424.03,0,,0,0,0,0.3939,1.772,0.3443,0,0,0,0,0,0
2026-01-17 19:15:00,7.052,2.915,420.69,0,,0,0,0,0.5252,1.3175,-0.0047,0,0,0,0,0,0
2026-01-17 19:30:00,7.023,2.83,427.01,0,,0,0,0,0.2867,1.0508,0.6651,0,0,0,0,0,0
2026-01-17 19:45:00,7.093,2.779,429.23,0,,0,0,0,0.8532,0.8998,0.9026,0,0,0,0,0,0
2026-01-17 20:00:00,7.221,2.675,430.81,0,,0,0,0,1.8579,0.5772,1.0562,0,0,0,0,0,0
2026-01-17 20:15:00,6.994,2.977,433.14,0,,0,0,0,0.0131,1.4703,1.2816,0,0,0,0,0,0
2026-01-17 20:30:00,7.108,2.773,420.6,0,,0,0,0,0.934,0.8477,-0.0212,0,0,0,0,0,0
2026-01-17 20:45:00,7.061,2.516,423.12,0,,0,0,0,0.5566,0.0687,0.2479,0,0,0,0,0,0
2026-01-17 21:00:00,7.135,2.394,440.2,0,,0,0,0,1.148,-0.2894,1.9945,0,0,0,0,0,0
2026-01-17 21:15:00,7.115,2.663,433.06,0,,0,0,0,0.9961,0.5157,1.2591,0,0,0,0,0,0
2026-01-17 21:30:00,7.157,2.544,430.42,0,,0,0,0,1.3427,0.1545,0.9744,0,0,0,0,0,0
2026-01-17 21:45:00,7.183,2.312,430.11,0,,0,0,0,1.5375,-0.539,0.9628,0,0,0,0,0,0
2026-01-17 22:00:00,7.14,2.564,430.16,0,,0,0,0,1.1717,0.2184,0.9636,0,0,0,0,0,0
2026-01-17 22:15:00,7.191,2.433,423.03,0,,0,0,0,1.5739,-0.1766,0.2358,0,0,0,0,0,0
2026-01-17 22:30:00,7.021,2.527,428.0,0,,0,0,0,0.2278,0.1038,0.7634,0,0,0,0,0,0
2026-01-17 22:45:00,7.222,2.488,430.92,0,,0,0,0,1.831,-0.016,1.075,0,0,0,0,0,0
2026-01-17 23:00:00,7.164,2.305,428.73,0,,0,0,0,1.374,-0.5666,0.8473,0,0,0,0,0,0
2026-01-17 23:15:00,7.201,2.466,429.43,0,,0,0,0,1.6434,-0.0884,0.9351,0,0,0,0,0,0
2026-01-17 23:30:00,7.088,2.272,442.13,0,,0,0,0,0.7728,-0.6654,2.2293,0,0,0,0,0,0
2026-01-17 23:45:00,7.108,2.258,430.97,0,,0,0,0,0.9339,-0.7218,1.0608,0,0,0,0,0,0
2026-01-18 00:00:00,7.157,2.22,433.11,0,,0,0,0,1.3384,-0.8348,1.3049,0,0,0,0,0,0
2026-01-18 00:15:00,7.149,2.447,432.94,0,,0,0,0,1.2579,-0.1537,1.2845,0,0,0,0,0,0
2026-01-18 00:30:00,7.163,2.214,434.26,0,,0,0,0,1.358,-0.8586,1.4089,0,0,0,0,0,0
2026-01-18 00:45:00,7.201,2.442,429.86,0,,0,0,0,1.6704,-0.1806,0.9409,0,0,0,0,0,0
2026-01-18 01:00:00,7.057,2.485,436.58,0,,0,0,0,0.5191,-0.0598,1.6525,0,0,0,0,0,0
2026-01-18 01:15:00,7.191,2.088,433.14,0,,0,0,0,1.6024,-1.2811,1.2815,0,0,0,0,0,0
2026-01-18 01:30:00,7.139,1.745,425.94,0,,0,0,0,1.1839,-2.259,0.5552,0,0,0,0,0,0
2026-01-18 01:45:00,7.124,2.324,430.33,0,,0,0,0,1.0633,-0.5244,1.0266,0,0,0,0,0,0
2026-01-18 02:00:00,7.056,2.102,429.7,0,,0,0,0,0.5312,-1.2034,0.9622,0,0,0,0,0,0
2026-01-18 02:15:00,7.15,2.011,429.1,0,,0,0,0,1.2955,-1.4734,0.9015,0,0,0,0,0,0
2026-01-18 02:30:00,6.998,2.042,431.56,0,,0,0,0,0.0542,-1.3629,1.1861,0,0,0,0,0,0
2026-01-18 02:45:00,7.145,2.059,431.56,0,,0,0,0,1.2444,-1.323,1.1648,0,0,0,0,0,0
2026-01-18 03:00:00,7.031,2.308,430.55,0,,0,0,0,0.3273,-0.5821,1.0536,0,0,0,0,0,0
2026-01-18 03:15:00,7.102,2.132,429.27,0,,0,0,0,0.9118,-1.1177,0.9117,0,0,0,0,0,0
2026-01-18 03:30:00,7.085,2.296,427.65,0,,0,0,0,0.7639,-0.633,0.7363,0,0,0,0,0,0
2026-01-18 03:45:00,7.142,2.175,418.06,0,,0,0,0,1.2139,-0.9875,-0.2793,0,0,0,0,0,0
2026-01-18 04:00:00,7.066,2.054,429.11,0,,0,0,0,0.5941,-1.3573,0.8971,0,0,0,0,0,0
2026-01-18 04:15:00,7.032,2.042,427.26,0,,0,0,0,0.3195,-1.3832,0.6976,0,0,0,0,0,0
2026-01-18 04:30:00,7.032,2.188,420.65,0,,0,0,0,0.3157,-0.9545,-0.0035,0,0,0,0,0,0
2026-01-18 04:45:00,7.112,2.231,424.98,0,,0,0,0,0.9528,-0.8256,0.4515,0,0,0,0,0,0
2026-01-18 05:00:00,7.066,2.263,425.7,0,,0,0,0,0.5746,-0.7286,0.5268,0,0,0,0,0,0
2026-01-18 05:15:00,7.01,2.082,427.03,0,,0,0,0,0.128,-1.287,0.6659,0,0,0,0,0,0
2026-01-18 05:30:00,7.008,2.157,423.61,0,,0,0,0,0.1163,-1.0594,0.2968,0,0,0,0,0,0
2026-01-18 05:45:00,6.931,2.229,422.07,0,,0,0,0,-0.5001,-0.8526,0.1401,0,0,0,0,0,0
2026-01-18 06:00:00,7.019,2.096,423.79,0,,0,0,0,0.2078,-1.2751,0.3258,0,0,0,0,0,0
2026-01-18 06:15:00,6.902,1.997,417.99,0,,0,0,0,-0.7276,-1.5552,-0.2891,0,0,0,0,0,0
2026-01-18 06:30:00,7.018,2.062,420.08,0,,0,0,0,0.2008,-1.3517,-0.0638,0,0,0,0,0,0
2026-01-18 06:45:00,6.977,2.163,415.17,0,,0,0,0,-0.1355,-1.0692,-0.585,0,0,0,0,0,0
2026-01-18 07:00:00,7.081,2.316,421.34,0,,0,0,0,0.6907,-0.5844,0.0738,0,0,0,0,0,0
2026-01-18 07:15:00,6.897,2.425,409.7,0,,0,0,0,-0.7929,-0.2562,-1.1467,0,0,0,0,0,0
2026-01-18 07:30:00,6.937,2.053,418.67,0,,0,0,0,-0.4761,-1.4113,-0.1957,0,0,0,0,0,0
2026-01-18 07:45:00,7.024,2.188,414.76,0,,0,0,0,0.2213,-0.9737,-0.6141,0,0,0,0,0,0
2026-01-18 08:00:00,6.985,2.246,417.86,0,,0,0,0,-0.0966,-0.7917,-0.2899,0,0,0,0,0,0
2026-01-18 08:15:00,6.882,2.442,410.21,0,,0,0,0,-0.939,-0.1879,-1.093,0,0,0,0,0,0
2026-01-18 08:30:00,6.92,2.268,413.05,0,,0,0,0,-0.631,-0.735,-0.7871,0,0,0,0,0,0
2026-01-18 08:45:00,6.901,2.307,412.33,0,,0,0,0,-0.7873,-0.6225,-0.8643,0,0,0,0,0,0
2026-01-18 09:00:00,6.908,2.185,413.25,0,,0,0,0,-0.7298,-0.9949,-0.7748,0,0,0,0,0,0
2026-01-18 09:15:00,6.852,2.494,406.79,0,,0,0,0,-1.1794,-0.03,-1.4344,0,0,0,0,0,0
2026-01-18 09:30:00,6.877,2.424,413.02,0,,0,0,0,-0.9896,-0.2464,-0.7938,0,0,0,0,0,0
2026-01-18 09:45:00,6.795,2.376,402.64,0,,0,0,0,-1.6553,-0.3954,-1.8778,0,0,0,0,0,0
2026-01-18 10:00:00,6.877,2.461,406.94,0,,0,0,0,-0.9867,-0.1285,-1.4344,0,0,0,0,0,0
2026-01-18 10:15:00,6.888,2.695,402.99,0,,0,0,0,-0.8927,0.5885,-1.841,0,0,0,0,0,0
2026-01-18 10:30:00,6.85,2.401,412.23,0,,0,0,0,-1.2277,-0.3237,-0.8646,0,0,0,0,0,0
2026-01-18 10:45:00,6.777,2.452,410.24,0,,0,0,0,-1.8009,-0.1594,-1.0664,0,0,0,0,0,0
2026-01-18 11:00:00,6.905,2.791,410.23,0,,0,0,0,-0.7543,0.9083,-1.0727,0,0,0,0,0,0
2026-01-18 11:15:00,6.871,2.64,414.12,0,,0,0,0,-1.0366,0.4336,-0.6706,0,0,0,0,0,0
2026-01-18 11:30:00,6.815,2.754,406.84,0,,0,0,0,-1.4794,0.7812,-1.4347,0,0,0,0,0,0
2026-01-18 11:45:00,6.836,2.737,410.46,0,,0,0,0,-1.3138,0.7247,-1.0738,0,0,0,0,0,0
2026-01-18 12:00:00,6.775,2.695,408.26,0,,0,0,0,-1.7889,0.5916,-1.2881,0,0,0,0,0,0
2026-01-18 12:15:00,6.799,2.67,407.68,0,,0,0,0,-1.6046,0.5187,-1.334,0,0,0,0,0,0
2026-01-18 12:30:00,6.824,2.868,413.33,0,,0,0,0,-1.429,1.1306,-0.7481,0,0,0,0,0,0
2026-01-18 12:45:00,6.914,2.938,416.56,0,,0,0,0,-0.6907,1.325,-0.4263,0,0,0,0,0,0
2026-01-18 13:00:00,6.823,2.945,406.68,0,,0,0,0,-1.4444,1.3211,-1.479,0,0,0,0,0,0
2026-01-18 13:15:00,6.89,2.623,411.97,0,,0,0,0,-0.9013,0.3434,-0.9293,0,0,0,0,0,0
2026-01-18 13:30:00,6.835,3.013,410.19,0,,0,0,0,-1.3691,1.5449,-1.1232,0,0,0,0,0,0
2026-01-18 13:45:00,6.878,2.779,410.56,0,,0,0,0,-1.0278,0.8281,-1.0835,0,0,0,0,0,0
2026-01-18 14:00:00,6.863,2.733,410.6,0,,0,0,0,-1.1546,0.6994,-1.0854,0,0,0,0,0,0
2026-01-18 14:15:00,6.919,2.833,408.69,0,,0,0,0,-0.6948,1.0239,-1.3073,0,0,0,0,0,0
2026-01-18 14:30:00,6.854,2.994,396.14,0,,0,0,0,-1.2372,1.5198,-2.5556,0,0,0,0,0,0
2026-01-18 14:45:00,6.809,2.96,417.12,0,,0,0,0,-1.5919,1.3969,-0.3569,0,0,0,0,0,0
2026-01-18 15:00:00,6.825,2.848,408.74,0,,0,0,0,-1.4388,1.0547,-1.2298,0,0,0,0,0,0
2026-01-18 15:15:00,6.875,3.018,411.12,0,,0,0,0,-1.0178,1.5895,-0.9815,0,0,0,0,0,0
2026-01-18 15:30:00,6.846,2.918,411.81,0,,0,0,0,-1.2354,1.2831,-0.9214,0,0,0,0,0,0
2026-01-18 15:45:00,6.937,2.813,410.2,0,,0,0,0,-0.4975,0.9695,-1.0855,0,0,0,0,0,0
2026-01-18 16:00:00,6.902,2.794,414.96,0,,0,0,0,-0.7835,0.9119,-0.5868,0,0,0,0,0,0
2026-01-18 16:15:00,7.052,2.961,414.52,0,,0,0,0,0.4465,1.4301,-0.629,0,0,0,0,0,0
2026-01-18 16:30:00,6.856,2.884,412.54,0,,0,0,0,-1.1456,1.1877,-0.8279,0,0,0,0,0,0
2026-01-18 16:45:00,6.962,2.686,416.74,0,,0,0,0,-0.2875,0.5755,-0.3833,0,0,0,0,0,0
2026-01-18 17:00:00,6.905,3.013,416.76,0,,0,0,0,-0.7503,1.6149,-0.3764,0,0,0,0,0,0
2026-01-18 17:15:00,6.946,2.807,421.37,0,,0,0,0,-0.4064,0.9484,0.1116,0,0,0,0,0,0
2026-01-18 17:30:00,6.987,3.108,413.07,0,,0,0,0,-0.0691,1.868,-0.7511,0,0,0,0,0,0
2026-01-18 17:45:00,6.874,2.648,415.99,0,,0,0,0,-0.9786,0.4427,-0.4366,0,0,0,0,0,0
2026-01-18 18:00:00,7.012,2.819,422.9,0,,0,0,0,0.1437,0.9686,0.2863,0,0,0,0,0,0
2026-01-18 18:15:00,7.105,2.728,418.23,0,,0,0,0,0.8878,0.6961,-0.2089,0,0,0,0,0,0
2026-01-18 18:30:00,6.997,2.671,417.95,0,,0,0,0,0.0149,0.5187,-0.235,0,0,0,0,0,0
2026-01-18 18:45:00,7.042,2.728,419.98,0,,0,0,0,0.3778,0.6988,-0.0231,0,0,0,0,0,0
2026-01-18 19:00:00,7.09,3.048,422.7,0,,0,0,0,0.7607,1.7067,0.2641,0,0,0,0,0,0
2026-01-18 19:15:00,7.04,2.785,423.47,0,,0,0,0,0.3573,0.8875,0.3418,0,0,0,0,0,0
2026-01-18 19:30:00,7.028,2.625,423.75,0,,0,0,0,0.2597,0.3903,0.3755,0,0,0,0,0,0
2026-01-18 19:45:00,6.953,2.448,421.19,0,,0,0,0,-0.3364,-0.1618,0.1155,0,0,0,0,0,0
2026-01-18 20:00:00,7.107,2.442,429.09,0,,0,0,0,0.9357,-0.1734,0.9543,0,0,0,0,0,0
2026-01-18 20:15:00,7.078,2.596,431.97,0,,0,0,0,0.6882,0.3353,1.2628,0,0,0,0,0,0
2026-01-18 20:30:00,7.041,2.558,419.66,0,,0,0,0,0.3918,0.2205,-0.0421,0,0,0,0,0,0
2026-01-18 20:45:00,7.105,2.595,421.7,0,,0,0,0,0.9127,0.3378,0.1759,0,0,0,0,0,0
2026-01-18 21:00:00,7.077,2.263,432.5,0,,0,0,0,0.6908,-0.7335,1.351,0,0,0,0,0,0
2026-01-18 21:15:00,7.086,2.564,435.3,0,,0,0,0,0.7693,0.2447,1.6439,0,0,0,0,0,0
2026-01-18 21:30:00,7.149,2.706,421.0,0,,0,0,0,1.2923,0.6979,0.1202,0,0,0,0,0,0
2026-01-18 21:45:00,7.058,2.77,433.24,0,,0,0,0,0.5562,0.8873,1.4328,0,0,0,0,0,0
2026-01-18 22:00:00,7.182,2.216,436.94,0,,0,0,0,1.5829,-0.8849,1.8031,0,0,0,0,0,0
2026-01-18 22:15:00,7.065,2.354,427.31,0,,0,0,0,0.6268,-0.4384,0.7719,0,0,0,0,0,0
2026-01-18 22:30:00,7.105,2.32,437.41,0,,0,0,0,0.9527,-0.5398,1.8079,0,0,0,0,0,0
2026-01-18 22:45:00,7.238,2.444,430.65,0,,0,0,0,2.0629,-0.1408,1.1011,0,0,0,0,0,0
2026-01-18 23:00:00,7.201,2.214,432.85,0,,0,0,0,1.7407,-0.8731,1.3203,0,0,0,0,0,0
2026-01-18 23:15:00,7.152,2.624,428.89,0,,0,0,0,1.3454,0.4327,0.9089,0,0,0,0,0,0
2026-01-18 23:30:00,7.102,2.353,435.9,0,,0,0,0,0.9237,-0.4367,1.6688,0,0,0,0,0,0
2026-01-18 23:45:00,7.123,2.305,435.31,0,,0,0,0,1.0969,-0.5925,1.5912,0,0,0,0,0,0
2026-01-19 00:00:00,7.154,2.539,438.9,0,,0,0,0,1.3571,0.1471,1.9411,0,0,0,0,0,0
2026-01-19 00:15:00,7.152,2.275,437.74,0,,0,0,0,1.3396,-0.6945,1.8007,0,0,0,0,0,0
2026-01-19 00:30:00,7.144,2.317,431.86,0,,0,0,0,1.2772,-0.5647,1.2017,0,0,0,0,0,0
2026-01-19 00:45:00,7.146,2.124,444.2,0,,0,0,0,1.3086,-1.1664,2.3979,0,0,0,0,0,0
2026-01-19 01:00:00,7.134,2.012,436.99,0,,0,0,0,1.1932,-1.4905,1.6704,0,0,0,0,0,0
2026-01-19 01:15:00,7.07,2.108,433.53,0,,0,0,0,0.6746,-1.1891,1.3212,0,0,0,0,0,0
2026-01-19 01:30:00,7.113,2.511,427.1,0,,0,0,0,1.0456,0.0602,0.6729,0,0,0,0,0,0
2026-01-19 01:45:00,7.18,2.262,424.64,0,,0,0,0,1.6012,-0.7469,0.4335,0,0,0,0,0,0
2026-01-19 02:00:00,7.061,2.195,424.61,0,,0,0,0,0.5923,-0.9712,0.4375,0,0,0,0,0,0
2026-01-19 02:15:00,7.115,1.995,426.24,0,,0,0,0,1.0568,-1.6215,0.607,0,0,0,0,0,0
2026-01-19 02:30:00,7.078,2.267,435.03,0,,0,0,0,0.733,-0.7493,1.4884,0,0,0,0,0,0
2026-01-19 02:45:00,7.118,1.918,430.97,0,,0,0,0,1.0776,-1.8763,1.0796,0,0,0,0,0,0
2026-01-19 03:00:00,7.087,1.879,426.03,0,,0,0,0,0.8067,-1.952,0.5873,0,0,0,0,0,0
2026-01-19 03:15:00,7.173,2.024,427.37,0,,0,0,0,1.5178,-1.4774,0.7265,0,0,0,0,0,0
2026-01-19 03:30:00,7.117,2.397,426.27,0,,0,0,0,1.0412,-0.2934,0.6167,0,0,0,0,0,0
2026-01-19 03:45:00,7.018,2.386,429.87,0,,0,0,0,0.2231,-0.3371,0.966,0,0,0,0,0,0
2026-01-19 04:00:00,7.109,2.032,422.48,0,,0,0,0,0.9861,-1.4692,0.2254,0,0,0,0,0,0
2026-01-19 04:15:00,7.028,2.0,426.71,0,,0,0,0,0.3033,-1.5669,0.6564,0,0,0,0,0,0
2026-01-19 04:30:00,7.029,1.857,425.79,0,,0,0,0,0.312,-1.9801,0.5564,0,0,0,0,0,0
2026-01-19 04:45:00,7.064,2.119,420.46,0,,0,0,0,0.6136,-1.1489,0.0199,0,0,0,0,0,0
2026-01-19 05:00:00,7.014,2.138,429.46,0,,0,0,0,0.1953,-1.0814,0.9283,0,0,0,0,0,0
2026-01-19 05:15:00,7.074,2.24,421.16,0,,0,0,0,0.6969,-0.7723,0.0932,0,0,0,0,0,0
2026-01-19 05:30:00,6.981,2.267,417.6,0,,0,0,0,-0.0876,-0.6934,-0.2623,0,0,0,0,0,0
2026-01-19 05:45:00,6.979,2.112,424.2,0,,0,0,0,-0.1089,-1.1727,0.4061,0,0,0,0,0,0
2026-01-19 06:00:00,6.967,2.237,420.22,0,,0,0,0,-0.206,-0.7893,0.0056,0,0,0,0,0,0
2026-01-19 06:15:00,6.962,2.062,420.85,0,,0,0,0,-0.2543,-1.3467,0.0666,0,0,0,0,0,0
2026-01-19 06:30:00,7.035,2.263,413.69,0,,0,0,0,0.3642,-0.7234,-0.6532,0,0,0,0,0,0
2026-01-19 06:45:00,7.002,2.123,420.91,0,,0,0,0,0.0817,-1.1656,0.0734,0,0,0,0,0,0
2026-01-19 07:00:00,7.047,2.286,425.58,0,,0,0,0,0.4678,-0.6465,0.5425,0,0,0,0,0,0
2026-01-19 07:15:00,7.065,2.293,411.09,0,,0,0,0,0.607,-0.6188,-0.9302,0,0,0,0,0,0
2026-01-19 07:30:00,6.891,2.267,416.82,0,,0,0,0,-0.8692,-0.7136,-0.346,0,0,0,0,0,0
2026-01-19 07:45:00,6.937,2.397,411.55,0,,0,0,0,-0.4703,-0.3069,-0.8755,0,0,0,0,0,0
2026-01-19 08:00:00,6.866,2.064,424.76,0,,0,0,0,-1.0563,-1.3597,0.4548,0,0,0,0,0,0
2026-01-19 08:15:00,6.878,2.163,418.29,0,,0,0,0,-0.9543,-1.0293,-0.2096,0,0,0,0,0,0
2026-01-19 08:30:00,6.877,2.306,413.82,0,,0,0,0,-0.9561,-0.578,-0.6656,0,0,0,0,0,0
2026-01-19 08:45:00,6.848,2.155,407.18,0,,0,0,0,-1.19,-1.0475,-1.3282,0,0,0,0,0,0
2026-01-19 09:00:00,6.841,2.335,407.57,0,,0,0,0,-1.2358,-0.4858,-1.2751,0,0,0,0,0,0
2026-01-19 09:15:00,6.88,2.366,413.96,0,,0,0,0,-0.9158,-0.383,-0.6447,0,0,0,0,0,0
2026-01-19 09:30:00,6.82,2.644,405.03,0,,0,0,0,-1.4034,0.4895,-1.5266,0,0,0,0,0,0
2026-01-19 09:45:00,6.917,2.495,404.7,0,,0,0,0,-0.6163,0.0143,-1.5676,0,0,0,0,0,0
2026-01-19 10:00:00,6.824,2.654,409.64,0,,0,0,0,-1.3852,0.5106,-1.0764,0,0,0,0,0,0
2026-01-19 10:15:00,7.006,2.571,409.77,0,,0,0,0,0.1253,0.2527,-1.0815,0,0,0,0,0,0
2026-01-19 10:30:00,6.839,2.472,410.43,0,,0,0,0,-1.2725,-0.0632,-1.0103,0,0,0,0,0,0
2026-01-19 10:45:00,6.862,2.598,406.88,0,,0,0,0,-1.0992,0.331,-1.3629,0,0,0,0,0,0
2026-01-19 11:00:00,6.79,2.713,412.09,0,,0,0,0,-1.6779,0.6993,-0.8374,0,0,0,0,0,0
2026-01-19 11:15:00,6.938,2.808,404.78,0,,0,0,0,-0.4479,0.9911,-1.5541,0,0,0,0,0,0
2026-01-19 11:30:00,6.907,2.633,410.61,0,,0,0,0,-0.7228,0.4432,-0.976,0,0,0,0,0,0
2026-01-19 11:45:00,6.865,2.43,408.88,0,,0,0,0,-1.0847,-0.1905,-1.1471,0,0,0,0,0,0
2026-01-19 12:00:00,6.783,2.442,410.4,0,,0,0,0,-1.7849,-0.1443,-0.9985,0,0,0,0,0,0
2026-01-19 12:15:00,6.861,2.673,412.75,0,,0,0,0,-1.1351,0.5913,-0.7704,0,0,0,0,0,0
2026-01-19 12:30:00,6.795,2.393,406.28,0,,0,0,0,-1.6918,-0.2868,-1.4097,0,0,0,0,0,0
2026-01-19 12:45:00,6.926,3.033,405.59,0,,0,0,0,-0.574,1.7544,-1.4523,0,0,0,0,0,0
2026-01-19 13:00:00,6.896,2.872,401.66,0,,0,0,0,-0.8434,1.2471,-1.8243,0,0,0,0,0,0
2026-01-19 13:15:00,6.863,2.705,400.56,0,,0,0,0,-1.1225,0.7084,-1.891,0,0,0,0,0,0
2026-01-19 13:30:00,6.74,2.651,408.21,0,,0,0,0,-2.1387,0.5554,-1.1411,0,0,0,0,0,0
2026-01-19 13:45:00,6.816,2.987,408.81,0,,0,0,0,-1.4798,1.6228,-1.079,0,0,0,0,0,0
2026-01-19 14:00:00,6.904,2.679,405.26,0,,0,0,0,-0.7459,0.636,-1.4093,0,0,0,0,0,0
2026-01-19 14:15:00,6.936,2.706,406.54,0,,0,0,0,-0.4778,0.73,-1.2804,0,0,0,0,0,0
2026-01-19 14:30:00,6.936,2.755,416.57,0,,0,0,0,-0.488,0.9057,-0.3453,0,0,0,0,0,0
2026-01-19 14:45:00,6.808,2.896,414.48,0,,0,0,0,-1.5751,1.3726,-0.5487,0,0,0,0,0,0
2026-01-19 15:00:00,6.909,2.979,406.47,0,,0,0,0,-0.7305,1.6294,-1.3341,0,0,0,0,0,0
2026-01-19 15:15:00,6.952,3.071,410.32,0,,0,0,0,-0.3709,1.9205,-0.9531,0,0,0,0,0,0
2026-01-19 15:30:00,6.826,3.053,414.32,0,,0,0,0,-1.4499,1.8437,-0.5629,0,0,0,0,0,0
2026-01-19 15:45:00,6.916,2.899,410.83,0,,0,0,0,-0.6746,1.3405,-0.9083,0,0,0,0,0,0
2026-01-19 16:00:00,6.939,3.053,410.77,0,,0,0,0,-0.4818,1.8035,-0.9072,0,0,0,0,0,0
2026-01-19 16:15:00,6.919,2.798,413.34,0,,0,0,0,-0.6411,1.0079,-0.6526,0,0,0,0,0,0
2026-01-19 16:30:00,6.85,2.623,419.77,0,,0,0,0,-1.2322,0.4619,-0.0279,0,0,0,0,0,0
2026-01-19 16:45:00,6.935,2.792,420.87,0,,0,0,0,-0.5,0.9986,0.0764,0,0,0,0,0,0
2026-01-19 17:00:00,6.945,2.765,413.95,0,,0,0,0,-0.4188,0.9307,-0.6026,0,0,0,0,0,0
2026-01-19 17:15:00,6.963,2.784,419.5,0,,0,0,0,-0.2658,0.9938,-0.0539,0,0,0,0,0,0
2026-01-19 17:30:00,6.952,2.726,418.41,0,,0,0,0,-0.357,0.8343,-0.1672,0,0,0,0,0,0
2026-01-19 17:45:00,6.968,2.79,415.18,0,,0,0,0,-0.2292,1.0369,-0.4852,0,0,0,0,0,0
2026-01-19 18:00:00,6.998,2.939,418.81,0,,0,0,0,0.0311,1.515,-0.1226,0,0,0,0,0,0
2026-01-19 18:15:00,7.032,3.09,415.73,0,,0,0,0,0.3327,1.9629,-0.4239,0,0,0,0,0,0
2026-01-19 18:30:00,7.004,2.559,426.22,0,,0,0,0,0.0893,0.258,0.6017,0,0,0,0,0,0
2026-01-19 18:45:00,7.009,2.608,428.55,0,,0,0,0,0.1357,0.4211,0.8195,0,0,0,0,0,0
2026-01-19 19:00:00,7.043,2.664,421.46,0,,0,0,0,0.4363,0.6251,0.1249,0,0,0,0,0,0
2026-01-19 19:15:00,6.952,2.879,421.26,0,,0,0,0,-0.3479,1.3232,0.1076,0,0,0,0,0,0
2026-01-19 19:30:00,7.081,2.713,428.81,0,,0,0,0,0.7684,0.7754,0.8414,0,0,0,0,0,0
2026-01-19 19:45:00,7.066,2.614,430.17,0,,0,0,0,0.627,0.446,0.9607,0,0,0,0,0,0
2026-01-19 20:00:00,7.077,2.808,421.54,0,,0,0,0,0.7268,1.0602,0.1279,0,0,0,0,0,0
2026-01-19 20:15:00,7.131,2.82,426.07,0,,0,0,0,1.1857,1.0855,0.5801,0,0,0,0,0,0
2026-01-19 20:30:00,6.994,2.65,427.07,0,,0,0,0,0.0049,0.5334,0.6692,0,0,0,0,0,0
2026-01-19 20:45:00,7.0,2.506,424.83,0,,0,0,0,0.0666,0.0725,0.4459,0,0,0,0,0,0
2026-01-19 21:00:00,7.12,2.644,430.03,0,,0,0,0,1.1028,0.5053,0.9607,0,0,0,0,0,0
2026-01-19 21:15:00,7.112,2.543,426.22,0,,0,0,0,1.0289,0.18,0.6014,0,0,0,0,0,0
2026-01-19 21:30:00,7.128,2.516,427.36,0,,0,0,0,1.172,0.0994,0.7061,0,0,0,0,0,0
2026-01-19 21:45:00,7.102,2.449,429.57,0,,0,0,0,0.9397,-0.1071,0.9327,0,0,0,0,0,0
2026-01-19 22:00:00,7.163,2.639,424.44,0,,0,0,0,1.4728,0.4977,0.4417,0,0,0,0,0,0
2026-01-19 22:15:00,7.181,2.511,422.54,0,,0,0,0,1.5995,0.0751,0.2558,0,0,0,0,0,0
2026-01-19 22:30:00,7.163,2.603,434.76,0,,0,0,0,1.4312,0.3661,1.5005,0,0,0,0,0,0
2026-01-19 22:45:00,7.129,2.622,428.4,0,,0,0,0,1.1699,0.4217,0.8592,0,0,0,0,0,0
2026-01-19 23:00:00,7.04,2.465,440.13,0,,0,0,0,0.4213,-0.0996,2.0189,0,0,0,0,0,0
2026-01-19 23:15:00,7.186,2.295,439.66,0,,0,0,0,1.694,-0.6448,1.9294,0,0,0,0,0,0
2026-01-19 23:30:00,7.21,2.503,429.87,0,,0,0,0,1.8679,0.031,0.9754,0,0,0,0,0,0
2026-01-19 23:45:00,7.182,2.393,441.33,0,,0,0,0,1.6092,-0.333,2.0875,0,0,0,0,0,0
2026-01-20 00:00:00,7.106,2.691,435.75,0,,0,0,0,0.9671,0.6386,1.5495,0,0,0,0,0,0
2026-01-20 00:15:00,7.183,2.324,429.39,0,,0,0,0,1.6207,-0.5658,0.9389,0,0,0,0,0,0
2026-01-20 00:30:00,7.192,2.361,421.57,0,,0,0,0,1.6828,-0.4463,0.1668,0,0,0,0,0,0
2026-01-20 00:45:00,7.225,2.28,434.52,0,,0,0,0,1.9348,-0.7212,1.5161,0,0,0,0,0,0
2026-01-20 01:00:00,7.101,2.202,431.72,0,,0,0,0,0.8957,-0.9936,1.2437,0,0,0,0,0,0
2026-01-20 01:15:00,7.131,2.16,433.09,0,,0,0,0,1.1384,-1.1377,1.3877,0,0,0,0,0,0
2026-01-20 01:30:00,7.176,2.227,430.17,0,,0,0,0,1.5009,-0.9005,1.0771,0,0,0,0,0,0
2026-01-20 01:45:00,7.137,2.246,426.19,0,,0,0,0,1.185,-0.8364,0.6617,0,0,0,0,0,0
2026-01-20 02:00:00,7.074,2.327,428.68,0,,0,0,0,0.6545,-0.5743,0.9126,0,0,0,0,0,0
2026-01-20 02:15:00,7.145,2.188,432.8,0,,0,0,0,1.2439,-1.0537,1.322,0,0,0,0,0,0
2026-01-20 02:30:00,7.148,2.061,428.1,0,,0,0,0,1.2553,-1.4615,0.8548,0,0,0,0,0,0
2026-01-20 02:45:00,7.117,2.072,427.58,0,,0,0,0,0.9978,-1.4434,0.8075,0,0,0,0,0,0
2026-01-20 03:00:00,7.117,1.915,422.41,0,,0,0,0,0.9929,-1.9782,0.2747,0,0,0,0,0,0
2026-01-20 03:15:00,7.086,2.357,428.28,0,,0,0,0,0.7495,-0.5048,0.8841,0,0,0,0,0,0
2026-01-20 03:30:00,7.165,2.022,422.86,0,,0,0,0,1.3992,-1.6145,0.3246,0,0,0,0,0,0
2026-01-20 03:45:00,7.038,2.246,430.34,0,,0,0,0,0.3401,-0.8517,1.103,0,0,0,0,0,0
2026-01-20 04:00:00,7.046,2.141,423.06,0,,0,0,0,0.4137,-1.215,0.344,0,0,0,0,0,0
2026-01-20 04:15:00,7.067,2.146,424.12,0,,0,0,0,0.5848,-1.2124,0.458,0,0,0,0,0,0
2026-01-20 04:30:00,7.101,2.086,433.25,0,,0,0,0,0.859,-1.4465,1.3907,0,0,0,0,0,0
2026-01-20 04:45:00,6.973,1.99,422.63,0,,0,0,0,-0.197,-1.761,0.2895,0,0,0,0,0,0
2026-01-20 05:00:00,6.973,1.968,421.34,0,,0,0,0,-0.1935,-1.8133,0.1657,0,0,0,0,0,0
2026-01-20 05:15:00,6.927,2.38,424.68,0,,0,0,0,-0.5638,-0.4187,0.5085,0,0,0,0,0,0
2026-01-20 05:30:00,7.021,2.148,414.43,0,,0,0,0,0.2153,-1.2008,-0.5515,0,0,0,0,0,0
2026-01-20 05:45:00,6.954,2.31,425.79,0,,0,0,0,-0.3401,-0.6621,0.624,0,0,0,0,0,0
2026-01-20 06:00:00,6.981,2.361,423.98,0,,0,0,0,-0.1167,-0.4936,0.432,0,0,0,0,0,0
2026-01-20 06:15:00,7.023,2.106,421.31,0,,0,0,0,0.2276,-1.3735,0.1552,0,0,0,0,0,0
2026-01-20 06:30:00,6.948,2.246,404.93,0,,0,0,0,-0.389,-0.8908,-1.5147,0,0,0,0,0,0
2026-01-20 06:45:00,6.982,2.206,416.62,0,,0,0,0,-0.1043,-1.035,-0.3126,0,0,0,0,0,0
2026-01-20 07:00:00,6.946,2.044,411.8,0,,0,0,0,-0.3952,-1.5691,-0.7903,0,0,0,0,0,0
2026-01-20 07:15:00,6.985,2.208,420.64,0,,0,0,0,-0.0638,-1.0034,0.1037,0,0,0,0,0,0
2026-01-20 07:30:00,6.966,2.345,419.62,0,,0,0,0,-0.2296,-0.5405,-0.004,0,0,0,0,0,0
2026-01-20 07:45:00,6.899,2.203,416.24,0,,0,0,0,-0.7852,-1.0133,-0.3572,0,0,0,0,0,0
2026-01-20 08:00:00,6.917,2.251,409.19,0,,0,0,0,-0.6418,-0.8637,-1.0617,0,0,0,0,0,0
2026-01-20 08:15:00,6.969,2.297,419.31,0,,0,0,0,-0.2149,-0.7143,-0.0252,0,0,0,0,0,0
2026-01-20 08:30:00,6.928,2.664,411.65,0,,0,0,0,-0.5667,0.5354,-0.807,0,0,0,0,0,0
2026-01-20 08:45:00,6.831,2.096,419.31,0,,0,0,0,-1.3822,-1.4136,-0.0361,0,0,0,0,0,0
2026-01-20 09:00:00,6.927,2.472,412.58,0,,0,0,0,-0.5842,-0.1281,-0.7404,0,0,0,0,0,0
2026-01-20 09:15:00,6.833,2.384,413.01,0,,0,0,0,-1.3718,-0.4315,-0.6942,0,0,0,0,0,0
2026-01-20 09:30:00,6.952,2.352,408.64,0,,0,0,0,-0.3817,-0.5309,-1.1576,0,0,0,0,0,0
2026-01-20 09:45:00,6.926,2.432,415.65,0,,0,0,0,-0.605,-0.2535,-0.4438,0,0,0,0,0,0
2026-01-20 10:00:00,6.885,2.6,412.04,0,,0,0,0,-0.9676,0.3262,-0.8297,0,0,0,0,0,0
2026-01-20 10:15:00,6.873,2.635,415.01,0,,0,0,0,-1.0528,0.4439,-0.5235,0,0,0,0,0,0
2026-01-20 10:30:00,6.851,2.58,409.62,0,,0,0,0,-1.2439,0.2509,-1.0947,0,0,0,0,0,0
2026-01-20 10:45:00,6.892,2.742,408.45,0,,0,0,0,-0.8976,0.8001,-1.2236,0,0,0,0,0,0
2026-01-20 11:00:00,6.837,2.794,410.79,0,,0,0,0,-1.3838,0.9731,-0.9717,0,0,0,0,0,0
2026-01-20 11:15:00,6.865,2.751,414.0,0,,0,0,0,-1.1288,0.8297,-0.6481,0,0,0,0,0,0
2026-01-20 11:30:00,6.895,2.571,412.17,0,,0,0,0,-0.8688,0.2156,-0.8482,0,0,0,0,0,0
2026-01-20 11:45:00,6.822,2.751,408.58,0,,0,0,0,-1.4851,0.8184,-1.2342,0,0,0,0,0,0
2026-01-20 12:00:00,6.819,2.775,400.57,0,,0,0,0,-1.5222,0.8851,-2.0507,0,0,0,0,0,0
2026-01-20 12:15:00,6.791,2.6,411.27,0,,0,0,0,-1.7407,0.2925,-0.9147,0,0,0,0,0,0
2026-01-20 12:30:00,6.798,2.508,402.35,0,,0,0,0,-1.6821,-0.025,-1.8404,0,0,0,0,0,0
2026-01-20 12:45:00,6.761,2.46,408.37,0,,0,0,0,-1.9462,-0.1711,-1.2165,0,0,0,0,0,0
2026-01-20 13:00:00,6.892,2.793,407.95,0,,0,0,0,-0.8493,0.9894,-1.282,0,0,0,0,0,0
2026-01-20 13:15:00,6.948,2.845,402.97,0,,0,0,0,-0.3903,1.1598,-1.8253,0,0,0,0,0,0
2026-01-20 13:30:00,6.933,2.64,410.4,0,,0,0,0,-0.5461,0.4505,-1.0342,0,0,0,0,0,0
2026-01-20 13:45:00,6.784,2.989,417.85,0,,0,0,0,-1.8175,1.6587,-0.2453,0,0,0,0,0,0
2026-01-20 14:00:00,6.906,2.869,408.36,0,,0,0,0,-0.7722,1.2287,-1.2832,0,0,0,0,0,0
2026-01-20 14:15:00,6.946,3.061,413.09,0,,0,0,0,-0.4305,1.8466,-0.7824,0,0,0,0,0,0
2026-01-20 14:30:00,6.858,2.925,419.9,0,,0,0,0,-1.1711,1.3711,-0.0385,0,0,0,0,0,0
2026-01-20 14:45:00,6.892,2.719,414.43,0,,0,0,0,-0.8972,0.6887,-0.6395,0,0,0,0,0,0
2026-01-20 15:00:00,6.794,2.955,408.94,0,,0,0,0,-1.7083,1.4901,-1.2505,0,0,0,0,0,0
2026-01-20 15:15:00,6.914,2.993,413.04,0,,0,0,0,-0.6842,1.6296,-0.8038,0,0,0,0,0,0
2026-01-20 15:30:00,6.856,2.814,414.62,0,,0,0,0,-1.1829,1.0414,-0.6294,0,0,0,0,0,0
2026-01-20 15:45:00,6.927,2.683,419.07,0,,0,0,0,-0.5799,0.6021,-0.1472,0,0,0,0,0,0
2026-01-20 16:00:00,6.847,2.915,418.86,0,,0,0,0,-1.2442,1.425,-0.1811,0,0,0,0,0,0
2026-01-20 16:15:00,6.961,2.749,403.61,0,,0,0,0,-0.2844,0.8466,-1.8493,0,0,0,0,0,0
2026-01-20 16:30:00,6.994,3.065,411.98,0,,0,0,0,-0.0177,1.9034,-0.9131,0,0,0,0,0,0
2026-01-20 16:45:00,6.913,2.831,415.86,0,,0,0,0,-0.7066,1.0944,-0.4807,0,0,0,0,0,0
2026-01-20 17:00:00,6.904,3.145,412.83,0,,0,0,0,-0.7779,2.1171,-0.8109,0,0,0,0,0,0
2026-01-20 17:15:00,6.863,2.56,402.86,0,,0,0,0,-1.1111,0.1543,-1.8499,0,0,0,0,0,0
2026-01-20 17:30:00,6.967,2.89,415.53,0,,0,0,0,-0.2329,1.258,-0.4832,0,0,0,0,0,0
2026-01-20 17:45:00,6.961,3.073,419.2,0,,0,0,0,-0.283,1.8383,-0.0935,0,0,0,0,0,0
2026-01-20 18:00:00,6.922,2.713,417.9,0,,0,0,0,-0.6051,0.6567,-0.2323,0,0,0,0,0,0
2026-01-20 18:15:00,7.032,2.809,416.8,0,,0,0,0,0.3236,1.0022,-0.3521,0,0,0,0,0,0
2026-01-20 18:30:00,6.997,2.757,421.73,0,,0,0,0,0.0288,0.8159,0.184,0,0,0,0,0,0
2026-01-20 18:45:00,6.975,2.698,423.71,0,,0,0,0,-0.154,0.6122,0.4045,0,0,0,0,0,0
2026-01-20 19:00:00,7.011,2.82,421.23,0,,0,0,0,0.1529,1.0146,0.1363,0,0,0,0,0,0
2026-01-20 19:15:00,7.102,2.569,429.34,0,,0,0,0,0.9052,0.1825,1.0,0,0,0,0,0,0
2026-01-20 19:30:00,7.088,2.727,424.82,0,,0,0,0,0.7864,0.7174,0.5194,0,0,0,0,0,0
2026-01-20 19:45:00,7.06,2.8,421.82,0,,0,0,0,0.5515,0.9541,0.2059,0,0,0,0,0,0
2026-01-20 20:00:00,7.106,2.668,421.5,0,,0,0,0,0.9341,0.5155,0.1711,0,0,0,0,0,0
2026-01-20 20:15:00,7.025,2.527,425.81,0,,0,0,0,0.2648,0.0486,0.6402,0,0,0,0,0,0
2026-01-20 20:30:00,7.093,2.808,431.76,0,,0,0,0,0.828,0.996,1.2749,0,0,0,0,0,0
2026-01-20 20:45:00,7.106,2.738,424.62,0,,0,0,0,0.924,0.7481,0.503,0,0,0,0,0,0
2026-01-20 21:00:00,7.083,2.447,430.87,0,,0,0,0,0.7365,-0.2293,1.1768,0,0,0,0,0,0
2026-01-20 21:15:00,7.135,2.384,429.4,0,,0,0,0,1.1693,-0.4365,1.0113,0,0,0,0,0,0
2026-01-20 21:30:00,7.08,2.409,437.49,0,,0,0,0,0.7147,-0.348,1.8435,0,0,0,0,0,0
2026-01-20 21:45:00,7.15,2.608,431.54,0,,0,0,0,1.2941,0.3188,1.207,0,0,0,0,0,0
2026-01-20 22:00:00,7.157,2.541,427.6,0,,0,0,0,1.3544,0.096,0.7847,0,0,0,0,0,0
2026-01-20 22:15:00,6.989,2.592,433.71,0,,0,0,0,-0.0391,0.2655,1.4033,0,0,0,0,0,0
2026-01-20 22:30:00,7.198,2.399,434.17,0,,0,0,0,1.726,-0.3796,1.4535,0,0,0,0,0,0
2026-01-20 22:45:00,6.99,2.283,429.78,0,,0,0,0,-0.0215,-0.7578,0.9912,0,0,0,0,0,0
2026-01-20 23:00:00,7.114,2.534,426.94,0,,0,0,0,1.0235,0.0859,0.7235,0,0,0,0,0,0
2026-01-20 23:15:00,7.198,2.288,433.91,0,,0,0,0,1.7315,-0.7431,1.4906,0,0,0,0,0,0
2026-01-20 23:30:00,7.133,2.375,432.15,0,,0,0,0,1.2007,-0.4449,1.2942,0,0,0,0,0,0
2026-01-20 23:45:00,7.076,2.091,425.91,0,,0,0,0,0.7308,-1.3775,0.657,0,0,0,0,0,0
2026-01-21 00:00:00,7.095,2.215,433.02,0,,0,0,0,0.897,-0.9448,1.4529,0,0,0,0,0,0
2026-01-21 00:15:00,7.201,2.429,429.43,0,,0,0,0,1.808,-0.2369,1.0542,0,0,0,0,0,0
2026-01-21 00:30:00,7.053,2.149,425.83,0,,0,0,0,0.5507,-1.1554,0.6483,0,0,0,0,0,0
2026-01-21 00:45:00,7.204,2.358,430.36,0,,0,0,0,1.8826,-0.4667,1.1628,0,0,0,0,0,0
2026-01-21 01:00:00,7.142,1.868,436.72,0,,0,0,0,1.3278,-2.0443,1.8491,0,0,0,0,0,0
2026-01-21 01:15:00,7.082,2.115,436.2,0,,0,0,0,0.8107,-1.2355,1.7777,0,0,0,0,0,0
2026-01-21 01:30:00,7.109,2.157,434.87,0,,0,0,0,1.0632,-1.0939,1.6142,0,0,0,0,0,0
2026-01-21 01:45:00,7.084,2.429,431.84,0,,0,0,0,0.8509,-0.218,1.2694,0,0,0,0,0,0
2026-01-21 02:00:00,7.173,1.978,432.78,0,,0,0,0,1.6175,-1.6529,1.3594,0,0,0,0,0,0
2026-01-21 02:15:00,7.161,2.242,430.37,0,,0,0,0,1.507,-0.8075,1.1061,0,0,0,0,0,0
2026-01-21 02:30:00,7.033,2.289,425.1,0,,0,0,0,0.3947,-0.6692,0.5407,0,0,0,0,0,0
2026-01-21 02:45:00,7.093,2.013,425.4,0,,0,0,0,0.9323,-1.5582,0.5767,0,0,0,0,0,0
2026-01-21 03:00:00,7.063,2.058,426.06,0,,0,0,0,0.6732,-1.4289,0.6431,0,0,0,0,0,0
2026-01-21 03:15:00,7.164,2.129,433.52,0,,0,0,0,1.5558,-1.182,1.4359,0,0,0,0,0,0
2026-01-21 03:30:00,7.024,1.881,431.61,0,,0,0,0,0.3313,-1.9645,1.2114,0,0,0,0,0,0
2026-01-21 03:45:00,7.164,2.033,422.35,0,,0,0,0,1.5581,-1.457,0.2321,0,0,0,0,0,0
2026-01-21 04:00:00,7.073,2.291,426.21,0,,0,0,0,0.7469,-0.6424,0.6424,0,0,0,0,0,0
2026-01-21 04:15:00,7.008,2.179,423.7,0,,0,0,0,0.1768,-1.0033,0.3736,0,0,0,0,0,0
2026-01-21 04:30:00,7.024,2.08,423.97,0,,0,0,0,0.3276,-1.3201,0.4169,0,0,0,0,0,0
2026-01-21 04:45:00,7.008,2.125,421.71,0,,0,0,0,0.1815,-1.188,0.1731,0,0,0,0,0,0
2026-01-21 05:00:00,6.975,2.201,428.73,0,,0,0,0,-0.1131,-0.9608,0.9216,0,0,0,0,0,0
2026-01-21 05:15:00,7.034,2.237,422.27,0,,0,0,0,0.4037,-0.8361,0.2274,0,0,0,0,0,0
2026-01-21 05:30:00,6.958,2.047,422.43,0,,0,0,0,-0.2691,-1.4438,0.2361,0,0,0,0,0,0
2026-01-21 05:45:00,6.901,2.371,421.68,0,,0,0,0,-0.7712,-0.3978,0.1599,0,0,0,0,0,0
2026-01-21 06:00:00,6.981,2.351,415.89,0,,0,0,0,-0.0586,-0.4622,-0.4586,0,0,0,0,0,0
2026-01-21 06:15:00,6.9,2.269,419.65,0,,0,0,0,-0.7667,-0.7374,-0.0492,0,0,0,0,0,0
2026-01-21 06:30:00,6.943,2.056,422.68,0,,0,0,0,-0.3842,-1.4143,0.2629,0,0,0,0,0,0
2026-01-21 06:45:00,6.925,2.046,423.55,0,,0,0,0,-0.5379,-1.4321,0.3507,0,0,0,0,0,0
2026-01-21 07:00:00,6.918,2.168,412.3,0,,0,0,0,-0.5967,-1.0498,-0.8875,0,0,0,0,0,0
2026-01-21 07:15:00,7.052,2.245,410.07,0,,0,0,0,0.583,-0.8032,-1.1133,0,0,0,0,0,0
2026-01-21 07:30:00,6.945,1.991,415.66,0,,0,0,0,-0.3609,-1.5925,-0.4972,0,0,0,0,0,0
2026-01-21 07:45:00,6.946,2.352,419.13,0,,0,0,0,-0.3573,-0.4463,-0.1218,0,0,0,0,0,0
2026-01-21 08:00:00,6.836,2.493,415.44,0,,0,0,0,-1.3147,-0.0027,-0.5354,0,0,0,0,0,0
2026-01-21 08:15:00,6.884,2.41,416.05,0,,0,0,0,-0.8812,-0.2737,-0.4641,0,0,0,0,0,0
2026-01-21 08:30:00,6.919,2.246,407.25,0,,0,0,0,-0.5736,-0.7863,-1.417,0,0,0,0,0,0
2026-01-21 08:45:00,6.85,2.252,409.8,0,,0,0,0,-1.182,-0.7765,-1.1203,0,0,0,0,0,0
2026-01-21 09:00:00,6.939,2.441,402.73,0,,0,0,0,-0.4024,-0.1647,-1.8481,0,0,0,0,0,0
2026-01-21 09:15:00,6.827,2.399,410.41,0,,0,0,0,-1.384,-0.3009,-1.0221,0,0,0,0,0,0
2026-01-21 09:30:00,6.867,2.514,401.82,0,,0,0,0,-1.0201,0.0653,-1.9071,0,0,0,0,0,0
2026-01-21 09:45:00,6.846,2.564,415.35,0,,0,0,0,-1.1887,0.2226,-0.4819,0,0,0,0,0,0
2026-01-21 10:00:00,6.878,2.664,415.83,0,,0,0,0,-0.91,0.5434,-0.4367,0,0,0,0,0,0
2026-01-21 10:15:00,6.833,2.356,409.8,0,,0,0,0,-1.2912,-0.4426,-1.0627,0,0,0,0,0,0
2026-01-21 10:30:00,6.848,2.585,402.86,0,,0,0,0,-1.1611,0.2974,-1.7657,0,0,0,0,0,0
2026-01-21 10:45:00,6.846,2.524,410.14,0,,0,0,0,-1.1694,0.1079,-1.0127,0,0,0,0,0,0
2026-01-21 11:00:00,6.818,2.589,415.85,0,,0,0,0,-1.4052,0.3271,-0.4249,0,0,0,0,0,0
2026-01-21 11:15:00,6.877,2.758,410.13,0,,0,0,0,-0.9012,0.8773,-1.0154,0,0,0,0,0,0
2026-01-21 11:30:00,6.863,2.799,412.84,0,,0,0,0,-1.016,0.9981,-0.734,0,0,0,0,0,0
2026-01-21 11:45:00,6.846,2.887,406.09,0,,0,0,0,-1.1669,1.2725,-1.4301,0,0,0,0,0,0
2026-01-21 12:00:00,6.828,2.764,404.52,0,,0,0,0,-1.3237,0.8764,-1.6101,0,0,0,0,0,0
2026-01-21 12:15:00,6.89,2.706,407.74,0,,0,0,0,-0.8085,0.6845,-1.2637,0,0,0,0,0,0
2026-01-21 12:30:00,6.839,2.706,400.4,0,,0,0,0,-1.2623,0.6762,-2.0188,0,0,0,0,0,0
2026-01-21 12:45:00,6.838,2.504,417.29,0,,0,0,0,-1.2929,0.0258,-0.2762,0,0,0,0,0,0
2026-01-21 13:00:00,6.86,2.984,408.97,0,,0,0,0,-1.0923,1.549,-1.1492,0,0,0,0,0,0
2026-01-21 13:15:00,6.943,2.752,412.1,0,,0,0,0,-0.3602,0.8152,-0.8424,0,0,0,0,0,0
2026-01-21 13:30:00,6.794,2.893,407.07,0,,0,0,0,-1.6385,1.2483,-1.3667,0,0,0,0,0,0
2026-01-21 13:45:00,6.904,2.934,403.07,0,,0,0,0,-0.7022,1.384,-1.7447,0,0,0,0,0,0
2026-01-21 14:00:00,6.775,2.66,415.31,0,,0,0,0,-1.7999,0.5222,-0.4824,0,0,0,0,0,0
2026-01-21 14:15:00,6.886,2.72,405.53,0,,0,0,0,-0.8281,0.7364,-1.4841,0,0,0,0,0,0
2026-01-21 14:30:00,6.96,3.102,411.88,0,,0,0,0,-0.198,1.9516,-0.8141,0,0,0,0,0,0
2026-01-21 14:45:00,6.912,2.922,412.75,0,,0,0,0,-0.6185,1.3562,-0.7215,0,0,0,0,0,0
2026-01-21 15:00:00,6.902,2.799,411.81,0,,0,0,0,-0.724,0.9749,-0.8241,0,0,0,0,0,0
2026-01-21 15:15:00,6.873,2.873,408.95,0,,0,0,0,-0.9732,1.2237,-1.1113,0,0,0,0,0,0
2026-01-21 15:30:00,6.91,3.06,412.1,0,,0,0,0,-0.6556,1.7985,-0.7824,0,0,0,0,0,0
2026-01-21 15:45:00,6.904,3.039,409.53,0,,0,0,0,-0.7056,1.6962,-1.0309,0,0,0,0,0,0
2026-01-21 16:00:00,6.886,2.68,417.24,0,,0,0,0,-0.8713,0.577,-0.2399,0,0,0,0,0,0
2026-01-21 16:15:00,6.919,3.144,416.98,0,,0,0,0,-0.5742,1.9998,-0.2847,0,0,0,0,0,0
2026-01-21 16:30:00,6.953,3.042,415.32,0,,0,0,0,-0.2697,1.6848,-0.4616,0,0,0,0,0,0
2026-01-21 16:45:00,6.913,2.869,413.87,0,,0,0,0,-0.6233,1.1422,-0.6096,0,0,0,0,0,0
2026-01-21 17:00:00,6.921,2.708,425.32,0,,0,0,0,-0.5547,0.6675,0.567,0,0,0,0,0,0
2026-01-21 17:15:00,6.903,3.037,412.45,0,,0,0,0,-0.7201,1.672,-0.7925,0,0,0,0,0,0
2026-01-21 17:30:00,7.0,2.941,412.26,0,,0,0,0,0.1381,1.3668,-0.8071,0,0,0,0,0,0
2026-01-21 17:45:00,7.017,2.64,418.89,0,,0,0,0,0.2838,0.4478,-0.1094,0,0,0,0,0,0
2026-01-21 18:00:00,7.012,2.812,418.97,0,,0,0,0,0.2314,0.9878,-0.1022,0,0,0,0,0,0
2026-01-21 18:15:00,7.058,3.302,425.18,0,,0,0,0,0.6371,2.4531,0.5413,0,0,0,0,0,0
2026-01-21 18:30:00,7.024,2.82,424.15,0,,0,0,0,0.3326,0.9656,0.4301,0,0,0,0,0,0
2026-01-21 18:45:00,7.049,2.689,422.46,0,,0,0,0,0.5467,0.5635,0.2541,0,0,0,0,0,0
2026-01-21 19:00:00,7.054,2.632,425.11,0,,0,0,0,0.5861,0.396,0.5275,0,0,0,0,0,0
2026-01-21 19:15:00,7.044,3.03,425.79,0,,0,0,0,0.505,1.588,0.6046,0,0,0,0,0,0
2026-01-21 19:30:00,7.031,2.871,433.01,0,,0,0,0,0.3962,1.0948,1.3441,0,0,0,0,0,0
2026-01-21 19:45:00,7.177,2.933,426.32,0,,0,0,0,1.6653,1.2728,0.6398,0,0,0,0,0,0
2026-01-21 20:00:00,7.052,2.737,423.28,0,,0,0,0,0.5726,0.6781,0.3211,0,0,0,0,0,0
2026-01-21 20:15:00,7.05,2.865,427.46,0,,0,0,0,0.552,1.0473,0.7535,0,0,0,0,0,0
2026-01-21 20:30:00,7.113,2.526,416.83,0,,0,0,0,1.1042,0.0401,-0.3379,0,0,0,0,0,0
2026-01-21 20:45:00,7.111,2.653,427.78,0,,0,0,0,1.0856,0.4256,0.8035,0,0,0,0,0,0
2026-01-21 21:00:00,7.036,2.647,432.86,0,,0,0,0,0.4306,0.401,1.3285,0,0,0,0,0,0
2026-01-21 21:15:00,7.169,2.785,431.43,0,,0,0,0,1.5946,0.802,1.1745,0,0,0,0,0,0
2026-01-21 21:30:00,7.114,2.6,430.71,0,,0,0,0,1.1047,0.2403,1.1191,0,0,0,0,0,0
2026-01-21 21:45:00,7.069,2.432,432.57,0,,0,0,0,0.7236,-0.2591,1.3116,0,0,0,0,0,0
2026-01-21 22:00:00,7.189,2.51,434.81,0,,0,0,0,1.7721,-0.0237,1.5247,0,0,0,0,0,0
2026-01-21 22:15:00,7.166,2.222,436.46,0,,0,0,0,1.5341,-0.8744,1.6854,0,0,0,0,0,0
2026-01-21 22:30:00,7.075,2.1,432.88,0,,0,0,0,0.7664,-1.2213,1.3189,0,0,0,0,0,0
2026-01-21 22:45:00,7.231,2.547,430.1,0,,0,0,0,2.0696,0.0993,1.0299,0,0,0,0,0,0
2026-01-21 23:00:00,7.178,2.34,422.34,0,,0,0,0,1.5955,-0.5107,0.2309,0,0,0,0,0,0
2026-01-21 23:15:00,7.147,2.332,435.68,0,,0,0,0,1.3449,-0.5363,1.6104,0,0,0,0,0,0
2026-01-21 23:30:00,7.228,2.472,433.96,0,,0,0,0,2.0052,-0.1225,1.4265,0,0,0,0,0,0
2026-01-21 23:45:00,7.158,2.533,432.58,0,,0,0,0,1.3933,0.0459,1.2681,0,0,0,0,0,0
2026-01-22 00:00:00,7.149,2.38,429.25,0,,0,0,0,1.3061,-0.4205,0.9347,0,0,0,0,0,0
2026-01-22 00:15:00,7.117,2.567,435.83,0,,0,0,0,1.0564,0.1391,1.5922,0,0,0,0,0,0
2026-01-22 00:30:00,7.178,2.332,430.87,0,,0,0,0,1.5438,-0.5784,1.0751,0,0,0,0,0,0
2026-01-22 00:45:00,7.171,2.282,431.63,0,,0,0,0,1.4952,-0.7265,1.1493,0,0,0,0,0,0
2026-01-22 01:00:00,7.146,2.253,431.37,0,,0,0,0,1.2841,-0.841,1.1377,0,0,0,0,0,0
2026-01-22 01:15:00,7.103,2.006,433.16,0,,0,0,0,0.9196,-1.5904,1.3308,0,0,0,0,0,0
2026-01-22 01:30:00,7.145,2.326,426.49,0,,0,0,0,1.2643,-0.6179,0.6598,0,0,0,0,0,0
2026-01-22 01:45:00,7.131,1.801,433.01,0,,0,0,0,1.1387,-2.16,1.3341,0,0,0,0,0,0
2026-01-22 02:00:00,7.063,2.066,427.51,0,,0,0,0,0.5879,-1.3725,0.7736,0,0,0,0,0,0
2026-01-22 02:15:00,7.051,2.145,427.23,0,,0,0,0,0.5013,-1.1277,0.7502,0,0,0,0,0,0
2026-01-22 02:30:00,7.147,2.012,433.06,0,,0,0,0,1.2954,-1.5045,1.3411,0,0,0,0,0,0
2026-01-22 02:45:00,6.983,2.053,425.04,0,,0,0,0,-0.0761,-1.3861,0.5084,0,0,0,0,0,0
2026-01-22 03:00:00,7.116,2.39,432.02,0,,0,0,0,1.0393,-0.3945,1.2199,0,0,0,0,0,0
2026-01-22 03:15:00,7.075,2.273,428.32,0,,0,0,0,0.7079,-0.7547,0.8487,0,0,0,0,0,0
2026-01-22 03:30:00,7.157,2.001,420.71,0,,0,0,0,1.3788,-1.5921,0.0701,0,0,0,0,0,0
2026-01-22 03:45:00,7.059,2.03,432.12,0,,0,0,0,0.5694,-1.5035,1.2444,0,0,0,0,0,0
2026-01-22 04:00:00,7.108,1.908,427.24,0,,0,0,0,0.9796,-1.8341,0.7357,0,0,0,0,0,0
2026-01-22 04:15:00,7.046,2.207,426.88,0,,0,0,0,0.4509,-0.9393,0.6936,0,0,0,0,0,0
2026-01-22 04:30:00,7.063,2.066,428.62,0,,0,0,0,0.5904,-1.3612,0.8661,0,0,0,0,0,0
2026-01-22 04:45:00,7.085,1.813,429.85,0,,0,0,0,0.7671,-2.0768,0.9795,0,0,0,0,0,0
2026-01-22 05:00:00,7.016,2.129,423.91,0,,0,0,0,0.1826,-1.1392,0.3754,0,0,0,0,0,0
2026-01-22 05:15:00,7.079,2.187,424.81,0,,0,0,0,0.7075,-0.9656,0.465,0,0,0,0,0,0
2026-01-22 05:30:00,6.97,2.275,423.05,0,,0,0,0,-0.2093,-0.7191,0.283,0,0,0,0,0,0
2026-01-22 05:45:00,7.025,2.13,419.41,0,,0,0,0,0.2428,-1.1345,-0.0895,0,0,0,0,0,0
2026-01-22 06:00:00,7.046,2.098,413.67,0,,0,0,0,0.4137,-1.2129,-0.6775,0,0,0,0,0,0
2026-01-22 06:15:00,7.023,2.465,420.07,0,,0,0,0,0.2099,-0.1455,-0.0196,0,0,0,0,0,0
2026-01-22 06:30:00,7.076,2.184,423.95,0,,0,0,0,0.6453,-0.9782,0.378,0,0,0,0,0,0
2026-01-22 06:45:00,6.933,2.307,419.99,0,,0,0,0,-0.5626,-0.6289,-0.0253,0,0,0,0,0,0
2026-01-22 07:00:00,6.892,2.136,412.62,0,,0,0,0,-0.9048,-1.1347,-0.7842,0,0,0,0,0,0
2026-01-22 07:15:00,6.902,2.34,420.53,0,,0,0,0,-0.8054,-0.5333,0.0188,0,0,0,0,0,0
2026-01-22 07:30:00,6.976,2.038,414.17,0,,0,0,0,-0.1861,-1.436,-0.6374,0,0,0,0,0,0
2026-01-22 07:45:00,6.959,2.208,406.32,0,,0,0,0,-0.3305,-0.9219,-1.4201,0,0,0,0,0,0
2026-01-22 08:00:00,6.93,2.119,418.07,0,,0,0,0,-0.5876,-1.1662,-0.2209,0,0,0,0,0,0
2026-01-22 08:15:00,6.861,2.232,409.55,0,,0,0,0,-1.1687,-0.8249,-1.0809,0,0,0,0,0,0
2026-01-22 08:30:00,6.947,2.534,419.82,0,,0,0,0,-0.4434,0.0544,-0.0484,0,0,0,0,0,0
2026-01-22 08:45:00,6.84,2.28,416.68,0,,0,0,0,-1.3485,-0.6962,-0.3807,0,0,0,0,0,0
2026-01-22 09:00:00,6.952,2.504,410.6,0,,0,0,0,-0.401,-0.0369,-1.0304,0,0,0,0,0,0
2026-01-22 09:15:00,7.03,2.65,412.82,0,,0,0,0,0.2449,0.3863,-0.8026,0,0,0,0,0,0
2026-01-22 09:30:00,6.899,2.444,420.18,0,,0,0,0,-0.8834,-0.2196,-0.0515,0,0,0,0,0,0
2026-01-22 09:45:00,6.904,2.623,414.02,0,,0,0,0,-0.8505,0.3068,-0.7092,0,0,0,0,0,0
2026-01-22 10:00:00,6.845,2.58,410.56,0,,0,0,0,-1.3527,0.1826,-1.0687,0,0,0,0,0,0
2026-01-22 10:15:00,6.775,2.544,420.79,0,,0,0,0,-1.9333,0.0707,0.009,0,0,0,0,0,0
2026-01-22 10:30:00,6.831,2.665,409.38,0,,0,0,0,-1.4506,0.4255,-1.2368,0,0,0,0,0,0
2026-01-22 10:45:00,6.803,2.854,410.96,0,,0,0,0,-1.6756,0.9688,-1.0673,0,0,0,0,0,0
2026-01-22 11:00:00,6.783,2.508,404.66,0,,0,0,0,-1.8323,-0.0456,-1.7144,0,0,0,0,0,0
2026-01-22 11:15:00,6.939,2.485,401.53,0,,0,0,0,-0.5254,-0.1051,-2.0095,0,0,0,0,0,0
2026-01-22 11:30:00,6.865,2.5,406.95,0,,0,0,0,-1.1521,-0.0519,-1.4208,0,0,0,0,0,0
2026-01-22 11:45:00,6.869,2.826,408.18,0,,0,0,0,-1.1231,0.9157,-1.2984,0,0,0,0,0,0
2026-01-22 12:00:00,6.835,2.869,409.32,0,,0,0,0,-1.4135,1.0369,-1.193,0,0,0,0,0,0
2026-01-22 12:15:00,6.842,2.642,402.35,0,,0,0,0,-1.3432,0.3686,-1.9064,0,0,0,0,0,0
2026-01-22 12:30:00,6.9,2.423,410.75,0,,0,0,0,-0.8635,-0.2706,-1.056,0,0,0,0,0,0
2026-01-22 12:45:00,6.851,2.663,404.91,0,,0,0,0,-1.2834,0.4346,-1.643,0,0,0,0,0,0
2026-01-22 13:00:00,6.882,2.865,410.84,0,,0,0,0,-1.0236,1.0404,-1.0228,0,0,0,0,0,0
2026-01-22 13:15:00,6.848,2.791,412.38,0,,0,0,0,-1.2954,0.8186,-0.8608,0,0,0,0,0,0
2026-01-22 13:30:00,6.844,2.844,407.33,0,,0,0,0,-1.343,0.979,-1.3949,0,0,0,0,0,0
2026-01-22 13:45:00,6.795,2.754,405.38,0,,0,0,0,-1.7295,0.721,-1.6106,0,0,0,0,0,0
2026-01-22 14:00:00,6.771,2.999,415.78,0,,0,0,0,-1.9301,1.4287,-0.5077,0,0,0,0,0,0
2026-01-22 14:15:00,6.862,2.91,413.51,0,,0,0,0,-1.1592,1.1534,-0.7656,0,0,0,0,0,0
2026-01-22 14:30:00,6.884,2.958,411.09,0,,0,0,0,-0.9636,1.308,-1.0234,0,0,0,0,0,0
2026-01-22 14:45:00,6.823,2.903,416.85,0,,0,0,0,-1.4535,1.1463,-0.4118,0,0,0,0,0,0
2026-01-22 15:00:00,6.892,2.965,411.85,0,,0,0,0,-0.8799,1.3177,-0.9493,0,0,0,0,0,0
2026-01-22 15:15:00,6.904,2.961,409.61,0,,0,0,0,-0.7851,1.2991,-1.192,0,0,0,0,0,0
2026-01-22 15:30:00,6.801,2.757,408.69,0,,0,0,0,-1.6131,0.7161,-1.2817,0,0,0,0,0,0
2026-01-22 15:45:00,6.871,2.955,412.9,0,,0,0,0,-1.0326,1.3124,-0.8376,0,0,0,0,0,0
2026-01-22 16:00:00,6.945,3.019,417.09,0,,0,0,0,-0.4328,1.4773,-0.3868,0,0,0,0,0,0
2026-01-22 16:15:00,6.953,3.072,420.25,0,,0,0,0,-0.3705,1.6425,-0.0506,0,0,0,0,0,0
2026-01-22 16:30:00,6.885,2.959,415.5,0,,0,0,0,-0.9211,1.3149,-0.5622,0,0,0,0,0,0
2026-01-22 16:45:00,6.96,2.748,421.0,0,,0,0,0,-0.3105,0.693,0.022,0,0,0,0,0,0
2026-01-22 17:00:00,7.012,2.765,416.04,0,,0,0,0,0.1093,0.7411,-0.503,0,0,0,0,0,0
2026-01-22 17:15:00,7.01,2.813,414.53,0,,0,0,0,0.0839,0.899,-0.6696,0,0,0,0,0,0
2026-01-22 17:30:00,6.976,2.898,413.21,0,,0,0,0,-0.1949,1.158,-0.8142,0,0,0,0,0,0
2026-01-22 17:45:00,6.967,2.84,417.19,0,,0,0,0,-0.2649,0.9727,-0.3812,0,0,0,0,0,0
2026-01-22 18:00:00,6.969,2.678,414.93,0,,0,0,0,-0.2446,0.4922,-0.62,0,0,0,0,0,0
2026-01-22 18:15:00,7.033,2.663,428.82,0,,0,0,0,0.2862,0.4812,0.8734,0,0,0,0,0,0
2026-01-22 18:30:00,7.029,2.503,423.32,0,,0,0,0,0.2527,-0.0046,0.2821,0,0,0,0,0,0
2026-01-22 18:45:00,7.061,2.333,421.96,0,,0,0,0,0.5159,-0.5228,0.1362,0,0,0,0,0,0
2026-01-22 19:00:00,7.045,2.763,429.99,0,,0,0,0,0.3846,0.8108,0.9917,0,0,0,0,0,0
2026-01-22 19:15:00,7.089,3.112,418.65,0,,0,0,0,0.7427,1.884,-0.2173,0,0,0,0,0,0
2026-01-22 19:30:00,7.062,3.013,424.04,0,,0,0,0,0.5169,1.5634,0.3751,0,0,0,0,0,0
2026-01-22 19:45:00,7.106,2.575,433.31,0,,0,0,0,0.8918,0.2304,1.361,0,0,0,0,0,0
2026-01-22 20:00:00,7.119,2.722,425.42,0,,0,0,0,0.9897,0.6871,0.5098,0,0,0,0,0,0
2026-01-22 20:15:00,7.043,2.457,436.45,0,,0,0,0,0.3625,-0.1229,1.6642,0,0,0,0,0,0
2026-01-22 20:30:00,7.001,2.456,430.45,0,,0,0,0,0.0253,-0.1237,1.0079,0,0,0,0,0,0
2026-01-22 20:45:00,7.176,2.449,433.14,0,,0,0,0,1.4625,-0.1391,1.2786,0,0,0,0,0,0
2026-01-22 21:00:00,7.119,2.57,433.82,0,,0,0,0,0.9808,0.2421,1.3471,0,0,0,0,0,0
2026-01-22 21:15:00,7.027,2.551,429.03,0,,0,0,0,0.2403,0.1911,0.8495,0,0,0,0,0,0
2026-01-22 21:30:00,7.083,2.59,427.57,0,,0,0,0,0.7088,0.3141,0.7016,0,0,0,0,0,0
2026-01-22 21:45:00,7.163,2.626,429.52,0,,0,0,0,1.3546,0.4206,0.9139,0,0,0,0,0,0
2026-01-22 22:00:00,7.116,2.449,426.44,0,,0,0,0,0.9814,-0.1336,0.603,0,0,0,0,0,0
2026-01-22 22:15:00,7.109,2.479,430.5,0,,0,0,0,0.9336,-0.0479,1.0532,0,0,0,0,0,0
2026-01-22 22:30:00,7.209,2.284,431.07,0,,0,0,0,1.7334,-0.6729,1.1195,0,0,0,0,0,0
2026-01-22 22:45:00,7.09,2.22,438.12,0,,0,0,0,0.7774,-0.8618,1.8486,0,0,0,0,0,0
2026-01-22 23:00:00,7.105,2.172,433.96,0,,0,0,0,0.9167,-1.0038,1.3777,0,0,0,0,0,0
2026-01-22 23:15:00,7.158,2.469,441.22,0,,0,0,0,1.3617,-0.0737,2.1149,0,0,0,0,0,0
2026-01-22 23:30:00,7.168,2.296,423.26,0,,0,0,0,1.4647,-0.6119,0.2523,0,0,0,0,0,0
2026-01-22 23:45:00,7.174,2.042,427.11,0,,0,0,0,1.5112,-1.3806,0.6683,0,0,0,0,0,0
2026-01-23 00:00:00,7.196,2.291,430.58,0,,0,0,0,1.6835,-0.6016,1.0335,0,0,0,0,0,0
2026-01-23 00:15:00,7.16,2.09,437.94,0,,0,0,0,1.3694,-1.2022,1.8038,0,0,0,0,0,0
2026-01-23 00:30:00,7.173,2.506,431.46,0,,0,0,0,1.4801,0.0762,1.1185,0,0,0,0,0,0
2026-01-23 00:45:00,7.134,2.149,425.9,0,,0,0,0,1.1603,-1.0189,0.5414,0,0,0,0,0,0
2026-01-23 01:00:00,7.148,2.319,430.61,0,,0,0,0,1.2781,-0.4983,1.0425,0,0,0,0,0,0
2026-01-23 01:15:00,7.147,2.363,426.57,0,,0,0,0,1.2605,-0.3782,0.6256,0,0,0,0,0,0
2026-01-23 01:30:00,7.149,2.039,425.51,0,,0,0,0,1.2764,-1.3664,0.5137,0,0,0,0,0,0
2026-01-23 01:45:00,7.173,2.179,438.76,0,,0,0,0,1.4674,-0.9644,1.9045,0,0,0,0,0,0
2026-01-23 02:00:00,7.158,2.237,428.99,0,,0,0,0,1.3232,-0.7921,0.8676,0,0,0,0,0,0
2026-01-23 02:15:00,7.127,2.159,430.67,0,,0,0,0,1.0541,-1.0402,1.038,0,0,0,0,0,0
2026-01-23 02:30:00,7.079,2.185,429.15,0,,0,0,0,0.6672,-0.9704,0.8863,0,0,0,0,0,0
2026-01-23 02:45:00,7.116,1.922,428.02,0,,0,0,0,0.9584,-1.7929,0.7619,0,0,0,0,0,0
2026-01-23 03:00:00,7.105,2.197,425.12,0,,0,0,0,0.8692,-0.9114,0.466,0,0,0,0,0,0
2026-01-23 03:15:00,7.109,2.035,426.67,0,,0,0,0,0.8973,-1.4034,0.6335,0,0,0,0,0,0
2026-01-23 03:30:00,7.202,2.156,428.65,0,,0,0,0,1.6517,-1.0364,0.8324,0,0,0,0,0,0
2026-01-23 03:45:00,7.057,2.239,432.34,0,,0,0,0,0.4617,-0.7877,1.2232,0,0,0,0,0,0
2026-01-23 04:00:00,7.096,2.2,429.79,0,,0,0,0,0.7836,-0.9339,0.9478,0,0,0,0,0,0
2026-01-23 04:15:00,7.12,2.153,420.43,0,,0,0,0,0.9703,-1.0814,-0.0354,0,0,0,0,0,0
2026-01-23 04:30:00,7.062,2.2,428.55,0,,0,0,0,0.4959,-0.9398,0.8257,0,0,0,0,0,0
2026-01-23 04:45:00,7.165,2.211,425.76,0,,0,0,0,1.3226,-0.9376,0.5362,0,0,0,0,0,0
2026-01-23 05:00:00,7.02,2.338,420.61,0,,0,0,0,0.1441,-0.5288,-0.0081,0,0,0,0,0,0
2026-01-23 05:15:00,7.045,2.116,423.07,0,,0,0,0,0.3506,-1.2603,0.2559,0,0,0,0,0,0
2026-01-23 05:30:00,6.98,2.155,423.86,0,,0,0,0,-0.1791,-1.1226,0.3391,0,0,0,0,0,0
2026-01-23 05:45:00,6.992,2.281,420.97,0,,0,0,0,-0.0787,-0.7156,0.0295,0,0,0,0,0,0
2026-01-23 06:00:00,7.012,2.08,421.92,0,,0,0,0,0.087,-1.3805,0.1219,0,0,0,0,0,0
2026-01-23 06:15:00,7.033,1.967,415.76,0,,0,0,0,0.2572,-1.7106,-0.5305,0,0,0,0,0,0
2026-01-23 06:30:00,6.996,2.257,426.41,0,,0,0,0,-0.0374,-0.7688,0.602,0,0,0,0,0,0
2026-01-23 06:45:00,7.034,2.168,409.94,0,,0,0,0,0.2644,-1.0509,-1.1336,0,0,0,0,0,0
2026-01-23 07:00:00,6.956,2.036,419.21,0,,0,0,0,-0.3796,-1.4707,-0.1607,0,0,0,0,0,0
2026-01-23 07:15:00,6.935,2.311,417.61,0,,0,0,0,-0.5556,-0.5779,-0.3272,0,0,0,0,0,0
2026-01-23 07:30:00,7.078,2.471,417.98,0,,0,0,0,0.6091,-0.0749,-0.2928,0,0,0,0,0,0
2026-01-23 07:45:00,6.953,2.033,411.86,0,,0,0,0,-0.4152,-1.4936,-0.9572,0,0,0,0,0,0
2026-01-23 08:00:00,6.889,2.453,418.68,0,,0,0,0,-0.9338,-0.1394,-0.2269,0,0,0,0,0,0
2026-01-23 08:15:00,6.882,1.943,412.9,0,,0,0,0,-0.9947,-1.7784,-0.8536,0,0,0,0,0,0
2026-01-23 08:30:00,6.862,2.287,407.95,0,,0,0,0,-1.1446,-0.6553,-1.3596,0,0,0,0,0,0
2026-01-23 08:45:00,6.948,2.648,407.71,0,,0,0,0,-0.4572,0.4986,-1.3629,0,0,0,0,0,0
2026-01-23 09:00:00,6.876,2.347,412.01,0,,0,0,0,-1.0369,-0.4687,-0.9117,0,0,0,0,0,0
2026-01-23 09:15:00,6.894,2.435,404.59,0,,0,0,0,-0.8749,-0.1775,-1.6684,0,0,0,0,0,0
2026-01-23 09:30:00,6.878,2.562,417.68,0,,0,0,0,-1.0017,0.2291,-0.2966,0,0,0,0,0,0
2026-01-23 09:45:00,6.912,2.216,414.22,0,,0,0,0,-0.7264,-0.8729,-0.6586,0,0,0,0,0,0
2026-01-23 10:00:00,6.828,2.511,416.92,0,,0,0,0,-1.4053,0.0801,-0.3852,0,0,0,0,0,0
2026-01-23 10:15:00,6.812,2.536,416.12,0,,0,0,0,-1.5465,0.1609,-0.4636,0,0,0,0,0,0
2026-01-23 10:30:00,6.873,2.832,407.51,0,,0,0,0,-1.0571,1.1044,-1.3616,0,0,0,0,0,0
2026-01-23 10:45:00,6.888,2.393,405.16,0,,0,0,0,-0.9504,-0.2909,-1.5881,0,0,0,0,0,0
2026-01-23 11:00:00,6.872,2.546,397.7,0,,0,0,0,-1.103,0.2022,-2.3201,0,0,0,0,0,0
2026-01-23 11:15:00,6.812,2.489,406.61,0,,0,0,0,-1.5753,0.0179,-1.4274,0,0,0,0,0,0
2026-01-23 11:30:00,6.885,2.498,415.17,0,,0,0,0,-0.9751,0.047,-0.5574,0,0,0,0,0,0
2026-01-23 11:45:00,6.813,2.846,404.71,0,,0,0,0,-1.5567,1.1697,-1.6338,0,0,0,0,0,0
2026-01-23 12:00:00,6.824,2.704,407.16,0,,0,0,0,-1.4632,0.7209,-1.3737,0,0,0,0,0,0
2026-01-23 12:15:00,6.803,2.639,405.81,0,,0,0,0,-1.6244,0.51,-1.5266,0,0,0,0,0,0
2026-01-23 12:30:00,6.916,2.666,409.6,0,,0,0,0,-0.7021,0.5884,-1.13,0,0,0,0,0,0
2026-01-23 12:45:00,6.885,2.679,413.37,0,,0,0,0,-0.962,0.6298,-0.7562,0,0,0,0,0,0
2026-01-23 13:00:00,6.885,2.712,402.25,0,,0,0,0,-0.9625,0.7458,-1.8875,0,0,0,0,0,0
2026-01-23 13:15:00,6.92,2.611,403.25,0,,0,0,0,-0.6852,0.4248,-1.7515,0,0,0,0,0,0
2026-01-23 13:30:00,7.002,2.779,414.86,0,,0,0,0,-0.021,0.9789,-0.5778,0,0,0,0,0,0
2026-01-23 13:45:00,6.78,2.779,412.17,0,,0,0,0,-1.8679,0.9773,-0.8698,0,0,0,0,0,0
2026-01-23 14:00:00,6.833,2.733,408.57,0,,0,0,0,-1.4453,0.8455,-1.2277,0,0,0,0,0,0
2026-01-23 14:15:00,6.844,2.882,416.85,0,,0,0,0,-1.3486,1.3423,-0.3775,0,0,0,0,0,0
2026-01-23 14:30:00,6.838,2.906,405.02,0,,0,0,0,-1.3881,1.4277,-1.581,0,0,0,0,0,0
2026-01-23 14:45:00,6.833,2.795,414.7,0,,0,0,0,-1.4326,1.0669,-0.5854,0,0,0,0,0,0
2026-01-23 15:00:00,6.879,2.865,411.24,0,,0,0,0,-1.0459,1.3113,-0.9386,0,0,0,0,0,0
2026-01-23 15:15:00,6.84,3.216,414.51,0,,0,0,0,-1.3574,2.4376,-0.6119,0,0,0,0,0,0
2026-01-23 15:30:00,6.925,3.215,403.15,0,,0,0,0,-0.6717,2.3567,-1.7585,0,0,0,0,0,0
2026-01-23 15:45:00,6.919,2.741,412.29,0,,0,0,0,-0.7291,0.8464,-0.8258,0,0,0,0,0,0
2026-01-23 16:00:00,6.949,2.763,416.95,0,,0,0,0,-0.4765,0.9375,-0.3509,0,0,0,0,0,0
2026-01-23 16:15:00,6.959,2.74,414.44,0,,0,0,0,-0.3928,0.8878,-0.5993,0,0,0,0,0,0
2026-01-23 16:30:00,6.973,3.055,420.43,0,,0,0,0,-0.2838,1.9243,0.0045,0,0,0,0,0,0
2026-01-23 16:45:00,6.933,2.833,421.03,0,,0,0,0,-0.6199,1.1812,0.0656,0,0,0,0,0,0
2026-01-23 17:00:00,7.067,2.922,413.06,0,,0,0,0,0.5097,1.4605,-0.7412,0,0,0,0,0,0
2026-01-23 17:15:00,6.982,3.178,420.95,0,,0,0,0,-0.2069,2.2417,0.0538,0,0,0,0,0,0
2026-01-23 17:30:00,6.887,2.868,414.46,0,,0,0,0,-0.9976,1.2468,-0.6088,0,0,0,0,0,0
2026-01-23 17:45:00,6.94,2.965,419.43,0,,0,0,0,-0.5486,1.5463,-0.1048,0,0,0,0,0,0
2026-01-23 18:00:00,6.913,2.924,422.62,0,,0,0,0,-0.7686,1.395,0.2126,0,0,0,0,0,0
2026-01-23 18:15:00,7.011,2.744,417.44,0,,0,0,0,0.055,0.819,-0.3052,0,0,0,0,0,0
2026-01-23 18:30:00,7.013,2.976,424.71,0,,0,0,0,0.0732,1.52,0.4378,0,0,0,0,0,0
2026-01-23 18:45:00,7.006,2.673,420.32,0,,0,0,0,0.0193,0.5598,-0.0099,0,0,0,0,0,0
2026-01-23 19:00:00,7.139,2.984,420.78,0,,0,0,0,1.1214,1.5132,0.0472,0,0,0,0,0,0
2026-01-23 19:15:00,7.076,2.676,426.68,0,,0,0,0,0.597,0.5816,0.6445,0,0,0,0,0,0
2026-01-23 19:30:00,7.094,2.672,421.25,0,,0,0,0,0.7433,0.5877,0.0899,0,0,0,0,0,0
2026-01-23 19:45:00,7.02,2.559,421.76,0,,0,0,0,0.1341,0.2265,0.1561,0,0,0,0,0,0
2026-01-23 20:00:00,7.025,2.561,430.16,0,,0,0,0,0.185,0.239,1.0183,0,0,0,0,0,0
2026-01-23 20:15:00,7.085,2.613,427.1,0,,0,0,0,0.6847,0.4003,0.721,0,0,0,0,0,0
2026-01-23 20:30:00,7.1,2.288,421.49,0,,0,0,0,0.7993,-0.6352,0.1448,0,0,0,0,0,0
2026-01-23 20:45:00,7.006,2.594,431.33,0,,0,0,0,0.0279,0.3393,1.1853,0,0,0,0,0,0
2026-01-23 21:00:00,7.097,2.527,426.86,0,,0,0,0,0.8011,0.1264,0.7275,0,0,0,0,0,0
2026-01-23 21:15:00,7.113,2.697,423.41,0,,0,0,0,0.9251,0.6641,0.3682,0,0,0,0,0,0
2026-01-23 21:30:00,7.108,2.616,419.49,0,,0,0,0,0.8792,0.4045,-0.0418,0,0,0,0,0,0
2026-01-23 21:45:00,7.084,2.42,433.59,0,,0,0,0,0.6889,-0.2145,1.4571,0,0,0,0,0,0
2026-01-23 22:00:00,7.103,2.431,426.95,0,,0,0,0,0.8521,-0.1788,0.7484,0,0,0,0,0,0
2026-01-23 22:15:00,7.126,2.439,425.79,0,,0,0,0,1.0444,-0.1518,0.6329,0,0,0,0,0,0
2026-01-23 22:30:00,7.143,2.671,433.64,0,,0,0,0,1.2049,0.5765,1.4649,0,0,0,0,0,0
2026-01-23 22:45:00,7.172,2.299,434.59,0,,0,0,0,1.4341,-0.616,1.5811,0,0,0,0,0,0
2026-01-23 23:00:00,7.199,2.289,428.44,0,,0,0,0,1.6376,-0.6541,0.9339,0,0,0,0,0,0
2026-01-23 23:15:00,7.132,2.202,435.42,0,,0,0,0,1.0802,-0.9205,1.7189,0,0,0,0,0,0
2026-01-23 23:30:00,7.126,2.125,440.12,0,,0,0,0,1.0381,-1.1551,2.1611,0,0,0,0,0,0
2026-01-23 23:45:00,7.172,2.369,437.36,0,,0,0,0,1.4277,-0.3935,1.8269,0,0,0,0,0,0
2026-01-24 00:00:00,7.181,2.33,436.76,0,,0,0,0,1.5083,-0.5206,1.7398,0,0,0,0,0,0
2026-01-24 00:15:00,7.128,2.47,433.23,0,,0,0,0,1.0654,-0.0838,1.388,0,0,0,0,0,0
2026-01-24 00:30:00,7.188,2.413,430.12,0,,0,0,0,1.5714,-0.2655,1.0638,0,0,0,0,0,0
2026-01-24 00:45:00,7.196,2.596,431.55,0,,0,0,0,1.6215,0.3149,1.2016,0,0,0,0,0,0
2026-01-24 01:00:00,7.209,2.206,433.35,0,,0,0,0,1.7122,-0.9513,1.3822,0,0,0,0,0,0
2026-01-24 01:15:00,7.231,2.16,426.33,0,,0,0,0,1.8676,-1.0884,0.649,0,0,0,0,0,0
2026-01-24 01:30:00,7.095,1.988,428.01,0,,0,0,0,0.7514,-1.639,0.8203,0,0,0,0,0,0
2026-01-24 01:45:00,7.135,2.272,425.05,0,,0,0,0,1.0914,-0.7273,0.5365,0,0,0,0,0,0
2026-01-24 02:00:00,7.13,2.171,431.33,0,,0,0,0,1.0552,-1.0498,1.1981,0,0,0,0,0,0
2026-01-24 02:15:00,7.12,2.239,430.31,0,,0,0,0,0.9727,-0.835,1.0909,0,0,0,0,0,0
2026-01-24 02:30:00,7.087,1.96,426.91,0,,0,0,0,0.6956,-1.7131,0.7344,0,0,0,0,0,0
2026-01-24 02:45:00,7.038,2.174,432.3,0,,0,0,0,0.2937,-1.0485,1.2958,0,0,0,0,0,0
2026-01-24 03:00:00,7.111,2.144,424.31,0,,0,0,0,0.906,-1.1418,0.4521,0,0,0,0,0,0
2026-01-24 03:15:00,7.06,2.129,425.15,0,,0,0,0,0.4835,-1.1988,0.5432,0,0,0,0,0,0
2026-01-24 03:30:00,7.096,2.001,430.43,0,,0,0,0,0.8054,-1.5984,1.0981,0,0,0,0,0,0
2026-01-24 03:45:00,7.044,2.279,430.38,0,,0,0,0,0.3636,-0.7026,1.0979,0,0,0,0,0,0
2026-01-24 04:00:00,7.02,2.408,422.82,0,,0,0,0,0.1663,-0.2938,0.3062,0,0,0,0,0,0
2026-01-24 04:15:00,7.078,1.934,426.24,0,,0,0,0,0.6683,-1.806,0.6624,0,0,0,0,0,0
2026-01-24 04:30:00,7.065,2.211,421.48,0,,0,0,0,0.5564,-0.9168,0.1652,0,0,0,0,0,0
2026-01-24 04:45:00,7.077,1.676,423.07,0,,0,0,0,0.6728,-2.5382,0.3383,0,0,0,0,0,0
2026-01-24 05:00:00,7.148,2.214,423.68,0,,0,0,0,1.2649,-0.8558,0.3998,0,0,0,0,0,0
2026-01-24 05:15:00,7.043,1.841,424.58,0,,0,0,0,0.3643,-1.9778,0.4938,0,0,0,0,0,0
2026-01-24 05:30:00,7.044,2.052,422.84,0,,0,0,0,0.3669,-1.323,0.3094,0,0,0,0,0,0
2026-01-24 05:45:00,6.956,1.944,421.88,0,,0,0,0,-0.3841,-1.6221,0.2059,0,0,0,0,0,0
2026-01-24 06:00:00,6.936,2.121,415.69,0,,0,0,0,-0.5479,-1.0913,-0.4475,0,0,0,0,0,0
2026-01-24 06:15:00,7.069,2.293,420.77,0,,0,0,0,0.5859,-0.5888,0.0888,0,0,0,0,0,0
2026-01-24 06:30:00,6.934,1.904,420.64,0,,0,0,0,-0.5609,-1.7412,0.0815,0,0,0,0,0,0
2026-01-24 06:45:00,6.919,2.145,420.41,0,,0,0,0,-0.6773,-1.0139,0.0455,0,0,0,0,0,0
2026-01-24 07:00:00,6.959,2.14,414.02,0,,0,0,0,-0.3371,-1.0363,-0.6353,0,0,0,0,0,0
2026-01-24 07:15:00,6.947,2.473,419.81,0,,0,0,0,-0.4406,-0.0353,-0.0157,0,0,0,0,0,0
2026-01-24 07:30:00,6.897,2.321,410.14,0,,0,0,0,-0.8492,-0.4899,-1.0404,0,0,0,0,0,0
2026-01-24 07:45:00,6.918,2.101,412.97,0,,0,0,0,-0.6664,-1.16,-0.7399,0,0,0,0,0,0
2026-01-24 08:00:00,6.986,2.229,412.9,0,,0,0,0,-0.098,-0.7628,-0.7389,0,0,0,0,0,0
2026-01-24 08:15:00,6.876,2.557,408.28,0,,0,0,0,-1.0351,0.2117,-1.2204,0,0,0,0,0,0
2026-01-24 08:30:00,6.839,2.454,411.53,0,,0,0,0,-1.3449,-0.1094,-0.8832,0,0,0,0,0,0
2026-01-24 08:45:00,6.948,2.234,412.97,0,,0,0,0,-0.4182,-0.77,-0.74,0,0,0,0,0,0
2026-01-24 09:00:00,6.919,2.356,404.21,0,,0,0,0,-0.6708,-0.3965,-1.6525,0,0,0,0,0,0
2026-01-24 09:15:00,6.856,2.387,409.4,0,,0,0,0,-1.2005,-0.2999,-1.1155,0,0,0,0,0,0
2026-01-24 09:30:00,6.802,2.367,403.49,0,,0,0,0,-1.638,-0.3548,-1.7048,0,0,0,0,0,0
2026-01-24 09:45:00,6.838,2.217,418.19,0,,0,0,0,-1.3194,-0.8141,-0.1625,0,0,0,0,0,0
2026-01-24 10:00:00,6.867,2.398,410.46,0,,0,0,0,-1.0848,-0.2562,-0.9658,0,0,0,0,0,0
2026-01-24 10:15:00,6.924,2.735,409.74,0,,0,0,0,-0.6223,0.7667,-1.0293,0,0,0,0,0,0
2026-01-24 10:30:00,6.81,2.495,409.84,0,,0,0,0,-1.5735,0.0452,-1.0244,0,0,0,0,0,0
2026-01-24 10:45:00,6.854,2.563,411.05,0,,0,0,0,-1.1957,0.2486,-0.9113,0,0,0,0,0,0
2026-01-24 11:00:00,6.889,2.625,412.32,0,,0,0,0,-0.9043,0.4361,-0.8142,0,0,0,0,0,0
2026-01-24 11:15:00,6.734,2.961,401.98,0,,0,0,0,-2.1743,1.4359,-1.9121,0,0,0,0,0,0
2026-01-24 11:30:00,6.903,2.654,413.34,0,,0,0,0,-0.7722,0.4988,-0.6894,0,0,0,0,0,0
2026-01-24 11:45:00,6.791,2.841,413.01,0,,0,0,0,-1.6972,1.0658,-0.7423,0,0,0,0,0,0
2026-01-24 12:00:00,6.867,2.61,407.73,0,,0,0,0,-1.0754,0.3692,-1.3167,0,0,0,0,0,0
2026-01-24 12:15:00,6.863,2.683,407.55,0,,0,0,0,-1.122,0.5889,-1.342,0,0,0,0,0,0
2026-01-24 12:30:00,6.906,2.745,395.69,0,,0,0,0,-0.7596,0.7732,-2.5425,0,0,0,0,0,0
2026-01-24 12:45:00,6.88,2.648,403.25,0,,0,0,0,-0.9769,0.4807,-1.709,0,0,0,0,0,0
2026-01-24 13:00:00,6.736,2.752,410.48,0,,0,0,0,-2.1286,0.7938,-0.9759,0,0,0,0,0,0
2026-01-24 13:15:00,6.819,2.934,413.44,0,,0,0,0,-1.4249,1.323,-0.6837,0,0,0,0,0,0
2026-01-24 13:30:00,6.868,2.697,411.83,0,,0,0,0,-1.0088,0.6155,-0.8508,0,0,0,0,0,0
2026-01-24 13:45:00,6.856,2.833,408.93,0,,0,0,0,-1.1228,1.0211,-1.1531,0,0,0,0,0,0
2026-01-24 14:00:00,6.894,2.953,417.31,0,,0,0,0,-0.8218,1.3645,-0.2722,0,0,0,0,0,0
2026-01-24 14:15:00,6.915,2.735,414.04,0,,0,0,0,-0.659,0.7226,-0.6189,0,0,0,0,0,0
2026-01-24 14:30:00,6.911,3.034,408.9,0,,0,0,0,-0.7028,1.6043,-1.181,0,0,0,0,0,0
2026-01-24 14:45:00,6.877,2.89,419.71,0,,0,0,0,-0.9943,1.1692,-0.0216,0,0,0,0,0,0
2026-01-24 15:00:00,6.802,2.862,407.13,0,,0,0,0,-1.6009,1.0863,-1.3677,0,0,0,0,0,0
2026-01-24 15:15:00,6.878,2.591,406.2,0,,0,0,0,-0.9777,0.309,-1.4445,0,0,0,0,0,0
2026-01-24 15:30:00,6.93,2.841,411.01,0,,0,0,0,-0.5454,1.1029,-0.9531,0,0,0,0,0,0
2026-01-24 15:45:00,6.862,2.955,410.3,0,,0,0,0,-1.1018,1.4384,-1.0251,0,0,0,0,0,0
2026-01-24 16:00:00,6.957,3.162,412.54,0,,0,0,0,-0.3151,2.025,-0.7774,0,0,0,0,0,0
2026-01-24 16:15:00,6.979,2.984,417.88,0,,0,0,0,-0.1344,1.4668,-0.2094,0,0,0,0,0,0
2026-01-24 16:30:00,6.949,3.066,415.27,0,,0,0,0,-0.381,1.7111,-0.4832,0,0,0,0,0,0
2026-01-24 16:45:00,6.799,2.711,416.11,0,,0,0,0,-1.5932,0.6541,-0.3874,0,0,0,0,0,0
2026-01-24 17:00:00,6.897,2.867,417.13,0,,0,0,0,-0.7752,1.1268,-0.2833,0,0,0,0,0,0
2026-01-24 17:15:00,7.065,3.062,408.41,0,,0,0,0,0.5906,1.7294,-1.1963,0,0,0,0,0,0
2026-01-24 17:30:00,6.953,2.736,412.37,0,,0,0,0,-0.3305,0.7484,-0.7709,0,0,0,0,0,0
2026-01-24 17:45:00,6.891,3.004,417.67,0,,0,0,0,-0.8319,1.5599,-0.2051,0,0,0,0,0,0
2026-01-24 18:00:00,7.062,2.956,416.63,0,,0,0,0,0.5527,1.4111,-0.3091,0,0,0,0,0,0
2026-01-24 18:15:00,7.01,2.874,419.86,0,,0,0,0,0.1277,1.1536,0.0318,0,0,0,0,0,0
2026-01-24 18:30:00,7.075,2.768,427.18,0,,0,0,0,0.6524,0.8464,0.8062,0,0,0,0,0,0
2026-01-24 18:45:00,7.043,2.653,422.04,0,,0,0,0,0.3879,0.497,0.2585,0,0,0,0,0,0
2026-01-24 19:00:00,7.062,3.049,417.82,0,,0,0,0,0.5525,1.6954,-0.1862,0,0,0,0,0,0
2026-01-24 19:15:00,7.066,2.859,420.68,0,,0,0,0,0.5864,1.1074,0.1244,0,0,0,0,0,0
2026-01-24 19:30:00,7.092,2.795,431.43,0,,0,0,0,0.8,0.9077,1.2472,0,0,0,0,0,0
2026-01-24 19:45:00,7.18,2.66,431.44,0,,0,0,0,1.4906,0.4973,1.228,0,0,0,0,0,0
2026-01-24 20:00:00,7.124,2.706,428.38,0,,0,0,0,1.0228,0.63,0.9111,0,0,0,0,0,0
2026-01-24 20:15:00,7.004,2.702,420.42,0,,0,0,0,0.062,0.6143,0.0832,0,0,0,0,0,0
2026-01-24 20:30:00,7.114,2.713,428.53,0,,0,0,0,0.9492,0.634,0.9254,0,0,0,0,0,0
2026-01-24 20:45:00,7.156,2.739,429.45,0,,0,0,0,1.265,0.7059,1.0263,0,0,0,0,0,0
2026-01-24 21:00:00,7.166,2.486,428.59,0,,0,0,0,1.3311,-0.0499,0.9325,0,0,0,0,0,0
2026-01-24 21:15:00,7.091,2.358,426.74,0,,0,0,0,0.7371,-0.4227,0.7333,0,0,0,0,0,0
2026-01-24 21:30:00,7.177,2.565,428.07,0,,0,0,0,1.4076,0.1989,0.8598,0,0,0,0,0,0
2026-01-24 21:45:00,7.171,2.264,427.42,0,,0,0,0,1.3431,-0.6964,0.8048,0,0,0,0,0,0
2026-01-24 22:00:00,7.259,2.451,425.81,0,,0,0,0,1.9862,-0.1381,0.6374,0,0,0,0,0,0
2026-01-24 22:15:00,7.097,2.397,436.23,0,,0,0,0,0.7391,-0.2981,1.699,0,0,0,0,0,0
2026-01-24 22:30:00,7.113,2.522,434.62,0,,0,0,0,0.8674,0.0802,1.5284,0,0,0,0,0,0
2026-01-24 22:45:00,7.127,2.719,430.22,0,,0,0,0,0.9837,0.6564,1.084,0,0,0,0,0,0
2026-01-24 23:00:00,7.12,2.105,433.0,0,,0,0,0,0.9432,-1.1685,1.3612,0,0,0,0,0,0
2026-01-24 23:15:00,7.103,2.713,433.33,0,,0,0,0,0.8139,0.6263,1.4025,0,0,0,0,0,0
2026-01-24 23:30:00,7.011,2.312,441.27,0,,0,0,0,0.0999,-0.5782,2.2212,0,0,0,0,0,0
2026-01-24 23:45:00,7.128,2.375,435.46,0,,0,0,0,1.0336,-0.3896,1.6263,0,0,0,0,0,0
2026-01-25 00:00:00,7.168,2.088,435.34,0,,0,0,0,1.3546,-1.234,1.6196,0,0,0,0,0,0
2026-01-25 00:15:00,7.125,2.427,432.13,0,,0,0,0,1.0129,-0.2233,1.2877,0,0,0,0,0,0
2026-01-25 00:30:00,7.245,2.263,430.16,0,,0,0,0,1.9473,-0.7052,1.0816,0,0,0,0,0,0
2026-01-25 00:45:00,7.148,2.227,437.3,0,,0,0,0,1.192,-0.7983,1.8046,0,0,0,0,0,0
2026-01-25 01:00:00,7.209,1.927,434.2,0,,0,0,0,1.6763,-1.6598,1.4807,0,0,0,0,0,0
2026-01-25 01:15:00,7.155,2.21,428.04,0,,0,0,0,1.2664,-0.8336,0.8405,0,0,0,0,0,0
2026-01-25 01:30:00,7.18,2.31,432.9,0,,0,0,0,1.4482,-0.5558,1.3296,0,0,0,0,0,0
2026-01-25 01:45:00,7.148,2.132,434.11,0,,0,0,0,1.1911,-1.0748,1.4304,0,0,0,0,0,0
2026-01-25 02:00:00,7.198,2.33,422.01,0,,0,0,0,1.571,-0.4971,0.2109,0,0,0,0,0,0
2026-01-25 02:15:00,7.128,2.311,426.29,0,,0,0,0,1.0176,-0.5564,0.656,0,0,0,0,0,0
2026-01-25 02:30:00,7.144,2.034,430.97,0,,0,0,0,1.1341,-1.3853,1.1282,0,0,0,0,0,0
2026-01-25 02:45:00,7.131,2.36,421.32,0,,0,0,0,1.0194,-0.4222,0.1532,0,0,0,0,0,0
2026-01-25 03:00:00,7.092,2.12,421.42,0,,0,0,0,0.7173,-1.138,0.1668,0,0,0,0,0,0
2026-01-25 03:15:00,7.119,2.115,426.83,0,,0,0,0,0.9205,-1.1519,0.7233,0,0,0,0,0,0
2026-01-25 03:30:00,7.203,2.118,429.27,0,,0,0,0,1.5505,-1.1522,0.9777,0,0,0,0,0,0
2026-01-25 03:45:00,7.07,2.111,428.82,0,,0,0,0,0.5222,-1.1623,0.9344,0,0,0,0,0,0
2026-01-25 04:00:00,7.096,1.705,432.33,0,,0,0,0,0.7146,-2.287,1.2771,0,0,0,0,0,0
2026-01-25 04:15:00,7.129,2.073,425.64,0,,0,0,0,0.9611,-1.2306,0.5909,0,0,0,0,0,0
2026-01-25 04:30:00,7.114,1.899,423.1,0,,0,0,0,0.8401,-1.7084,0.3281,0,0,0,0,0,0
2026-01-25 04:45:00,7.049,2.352,418.63,0,,0,0,0,0.346,-0.4344,-0.1263,0,0,0,0,0,0
2026-01-25 05:00:00,6.92,2.352,421.57,0,,0,0,0,-0.6254,-0.4399,0.1782,0,0,0,0,0,0
2026-01-25 05:15:00,7.055,2.249,425.17,0,,0,0,0,0.4107,-0.773,0.5475,0,0,0,0,0,0
2026-01-25 05:30:00,6.909,2.095,424.58,0,,0,0,0,-0.6984,-1.2435,0.4846,0,0,0,0,0,0
2026-01-25 05:45:00,7.083,1.99,421.84,0,,0,0,0,0.6242,-1.5677,0.2033,0,0,0,0,0,0
2026-01-25 06:00:00,7.008,2.055,422.19,0,,0,0,0,0.0445,-1.364,0.2324,0,0,0,0,0,0
2026-01-25 06:15:00,7.04,2.459,424.32,0,,0,0,0,0.2924,-0.1427,0.4471,0,0,0,0,0,0
2026-01-25 06:30:00,6.935,2.079,418.73,0,,0,0,0,-0.5132,-1.3163,-0.1248,0,0,0,0,0,0
2026-01-25 06:45:00,6.893,1.846,423.13,0,,0,0,0,-0.832,-1.9921,0.3238,0,0,0,0,0,0
2026-01-25 07:00:00,6.974,2.372,413.99,0,,0,0,0,-0.2129,-0.4107,-0.6139,0,0,0,0,0,0
2026-01-25 07:15:00,6.95,2.461,415.85,0,,0,0,0,-0.397,-0.1396,-0.4185,0,0,0,0,0,0
2026-01-25 07:30:00,6.918,2.505,413.48,0,,0,0,0,-0.6447,-0.0116,-0.667,0,0,0,0,0,0
2026-01-25 07:45:00,6.938,2.434,417.86,0,,0,0,0,-0.4933,-0.2404,-0.2224,0,0,0,0,0,0
2026-01-25 08:00:00,7.063,2.48,409.94,0,,0,0,0,0.4599,-0.1076,-1.0327,0,0,0,0,0,0
2026-01-25 08:15:00,6.958,2.331,412.05,0,,0,0,0,-0.3536,-0.5589,-0.8232,0,0,0,0,0,0
2026-01-25 08:30:00,6.961,2.035,405.26,0,,0,0,0,-0.343,-1.4408,-1.505,0,0,0,0,0,0
2026-01-25 08:45:00,6.943,2.376,414.47,0,,0,0,0,-0.4824,-0.4081,-0.5643,0,0,0,0,0,0
2026-01-25 09:00:00,6.968,2.49,416.5,0,,0,0,0,-0.2927,-0.0643,-0.3744,0,0,0,0,0,0
2026-01-25 09:15:00,6.878,2.402,414.62,0,,0,0,0,-0.9967,-0.3339,-0.5781,0,0,0,0,0,0
2026-01-25 09:30:00,6.778,2.421,413.73,0,,0,0,0,-1.7685,-0.2777,-0.6916,0,0,0,0,0,0
2026-01-25 09:45:00,6.866,2.329,413.38,0,,0,0,0,-1.09,-0.5642,-0.7215,0,0,0,0,0,0
2026-01-25 10:00:00,6.911,2.35,412.41,0,,0,0,0,-0.7454,-0.498,-0.8277,0,0,0,0,0,0
2026-01-25 10:15:00,6.817,2.802,411.7,0,,0,0,0,-1.458,0.8841,-0.9069,0,0,0,0,0,0
2026-01-25 10:30:00,6.853,2.833,411.63,0,,0,0,0,-1.1883,0.9634,-0.9182,0,0,0,0,0,0
2026-01-25 10:45:00,6.823,2.578,406.01,0,,0,0,0,-1.4146,0.1864,-1.499,0,0,0,0,0,0
2026-01-25 11:00:00,6.93,2.646,407.61,0,,0,0,0,-0.5894,0.3927,-1.3177,0,0,0,0,0,0
2026-01-25 11:15:00,6.89,2.481,408.51,0,,0,0,0,-0.9312,-0.0954,-1.2446,0,0,0,0,0,0
2026-01-25 11:30:00,6.884,2.749,406.76,0,,0,0,0,-0.9758,0.7242,-1.4118,0,0,0,0,0,0
2026-01-25 11:45:00,6.881,2.941,401.76,0,,0,0,0,-1.0175,1.3054,-1.8944,0,0,0,0,0,0
2026-01-25 12:00:00,6.848,2.471,403.06,0,,0,0,0,-1.2775,-0.1272,-1.7414,0,0,0,0,0,0
2026-01-25 12:15:00,6.86,2.792,408.95,0,,0,0,0,-1.181,0.849,-1.1397,0,0,0,0,0,0
2026-01-25 12:30:00,6.792,2.824,411.73,0,,0,0,0,-1.6941,0.9422,-0.8975,0,0,0,0,0,0
2026-01-25 12:45:00,6.744,2.843,408.27,0,,0,0,0,-2.0268,0.9895,-1.2812,0,0,0,0,0,0
2026-01-25 13:00:00,6.863,3.029,419.47,0,,0,0,0,-1.1331,1.5295,-0.0931,0,0,0,0,0,0
2026-01-25 13:15:00,6.874,3.106,404.96,0,,0,0,0,-1.057,1.7411,-1.627,0,0,0,0,0,0
2026-01-25 13:30:00,6.922,2.782,410.69,0,,0,0,0,-0.6834,0.7724,-1.0146,0,0,0,0,0,0
2026-01-25 13:45:00,6.944,2.934,414.4,0,,0,0,0,-0.5187,1.217,-0.6298,0,0,0,0,0,0
2026-01-25 14:00:00,6.949,2.859,413.87,0,,0,0,0,-0.4848,1.001,-0.6813,0,0,0,0,0,0
2026-01-25 14:15:00,6.825,2.764,412.64,0,,0,0,0,-1.4623,0.7173,-0.8101,0,0,0,0,0,0
2026-01-25 14:30:00,6.863,2.91,414.76,0,,0,0,0,-1.1507,1.1609,-0.5942,0,0,0,0,0,0
2026-01-25 14:45:00,6.911,2.979,411.2,0,,0,0,0,-0.7742,1.3595,-0.9616,0,0,0,0,0,0
2026-01-25 15:00:00,7.021,2.919,418.17,0,,0,0,0,0.0851,1.1768,-0.2326,0,0,0,0,0,0
2026-01-25 15:15:00,6.975,2.76,417.22,0,,0,0,0,-0.2965,0.6977,-0.3515,0,0,0,0,0,0
2026-01-25 15:30:00,6.965,2.827,409.29,0,,0,0,0,-0.3814,0.897,-1.2117,0,0,0,0,0,0
2026-01-25 15:45:00,6.897,2.831,414.62,0,,0,0,0,-0.9409,0.9166,-0.6394,0,0,0,0,0,0
2026-01-25 16:00:00,6.881,2.774,407.81,0,,0,0,0,-1.0599,0.7715,-1.3699,0,0,0,0,0,0
2026-01-25 16:15:00,6.973,2.946,420.78,0,,0,0,0,-0.3117,1.2954,0.0357,0,0,0,0,0,0
2026-01-25 16:30:00,6.888,2.959,416.3,0,,0,0,0,-0.9933,1.345,-0.4526,0,0,0,0,0,0
2026-01-25 16:45:00,6.94,3.039,421.54,0,,0,0,0,-0.5925,1.5607,0.1112,0,0,0,0,0,0
2026-01-25 17:00:00,6.955,2.758,416.46,0,,0,0,0,-0.4761,0.7198,-0.4409,0,0,0,0,0,0
2026-01-25 17:15:00,7.05,2.792,410.23,0,,0,0,0,0.3079,0.8399,-1.1238,0,0,0,0,0,0
2026-01-25 17:30:00,6.963,3.103,428.98,0,,0,0,0,-0.4101,1.753,0.9028,0,0,0,0,0,0
2026-01-25 17:45:00,6.868,2.834,419.74,0,,0,0,0,-1.1888,0.9546,-0.1075,0,0,0,0,0,0
2026-01-25 18:00:00,7.025,2.851,416.0,0,,0,0,0,0.1061,1.0134,-0.5148,0,0,0,0,0,0
2026-01-25 18:15:00,6.975,2.806,425.37,0,,0,0,0,-0.3024,0.8805,0.5006,0,0,0,0,0,0
2026-01-25 18:30:00,7.022,2.987,429.71,0,,0,0,0,0.089,1.4146,0.9683,0,0,0,0,0,0
2026-01-25 18:45:00,7.025,2.977,421.53,0,,0,0,0,0.1153,1.3617,0.0797,0,0,0,0,0,0
2026-01-25 19:00:00,7.025,2.95,422.71,0,,0,0,0,0.1186,1.2896,0.2025,0,0,0,0,0,0
2026-01-25 19:15:00,7.088,2.768,424.81,0,,0,0,0,0.6359,0.7461,0.4258,0,0,0,0,0,0
2026-01-25 19:30:00,6.981,2.613,420.15,0,,0,0,0,-0.237,0.2847,-0.0682,0,0,0,0,0,0
2026-01-25 19:45:00,7.04,3.011,422.54,0,,0,0,0,0.265,1.4639,0.2048,0,0,0,0,0,0
2026-01-25 20:00:00,7.109,2.828,433.13,0,,0,0,0,0.8431,0.9089,1.3579,0,0,0,0,0,0
2026-01-25 20:15:00,7.053,2.608,426.14,0,,0,0,0,0.3707,0.2545,0.5849,0,0,0,0,0,0
2026-01-25 20:30:00,7.011,2.867,423.95,0,,0,0,0,0.0292,1.0209,0.3518,0,0,0,0,0,0
2026-01-25 20:45:00,7.132,2.548,426.1,0,,0,0,0,1.0482,0.0759,0.5932,0,0,0,0,0,0
2026-01-25 21:00:00,7.162,2.815,432.78,0,,0,0,0,1.3012,0.8601,1.3161,0,0,0,0,0,0
2026-01-25 21:15:00,7.111,2.8,421.12,0,,0,0,0,0.8695,0.8001,0.0469,0,0,0,0,0,0
2026-01-25 21:30:00,7.021,2.414,430.54,0,,0,0,0,0.1289,-0.3415,1.0742,0,0,0,0,0,0
2026-01-25 21:45:00,7.16,2.613,439.83,0,,0,0,0,1.3113,0.2391,2.0356,0,0,0,0,0,0
2026-01-25 22:00:00,7.047,2.617,438.52,0,,0,0,0,0.3789,0.2459,1.8492,0,0,0,0,0,0
2026-01-25 22:15:00,7.15,2.866,433.06,0,,0,0,0,1.2648,0.9687,1.2836,0,0,0,0,0,0
2026-01-25 22:30:00,7.094,2.336,436.35,0,,0,0,0,0.7824,-0.5959,1.6255,0,0,0,0,0,0
2026-01-25 22:45:00,7.084,2.637,436.59,0,,0,0,0,0.702,0.2977,1.6288,0,0,0,0,0,0
2026-01-25 23:00:00,7.123,2.399,431.09,0,,0,0,0,1.041,-0.4197,1.0577,0,0,0,0,0,0
2026-01-25 23:15:00,7.138,2.185,435.47,0,,0,0,0,1.1646,-1.0378,1.51,0,0,0,0,0,0
2026-01-25 23:30:00,7.117,2.329,439.05,0,,0,0,0,0.968,-0.6104,1.8961,0,0,0,0,0,0
2026-01-25 23:45:00,7.179,2.323,426.92,0,,0,0,0,1.4899,-0.6261,0.637,0,0,0,0,0,0
2026-01-26 00:00:00,7.128,2.141,434.31,0,,0,0,0,1.0604,-1.1709,1.4253,0,0,0,0,0,1
2026-01-26 00:15:00,7.199,2.331,433.42,0,,0,0,0,1.6511,-0.6014,1.3268,0,0,0,0,0,1
2026-01-26 00:30:00,7.163,2.414,432.31,0,,0,0,0,1.368,-0.3603,1.2034,0,0,0,0,0,1
2026-01-26 00:45:00,7.112,2.292,431.83,0,,0,0,0,0.9332,-0.7273,1.169,0,0,0,0,0,1
2026-01-26 01:00:00,7.102,2.163,432.52,0,,0,0,0,0.8673,-1.1323,1.2477,0,0,0,0,0,1
2026-01-26 01:15:00,7.06,2.211,432.63,0,,0,0,0,0.5106,-0.9874,1.2479,0,0,0,0,0,1
2026-01-26 01:30:00,7.153,2.223,435.56,0,,0,0,0,1.343,-0.9463,1.5506,0,0,0,0,0,1
2026-01-26 01:45:00,7.117,2.247,432.67,0,,0,0,0,1.0288,-0.881,1.2482,0,0,0,0,0,1
2026-01-26 02:00:00,7.011,2.374,429.68,0,,0,0,0,0.1009,-0.4986,0.9176,0,0,0,0,0,1
2026-01-26 02:15:00,7.098,2.243,426.62,0,,0,0,0,0.8966,-0.8915,0.5932,0,0,0,0,0,1
2026-01-26 02:30:00,7.074,1.988,427.63,0,,0,0,0,0.6892,-1.6567,0.7061,0,0,0,0,0,1
2026-01-26 02:45:00,7.192,2.111,430.07,0,,0,0,0,1.7504,-1.269,0.9509,0,0,0,0,0,1
2026-01-26 03:00:00,7.021,2.22,425.66,0,,0,0,0,0.203,-0.9492,0.4796,0,0,0,0,0,1
2026-01-26 03:15:00,7.027,2.364,431.7,0,,0,0,0,0.2681,-0.5281,1.1067,0,0,0,0,0,1
2026-01-26 03:30:00,7.147,2.393,429.03,0,,0,0,0,1.3874,-0.4525,0.8266,0,0,0,0,0,1
2026-01-26 03:45:00,7.151,2.469,431.24,0,,0,0,0,1.4051,-0.2343,1.0536,0,0,0,0,0,1
2026-01-26 04:00:00,7.038,2.228,423.44,0,,0,0,0,0.3739,-1.0237,0.2473,0,0,0,0,0,1
2026-01-26 04:15:00,7.035,2.331,421.98,0,,0,0,0,0.3578,-0.7123,0.0973,0,0,0,0,0,1
2026-01-26 04:30:00,7.088,2.007,429.14,0,,0,0,0,0.8546,-1.7664,0.8444,0,0,0,0,0,1
2026-01-26 04:45:00,6.932,2.301,424.38,0,,0,0,0,-0.586,-0.815,0.3367,0,0,0,0,0,1
2026-01-26 05:00:00,6.946,2.088,422.3,0,,0,0,0,-0.4589,-1.4784,0.1169,0,0,0,0,0,1
2026-01-26 05:15:00,7.015,2.254,425.14,0,,0,0,0,0.1882,-0.9489,0.416,0,0,0,0,0,1
2026-01-26 05:30:00,7.097,2.734,424.21,0,,0,0,0,0.934,0.5678,0.3185,0,0,0,0,0,1
2026-01-26 05:45:00,6.988,2.343,415.76,0,,0,0,0,-0.073,-0.7155,-0.5637,0,0,0,0,0,1
2026-01-26 06:00:00,7.005,2.187,425.54,0,,0,0,0,0.0863,-1.2388,0.4603,0,0,0,0,0,1
2026-01-26 06:15:00,7.047,2.398,417.57,0,,0,0,0,0.4783,-0.5409,-0.3692,0,0,0,0,0,1
2026-01-26 06:30:00,7.086,2.281,425.23,0,,0,0,0,0.8266,-0.9414,0.4277,0,0,0,0,0,1
2026-01-26 06:45:00,6.942,2.238,412.32,0,,0,0,0,-0.5238,-1.125,-0.9113,0,0,0,0,0,1
2026-01-26 07:00:00,6.96,2.722,418.16,0,,0,0,0,-0.3537,0.5108,-0.3064,0,0,0,0,0,1
2026-01-26 07:15:00,7.043,2.593,415.4,0,,0,0,0,0.4143,0.0665,-0.5948,0,0,0,0,0,1
2026-01-26 07:30:00,6.866,2.512,407.51,0,,0,0,0,-1.2316,-0.2099,-1.4043,0,0,0,0,0,1
2026-01-26 07:45:00,6.985,2.429,417.33,0,,0,0,0,-0.1278,-0.4928,-0.3828,0,0,0,0,0,1
2026-01-26 08:00:00,6.874,2.47,406.3,0,,0,0,0,-1.1394,-0.3526,-1.5172,0,0,0,0,0,1
2026-01-26 08:15:00,6.922,2.778,412.17,0,,0,0,0,-0.689,0.6825,-0.9106,0,0,0,0,0,1
2026-01-26 08:30:00,6.897,2.623,417.11,0,,0,0,0,-0.911,0.135,-0.4181,0,0,0,0,0,1
2026-01-26 08:45:00,6.853,2.146,409.97,0,,0,0,0,-1.2983,-1.5013,-1.156,0,0,0,0,0,1
2026-01-26 09:00:00,6.845,3.004,407.9,0,,0,0,0,-1.3471,1.4213,-1.3509,0,0,0,0,0,1
2026-01-26 09:15:00,6.901,2.7,414.18,0,,0,0,0,-0.8429,0.3747,-0.7008,0,0,0,0,0,1
2026-01-26 09:30:00,6.931,2.757,409.48,0,,0,0,0,-0.5959,0.5575,-1.1768,0,0,0,0,0,1
2026-01-26 09:45:00,6.869,2.901,408.4,0,,0,0,0,-1.1711,1.0275,-1.2756,0,0,0,0,0,1
2026-01-26 10:00:00,6.874,2.841,414.71,0,,0,0,0,-1.1173,0.8058,-0.6334,0,0,0,0,0,1
2026-01-26 10:15:00,6.894,2.916,404.57,0,,0,0,0,-0.9492,1.0539,-1.6491,0,0,0,0,0,1
2026-01-26 10:30:00,6.813,2.773,407.08,0,,0,0,0,-1.6909,0.5707,-1.3816,0,0,0,0,0,1
2026-01-26 10:45:00,6.895,2.685,412.1,0,,0,0,0,-0.9459,0.2672,-0.8881,0,0,0,0,0,1
2026-01-26 11:00:00,6.896,2.944,403.48,0,,0,0,0,-0.9308,1.1305,-1.7488,0,0,0,0,0,1
2026-01-26 11:15:00,6.983,3.148,415.33,0,,0,0,0,-0.1285,1.7683,-0.5621,0,0,0,0,0,1
2026-01-26 11:30:00,6.832,2.868,407.24,0,,0,0,0,-1.5298,0.8303,-1.3866,0,0,0,0,0,1
2026-01-26 11:45:00,6.827,2.886,411.52,0,,0,0,0,-1.5603,0.8936,-0.9762,0,0,0,0,0,1
2026-01-26 12:00:00,6.888,3.208,411.49,0,,0,0,0,-1.0042,1.9034,-1.0015,0,0,0,0,0,1
2026-01-26 12:15:00,6.891,2.986,407.42,0,,0,0,0,-0.9827,1.1655,-1.4229,0,0,0,0,0,1
2026-01-26 12:30:00,6.825,3.021,406.19,0,,0,0,0,-1.6108,1.2643,-1.5337,0,0,0,0,0,1
2026-01-26 12:45:00,6.833,3.053,408.06,0,,0,0,0,-1.5717,1.3506,-1.3391,0,0,0,0,0,1
2026-01-26 13:00:00,6.882,3.126,411.26,0,,0,0,0,-1.1083,1.5738,-0.9933,0,0,0,0,0,1
2026-01-26 13:15:00,6.817,2.924,404.69,0,,0,0,0,-1.7104,0.9431,-1.67,0,0,0,0,0,1
2026-01-26 13:30:00,6.841,3.102,404.1,0,,0,0,0,-1.4618,1.488,-1.7069,0,0,0,0,0,1
2026-01-26 13:45:00,6.87,3.24,415.17,0,,0,0,0,-1.1745,1.8888,-0.5777,0,0,0,0,0,1
2026-01-26 14:00:00,6.92,3.259,406.67,0,,0,0,0,-0.7029,1.9025,-1.4265,0,0,0,0,0,1
2026-01-26 14:15:00,6.845,3.419,411.44,0,,0,0,0,-1.4092,2.3076,-0.941,0,0,0,0,0,1
2026-01-26 14:30:00,6.789,3.539,409.67,0,,0,0,0,-1.9045,2.5614,-1.1096,0,0,0,0,0,1
2026-01-26 14:45:00,6.791,3.506,410.35,0,,0,0,0,-1.8461,2.3859,-1.0392,0,0,0,0,0,1
2026-01-26 15:00:00,6.831,3.43,417.24,0,,0,0,0,-1.4474,2.1109,-0.3448,0,0,0,0,0,1
2026-01-26 15:15:00,6.835,3.283,411.75,0,,0,0,0,-1.384,1.6656,-0.8882,0,0,0,0,0,1
2026-01-26 15:30:00,6.901,3.223,411.27,0,,0,0,0,-0.7865,1.4753,-0.9404,0,0,0,0,0,1
2026-01-26 15:45:00,6.857,3.329,412.25,0,,0,0,0,-1.17,1.7204,-0.838,0,0,0,0,0,1
2026-01-26 16:00:00,6.89,3.422,411.99,0,,0,0,0,-0.8789,1.9114,-0.8726,0,0,0,0,0,1
2026-01-26 16:15:00,6.895,3.463,412.01,0,,0,0,0,-0.8245,1.9671,-0.858,0,0,0,0,0,1
2026-01-26 16:30:00,6.921,3.437,413.41,0,,0,0,0,-0.599,1.8576,-0.7132,0,0,0,0,0,1
2026-01-26 16:45:00,7.018,3.328,422.8,0,,0,0,0,0.2537,1.562,0.2263,0,0,0,0,0,1
2026-01-26 17:00:00,6.994,3.465,419.74,0,,0,0,0,0.0372,1.85,-0.0837,0,0,0,0,0,1
2026-01-26 17:15:00,6.972,3.536,416.28,0,,0,0,0,-0.151,1.9634,-0.439,0,0,0,0,0,1
2026-01-26 17:30:00,6.957,3.476,422.36,0,,0,0,0,-0.2836,1.7878,0.181,0,0,0,0,0,1
2026-01-26 17:45:00,6.969,3.335,412.87,0,,0,0,0,-0.1875,1.4273,-0.7687,0,0,0,0,0,1
2026-01-26 18:00:00,7.016,3.209,425.5,0,,0,0,0,0.2334,1.1171,0.4941,0,0,0,0,0,1
2026-01-26 18:15:00,7.039,3.199,425.97,0,,0,0,0,0.4327,1.0779,0.5406,0,0,0,0,0,1
2026-01-26 18:30:00,6.974,3.217,430.51,0,,0,0,0,-0.1434,1.1086,0.9963,0,0,0,0,0,1
2026-01-26 18:45:00,7.031,3.348,426.39,0,,0,0,0,0.3652,1.3886,0.5755,0,0,0,0,0,1
2026-01-26 19:00:00,6.937,3.376,424.85,0,,0,0,0,-0.4659,1.4283,0.4183,0,0,0,0,0,1
2026-01-26 19:15:00,7.059,3.073,429.02,0,,0,0,0,0.6271,0.7356,0.8303,0,0,0,0,0,1
2026-01-26 19:30:00,7.096,3.197,422.09,0,,0,0,0,0.9429,0.996,0.1343,0,0,0,0,0,1
2026-01-26 19:45:00,7.052,3.294,423.73,0,,0,0,0,0.5497,1.1994,0.2972,0,0,0,0,0,1
2026-01-26 20:00:00,7.166,3.107,425.74,0,,0,0,0,1.548,0.7744,0.5096,0,0,0,0,0,1
2026-01-26 20:15:00,7.039,3.291,432.14,0,,0,0,0,0.4274,1.1591,1.1421,0,0,0,0,0,1
2026-01-26 20:30:00,7.102,3.163,423.88,0,,0,0,0,0.9713,0.867,0.3142,0,0,0,0,0,1
2026-01-26 20:45:00,7.097,3.083,424.06,0,,0,0,0,0.9338,0.6783,0.3347,0,0,0,0,0,1
2026-01-26 21:00:00,7.101,3.181,429.43,0,,0,0,0,0.9816,0.8812,0.8802,0,0,0,0,0,1
2026-01-26 21:15:00,7.107,3.213,431.89,0,,0,0,0,1.0358,0.9373,1.1094,0,0,0,0,0,1
2026-01-26 21:30:00,7.124,3.008,426.71,0,,0,0,0,1.1693,0.4793,0.597,0,0,0,0,0,1
2026-01-26 21:45:00,7.167,3.079,432.66,0,,0,0,0,1.547,0.6226,1.2161,0,0,0,0,0,1
2026-01-26 22:00:00,7.199,3.167,435.87,0,,0,0,0,1.7867,0.7995,1.5523,0,0,0,0,0,1
2026-01-26 22:15:00,7.134,2.963,435.56,0,,0,0,0,1.2259,0.3545,1.5124,0,0,0,0,0,1
2026-01-26 22:30:00,7.179,2.809,432.5,0,,0,0,0,1.5944,0.0099,1.2124,0,0,0,0,0,1
2026-01-26 22:45:00,7.107,2.808,431.0,0,,0,0,0,0.97,0.0038,1.0737,0,0,0,0,0,1
2026-01-26 23:00:00,7.183,2.957,438.53,0,,0,0,0,1.6066,0.3174,1.8207,0,0,0,0,0,1
2026-01-26 23:15:00,7.109,2.804,431.83,0,,0,0,0,0.98,-0.0321,1.1477,0,0,0,0,0,1
2026-01-26 23:30:00,7.203,2.932,435.66,0,,0,0,0,1.7583,0.2386,1.5534,0,0,0,0,0,1
2026-01-26 23:45:00,7.26,3.217,439.81,0,,0,0,0,2.2041,0.8545,1.9323,0,0,0,0,0,1
2026-01-27 00:00:00,7.144,2.744,435.34,0,,0,0,0,1.2311,-0.2179,1.4763,0,0,0,0,0,1
2026-01-27 00:15:00,7.04,2.893,427.99,0,,0,0,0,0.3825,0.1064,0.7434,0,0,0,0,0,1
2026-01-27 00:30:00,7.121,3.241,426.94,0,,0,0,0,1.0772,0.8798,0.6457,0,0,0,0,0,1
2026-01-27 00:45:00,7.209,2.968,430.58,0,,0,0,0,1.7955,0.2438,1.0206,0,0,0,0,0,1
2026-01-27 01:00:00,7.173,2.84,434.43,0,,0,0,0,1.4757,-0.0675,1.4089,0,0,0,0,0,1
2026-01-27 01:15:00,7.154,2.86,433.14,0,,0,0,0,1.2991,-0.0371,1.2758,0,0,0,0,0,1
2026-01-27 01:30:00,7.189,2.938,439.91,0,,0,0,0,1.5788,0.131,1.9461,0,0,0,0,0,1
2026-01-27 01:45:00,7.159,3.12,432.5,0,,0,0,0,1.3223,0.5502,1.1966,0,0,0,0,0,1
2026-01-27 02:00:00,7.191,2.779,429.08,0,,0,0,0,1.5495,-0.2861,0.8515,0,0,0,0,0,1
2026-01-27 02:15:00,7.171,2.739,425.44,0,,0,0,0,1.372,-0.4012,0.4844,0,0,0,0,0,1
2026-01-27 02:30:00,7.195,2.642,434.24,0,,0,0,0,1.5382,-0.6741,1.3594,0,0,0,0,0,1
2026-01-27 02:45:00,7.131,2.862,429.0,0,,0,0,0,1.0404,-0.1404,0.8341,0,0,0,0,0,1
2026-01-27 03:00:00,7.151,2.635,422.46,0,,0,0,0,1.1812,-0.7494,0.179,0,0,0,0,0,1
2026-01-27 03:15:00,7.084,2.777,428.0,0,,0,0,0,0.6421,-0.3923,0.7442,0,0,0,0,0,1
2026-01-27 03:30:00,7.061,2.713,423.32,0,,0,0,0,0.4693,-0.576,0.2775,0,0,0,0,0,1
2026-01-27 03:45:00,7.169,3.014,424.96,0,,0,0,0,1.3279,0.216,0.4531,0,0,0,0,0,1
2026-01-27 04:00:00,7.086,2.783,426.02,0,,0,0,0,0.6609,-0.4306,0.5579,0,0,0,0,0,1
2026-01-27 04:15:00,7.107,2.926,421.69,0,,0,0,0,0.8194,-0.0555,0.1167,0,0,0,0,0,1
2026-01-27 04:30:00,7.064,2.635,422.64,0,,0,0,0,0.4809,-0.9156,0.2213,0,0,0,0,0,1
2026-01-27 04:45:00,7.019,2.907,420.88,0,,0,0,0,0.1166,-0.1521,0.0449,0,0,0,0,0,1
2026-01-27 05:00:00,7.039,2.719,420.24,0,,0,0,0,0.2681,-0.7485,-0.0184,0,0,0,0,0,1
2026-01-27 05:15:00,7.101,2.85,418.31,0,,0,0,0,0.7523,-0.3786,-0.2091,0,0,0,0,0,1
2026-01-27 05:30:00,7.047,3.262,419.64,0,,0,0,0,0.3286,0.8865,-0.0679,0,0,0,0,0,1
2026-01-27 05:45:00,6.924,3.088,417.21,0,,0,0,0,-0.643,0.3278,-0.3191,0,0,0,0,0,1
2026-01-27 06:00:00,6.989,2.948,422.35,0,,0,0,0,-0.1258,-0.1471,0.2126,0,0,0,0,0,1
2026-01-27 06:15:00,7.079,3.467,420.02,0,,0,0,0,0.5851,1.5359,-0.0297,0,0,0,0,0,1
2026-01-27 06:30:00,6.97,2.872,423.21,0,,0,0,0,-0.2698,-0.4718,0.3009,0,0,0,0,0,1
2026-01-27 06:45:00,6.881,3.208,425.21,0,,0,0,0,-0.9679,0.6659,0.4942,0,0,0,0,0,1
2026-01-27 07:00:00,7.056,2.828,419.6,0,,0,0,0,0.4085,-0.6872,-0.0864,0,0,0,0,0,1
2026-01-27 07:15:00,6.986,3.047,417.94,0,,0,0,0,-0.1404,0.0758,-0.2608,0,0,0,0,0,1
2026-01-27 07:30:00,6.939,2.908,418.37,0,,0,0,0,-0.5209,-0.4473,-0.2302,0,0,0,0,0,1
2026-01-27 07:45:00,6.915,3.177,416.56,0,,0,0,0,-0.7041,0.5228,-0.418,0,0,0,0,0,1
2026-01-27 08:00:00,6.979,3.176,414.2,0,,0,0,0,-0.2063,0.5031,-0.6791,0,0,0,0,0,1
2026-01-27 08:15:00,6.89,3.151,413.22,0,,0,0,0,-0.9115,0.3939,-0.7842,0,0,0,0,0,1
2026-01-27 08:30:00,6.966,3.392,408.61,0,,0,0,0,-0.3135,1.3016,-1.2511,0,0,0,0,0,1
2026-01-27 08:45:00,6.928,3.174,415.44,0,,0,0,0,-0.6268,0.4429,-0.5455,0,0,0,0,0,1
2026-01-27 09:00:00,6.906,3.34,411.39,0,,0,0,0,-0.813,1.1136,-0.9794,0,0,0,0,0,1
2026-01-27 09:15:00,6.894,3.447,416.78,0,,0,0,0,-0.9088,1.5252,-0.4138,0,0,0,0,0,1
2026-01-27 09:30:00,6.872,3.134,414.14,0,,0,0,0,-1.0768,0.2133,-0.7016,0,0,0,0,0,1
2026-01-27 09:45:00,6.928,3.277,407.52,0,,0,0,0,-0.6345,0.7951,-1.4022,0,0,0,0,0,1
2026-01-27 10:00:00,6.827,3.43,414.59,0,,0,0,0,-1.4386,1.4026,-0.6517,0,0,0,0,0,1
2026-01-27 10:15:00,6.784,3.549,398.99,0,,0,0,0,-1.753,1.8418,-2.2727,0,0,0,0,0,1
2026-01-27 10:30:00,6.892,3.701,416.63,0,,0,0,0,-0.9101,2.3742,-0.4386,0,0,0,0,0,1
2026-01-27 10:45:00,6.89,3.488,403.28,0,,0,0,0,-0.9253,1.4914,-1.8175,0,0,0,0,0,1
2026-01-27 11:00:00,6.879,3.505,410.39,0,,0,0,0,-1.0105,1.5213,-1.0944,0,0,0,0,0,1
2026-01-27 11:15:00,6.873,3.453,409.94,0,,0,0,0,-1.0433,1.2897,-1.1303,0,0,0,0,0,1
2026-01-27 11:30:00,6.835,3.665,412.6,0,,0,0,0,-1.3457,2.0586,-0.8625,0,0,0,0,0,1
2026-01-27 11:45:00,6.89,3.602,406.71,0,,0,0,0,-0.9198,1.7639,-1.4706,0,0,0,0,0,1
2026-01-27 12:00:00,6.848,3.635,399.42,0,,0,0,0,-1.2474,1.8401,-2.1776,0,0,0,0,0,1
2026-01-27 12:15:00,6.826,3.691,406.72,0,,0,0,0,-1.4083,1.9846,-1.424,0,0,0,0,0,1
2026-01-27 12:30:00,6.836,3.816,407.23,0,,0,0,0,-1.3318,2.3474,-1.3749,0,0,0,0,0,1
2026-01-27 12:45:00,6.954,3.676,400.03,0,,0,0,0,-0.4107,1.7912,-2.0773,0,0,0,0,0,1
2026-01-27 13:00:00,6.768,3.67,408.59,0,,0,0,0,-1.8624,1.7224,-1.202,0,0,0,0,0,1
2026-01-27 13:15:00,6.883,3.875,404.33,0,,0,0,0,-0.9675,2.3394,-1.6316,0,0,0,0,0,1
2026-01-27 13:30:00,6.777,3.38,411.51,0,,0,0,0,-1.7889,0.651,-0.9228,0,0,0,0,0,1
2026-01-27 13:45:00,6.86,3.765,408.25,0,,0,0,0,-1.1336,1.8977,-1.2402,0,0,0,0,0,1
2026-01-27 14:00:00,6.848,3.704,417.45,0,,0,0,0,-1.2153,1.6557,-0.3211,0,0,0,0,0,1
2026-01-27 14:15:00,6.771,4.076,409.0,0,,0,0,0,-1.7949,2.741,-1.1814,0,0,0,0,0,1
2026-01-27 14:30:00,6.9,3.847,412.2,0,,0,0,0,-0.8132,1.98,-0.8593,0,0,0,0,0,1
2026-01-27 14:45:00,6.868,3.845,410.13,0,,0,0,0,-1.0797,1.9323,-1.0709,0,0,0,0,0,1
2026-01-27 15:00:00,6.789,3.936,405.02,0,,0,0,0,-1.6919,2.1444,-1.5618,0,0,0,0,0,1
2026-01-27 15:15:00,6.943,3.867,411.27,0,,0,0,0,-0.4936,1.8844,-0.9284,0,0,0,0,0,1
2026-01-27 15:30:00,6.98,3.907,415.71,0,,0,0,0,-0.2074,1.9405,-0.4856,0,0,0,0,0,1
2026-01-27 15:45:00,6.991,3.991,415.74,0,,0,0,0,-0.1319,2.1105,-0.4875,0,0,0,0,0,1
2026-01-27 16:00:00,6.943,3.921,412.83,0,,0,0,0,-0.5229,1.8672,-0.785,0,0,0,0,0,1
2026-01-27 16:15:00,6.936,3.926,408.87,0,,0,0,0,-0.5841,1.8375,-1.1808,0,0,0,0,0,1
2026-01-27 16:30:00,7.009,3.843,417.99,0,,0,0,0,-0.0029,1.5823,-0.2609,0,0,0,0,0,1
2026-01-27 16:45:00,7.036,3.824,417.82,0,,0,0,0,0.2139,1.4998,-0.2729,0,0,0,0,0,1
2026-01-27 17:00:00,7.018,4.007,420.27,0,,0,0,0,0.0664,1.9318,-0.0243,0,0,0,0,0,1
2026-01-27 17:15:00,6.924,4.043,416.56,0,,0,0,0,-0.6881,1.9746,-0.402,0,0,0,0,0,1
2026-01-27 17:30:00,6.99,3.78,411.7,0,,0,0,0,-0.1585,1.2878,-0.8815,0,0,0,0,0,1
2026-01-27 17:45:00,7.012,4.105,421.35,0,,0,0,0,0.0155,2.0418,0.0875,0,0,0,0,0,1
2026-01-27 18:00:00,6.91,4.1,419.96,0,,0,0,0,-0.7969,1.9652,-0.048,0,0,0,0,0,1
2026-01-27 18:15:00,7.033,4.124,426.35,0,,0,0,0,0.1939,1.9592,0.6017,0,0,0,0,0,1
2026-01-27 18:30:00,7.133,4.015,421.68,0,,0,0,0,0.9812,1.6568,0.1367,0,0,0,0,0,1
2026-01-27 18:45:00,7.061,4.055,422.16,0,,0,0,0,0.4013,1.7061,0.1907,0,0,0,0,0,1
2026-01-27 19:00:00,7.112,4.276,424.77,0,,0,0,0,0.794,2.1387,0.4583,0,0,0,0,0,1
2026-01-27 19:15:00,7.057,3.891,421.47,0,,0,0,0,0.3544,1.248,0.1287,0,0,0,0,0,1
2026-01-27 19:30:00,7.054,3.766,422.01,0,,0,0,0,0.3345,0.9523,0.1843,0,0,0,0,0,1
2026-01-27 19:45:00,7.085,3.678,424.92,0,,0,0,0,0.5793,0.7461,0.4823,0,0,0,0,0,1
2026-01-27 20:00:00,7.034,4.156,422.32,0,,0,0,0,0.1837,1.752,0.2188,0,0,0,0,0,1
2026-01-27 20:15:00,7.035,4.142,425.75,0,,0,0,0,0.1921,1.6767,0.5827,0,0,0,0,0,1
2026-01-27 20:30:00,7.155,3.721,435.06,0,,0,0,0,1.1507,0.7596,1.518,0,0,0,0,0,1
2026-01-27 20:45:00,7.168,3.733,432.08,0,,0,0,0,1.2419,0.7698,1.1959,0,0,0,0,0,1
2026-01-27 21:00:00,7.057,3.775,429.72,0,,0,0,0,0.36,0.8439,0.9551,0,0,0,0,0,1
2026-01-27 21:15:00,7.161,3.988,435.23,0,,0,0,0,1.1823,1.2706,1.505,0,0,0,0,0,1
2026-01-27 21:30:00,7.115,3.593,426.22,0,,0,0,0,0.8172,0.4234,0.5933,0,0,0,0,0,1
2026-01-27 21:45:00,7.142,3.472,439.94,0,,0,0,0,1.0369,0.1586,1.9511,0,0,0,0,0,1
2026-01-27 22:00:00,7.153,4.072,428.55,0,,0,0,0,1.1344,1.4003,0.8268,0,0,0,0,0,1
2026-01-27 22:15:00,7.184,3.775,438.78,0,,0,0,0,1.3723,0.7585,1.8457,0,0,0,0,0,1
2026-01-27 22:30:00,7.143,3.777,439.08,0,,0,0,0,1.0515,0.7458,1.8492,0,0,0,0,0,1
2026-01-27 22:45:00,7.213,3.659,424.35,0,,0,0,0,1.5873,0.4806,0.3949,0,0,0,0,0,1
2026-01-27 23:00:00,7.16,3.741,437.46,0,,0,0,0,1.1714,0.6406,1.7082,0,0,0,0,0,1
2026-01-27 23:15:00,7.178,3.425,430.63,0,,0,0,0,1.3011,-0.0516,1.0276,0,0,0,0,0,1
2026-01-27 23:30:00,7.107,3.509,429.63,0,,0,0,0,0.7544,0.1181,0.9412,0,0,0,0,0,1
2026-01-27 23:45:00,7.258,3.633,434.07,0,,0,0,0,1.9602,0.3794,1.41,0,0,0,0,0,1
2026-01-28 00:00:00,7.173,3.261,427.97,0,,0,0,0,1.2756,-0.4496,0.803,0,0,0,0,0,1
2026-01-28 00:15:00,7.185,3.541,433.98,0,,0,0,0,1.3463,0.1553,1.4053,0,0,0,0,0,1
2026-01-28 00:30:00,7.068,3.517,428.13,0,,0,0,0,0.4293,0.0955,0.8052,0,0,0,0,0,1
2026-01-28 00:45:00,7.106,3.513,432.48,0,,0,0,0,0.7456,0.0744,1.2446,0,0,0,0,0,1
2026-01-28 01:00:00,7.207,3.463,436.93,0,,0,0,0,1.5431,-0.053,1.6883,0,0,0,0,0,1
2026-01-28 01:15:00,7.156,3.385,432.91,0,,0,0,0,1.1371,-0.2451,1.281,0,0,0,0,0,1
2026-01-28 01:30:00,7.043,3.251,429.65,0,,0,0,0,0.2531,-0.5641,0.9769,0,0,0,0,0,1
2026-01-28 01:45:00,7.186,3.538,432.93,0,,0,0,0,1.3956,0.0895,1.3141,0,0,0,0,0,1
2026-01-28 02:00:00,7.103,3.464,424.77,0,,0,0,0,0.7441,-0.1003,0.4788,0,0,0,0,0,1
2026-01-28 02:15:00,7.195,3.297,426.62,0,,0,0,0,1.4808,-0.5156,0.6684,0,0,0,0,0,1
2026-01-28 02:30:00,7.115,3.509,427.8,0,,0,0,0,0.8501,-0.0304,0.8037,0,0,0,0,0,1
2026-01-28 02:45:00,7.123,3.453,432.17,0,,0,0,0,0.9163,-0.1853,1.2509,0,0,0,0,0,1
2026-01-28 03:00:00,7.165,3.427,430.11,0,,0,0,0,1.2544,-0.2777,1.0234,0,0,0,0,0,1
2026-01-28 03:15:00,7.054,3.174,430.05,0,,0,0,0,0.3571,-0.9486,1.0129,0,0,0,0,0,1
2026-01-28 03:30:00,7.042,3.602,427.2,0,,0,0,0,0.2614,0.1403,0.7135,0,0,0,0,0,1
2026-01-28 03:45:00,7.074,3.319,423.51,0,,0,0,0,0.5334,-0.6258,0.3358,0,0,0,0,0,1
2026-01-28 04:00:00,7.116,3.519,431.95,0,,0,0,0,0.873,-0.1126,1.1911,0,0,0,0,0,1
2026-01-28 04:15:00,7.0,3.396,422.52,0,,0,0,0,-0.0658,-0.4707,0.2253,0,0,0,0,0,1
2026-01-28 04:30:00,6.974,3.468,426.27,0,,0,0,0,-0.2715,-0.3052,0.6041,0,0,0,0,0,1
2026-01-28 04:45:00,7.089,3.711,423.41,0,,0,0,0,0.6644,0.38,0.3091,0,0,0,0,0,1
2026-01-28 05:00:00,7.009,3.63,425.36,0,,0,0,0,0.0122,0.1176,0.5021,0,0,0,0,0,1
2026-01-28 05:15:00,7.01,3.734,419.92,0,,0,0,0,0.0282,0.4181,-0.0542,0,0,0,0,0,1
2026-01-28 05:30:00,6.927,3.63,425.78,0,,0,0,0,-0.6421,0.0804,0.536,0,0,0,0,0,1
2026-01-28 05:45:00,6.976,3.658,426.3,0,,0,0,0,-0.2453,0.1521,0.5786,0,0,0,0,0,1
2026-01-28 06:00:00,7.0,3.35,423.97,0,,0,0,0,-0.049,-0.8646,0.3398,0,0,0,0,0,1
2026-01-28 06:15:00,7.037,3.591,419.85,0,,0,0,0,0.259,-0.0816,-0.0788,0,0,0,0,0,1
2026-01-28 06:30:00,6.942,3.627,416.69,0,,0,0,0,-0.52,0.0108,-0.3929,0,0,0,0,0,1
2026-01-28 06:45:00,7.054,3.867,428.95,0,,0,0,0,0.3879,0.8043,0.8465,0,0,0,0,0,1
2026-01-28 07:00:00,6.927,3.632,412.93,0,,0,0,0,-0.6493,-0.025,-0.7675,0,0,0,0,0,1
2026-01-28 07:15:00,6.918,3.774,419.67,0,,0,0,0,-0.7158,0.4622,-0.0884,0,0,0,0,0,1
2026-01-28 07:30:00,7.019,3.795,416.74,0,,0,0,0,0.1086,0.5246,-0.3826,0,0,0,0,0,1
2026-01-28 07:45:00,6.944,3.963,414.44,0,,0,0,0,-0.5128,1.1393,-0.612,0,0,0,0,0,1
2026-01-28 08:00:00,6.897,3.798,414.74,0,,0,0,0,-0.8902,0.4944,-0.5825,0,0,0,0,0,1
2026-01-28 08:15:00,6.909,3.972,411.29,0,,0,0,0,-0.7943,1.1531,-0.927,0,0,0,0,0,1
2026-01-28 08:30:00,6.976,3.623,414.4,0,,0,0,0,-0.2435,-0.2318,-0.6233,0,0,0,0,0,1
2026-01-28 08:45:00,6.974,3.668,413.36,0,,0,0,0,-0.2644,-0.0755,-0.7254,0,0,0,0,0,1
2026-01-28 09:00:00,6.853,3.599,422.23,0,,0,0,0,-1.2522,-0.3695,0.1613,0,0,0,0,0,1
2026-01-28 09:15:00,6.885,4.092,415.26,0,,0,0,0,-0.9879,1.6057,-0.545,0,0,0,0,0,1
2026-01-28 09:30:00,6.886,4.108,412.54,0,,0,0,0,-0.9821,1.652,-0.8185,0,0,0,0,0,1
2026-01-28 09:45:00,6.826,4.174,412.32,0,,0,0,0,-1.4529,1.8805,-0.8507,0,0,0,0,0,1
2026-01-28 10:00:00,6.867,3.971,416.97,0,,0,0,0,-1.1275,1.0265,-0.3794,0,0,0,0,0,1
2026-01-28 10:15:00,6.866,4.021,405.36,0,,0,0,0,-1.1548,1.2055,-1.5926,0,0,0,0,0,1
2026-01-28 10:30:00,6.918,4.12,408.18,0,,0,0,0,-0.7287,1.5714,-1.2816,0,0,0,0,0,1
2026-01-28 10:45:00,6.918,4.387,401.01,0,,0,0,0,-0.7327,2.533,-2.0059,0,0,0,0,0,1
2026-01-28 11:00:00,6.839,4.457,410.64,0,,0,0,0,-1.3787,2.6729,-1.0224,0,0,0,0,0,1
2026-01-28 11:15:00,6.842,4.354,411.62,0,,0,0,0,-1.3468,2.2041,-0.9257,0,0,0,0,0,1
2026-01-28 11:30:00,6.884,4.316,404.12,0,,0,0,0,-1.0104,1.9958,-1.6657,0,0,0,0,0,1
2026-01-28 11:45:00,6.821,4.497,413.77,0,,0,0,0,-1.5145,2.5326,-0.7017,0,0,0,0,0,1
2026-01-28 12:00:00,6.879,4.288,405.12,0,,0,0,0,-1.044,1.7485,-1.6091,0,0,0,0,0,1
2026-01-28 12:15:00,6.846,4.297,406.66,0,,0,0,0,-1.3209,1.7305,-1.4499,0,0,0,0,0,1
2026-01-28 12:30:00,6.803,4.364,408.58,0,,0,0,0,-1.6659,1.9014,-1.2556,0,0,0,0,0,1
2026-01-28 12:45:00,6.805,4.264,414.61,0,,0,0,0,-1.6153,1.5293,-0.6624,0,0,0,0,0,1
2026-01-28 13:00:00,6.927,4.41,404.98,0,,0,0,0,-0.6499,1.9467,-1.6674,0,0,0,0,0,1
2026-01-28 13:15:00,6.85,4.294,409.8,0,,0,0,0,-1.279,1.5382,-1.1768,0,0,0,0,0,1
2026-01-28 13:30:00,6.943,4.638,412.01,0,,0,0,0,-0.5368,2.5306,-0.9433,0,0,0,0,0,1
2026-01-28 13:45:00,6.84,4.588,411.51,0,,0,0,0,-1.395,2.2826,-1.0043,0,0,0,0,0,1
2026-01-28 14:00:00,6.885,4.742,412.03,0,,0,0,0,-1.0259,2.6174,-0.9391,0,0,0,0,0,1
2026-01-28 14:15:00,6.995,4.302,413.07,0,,0,0,0,-0.1249,1.3179,-0.8372,0,0,0,0,0,1
2026-01-28 14:30:00,6.828,4.849,408.26,0,,0,0,0,-1.5379,2.754,-1.3394,0,0,0,0,0,1
2026-01-28 14:45:00,6.792,4.344,417.73,0,,0,0,0,-1.8187,1.3243,-0.3444,0,0,0,0,0,1
2026-01-28 15:00:00,6.958,4.415,411.07,0,,0,0,0,-0.4436,1.4884,-1.0729,0,0,0,0,0,1
2026-01-28 15:15:00,6.86,4.514,411.11,0,,0,0,0,-1.267,1.712,-1.0682,0,0,0,0,0,1
2026-01-28 15:30:00,6.908,4.814,418.09,0,,0,0,0,-0.8492,2.4117,-0.3184,0,0,0,0,0,1
2026-01-28 15:45:00,6.887,4.661,410.81,0,,0,0,0,-1.0126,1.9566,-1.0939,0,0,0,0,0,1
2026-01-28 16:00:00,6.938,4.599,415.28,0,,0,0,0,-0.582,1.7519,-0.6175,0,0,0,0,0,1
2026-01-28 16:15:00,6.886,4.522,411.8,0,,0,0,0,-1.0123,1.5248,-0.9995,0,0,0,0,0,1
2026-01-28 16:30:00,6.934,4.439,425.48,0,,0,0,0,-0.6014,1.2931,0.471,0,0,0,0,0,1
2026-01-28 16:45:00,6.974,4.818,425.38,0,,0,0,0,-0.2606,2.1412,0.4515,0,0,0,0,0,1
2026-01-28 17:00:00,6.911,4.768,416.45,0,,0,0,0,-0.777,1.962,-0.5081,0,0,0,0,0,1
2026-01-28 17:15:00,6.936,4.851,419.74,0,,0,0,0,-0.5695,2.087,-0.157,0,0,0,0,0,1
2026-01-28 17:30:00,6.963,4.705,418.45,0,,0,0,0,-0.3411,1.7058,-0.3055,0,0,0,0,0,1
2026-01-28 17:45:00,6.919,4.245,417.82,0,,0,0,0,-0.699,0.6666,-0.3696,0,0,0,0,0,1
2026-01-28 18:00:00,6.979,4.449,420.48,0,,0,0,0,-0.2054,1.1099,-0.0816,0,0,0,0,0,1
2026-01-28 18:15:00,7.016,4.698,420.62,0,,0,0,0,0.1055,1.6302,-0.0601,0,0,0,0,0,1
2026-01-28 18:30:00,7.0,4.565,415.48,0,,0,0,0,-0.0168,1.3126,-0.6104,0,0,0,0,0,1
2026-01-28 18:45:00,7.016,4.527,423.39,0,,0,0,0,0.1219,1.2096,0.246,0,0,0,0,0,1
2026-01-28 19:00:00,7.038,4.434,422.94,0,,0,0,0,0.3151,1.0017,0.1994,0,0,0,0,0,1
2026-01-28 19:15:00,7.015,4.729,425.11,0,,0,0,0,0.1243,1.5978,0.4303,0,0,0,0,0,1
2026-01-28 19:30:00,7.092,4.642,424.28,0,,0,0,0,0.7717,1.3804,0.3376,0,0,0,0,0,1
2026-01-28 19:45:00,7.138,4.634,423.87,0,,0,0,0,1.1508,1.3328,0.2945,0,0,0,0,0,1
2026-01-28 20:00:00,7.052,4.449,429.5,0,,0,0,0,0.4252,0.935,0.8927,0,0,0,0,0,1
2026-01-28 20:15:00,7.108,4.554,428.8,0,,0,0,0,0.8865,1.1377,0.8119,0,0,0,0,0,1
2026-01-28 20:30:00,7.079,4.31,432.89,0,,0,0,0,0.6543,0.619,1.259,0,0,0,0,0,1
2026-01-28 20:45:00,7.117,4.473,429.89,0,,0,0,0,0.9847,0.9382,0.9398,0,0,0,0,0,1
2026-01-28 21:00:00,7.184,4.095,427.69,0,,0,0,0,1.5244,0.1502,0.7051,0,0,0,0,0,1
2026-01-28 21:15:00,7.138,4.22,431.49,0,,0,0,0,1.1435,0.4036,1.1282,0,0,0,0,0,1
2026-01-28 21:30:00,7.03,4.388,421.6,0,,0,0,0,0.2441,0.7348,0.0541,0,0,0,0,0,1
2026-01-28 21:45:00,7.147,4.773,438.39,0,,0,0,0,1.2311,1.4966,1.898,0,0,0,0,0,1
2026-01-28 22:00:00,7.192,4.128,431.49,0,,0,0,0,1.5995,0.1664,1.1339,0,0,0,0,0,1
2026-01-28 22:15:00,7.123,4.192,439.5,0,,0,0,0,1.0324,0.2897,2.0057,0,0,0,0,0,1
2026-01-28 22:30:00,7.188,4.392,427.61,0,,0,0,0,1.5695,0.6884,0.7338,0,0,0,0,0,1
2026-01-28 22:45:00,7.108,4.606,426.89,0,,0,0,0,0.9174,1.1059,0.6498,0,0,0,0,0,1
2026-01-28 23:00:00,7.071,4.352,433.05,0,,0,0,0,0.615,0.5712,1.3496,0,0,0,0,0,1
2026-01-28 23:15:00,7.154,4.408,433.22,0,,0,0,0,1.3338,0.6701,1.3606,0,0,0,0,0,1
2026-01-28 23:30:00,7.061,4.235,433.25,0,,0,0,0,0.5387,0.2983,1.353,0,0,0,0,0,1
2026-01-28 23:45:00,7.138,4.192,432.72,0,,0,0,0,1.2382,0.1974,1.2986,0,0,0,0,0,1
2026-01-29 00:00:00,7.214,4.264,429.49,0,,0,0,0,1.8913,0.3316,0.9363,0,0,0,0,0,1
2026-01-29 00:15:00,7.054,4.138,426.03,0,,0,0,0,0.5101,0.0504,0.5667,0,0,0,0,0,1
2026-01-29 00:30:00,7.085,4.331,433.03,0,,0,0,0,0.7825,0.45,1.3371,0,0,0,0,0,1
2026-01-29 00:45:00,7.096,3.968,426.64,0,,0,0,0,0.8815,-0.3485,0.6364,0,0,0,0,0,1
2026-01-29 01:00:00,7.142,4.33,426.08,0,,0,0,0,1.3077,0.4261,0.5955,0,0,0,0,0,1
2026-01-29 01:15:00,7.124,4.191,429.84,0,,0,0,0,1.1542,0.1026,1.0317,0,0,0,0,0,1
2026-01-29 01:30:00,7.209,4.143,432.81,0,,0,0,0,1.8683,-0.0262,1.3614,0,0,0,0,0,1
2026-01-29 01:45:00,7.182,3.92,438.71,0,,0,0,0,1.6315,-0.5502,2.0027,0,0,0,0,0,1
2026-01-29 02:00:00,7.155,4.013,434.31,0,,0,0,0,1.3806,-0.3534,1.4804,0,0,0,0,0,1
2026-01-29 02:15:00,7.132,4.334,435.71,0,,0,0,0,1.1946,0.38,1.6066,0,0,0,0,0,1
2026-01-29 02:30:00,7.139,4.119,432.13,0,,0,0,0,1.2512,-0.1509,1.202,0,0,0,0,0,1
2026-01-29 02:45:00,7.07,4.19,430.49,0,,0,0,0,0.6495,0.0025,1.0266,0,0,0,0,0,1
2026-01-29 03:00:00,7.149,4.015,438.51,0,,0,0,0,1.3546,-0.4516,1.8708,0,0,0,0,0,1
2026-01-29 03:15:00,7.043,4.143,422.62,0,,0,0,0,0.4135,-0.1617,0.1606,0,0,0,0,0,1
2026-01-29 03:30:00,7.133,3.945,425.65,0,,0,0,0,1.1974,-0.693,0.4923,0,0,0,0,0,1
2026-01-29 03:45:00,7.143,4.17,425.33,0,,0,0,0,1.2714,-0.1289,0.4551,0,0,0,0,0,1
2026-01-29 04:00:00,7.086,4.216,429.57,0,,0,0,0,0.7757,-0.0245,0.9215,0,0,0,0,0,1
2026-01-29 04:15:00,7.058,4.216,421.39,0,,0,0,0,0.5232,-0.0495,0.0307,0,0,0,0,0,1
2026-01-29 04:30:00,7.077,4.042,427.65,0,,0,0,0,0.6793,-0.5743,0.7112,0,0,0,0,0,1
2026-01-29 04:45:00,6.905,4.137,426.18,0,,0,0,0,-0.8119,-0.3147,0.5472,0,0,0,0,0,1
2026-01-29 05:00:00,7.054,4.282,426.36,0,,0,0,0,0.4896,0.094,0.5653,0,0,0,0,0,1
2026-01-29 05:15:00,7.024,4.184,425.52,0,,0,0,0,0.2256,-0.2165,0.4671,0,0,0,0,0,1
2026-01-29 05:30:00,7.017,4.188,427.72,0,,0,0,0,0.1564,-0.2263,0.703,0,0,0,0,0,1
2026-01-29 05:45:00,7.045,4.535,420.59,0,,0,0,0,0.3954,0.8318,-0.0643,0,0,0,0,0,1
2026-01-29 06:00:00,6.996,4.126,422.12,0,,0,0,0,-0.0337,-0.5009,0.1042,0,0,0,0,0,1
2026-01-29 06:15:00,6.933,4.451,416.27,0,,0,0,0,-0.5757,0.5525,-0.5271,0,0,0,0,0,1
2026-01-29 06:30:00,6.973,4.138,414.57,0,,0,0,0,-0.2286,-0.5354,-0.7082,0,0,0,0,0,1
2026-01-29 06:45:00,6.974,4.433,424.72,0,,0,0,0,-0.2127,0.4705,0.3981,0,0,0,0,0,1
2026-01-29 07:00:00,6.967,4.465,413.65,0,,0,0,0,-0.2783,0.5679,-0.807,0,0,0,0,0,1
2026-01-29 07:15:00,6.96,4.308,418.71,0,,0,0,0,-0.3443,-0.0175,-0.2552,0,0,0,0,0,1
2026-01-29 07:30:00,6.995,4.229,417.53,0,,0,0,0,-0.0339,-0.3304,-0.3846,0,0,0,0,0,1
2026-01-29 07:45:00,6.879,4.144,419.39,0,,0,0,0,-1.0447,-0.6602,-0.1883,0,0,0,0,0,1
2026-01-29 08:00:00,6.934,4.377,407.37,0,,0,0,0,-0.5674,0.1993,-1.4779,0,0,0,0,0,1
2026-01-29 08:15:00,6.981,4.578,416.9,0,,0,0,0,-0.1614,0.9532,-0.456,0,0,0,0,0,1
2026-01-29 08:30:00,6.822,4.368,412.46,0,,0,0,0,-1.5299,0.1158,-0.9345,0,0,0,0,0,1
2026-01-29 08:45:00,6.91,4.575,409.69,0,,0,0,0,-0.7558,0.9454,-1.2254,0,0,0,0,0,1
2026-01-29 09:00:00,6.865,4.371,410.51,0,,0,0,0,-1.1491,0.0628,-1.1163,0,0,0,0,0,1
2026-01-29 09:15:00,6.869,4.59,415.13,0,,0,0,0,-1.1112,1.0086,-0.6206,0,0,0,0,0,1
2026-01-29 09:30:00,6.836,4.485,413.4,0,,0,0,0,-1.3857,0.5296,-0.8077,0,0,0,0,0,1
2026-01-29 09:45:00,6.867,4.679,409.51,0,,0,0,0,-1.1271,1.3606,-1.218,0,0,0,0,0,1
2026-01-29 10:00:00,6.962,4.648,405.05,0,,0,0,0,-0.3134,1.2034,-1.6587,0,0,0,0,0,1
2026-01-29 10:15:00,6.802,4.578,404.96,0,,0,0,0,-1.6904,0.8736,-1.6665,0,0,0,0,0,1
2026-01-29 10:30:00,6.803,4.69,411.93,0,,0,0,0,-1.6511,1.3483,-0.9402,0,0,0,0,0,1
2026-01-29 10:45:00,6.793,4.681,403.53,0,,0,0,0,-1.7028,1.2827,-1.843,0,0,0,0,0,1
2026-01-29 11:00:00,6.941,4.657,407.94,0,,0,0,0,-0.4663,1.1587,-1.3652,0,0,0,0,0,1
2026-01-29 11:15:00,6.83,5.048,418.95,0,,0,0,0,-1.4077,2.7405,-0.2059,0,0,0,0,0,1
2026-01-29 11:30:00,6.85,4.863,409.94,0,,0,0,0,-1.2307,1.8952,-1.1847,0,0,0,0,0,1
2026-01-29 11:45:00,6.83,4.617,410.99,0,,0,0,0,-1.4025,0.8625,-1.0654,0,0,0,0,0,1
2026-01-29 12:00:00,6.803,4.884,403.76,0,,0,0,0,-1.6105,1.9098,-1.8352,0,0,0,0,0,1
2026-01-29 12:15:00,6.839,5.144,403.12,0,,0,0,0,-1.3063,2.8111,-1.887,0,0,0,0,0,1
2026-01-29 12:30:00,6.974,4.92,411.29,0,,0,0,0,-0.1901,1.8779,-1.0246,0,0,0,0,0,1
2026-01-29 12:45:00,6.922,5.286,407.1,0,,0,1,0,-0.651,3.0789,-1.4505,0,1,0,1,1,1
2026-01-29 13:00:00,6.812,4.959,413.1,0,,0,0,0,-1.5708,1.8334,-0.8342,0,0,0,0,0,1
2026-01-29 13:15:00,6.89,5.188,409.21,0,,0,0,0,-0.9132,2.5323,-1.2488,0,0,0,0,0,1
2026-01-29 13:30:00,6.82,5.291,423.14,0,,0,0,0,-1.485,2.7529,0.2293,0,0,0,0,0,1
2026-01-29 13:45:00,6.777,5.225,407.35,0,,0,0,0,-1.8272,2.4334,-1.4536,0,0,0,0,0,1
2026-01-29 14:00:00,6.921,4.972,411.16,0,,0,0,0,-0.6239,1.5957,-1.0447,0,0,0,0,0,1
2026-01-29 14:15:00,6.933,5.056,406.85,0,,0,0,0,-0.5169,1.8091,-1.4855,0,0,0,0,0,1
2026-01-29 14:30:00,6.933,5.39,415.01,0,,0,0,0,-0.5308,2.7431,-0.6342,0,1,0,0,1,1
2026-01-29 14:45:00,6.864,5.11,413.14,0,,0,0,0,-1.1322,1.838,-0.826,0,0,0,0,0,1
2026-01-29 15:00:00,6.886,5.391,408.07,0,,0,0,0,-0.9338,2.5524,-1.3561,0,1,0,0,1,1
2026-01-29 15:15:00,6.939,5.193,411.22,0,,0,0,0,-0.4923,1.9238,-1.0228,0,0,0,0,0,1
2026-01-29 15:30:00,6.928,5.29,418.58,0,,0,0,0,-0.5891,2.1377,-0.2442,0,0,0,0,0,1
2026-01-29 15:45:00,6.897,5.07,418.74,0,,0,0,0,-0.8566,1.5019,-0.2373,0,0,0,0,0,1
2026-01-29 16:00:00,6.844,5.195,408.74,0,,0,0,0,-1.2932,1.7949,-1.2862,0,0,0,0,0,1
2026-01-29 16:15:00,6.939,5.16,413.23,0,,0,0,0,-0.4903,1.6584,-0.814,0,0,0,0,0,1
2026-01-29 16:30:00,6.997,5.33,423.09,0,,0,0,0,-0.0001,2.0372,0.2332,0,0,0,0,0,1
2026-01-29 16:45:00,6.892,5.312,415.87,0,,0,0,0,-0.8881,1.9426,-0.5216,0,0,0,0,0,1
2026-01-29 17:00:00,6.993,5.369,418.03,0,,0,0,0,-0.0343,2.029,-0.2946,0,0,0,0,0,1
2026-01-29 17:15:00,6.987,5.225,422.17,0,,0,0,0,-0.0903,1.642,0.1418,0,0,0,0,0,1
2026-01-29 17:30:00,7.018,5.157,413.51,0,,0,0,0,0.1703,1.4479,-0.7691,0,0,0,0,0,1
2026-01-29 17:45:00,7.034,5.319,415.86,0,,0,0,0,0.2977,1.7892,-0.5179,0,0,0,0,0,1
2026-01-29 18:00:00,6.965,5.132,419.11,0,,0,0,0,-0.2931,1.3121,-0.1729,0,0,0,0,0,1
2026-01-29 18:15:00,6.929,5.441,426.0,0,,0,0,0,-0.5932,1.9861,0.5482,0,0,0,0,0,1
2026-01-29 18:30:00,6.993,5.254,426.05,0,,0,0,0,-0.0444,1.5153,0.5419,0,0,0,0,0,1
2026-01-29 18:45:00,7.074,5.212,425.62,0,,0,0,0,0.6428,1.388,0.4937,0,0,0,0,0,1
2026-01-29 19:00:00,7.012,5.319,422.95,0,,0,0,0,0.1153,1.59,0.2122,0,0,0,0,0,1
2026-01-29 19:15:00,7.014,5.226,428.78,0,,0,0,0,0.1325,1.3565,0.8206,0,0,0,0,0,1
2026-01-29 19:30:00,6.966,4.976,424.38,0,,0,0,0,-0.2676,0.7898,0.3579,0,0,0,0,0,1
2026-01-29 19:45:00,7.154,5.051,428.02,0,,0,0,0,1.3411,0.942,0.7342,0,0,0,0,0,1
2026-01-29 20:00:00,7.116,5.353,430.05,0,,0,0,0,1.0057,1.5682,0.946,0,0,0,0,0,1
2026-01-29 20:15:00,7.122,5.191,433.85,0,,0,0,0,1.0543,1.1917,1.3308,0,0,0,0,0,1
2026-01-29 20:30:00,7.14,4.909,427.48,0,,0,0,0,1.196,0.5685,0.6768,0,0,0,0,0,1
2026-01-29 20:45:00,7.128,5.196,426.86,0,,0,0,0,1.0923,1.1662,0.6168,0,0,0,0,0,1
2026-01-29 21:00:00,7.094,5.041,434.07,0,,0,0,0,0.8203,0.8149,1.3574,0,0,0,0,0,1
2026-01-29 21:15:00,7.105,4.975,434.91,0,,0,0,0,0.9202,0.657,1.4345,0,0,0,0,0,1
2026-01-29 21:30:00,7.098,4.915,427.75,0,,0,0,0,0.8511,0.5154,0.6829,0,0,0,0,0,1
2026-01-29 21:45:00,7.256,5.218,425.96,0,,0,0,0,2.1548,1.1543,0.5191,0,0,0,0,0,1
2026-01-29 22:00:00,7.158,4.754,435.67,0,,0,0,0,1.3405,0.1422,1.5267,0,0,0,0,0,1
2026-01-29 22:15:00,7.111,4.903,424.6,0,,0,0,0,0.946,0.4517,0.3929,0,0,0,0,0,1
2026-01-29 22:30:00,7.162,5.028,424.72,0,,0,0,0,1.3838,0.7096,0.4097,0,0,0,0,0,1
2026-01-29 22:45:00,7.091,5.228,430.69,0,,0,0,0,0.7845,1.124,1.0393,0,0,0,0,0,1
2026-01-29 23:00:00,7.22,5.055,432.0,0,,0,0,0,1.8361,0.7338,1.1816,0,0,0,0,0,1
2026-01-29 23:15:00,7.114,4.827,427.53,0,,0,0,0,0.9582,0.2309,0.7162,0,0,0,0,0,1
2026-01-29 23:30:00,7.174,5.165,432.78,0,,0,0,0,1.4374,0.9447,1.2807,0,0,0,0,0,1
2026-01-29 23:45:00,7.203,4.716,433.04,0,,0,0,0,1.6593,-0.0433,1.3077,0,0,0,0,0,1
2026-01-30 00:00:00,7.169,4.943,430.08,0,,0,0,0,1.3917,0.4403,0.9888,0,0,0,0,0,1
2026-01-30 00:15:00,7.154,4.96,440.11,0,,0,0,0,1.2495,0.4627,2.0074,0,0,0,0,0,1
2026-01-30 00:30:00,7.149,4.741,433.62,0,,0,0,0,1.1966,-0.0327,1.3237,0,0,0,0,0,1
2026-01-30 00:45:00,7.144,4.964,436.28,0,,0,0,0,1.1471,0.448,1.5742,0,0,0,0,0,1
2026-01-30 01:00:00,7.116,4.77,425.77,0,,0,0,0,0.9231,-0.0014,0.4839,0,0,0,0,0,1
2026-01-30 01:15:00,7.12,4.94,425.5,0,,0,0,0,0.9565,0.3708,0.4621,0,0,0,0,0,1
2026-01-30 01:30:00,7.213,4.55,432.93,0,,0,0,0,1.7153,-0.5393,1.2355,0,0,0,0,0,1
2026-01-30 01:45:00,7.129,4.868,438.18,0,,0,0,0,1.0396,0.1787,1.7846,0,0,0,0,0,1
2026-01-30 02:00:00,7.091,4.749,426.35,0,,0,0,0,0.7369,-0.1235,0.565,0,0,0,0,0,1
2026-01-30 02:15:00,7.099,4.977,430.55,0,,0,0,0,0.808,0.4127,1.0196,0,0,0,0,0,1
2026-01-30 02:30:00,7.174,4.794,424.58,0,,0,0,0,1.4207,-0.0491,0.3984,0,0,0,0,0,1
2026-01-30 02:45:00,7.147,4.986,426.15,0,,0,0,0,1.1844,0.4081,0.5728,0,0,0,0,0,1
2026-01-30 03:00:00,7.134,4.874,429.26,0,,0,0,0,1.0806,0.1091,0.9297,0,0,0,0,0,1
2026-01-30 03:15:00,7.086,4.779,425.94,0,,0,0,0,0.6813,-0.1523,0.5645,0,0,0,0,0,1
2026-01-30 03:30:00,7.12,4.919,422.08,0,,0,0,0,0.9623,0.1894,0.15,0,0,0,0,0,1
2026-01-30 03:45:00,7.051,4.924,421.36,0,,0,0,0,0.4062,0.185,0.0764,0,0,0,0,0,1
2026-01-30 04:00:00,7.062,4.882,418.46,0,,0,0,0,0.4998,0.0531,-0.2275,0,0,0,0,0,1
2026-01-30 04:15:00,7.115,4.475,427.21,0,,0,0,0,0.93,-1.0886,0.7201,0,0,0,0,0,1
2026-01-30 04:30:00,7.101,4.681,426.98,0,,0,0,0,0.8114,-0.5476,0.6962,0,0,0,0,0,1
2026-01-30 04:45:00,6.999,5.047,426.23,0,,0,0,0,-0.0363,0.4849,0.6144,0,0,0,0,0,1
2026-01-30 05:00:00,6.996,4.664,419.47,0,,0,0,0,-0.0561,-0.659,-0.1152,0,0,0,0,0,1
2026-01-30 05:15:00,7.035,4.999,426.36,0,,0,0,0,0.2652,0.3194,0.6363,0,0,0,0,0,1
2026-01-30 05:30:00,7.106,4.988,424.39,0,,0,0,0,0.8412,0.2671,0.426,0,0,0,0,0,1
2026-01-30 05:45:00,6.914,4.791,420.81,0,,0,0,0,-0.7268,-0.3581,0.0338,0,0,0,0,0,1
2026-01-30 06:00:00,7.014,4.62,419.37,0,,0,0,0,0.0932,-0.9373,-0.1207,0,0,0,0,0,1
2026-01-30 06:15:00,6.921,4.854,416.62,0,,0,0,0,-0.6694,-0.1974,-0.4222,0,0,0,0,0,1
2026-01-30 06:30:00,6.949,5.273,419.2,0,,0,0,0,-0.4371,1.1656,-0.1453,0,0,0,0,0,1
2026-01-30 06:45:00,6.953,4.855,424.13,0,,0,0,0,-0.4023,-0.2579,0.3964,0,0,0,0,0,1
2026-01-30 07:00:00,6.94,4.891,421.45,0,,0,0,0,-0.5061,-0.1523,0.0937,0,0,0,0,0,1
2026-01-30 07:15:00,6.925,4.886,415.12,0,,0,0,0,-0.6251,-0.1953,-0.5981,0,0,0,0,0,1
2026-01-30 07:30:00,6.943,5.245,417.56,0,,0,0,0,-0.4729,1.0706,-0.3299,0,0,0,0,0,1
2026-01-30 07:45:00,6.907,5.054,410.29,0,,0,0,0,-0.771,0.3555,-1.1112,0,0,0,0,0,1
2026-01-30 08:00:00,6.852,5.026,416.92,0,,0,0,0,-1.2068,0.2285,-0.4022,0,0,0,0,0,1
2026-01-30 08:15:00,6.956,5.361,410.01,0,,0,0,0,-0.3583,1.5147,-1.1493,0,0,0,0,0,1
2026-01-30 08:30:00,6.946,5.267,415.46,0,,0,0,0,-0.4547,1.1354,-0.5567,0,0,0,0,0,1
2026-01-30 08:45:00,6.943,5.073,423.96,0,,0,0,0,-0.483,0.337,0.3635,0,0,0,0,0,1
2026-01-30 09:00:00,6.817,5.06,409.23,0,,0,0,0,-1.5077,0.2635,-1.2627,0,0,0,0,0,1
2026-01-30 09:15:00,6.902,5.449,422.67,0,,0,0,0,-0.8169,1.8681,0.2135,0,0,0,0,0,1
2026-01-30 09:30:00,6.915,5.311,412.44,0,,0,0,0,-0.7221,1.2713,-0.9164,0,0,0,0,0,1
2026-01-30 09:45:00,6.824,5.109,407.02,0,,0,0,0,-1.4636,0.3875,-1.5067,0,0,0,0,0,1
2026-01-30 10:00:00,6.871,5.106,406.43,0,,0,0,0,-1.0633,0.3585,-1.5774,0,0,0,0,0,1
2026-01-30 10:15:00,6.86,5.239,418.7,0,,0,0,0,-1.1664,0.929,-0.2425,0,0,0,0,0,1
2026-01-30 10:30:00,6.954,5.254,410.89,0,,0,0,0,-0.4104,0.9771,-1.1159,0,0,0,0,0,1
2026-01-30 10:45:00,6.954,5.165,406.37,0,,0,0,0,-0.4311,0.5598,-1.6355,0,0,0,0,0,1
2026-01-30 11:00:00,6.772,5.34,407.6,0,,0,0,0,-1.9242,1.3358,-1.4955,0,0,0,0,0,1
2026-01-30 11:15:00,6.978,5.398,409.95,0,,0,0,0,-0.2239,1.565,-1.211,0,0,0,0,0,1
2026-01-30 11:30:00,6.806,5.498,408.07,0,,0,0,0,-1.6586,1.9557,-1.4149,0,0,0,0,0,1
2026-01-30 11:45:00,6.899,5.852,409.41,0,,0,1,0,-0.8925,3.3357,-1.261,0,1,0,1,1,1
2026-01-30 12:00:00,6.899,5.588,415.09,0,,0,0,0,-0.9111,2.1288,-0.6534,0,0,0,0,0,1
2026-01-30 12:15:00,6.801,5.632,403.51,0,,0,0,0,-1.7339,2.2312,-1.9658,0,0,0,0,0,1
2026-01-30 12:30:00,6.876,5.761,410.68,0,,0,0,0,-1.0828,2.6263,-1.1522,0,0,0,0,0,1
2026-01-30 12:45:00,6.848,5.677,407.94,0,,0,0,0,-1.3038,2.2255,-1.4655,0,0,0,0,0,1
2026-01-30 13:00:00,6.883,5.798,406.41,0,,0,0,0,-1.0253,2.5661,-1.6148,0,1,0,0,1,1
2026-01-30 13:15:00,6.869,5.805,412.93,0,,0,0,0,-1.1394,2.4837,-0.8919,0,0,0,0,0,1
2026-01-30 13:30:00,6.921,5.804,403.07,0,,0,0,0,-0.7173,2.3902,-1.9407,0,0,0,0,0,1
2026-01-30 13:45:00,6.869,6.223,399.77,0,,0,1,0,-1.1836,3.5521,-2.2594,0,1,0,1,1,1
2026-01-30 14:00:00,6.862,5.965,410.51,0,,0,0,0,-1.2322,2.5873,-1.0902,0,1,0,0,1,1
2026-01-30 14:15:00,6.93,5.686,409.47,0,,0,0,0,-0.6482,1.6681,-1.211,0,0,0,0,0,1
2026-01-30 14:30:00,6.91,5.921,405.07,0,,0,0,0,-0.8166,2.3148,-1.6582,0,1,0,0,1,1
2026-01-30 14:45:00,6.924,5.763,404.14,0,,0,0,0,-0.7056,1.7881,-1.726,0,0,0,0,0,1
2026-01-30 15:00:00,6.861,5.963,419.24,0,,0,0,0,-1.2427,2.3001,-0.1343,0,1,0,0,1,1
2026-01-30 15:15:00,6.849,5.702,413.94,0,,0,0,0,-1.3275,1.5147,-0.7078,0,0,0,0,0,1
2026-01-30 15:30:00,6.88,5.753,412.77,0,,0,0,0,-1.0551,1.6238,-0.8244,0,0,0,0,0,1
2026-01-30 15:45:00,6.886,5.98,422.11,0,,0,0,0,-1.0022,2.1778,0.1731,0,0,0,0,0,1
2026-01-30 16:00:00,6.964,6.086,418.09,0,,0,0,0,-0.3543,2.3684,-0.2705,0,1,0,0,1,1
2026-01-30 16:15:00,6.982,6.018,421.77,0,,0,0,0,-0.2043,2.1124,0.118,0,0,0,0,0,1
2026-01-30 16:30:00,6.935,6.075,410.69,0,,0,0,0,-0.6007,2.1836,-1.0633,0,1,0,0,1,1
2026-01-30 16:45:00,7.023,6.005,411.27,0,,0,0,0,0.1416,1.9489,-0.9918,0,0,0,0,0,1
2026-01-30 17:00:00,7.03,5.976,419.36,0,,0,0,0,0.1984,1.8295,-0.1244,0,0,0,0,0,1
2026-01-30 17:15:00,6.983,5.874,419.32,0,,0,0,0,-0.2054,1.5452,-0.1256,0,0,0,0,0,1
2026-01-30 17:30:00,6.939,6.069,423.43,0,,0,0,0,-0.5758,1.9498,0.3057,0,0,0,0,0,1
2026-01-30 17:45:00,7.069,6.096,412.69,0,,0,0,0,0.5366,1.9537,-0.8455,0,0,0,0,0,1
2026-01-30 18:00:00,6.997,5.928,422.81,0,,0,0,0,-0.0837,1.529,0.2377,0,0,0,0,0,1
2026-01-30 18:15:00,7.016,5.913,424.74,0,,0,0,0,0.0717,1.468,0.4467,0,0,0,0,0,1
2026-01-30 18:30:00,7.003,6.16,425.31,0,,0,0,0,-0.041,1.9612,0.5091,0,0,0,0,0,1
2026-01-30 18:45:00,6.985,5.909,420.71,0,,0,0,0,-0.1882,1.378,0.0199,0,0,0,0,0,1
2026-01-30 19:00:00,6.965,5.912,425.18,0,,0,0,0,-0.356,1.3577,0.4984,0,0,0,0,0,1
2026-01-30 19:15:00,7.08,5.961,420.75,0,,0,0,0,0.6268,1.4313,0.0308,0,0,0,0,0,1
2026-01-30 19:30:00,7.018,5.86,423.42,0,,0,0,0,0.0895,1.1896,0.3205,0,0,0,0,0,1
2026-01-30 19:45:00,7.219,5.737,421.14,0,,0,0,0,1.7955,0.9103,0.0821,0,0,0,0,0,1
2026-01-30 20:00:00,7.021,5.902,422.97,0,,0,0,0,0.1175,1.2377,0.2902,0,0,0,0,0,1
2026-01-30 20:15:00,7.02,5.823,425.7,0,,0,0,0,0.1186,1.0519,0.6032,0,0,0,0,0,1
2026-01-30 20:30:00,7.117,6.088,425.34,0,,0,0,0,0.9571,1.5657,0.5669,0,0,0,0,0,1
2026-01-30 20:45:00,7.175,5.912,424.88,0,,0,0,0,1.4451,1.1774,0.5192,0,0,0,0,0,1
2026-01-30 21:00:00,7.109,5.686,423.29,0,,0,0,0,0.8769,0.6983,0.3602,0,0,0,0,0,1
2026-01-30 21:15:00,7.141,5.866,436.87,0,,0,0,0,1.1441,1.0464,1.8691,0,0,0,0,0,1
2026-01-30 21:30:00,7.027,5.784,427.52,0,,0,0,0,0.1777,0.8601,0.8281,0,0,0,0,0,1
2026-01-30 21:45:00,7.091,5.915,431.3,0,,0,0,0,0.7569,1.1071,1.2357,0,0,0,0,0,1
2026-01-30 22:00:00,7.076,5.62,423.36,0,,0,0,0,0.6378,0.4909,0.3762,0,0,0,0,0,1
2026-01-30 22:15:00,7.04,5.708,436.19,0,,0,0,0,0.3282,0.6562,1.7774,0,0,0,0,0,1
2026-01-30 22:30:00,7.144,5.646,431.76,0,,0,0,0,1.2538,0.5161,1.2695,0,0,0,0,0,1
2026-01-30 22:45:00,7.03,5.65,429.59,0,,0,0,0,0.2482,0.5149,1.0337,0,0,0,0,0,1
2026-01-30 23:00:00,7.079,5.49,429.85,0,,0,0,0,0.71,0.1763,1.068,0,0,0,0,0,1
2026-01-30 23:15:00,7.12,5.691,435.25,0,,0,0,0,1.0803,0.5763,1.6372,0,0,0,0,0,1
2026-01-30 23:30:00,7.107,5.649,420.08,0,,0,0,0,0.9769,0.4786,-0.0048,0,0,0,0,0,1
2026-01-30 23:45:00,7.169,5.762,428.68,0,,0,0,0,1.5549,0.697,0.9544,0,0,0,0,0,1
2026-01-31 00:00:00,7.165,5.552,431.52,0,,0,0,0,1.5194,0.2446,1.2654,0,0,0,0,0,1
2026-01-31 00:15:00,7.194,5.476,431.45,0,,0,0,0,1.7711,0.0735,1.2905,0,0,0,0,0,1
2026-01-31 00:30:00,7.186,5.642,441.92,0,,0,0,0,1.6854,0.4099,2.414,0,0,0,0,0,1
2026-01-31 00:45:00,7.204,5.391,430.42,0,,0,0,0,1.8268,-0.1383,1.1608,0,0,0,0,0,1
2026-01-31 01:00:00,7.145,5.66,435.55,0,,0,0,0,1.2889,0.426,1.6995,0,0,0,0,0,1
2026-01-31 01:15:00,7.157,5.649,438.61,0,,0,0,0,1.3872,0.3884,1.9827,0,0,0,0,0,1
2026-01-31 01:30:00,7.164,5.665,433.77,0,,0,0,0,1.4656,0.4065,1.4567,0,0,0,0,0,1
2026-01-31 01:45:00,7.142,5.525,428.07,0,,0,0,0,1.2644,0.0785,0.8667,0,0,0,0,0,1
2026-01-31 02:00:00,7.11,5.388,425.25,0,,0,0,0,0.9734,-0.2501,0.559,0,0,0,0,0,1
2026-01-31 02:15:00,7.108,5.472,432.96,0,,0,0,0,0.9539,-0.0696,1.3979,0,0,0,0,0,1
2026-01-31 02:30:00,7.078,5.509,436.1,0,,0,0,0,0.7009,-0.0013,1.7035,0,0,0,0,0,1
2026-01-31 02:45:00,7.134,5.365,431.21,0,,0,0,0,1.2115,-0.3511,1.1645,0,0,0,0,0,1
2026-01-31 03:00:00,7.101,5.648,433.42,0,,0,0,0,0.9182,0.3026,1.3893,0,0,0,0,0,1
2026-01-31 03:15:00,7.066,5.536,438.28,0,,0,0,0,0.6022,0.016,1.8623,0,0,0,0,0,1
2026-01-31 03:30:00,7.058,5.318,430.65,0,,0,0,0,0.5377,-0.5302,1.0465,0,0,0,0,0,1
2026-01-31 03:45:00,7.023,5.738,422.26,0,,0,0,0,0.2199,0.4871,0.1703,0,0,0,0,0,1
2026-01-31 04:00:00,7.124,5.476,426.2,0,,0,0,0,1.1345,-0.1823,0.572,0,0,0,0,0,1
2026-01-31 04:15:00,7.07,5.305,430.79,0,,0,0,0,0.6484,-0.6601,1.0426,0,0,0,0,0,1
2026-01-31 04:30:00,7.014,5.354,423.6,0,,0,0,0,0.1445,-0.5652,0.3005,0,0,0,0,0,1
2026-01-31 04:45:00,7.089,5.713,429.88,0,,0,0,0,0.8229,0.3864,0.9467,0,0,0,0,0,1
2026-01-31 05:00:00,7.011,5.776,422.84,0,,0,0,0,0.1065,0.5432,0.2132,0,0,0,0,0,1
2026-01-31 05:15:00,6.959,5.668,423.68,0,,0,0,0,-0.3629,0.2237,0.3036,0,0,0,0,0,1
2026-01-31 05:30:00,7.071,5.731,420.16,0,,0,0,0,0.6688,0.3868,-0.0572,0,0,0,0,0,1
2026-01-31 05:45:00,6.983,5.733,421.42,0,,0,0,0,-0.147,0.375,0.073,0,0,0,0,0,1
2026-01-31 06:00:00,6.98,5.653,420.85,0,,0,0,0,-0.1714,0.1101,0.0122,0,0,0,0,0,1
2026-01-31 06:15:00,6.992,5.64,412.78,0,,0,0,0,-0.0678,0.0454,-0.8197,0,0,0,0,0,1
2026-01-31 06:30:00,7.038,5.693,416.67,0,,0,0,0,0.349,0.2033,-0.4137,0,0,0,0,0,1
2026-01-31 06:45:00,6.972,5.746,412.73,0,,0,0,0,-0.2633,0.357,-0.8069,0,0,0,0,0,1
2026-01-31 07:00:00,6.901,5.549,415.27,0,,0,0,0,-0.9141,-0.3381,-0.5373,0,0,0,0,0,1
2026-01-31 07:15:00,6.979,5.796,412.96,0,,0,0,0,-0.1999,0.5046,-0.7719,0,0,0,0,0,1
2026-01-31 07:30:00,6.918,5.932,419.46,0,,0,0,0,-0.7606,0.9752,-0.105,0,0,0,0,0,1
2026-01-31 07:45:00,7.028,5.71,418.79,0,,0,0,0,0.2446,0.1494,-0.1842,0,0,0,0,0,1
2026-01-31 08:00:00,6.925,5.723,416.24,0,,0,0,0,-0.7226,0.1762,-0.4474,0,0,0,0,0,1
2026-01-31 08:15:00,6.805,5.872,408.26,0,,0,0,0,-1.7987,0.7319,-1.2686,0,0,0,0,0,1
2026-01-31 08:30:00,6.927,5.733,412.3,0,,0,0,0,-0.6754,0.1788,-0.846,0,0,0,0,0,1
2026-01-31 08:45:00,6.998,5.665,406.7,0,,0,0,0,-0.0292,-0.1151,-1.3909,0,0,0,0,0,1
2026-01-31 09:00:00,6.973,6.066,410.93,0,,0,0,0,-0.278,1.4985,-0.9629,0,0,0,0,0,1
2026-01-31 09:15:00,6.979,5.858,413.57,0,,0,0,0,-0.2306,0.6223,-0.6818,0,0,0,0,0,1
2026-01-31 09:30:00,6.83,5.962,414.45,0,,0,0,0,-1.6022,1.0355,-0.5951,0,0,0,0,0,1
2026-01-31 09:45:00,6.921,5.9,411.91,0,,0,0,0,-0.7764,0.7655,-0.8648,0,0,0,0,0,1
2026-01-31 10:00:00,6.834,6.216,414.64,0,,0,0,0,-1.5811,2.1157,-0.5985,0,0,0,0,0,1
2026-01-31 10:15:00,6.877,6.185,410.28,0,,0,0,0,-1.1837,1.9465,-1.0357,0,0,0,0,0,1
2026-01-31 10:30:00,6.798,6.054,407.98,0,,0,0,0,-1.8738,1.3519,-1.2653,0,0,0,0,0,1
2026-01-31 10:45:00,6.826,5.946,412.13,0,,0,0,0,-1.5843,0.8595,-0.8511,0,0,0,0,0,1
2026-01-31 11:00:00,6.821,6.103,412.03,0,,0,0,0,-1.6487,1.5644,-0.8708,0,0,0,0,0,1
2026-01-31 11:15:00,6.898,6.272,406.13,0,,0,0,0,-0.932,2.2853,-1.4727,0,0,0,0,0,1
2026-01-31 11:30:00,6.891,6.247,409.62,0,,0,0,0,-1.0154,2.1017,-1.1154,0,0,0,0,0,1
2026-01-31 11:45:00,6.864,6.265,406.85,0,,0,0,0,-1.2563,2.1131,-1.3949,0,0,0,0,0,1
2026-01-31 12:00:00,6.782,6.31,399.97,0,,0,0,0,-1.966,2.2285,-2.0458,0,0,0,0,0,1
2026-01-31 12:15:00,6.835,6.422,409.79,0,,0,0,0,-1.4982,2.5899,-1.0688,0,1,0,0,1,1
2026-01-31 12:30:00,6.814,6.33,402.92,0,,0,0,0,-1.6693,2.1255,-1.7422,0,0,0,0,0,1
2026-01-31 12:45:00,6.896,6.43,409.54,0,,0,0,0,-0.9398,2.4279,-1.0777,0,1,0,0,1,1
2026-01-31 13:00:00,6.914,6.241,402.27,0,,0,0,0,-0.7818,1.6339,-1.7961,0,0,0,0,0,1
2026-01-31 13:15:00,6.911,6.796,405.76,0,,0,1,0,-0.8163,3.514,-1.4264,0,1,0,1,1,1
2026-01-31 13:30:00,6.824,6.394,407.18,0,,0,0,0,-1.5835,1.9795,-1.2975,0,0,0,0,0,1
2026-01-31 13:45:00,6.728,6.489,414.04,0,,0,0,0,-2.3796,2.2682,-0.6374,0,1,0,0,1,1
2026-01-31 14:00:00,6.782,6.564,407.47,0,,0,0,0,-1.875,2.4319,-1.3018,0,1,0,0,1,1
2026-01-31 14:15:00,6.946,6.437,405.72,0,,0,0,0,-0.4479,1.9363,-1.4687,0,0,0,0,0,1
2026-01-31 14:30:00,6.861,6.517,411.94,0,,0,0,0,-1.1794,2.1301,-0.8523,0,0,0,0,0,1
2026-01-31 14:45:00,6.85,6.531,410.11,0,,0,0,0,-1.2601,2.0999,-1.0552,0,0,0,0,0,1
2026-01-31 15:00:00,6.976,6.409,414.68,0,,0,0,0,-0.1849,1.6717,-0.5774,0,0,0,0,0,1
2026-01-31 15:15:00,6.964,6.625,408.04,0,,0,0,0,-0.3021,2.2595,-1.2479,0,0,0,0,0,1
2026-01-31 15:30:00,6.91,6.323,413.54,0,,0,0,0,-0.7799,1.3068,-0.6857,0,0,0,0,0,1
2026-01-31 15:45:00,6.902,6.842,423.21,0,,0,0,0,-0.8528,2.7386,0.3044,0,1,0,0,1,1
2026-01-31 16:00:00,6.918,6.706,413.04,0,,0,0,0,-0.7063,2.2632,-0.7306,0,0,0,0,0,1
2026-01-31 16:15:00,6.945,6.689,415.44,0,,0,0,0,-0.4655,2.1421,-0.478,0,0,0,0,0,1
2026-01-31 16:30:00,7.023,6.337,408.76,0,,0,0,0,0.2106,1.1539,-1.1555,0,0,0,0,0,1
2026-01-31 16:45:00,6.973,6.481,412.73,0,,0,0,0,-0.2238,1.5177,-0.7536,0,0,0,0,0,1
2026-01-31 17:00:00,6.997,6.809,418.73,0,,0,0,0,-0.0101,2.3162,-0.1408,0,0,0,0,0,1
2026-01-31 17:15:00,7.029,7.223,416.34,1,,0,1,0,0.2667,3.1846,-0.3811,0,1,0,1,1,1
2026-01-31 17:30:00,6.922,6.777,420.89,0,,0,0,0,-0.6706,2.0112,0.0854,0,0,0,0,0,1
2026-01-31 17:45:00,7.028,6.749,420.91,0,,0,0,0,0.2634,1.8906,0.079,0,0,0,0,0,1
2026-01-31 18:00:00,6.985,6.667,414.73,0,,0,0,0,-0.1133,1.6514,-0.544,0,0,0,0,0,1
2026-01-31 18:15:00,6.884,6.454,424.85,0,,0,0,0,-0.9836,1.1281,0.4899,0,0,0,0,0,1
2026-01-31 18:30:00,6.913,6.722,416.6,0,,0,0,0,-0.7199,1.7165,-0.344,0,0,0,0,0,1
2026-01-31 18:45:00,6.978,6.397,419.28,0,,0,0,0,-0.1526,0.9502,-0.0685,0,0,0,0,0,1
2026-01-31 19:00:00,7.065,6.37,424.02,0,,0,0,0,0.5958,0.8737,0.4178,0,0,0,0,0,1
2026-01-31 19:15:00,7.054,6.348,430.13,0,,0,0,0,0.5031,0.8113,1.0272,0,0,0,0,0,1
2026-01-31 19:30:00,7.067,6.672,420.58,0,,0,0,0,0.6109,1.5129,0.0585,0,0,0,0,0,1
2026-01-31 19:45:00,7.164,6.502,425.9,0,,0,0,0,1.4725,1.1066,0.594,0,0,0,0,0,1
2026-01-31 20:00:00,7.012,6.511,426.62,0,,0,0,0,0.1393,1.1057,0.6621,0,0,0,0,0,1
2026-01-31 20:15:00,7.082,6.477,429.3,0,,0,0,0,0.7461,1.0101,0.9275,0,0,0,0,0,1
2026-01-31 20:30:00,7.107,6.293,432.04,0,,0,0,0,0.9667,0.596,1.1903,0,0,0,0,0,1
2026-01-31 20:45:00,7.062,6.344,426.3,0,,0,0,0,0.5894,0.6974,0.6112,0,0,0,0,0,1
2026-01-31 21:00:00,7.107,6.333,432.53,0,,0,0,0,0.9885,0.6587,1.2183,0,0,0,0,0,1
2026-01-31 21:15:00,7.033,6.197,434.34,0,,0,0,0,0.3455,0.3503,1.4071,0,0,0,0,0,1
2026-01-31 21:30:00,7.189,6.313,436.66,0,,0,0,0,1.6986,0.5946,1.6117,0,0,0,0,0,1
2026-01-31 21:45:00,7.091,6.207,431.99,0,,0,0,0,0.836,0.3534,1.1477,0,0,0,0,0,1
2026-01-31 22:00:00,7.231,6.436,431.02,0,,0,0,0,2.0146,0.8417,1.0383,0,0,0,0,0,1
2026-01-31 22:15:00,7.133,6.43,428.86,0,,0,0,0,1.1528,0.8115,0.841,0,0,0,0,0,1
2026-01-31 22:30:00,7.19,6.117,425.25,0,,0,0,0,1.6279,0.1086,0.4919,0,0,0,0,0,1
2026-01-31 22:45:00,7.139,6.248,430.25,0,,0,0,0,1.175,0.3874,0.9898,0,0,0,0,0,1
2026-01-31 23:00:00,7.143,6.552,432.04,0,,0,0,0,1.1969,1.0444,1.1633,0,0,0,0,0,1
2026-01-31 23:15:00,7.118,6.108,431.33,0,,0,0,0,0.9867,0.041,1.1026,0,0,0,0,0,1
2026-01-31 23:30:00,7.155,6.301,434.29,0,,0,0,0,1.2882,0.4614,1.3701,0,0,0,0,0,1
2026-01-31 23:45:00,7.166,6.236,426.16,0,,0,0,0,1.3812,0.3044,0.5683,0,0,0,0,0,1
2026-02-01 00:00:00,7.111,6.368,431.27,0,,0,0,0,0.9297,0.5876,1.076,0,0,0,0,0,1
2026-02-01 00:15:00,7.143,6.233,439.95,0,,0,0,0,1.2118,0.2651,1.9036,0,0,0,0,0,1
2026-02-01 00:30:00,7.118,6.109,435.88,0,,0,0,0,1.0136,-0.0318,1.5283,0,0,0,0,0,1
2026-02-01 00:45:00,7.262,6.171,434.23,0,,0,0,0,2.2176,0.0945,1.3545,0,0,0,0,0,1
2026-02-01 01:00:00,7.14,6.161,433.15,0,,0,0,0,1.1855,0.059,1.2548,0,0,0,0,0,1
2026-02-01 01:15:00,7.219,6.123,429.9,0,,0,0,0,1.8334,-0.043,0.954,0,0,0,0,0,1
2026-02-01 01:30:00,7.129,5.93,424.07,0,,0,0,0,1.0846,-0.5128,0.3833,0,0,0,0,0,1
2026-02-01 01:45:00,7.147,6.305,432.59,0,,0,0,0,1.2352,0.3713,1.234,0,0,0,0,0,1
2026-02-01 02:00:00,7.064,6.272,420.6,0,,0,0,0,0.5414,0.2739,0.0324,0,0,0,0,0,1
2026-02-01 02:15:00,7.102,5.95,428.68,0,,0,0,0,0.8636,-0.5413,0.8552,0,0,0,0,0,1
2026-02-01 02:30:00,7.13,6.057,429.51,0,,0,0,0,1.0913,-0.2917,0.9547,0,0,0,0,0,1
2026-02-01 02:45:00,7.192,6.066,427.23,0,,0,0,0,1.5973,-0.2939,0.7289,0,0,0,0,0,1
2026-02-01 03:00:00,7.117,5.926,437.17,0,,0,0,0,0.9673,-0.6704,1.7336,0,0,0,0,0,1
2026-02-01 03:15:00,7.168,5.82,435.21,0,,0,0,0,1.3727,-0.9658,1.5458,0,0,0,0,0,1
2026-02-01 03:30:00,7.123,6.002,431.44,0,,0,0,0,0.9903,-0.517,1.1574,0,0,0,0,0,1
2026-02-01 03:45:00,7.165,6.053,422.97,0,,0,0,0,1.3125,-0.39,0.2891,0,0,0,0,0,1
2026-02-01 04:00:00,7.072,5.896,433.69,0,,0,0,0,0.5587,-0.8467,1.3678,0,0,0,0,0,1
2026-02-01 04:15:00,7.186,6.147,427.78,0,,0,0,0,1.469,-0.1774,0.7729,0,0,0,0,0,1
2026-02-01 04:30:00,7.033,6.304,420.82,0,,0,0,0,0.225,0.2552,0.0669,0,0,0,0,0,1
2026-02-01 04:45:00,7.01,6.267,423.99,0,,0,0,0,0.0451,0.1293,0.398,0,0,0,0,0,1
2026-02-01 05:00:00,6.978,6.134,426.94,0,,0,0,0,-0.2125,-0.286,0.6942,0,0,0,0,0,1
2026-02-01 05:15:00,7.146,5.892,419.95,0,,0,0,0,1.1315,-1.0405,-0.016,0,0,0,0,0,1
2026-02-01 05:30:00,7.061,6.291,422.13,0,,0,0,0,0.4453,0.1711,0.2047,0,0,0,0,0,1
2026-02-01 05:45:00,6.993,6.223,422.05,0,,0,0,0,-0.1057,-0.0573,0.1959,0,0,0,0,0,1
2026-02-01 06:00:00,7.062,6.284,415.6,0,,0,0,0,0.4453,0.1166,-0.4573,0,0,0,0,0,1
2026-02-01 06:15:00,7.025,6.531,418.13,0,,0,0,0,0.1434,0.8958,-0.2052,0,0,0,0,0,1
2026-02-01 06:30:00,7.079,6.139,414.33,0,,0,0,0,0.5756,-0.4081,-0.591,0,0,0,0,0,1
2026-02-01 06:45:00,6.893,5.855,421.13,0,,0,0,0,-0.9154,-1.3649,0.0956,0,0,0,0,0,1
2026-02-01 07:00:00,6.948,6.153,413.26,0,,0,0,0,-0.4784,-0.4006,-0.7084,0,0,0,0,0,1
2026-02-01 07:15:00,6.929,6.41,417.31,0,,0,0,0,-0.6263,0.4703,-0.299,0,0,0,0,0,1
2026-02-01 07:30:00,6.844,6.368,409.85,0,,0,0,0,-1.2958,0.3098,-1.0485,0,0,0,0,0,1
2026-02-01 07:45:00,6.987,6.21,410.16,0,,0,0,0,-0.149,-0.2707,-1.0024,0,0,0,0,0,1
2026-02-01 08:00:00,6.911,6.208,409.27,0,,0,0,0,-0.7549,-0.3026,-1.0795,0,0,0,0,0,1
2026-02-01 08:15:00,6.954,6.398,412.17,0,,0,0,0,-0.4293,0.3805,-0.794,0,0,0,0,0,1
2026-02-01 08:30:00,7.027,6.295,413.42,0,,0,0,0,0.1534,-0.0253,-0.669,0,0,0,0,0,1
2026-02-01 08:45:00,6.883,6.591,413.55,0,,0,0,0,-0.9994,1.0943,-0.668,0,0,0,0,0,1
2026-02-01 09:00:00,6.873,6.483,404.43,0,,0,0,0,-1.0656,0.6565,-1.5797,0,0,0,0,0,1
2026-02-01 09:15:00,6.893,6.483,410.3,0,,0,0,0,-0.8944,0.6407,-0.9785,0,0,0,0,0,1
2026-02-01 09:30:00,6.93,6.496,407.48,0,,0,0,0,-0.6123,0.6761,-1.2478,0,0,0,0,0,1
2026-02-01 09:45:00,6.847,6.682,412.16,0,,0,0,0,-1.2671,1.3981,-0.7784,0,0,0,0,0,1
2026-02-01 10:00:00,6.839,6.682,408.54,0,,0,0,0,-1.3323,1.3664,-1.1294,0,0,0,0,0,1
2026-02-01 10:15:00,6.918,6.738,408.91,0,,0,0,0,-0.7048,1.5506,-1.0895,0,0,0,0,0,1
2026-02-01 10:30:00,6.88,6.768,405.93,0,,0,0,0,-1.0267,1.6283,-1.3807,0,0,0,0,0,1
2026-02-01 10:45:00,6.756,6.763,415.54,0,,0,0,0,-2.0059,1.576,-0.4294,0,0,0,0,0,1
2026-02-01 11:00:00,6.794,6.651,403.27,0,,0,0,0,-1.6924,1.1117,-1.6252,0,0,0,0,0,1
2026-02-01 11:15:00,6.928,6.728,406.63,0,,0,0,0,-0.624,1.3825,-1.2954,0,0,0,0,0,1
2026-02-01 11:30:00,6.871,6.81,408.53,0,,0,0,0,-1.0774,1.6563,-1.1055,0,0,0,0,0,1
2026-02-01 11:45:00,6.812,7.209,407.02,1,,0,0,0,-1.5362,2.9993,-1.2548,0,1,0,0,1,1
2026-02-01 12:00:00,6.841,6.727,404.94,0,,0,0,0,-1.3205,1.2123,-1.4779,0,0,0,0,0,1
2026-02-01 12:15:00,6.851,6.896,400.78,0,,0,0,0,-1.2439,1.7771,-1.8572,0,0,0,0,0,1
2026-02-01 12:30:00,6.888,7.001,405.34,1,,0,0,0,-0.9604,2.078,-1.4177,0,0,0,0,0,1
2026-02-01 12:45:00,6.785,6.968,404.39,0,,0,0,0,-1.7626,1.9056,-1.496,0,0,0,0,0,1
2026-02-01 13:00:00,6.813,7.2,415.13,1,,0,0,0,-1.5159,2.5734,-0.4651,0,0,0,0,0,1
2026-02-01 13:15:00,6.872,7.018,417.7,1,,0,0,0,-1.0425,1.9411,-0.2246,0,0,0,0,0,1
2026-02-01 13:30:00,6.856,7.052,408.71,1,,0,0,0,-1.1755,1.9867,-1.13,0,0,0,0,0,1
2026-02-01 13:45:00,6.894,7.232,403.62,1,,0,0,0,-0.9077,2.4544,-1.6108,0,0,0,0,0,1
2026-02-01 14:00:00,6.809,7.402,412.56,1,,0,0,0,-1.6045,2.8265,-0.7325,0,1,0,0,1,1
2026-02-01 14:15:00,6.893,7.36,406.1,1,,0,0,0,-0.9143,2.5777,-1.3783,0,0,0,0,0,1
2026-02-01 14:30:00,6.936,7.146,408.28,1,,0,0,0,-0.5754,1.9111,-1.1525,0,0,0,0,0,1
2026-02-01 14:45:00,6.912,7.175,408.46,1,,0,0,0,-0.7805,1.9341,-1.1308,0,0,0,0,0,1
2026-02-01 15:00:00,6.901,7.204,409.51,1,,0,0,0,-0.8611,1.9505,-1.017,0,0,0,0,0,1
2026-02-01 15:15:00,6.896,7.232,410.67,1,,0,0,0,-0.8929,1.9685,-0.9076,0,0,0,0,0,1
2026-02-01 15:30:00,6.867,7.094,407.44,1,,0,0,0,-1.1212,1.5651,-1.2145,0,0,0,0,0,1
2026-02-01 15:45:00,6.913,7.371,410.53,1,,0,0,0,-0.7499,2.2199,-0.8936,0,0,0,0,0,1
2026-02-01 16:00:00,6.988,7.269,418.08,1,,0,0,0,-0.1477,1.9106,-0.1574,0,0,0,0,0,1
2026-02-01 16:15:00,6.928,7.237,414.56,1,,0,0,0,-0.6338,1.7875,-0.5028,0,0,0,0,0,1
2026-02-01 16:30:00,6.898,7.057,415.91,1,,0,0,0,-0.8636,1.3163,-0.3794,0,0,0,0,0,1
2026-02-01 16:45:00,6.927,7.26,407.21,1,,0,0,0,-0.6239,1.7609,-1.2275,0,0,0,0,0,1
2026-02-01 17:00:00,6.971,6.967,420.69,0,,0,0,0,-0.2661,1.0521,0.0966,0,0,0,0,0,1
2026-02-01 17:15:00,6.952,7.163,414.92,1,,0,0,0,-0.4128,1.5247,-0.4693,0,0,0,0,0,1
2026-02-01 17:30:00,7.005,7.164,422.93,1,,0,0,0,0.0081,1.502,0.316,0,0,0,0,0,1
2026-02-01 17:45:00,7.016,7.287,419.83,1,,0,0,0,0.0981,1.7531,0.0125,0,0,0,0,0,1
2026-02-01 18:00:00,7.044,7.52,417.75,1,,0,0,0,0.3196,2.2163,-0.1952,0,0,0,0,0,1
2026-02-01 18:15:00,7.081,7.317,414.07,1,,0,0,0,0.6042,1.7083,-0.5461,0,0,0,0,0,1
2026-02-01 18:30:00,7.069,7.44,430.27,1,,0,0,0,0.4945,1.9287,1.028,0,0,0,0,0,1
2026-02-01 18:45:00,6.983,7.31,425.55,1,,0,0,0,-0.205,1.6016,0.5588,0,0,0,0,0,1
2026-02-01 19:00:00,6.994,7.371,426.56,1,,0,0,0,-0.1097,1.6866,0.654,0,0,0,0,0,1
2026-02-01 19:15:00,7.044,7.468,431.13,1,,0,0,0,0.2981,1.8372,1.0977,0,0,0,0,0,1
2026-02-01 19:30:00,7.035,7.066,425.49,1,,0,0,0,0.2278,0.9807,0.5422,0,0,0,0,0,1
2026-02-01 19:45:00,7.009,7.042,430.72,1,,0,0,0,0.0294,0.915,1.042,0,0,0,0,0,1
2026-02-01 20:00:00,7.053,7.247,424.09,1,,0,0,0,0.3872,1.313,0.4026,0,0,0,0,0,1
2026-02-01 20:15:00,7.06,7.129,429.62,1,,0,0,0,0.4471,1.0503,0.9387,0,0,0,0,0,1
2026-02-01 20:30:00,7.058,7.146,424.78,1,,0,0,0,0.436,1.0629,0.4794,0,0,0,0,0,1
2026-02-01 20:45:00,7.083,7.058,425.9,1,,0,0,0,0.6396,0.8663,0.5892,0,0,0,0,0,1
2026-02-01 21:00:00,7.165,6.987,428.87,0,,0,0,0,1.303,0.7074,0.8865,0,0,0,0,0,1
2026-02-01 21:15:00,7.123,7.301,423.95,1,,0,0,0,0.947,1.3161,0.4189,0,0,0,0,0,1
2026-02-01 21:30:00,7.243,6.874,430.84,0,,0,0,0,1.906,0.4407,1.1166,0,0,0,0,0,1
2026-02-01 21:45:00,7.133,7.123,428.73,1,,0,0,0,1.0094,0.9259,0.9127,0,0,0,0,0,1
2026-02-01 22:00:00,7.115,7.079,422.44,1,,0,0,0,0.8856,0.8212,0.2931,0,0,0,0,0,1
2026-02-01 22:15:00,7.135,6.744,428.93,0,,0,0,0,1.0488,0.1375,0.9477,0,0,0,0,0,1
2026-02-01 22:30:00,7.151,6.837,429.71,0,,0,0,0,1.1882,0.3125,1.0178,0,0,0,0,0,1
2026-02-01 22:45:00,7.164,6.843,434.77,0,,0,0,0,1.2895,0.3133,1.5123,0,0,0,0,0,1
2026-02-01 23:00:00,7.249,7.009,432.73,1,,0,0,0,1.9492,0.6418,1.3066,0,0,0,0,0,1
2026-02-01 23:15:00,7.105,6.851,437.56,0,,0,0,0,0.7881,0.3057,1.7652,0,0,0,0,0,1
2026-02-01 23:30:00,7.192,6.875,433.98,0,,0,0,0,1.482,0.3438,1.4123,0,0,0,0,0,1
2026-02-01 23:45:00,7.16,6.652,429.76,0,,0,0,0,1.2257,-0.1255,0.9883,0,0,0,0,0,1
2026-02-02 00:00:00,7.071,7.204,431.77,1,,0,0,0,0.5133,0.9976,1.1852,0,0,0,0,0,1
2026-02-02 00:15:00,7.188,6.85,430.58,0,,0,0,0,1.4471,0.254,1.094,0,0,0,0,0,1
2026-02-02 00:30:00,7.212,6.9,433.85,0,,0,0,0,1.616,0.3436,1.4279,0,0,0,0,0,1
2026-02-02 00:45:00,7.104,6.73,432.01,0,,0,0,0,0.7845,-0.0248,1.2495,0,0,0,0,0,1
2026-02-02 01:00:00,7.144,6.701,429.08,0,,0,0,0,1.108,-0.0987,0.9636,0,0,0,0,0,1
2026-02-02 01:15:00,7.056,7.075,431.4,1,,0,0,0,0.4149,0.6805,1.1947,0,0,0,0,0,1
2026-02-02 01:30:00,7.076,6.491,432.93,0,,0,0,0,0.5861,-0.5918,1.3287,0,0,0,0,0,1
2026-02-02 01:45:00,7.187,6.811,426.74,0,,0,0,0,1.4921,0.0931,0.7193,0,0,0,0,0,1
2026-02-02 02:00:00,7.107,6.581,431.66,0,,0,0,0,0.829,-0.419,1.1944,0,0,0,0,0,1
2026-02-02 02:15:00,7.069,6.696,423.66,0,,0,0,0,0.5213,-0.1865,0.4008,0,0,0,0,0,1
2026-02-02 02:30:00,7.13,6.657,433.94,0,,0,0,0,1.0222,-0.2917,1.42,0,0,0,0,0,1
2026-02-02 02:45:00,7.087,6.603,431.13,0,,0,0,0,0.685,-0.4325,1.1311,0,0,0,0,0,1
2026-02-02 03:00:00,7.083,6.755,435.0,0,,0,0,0,0.6563,-0.1054,1.5238,0,0,0,0,0,1
2026-02-02 03:15:00,7.136,6.365,423.45,0,,0,0,0,1.1036,-1.0582,0.388,0,0,0,0,0,1
2026-02-02 03:30:00,7.033,6.706,431.84,0,,0,0,0,0.2532,-0.2619,1.2344,0,0,0,0,0,1
2026-02-02 03:45:00,7.038,6.744,430.41,0,,0,0,0,0.3091,-0.1899,1.0762,0,0,0,0,0,1
2026-02-02 04:00:00,7.083,6.559,425.27,0,,0,0,0,0.6886,-0.687,0.5741,0,0,0,0,0,1
2026-02-02 04:15:00,7.115,6.998,423.8,0,,0,0,0,0.9734,0.4221,0.4305,0,0,0,0,0,1
2026-02-02 04:30:00,7.119,6.691,420.25,0,,0,0,0,0.995,-0.3913,0.0706,0,0,0,0,0,1
2026-02-02 04:45:00,7.015,6.756,418.47,0,,0,0,0,0.1119,-0.2367,-0.1044,0,0,0,0,0,1
2026-02-02 05:00:00,7.086,6.715,420.1,0,,0,0,0,0.7032,-0.3687,0.0687,0,0,0,0,0,1
2026-02-02 05:15:00,6.99,6.806,417.32,0,,0,0,0,-0.0965,-0.1535,-0.2119,0,0,0,0,0,1
2026-02-02 05:30:00,7.111,7.031,427.95,1,,0,0,0,0.9285,0.4635,0.8626,0,0,0,0,0,1
2026-02-02 05:45:00,6.953,7.223,414.78,1,,0,0,0,-0.4114,0.9936,-0.4673,0,0,0,0,0,1
2026-02-02 06:00:00,7.066,6.983,420.6,0,,0,0,0,0.5484,0.2844,0.1183,0,0,0,0,0,1
2026-02-02 06:15:00,6.957,7.055,420.96,1,,0,0,0,-0.3715,0.4816,0.1519,0,0,0,0,0,1
2026-02-02 06:30:00,7.081,7.171,419.86,1,,0,0,0,0.6812,0.8101,0.0343,0,0,0,0,0,1
2026-02-02 06:45:00,7.0,6.974,419.44,0,,0,0,0,-0.0161,0.1917,-0.0066,0,0,0,0,0,1
2026-02-02 07:00:00,6.91,7.197,420.68,1,,0,0,0,-0.7787,0.8923,0.1119,0,0,0,0,0,1
2026-02-02 07:15:00,6.926,7.106,414.36,1,,0,0,0,-0.6421,0.5781,-0.5286,0,0,0,0,0,1
2026-02-02 07:30:00,6.982,7.036,415.76,1,,0,0,0,-0.1795,0.3285,-0.3941,0,0,0,0,0,1
2026-02-02 07:45:00,6.986,7.095,413.52,1,,0,0,0,-0.145,0.5131,-0.6285,0,0,0,0,0,1
2026-02-02 08:00:00,6.921,6.798,419.21,0,,0,0,0,-0.7048,-0.5656,-0.0559,0,0,0,0,0,1
2026-02-02 08:15:00,6.919,7.145,421.73,1,,0,0,0,-0.7175,0.6751,0.1945,0,0,0,0,0,1
2026-02-02 08:30:00,6.947,6.901,407.92,0,,0,0,0,-0.4697,-0.257,-1.2221,0,0,0,0,0,1
2026-02-02 08:45:00,6.908,6.92,403.96,0,,0,0,0,-0.8079,-0.1998,-1.6007,0,0,0,0,0,1
2026-02-02 09:00:00,6.829,7.224,413.79,1,,0,0,0,-1.475,0.9564,-0.6173,0,0,0,0,0,1
2026-02-02 09:15:00,6.847,7.06,415.26,1,,0,0,0,-1.311,0.2972,-0.4733,0,0,0,0,0,1
2026-02-02 09:30:00,6.893,7.259,418.31,1,,0,0,0,-0.9141,1.0752,-0.1714,0,0,0,0,0,1
2026-02-02 09:45:00,6.936,7.314,412.97,1,,0,0,0,-0.5613,1.2711,-0.729,0,0,0,0,0,1
2026-02-02 10:00:00,6.951,7.353,415.19,1,,0,0,0,-0.4472,1.3985,-0.508,0,0,0,0,0,1
2026-02-02 10:15:00,6.904,7.223,415.88,1,,0,0,0,-0.8506,0.8546,-0.446,0,0,0,0,0,1
2026-02-02 10:30:00,6.876,7.526,414.77,1,,0,0,0,-1.0912,2.0161,-0.5788,0,0,0,0,0,1
2026-02-02 10:45:00,6.895,7.411,412.16,1,,0,0,0,-0.9587,1.5206,-0.8511,0,0,0,0,0,1
2026-02-02 11:00:00,6.822,7.523,403.28,1,,0,0,0,-1.61,1.9126,-1.7955,0,0,0,0,0,1
2026-02-02 11:15:00,6.845,7.309,408.2,1,,0,0,0,-1.3883,1.0507,-1.277,0,0,0,0,0,1
2026-02-02 11:30:00,6.81,7.493,409.3,1,,0,0,0,-1.6759,1.7262,-1.1618,0,0,0,0,0,1
2026-02-02 11:45:00,6.788,7.715,407.63,1,,0,0,0,-1.8577,2.488,-1.342,0,0,0,0,0,1
2026-02-02 12:00:00,6.867,7.726,407.85,1,,0,0,0,-1.1799,2.4304,-1.3282,0,0,0,0,0,1
2026-02-02 12:15:00,6.86,7.489,414.29,1,,0,0,0,-1.2428,1.5208,-0.6661,0,0,0,0,0,1
2026-02-02 12:30:00,6.886,7.555,405.08,1,,0,0,0,-1.0164,1.7131,-1.6749,0,0,0,0,0,1
2026-02-02 12:45:00,6.88,7.516,411.43,1,,0,0,0,-1.0913,1.5347,-0.9981,0,0,0,0,0,1
2026-02-02 13:00:00,6.867,7.592,409.67,1,,0,0,0,-1.2196,1.761,-1.1802,0,0,0,0,0,1
2026-02-02 13:15:00,6.886,7.505,405.21,1,,0,0,0,-1.0539,1.4251,-1.6345,0,0,0,0,0,1
2026-02-02 13:30:00,6.859,7.717,404.61,1,,0,0,0,-1.2945,2.0823,-1.6834,0,0,0,0,0,1
2026-02-02 13:45:00,6.886,7.855,402.43,1,,0,0,0,-1.053,2.446,-1.9126,0,0,0,0,0,1
2026-02-02 14:00:00,6.834,7.663,411.55,1,,0,0,0,-1.5228,1.7889,-0.9286,0,0,0,0,0,1
2026-02-02 14:15:00,6.894,7.786,409.77,1,,0,0,0,-0.9883,2.1255,-1.1304,0,0,0,0,0,1
2026-02-02 14:30:00,6.914,7.784,407.18,1,,0,0,0,-0.8068,2.0508,-1.4069,0,0,0,0,0,1
2026-02-02 14:45:00,6.854,7.992,403.47,1,,0,0,0,-1.3276,2.5708,-1.7864,0,1,0,0,1,1
2026-02-02 15:00:00,6.897,7.756,413.25,1,,0,0,0,-0.9465,1.8197,-0.7466,0,0,0,0,0,1
2026-02-02 15:15:00,6.87,7.774,411.39,1,,0,0,0,-1.1798,1.8235,-0.9481,0,0,0,0,0,1
2026-02-02 15:30:00,6.882,7.745,409.84,1,,0,0,0,-1.0771,1.6945,-1.1213,0,0,0,0,0,1
2026-02-02 15:45:00,6.86,7.71,409.48,1,,0,0,0,-1.2602,1.5681,-1.1574,0,0,0,0,0,1
2026-02-02 16:00:00,6.988,7.968,413.05,1,,0,0,0,-0.1349,2.2104,-0.7648,0,0,0,0,0,1
2026-02-02 16:15:00,6.987,7.874,416.57,1,,0,0,0,-0.1494,1.8994,-0.3892,0,0,0,0,0,1
2026-02-02 16:30:00,6.969,7.907,414.09,1,,0,0,0,-0.3158,1.9256,-0.6532,0,0,0,0,0,1
2026-02-02 16:45:00,7.05,8.092,411.39,1,,0,0,0,0.3901,2.3187,-0.9534,0,0,0,0,0,1
2026-02-02 17:00:00,6.952,8.102,416.66,1,,0,0,0,-0.4763,2.2542,-0.379,0,0,0,0,0,1
2026-02-02 17:15:00,7.122,7.654,421.84,1,,0,0,0,1.0093,1.1239,0.1729,0,0,0,0,0,1
2026-02-02 17:30:00,6.969,7.996,418.59,1,,0,0,0,-0.3365,1.9064,-0.1738,0,0,0,0,0,1
2026-02-02 17:45:00,7.003,7.929,419.49,1,,0,0,0,-0.0356,1.7021,-0.076,0,0,0,0,0,1
2026-02-02 18:00:00,6.98,7.82,418.7,1,,0,0,0,-0.2325,1.4241,-0.1626,0,0,0,0,0,1
2026-02-02 18:15:00,7.028,7.931,417.23,1,,0,0,0,0.1959,1.6469,-0.3258,0,0,0,0,0,1
2026-02-02 18:30:00,7.061,7.615,417.87,1,,0,0,0,0.4884,0.9057,-0.2439,0,0,0,0,0,1
2026-02-02 18:45:00,7.024,8.083,415.69,1,,0,0,0,0.1576,1.9321,-0.4708,0,0,0,0,0,1
2026-02-02 19:00:00,7.128,7.93,427.83,1,,0,0,0,1.0582,1.552,0.8518,0,0,0,0,0,1
2026-02-02 19:15:00,7.06,7.711,425.71,1,,0,0,0,0.459,1.0505,0.6304,0,0,0,0,0,1
2026-02-02 19:30:00,7.071,7.739,424.92,1,,0,0,0,0.5516,1.0913,0.5446,0,0,0,0,0,1
2026-02-02 19:45:00,7.021,7.557,426.49,1,,0,0,0,0.112,0.6745,0.7251,0,0,0,0,0,1
2026-02-02 20:00:00,7.096,7.75,427.36,1,,0,0,0,0.764,1.0839,0.8152,0,0,0,0,0,1
2026-02-02 20:15:00,7.077,7.708,423.73,1,,0,0,0,0.5957,0.9736,0.4251,0,0,0,0,0,1
2026-02-02 20:30:00,7.061,7.565,426.0,1,,0,0,0,0.4555,0.6492,0.6739,0,0,0,0,0,1
2026-02-02 20:45:00,7.06,7.862,426.02,1,,0,0,0,0.4494,1.2713,0.6759,0,0,0,0,0,1
2026-02-02 21:00:00,7.24,7.919,438.53,1,,0,0,0,1.9946,1.3632,2.0118,0,0,0,0,0,1
2026-02-02 21:15:00,7.1,7.705,433.1,1,,0,0,0,0.787,0.8892,1.3986,0,0,0,0,0,1
2026-02-02 21:30:00,7.046,7.644,430.19,1,,0,0,0,0.3442,0.742,1.0873,0,0,0,0,0,1
2026-02-02 21:45:00,7.09,7.736,435.44,1,,0,0,0,0.7406,0.9225,1.6289,0,0,0,0,0,1
2026-02-02 22:00:00,7.127,7.648,435.35,1,,0,0,0,1.0672,0.7203,1.5839,0,0,0,0,0,1
2026-02-02 22:15:00,7.162,7.469,425.24,1,,0,0,0,1.3712,0.3239,0.5261,0,0,0,0,0,1
2026-02-02 22:30:00,7.166,7.515,430.2,1,,0,0,0,1.4026,0.4097,1.0482,0,0,0,0,0,1
2026-02-02 22:45:00,7.176,7.549,431.3,1,,0,0,0,1.4875,0.4696,1.1741,0,0,0,0,0,1
2026-02-02 23:00:00,7.113,7.612,434.04,1,,0,0,0,0.9631,0.5933,1.4601,0,0,0,0,0,1
2026-02-02 23:15:00,7.164,7.558,430.87,1,,0,0,0,1.4074,0.4621,1.1449,0,0,0,0,0,1
2026-02-02 23:30:00,7.105,7.57,431.5,1,,0,0,0,0.8974,0.4746,1.2197,0,0,0,0,0,1
2026-02-02 23:45:00,7.119,7.293,430.13,1,,0,0,0,1.0327,-0.1503,1.0717,0,0,0,0,0,1
2026-02-03 00:00:00,7.104,7.605,436.2,1,,0,0,0,0.8913,0.5339,1.7055,0,0,0,0,0,1
2026-02-03 00:15:00,7.09,7.49,426.2,1,,0,0,0,0.7827,0.2653,0.6479,0,0,0,0,0,1
2026-02-03 00:30:00,7.202,7.858,430.19,1,,0,0,0,1.8129,1.0661,1.0846,0,0,0,0,0,1
2026-02-03 00:45:00,7.182,7.404,424.39,1,,0,0,0,1.6066,0.0353,0.4729,0,0,0,0,0,1
2026-02-03 01:00:00,7.194,7.498,427.47,1,,0,0,0,1.6989,0.2321,0.8098,0,0,0,0,0,1
2026-02-03 01:15:00,7.144,7.863,432.63,1,,0,0,0,1.2306,1.0466,1.3661,0,0,0,0,0,1
2026-02-03 01:30:00,7.177,7.458,432.43,1,,0,0,0,1.5018,0.1006,1.346,0,0,0,0,0,1
2026-02-03 01:45:00,7.046,7.41,429.51,1,,0,0,0,0.357,-0.0266,1.0234,0,0,0,0,0,1
2026-02-03 02:00:00,7.173,7.265,434.89,1,,0,0,0,1.4814,-0.3944,1.5932,0,0,0,0,0,1
2026-02-03 02:15:00,7.134,7.637,435.39,1,,0,0,0,1.1216,0.4876,1.6124,0,0,0,0,0,1
2026-02-03 02:30:00,7.15,7.23,429.24,1,,0,0,0,1.259,-0.5348,0.9709,0,0,0,0,0,1
2026-02-03 02:45:00,7.132,7.465,430.02,1,,0,0,0,1.0913,0.0304,1.0569,0,0,0,0,0,1
2026-02-03 03:00:00,7.057,7.329,426.68,1,,0,0,0,0.4324,-0.3384,0.7166,0,0,0,0,0,1
2026-02-03 03:15:00,7.024,7.373,430.42,1,,0,0,0,0.1522,-0.2628,1.1068,0,0,0,0,0,1
2026-02-03 03:30:00,7.056,7.19,422.53,1,,0,0,0,0.4344,-0.79,0.271,0,0,0,0,0,1
2026-02-03 03:45:00,7.112,7.609,433.85,1,,0,0,0,0.9215,0.3556,1.4867,0,0,0,0,0,1
2026-02-03 04:00:00,7.11,7.372,430.56,1,,0,0,0,0.8996,-0.3537,1.1202,0,0,0,0,0,1
2026-02-03 04:15:00,6.998,7.239,420.51,1,,0,0,0,-0.0796,-0.7589,0.0454,0,0,0,0,0,1
2026-02-03 04:30:00,7.008,7.619,421.44,1,,0,0,0,0.0195,0.3511,0.144,0,0,0,0,0,1
2026-02-03 04:45:00,7.012,7.366,425.54,1,,0,0,0,0.0555,-0.4552,0.5754,0,0,0,0,0,1
2026-02-03 05:00:00,7.021,7.505,421.75,1,,0,0,0,0.1422,-0.0452,0.1672,0,0,0,0,0,1
2026-02-03 05:15:00,6.961,7.595,424.52,1,,0,0,0,-0.3917,0.2278,0.4559,0,0,0,0,0,1
2026-02-03 05:30:00,6.948,7.556,420.13,1,,0,0,0,-0.4945,0.0798,-0.0058,0,0,0,0,0,1
2026-02-03 05:45:00,6.969,7.173,426.88,1,,0,0,0,-0.3077,-1.2198,0.7059,0,0,0,0,0,1
2026-02-03 06:00:00,7.004,7.626,420.03,1,,0,0,0,0.0124,0.302,-0.0294,0,0,0,0,0,1
2026-02-03 06:15:00,6.931,7.527,428.9,1,,0,0,0,-0.6409,-0.0585,0.9106,0,0,0,0,0,1
2026-02-03 06:30:00,6.975,7.515,420.84,1,,0,0,0,-0.2363,-0.1143,0.0474,0,0,0,0,0,1
2026-02-03 06:45:00,7.024,7.571,412.26,1,,0,0,0,0.2025,0.0636,-0.859,0,0,0,0,0,1
2026-02-03 07:00:00,6.896,7.371,425.24,1,,0,0,0,-0.9472,-0.6725,0.5182,0,0,0,0,0,1
2026-02-03 07:15:00,6.941,7.667,420.54,1,,0,0,0,-0.5445,0.3918,0.0113,0,0,0,0,0,1
2026-02-03 07:30:00,6.994,7.461,416.93,1,,0,0,0,-0.0687,-0.3945,-0.3751,0,0,0,0,0,1
2026-02-03 07:45:00,6.913,7.65,417.28,1,,0,0,0,-0.7883,0.3018,-0.3427,0,0,0,0,0,1
2026-02-03 08:00:00,6.896,7.746,409.24,1,,0,0,0,-0.9367,0.6626,-1.1826,0,0,0,0,0,1
2026-02-03 08:15:00,6.975,7.913,406.12,1,,0,0,0,-0.2352,1.3115,-1.4791,0,0,0,0,0,1
2026-02-03 08:30:00,6.893,7.66,412.53,1,,0,0,0,-0.9626,0.2659,-0.8161,0,0,0,0,0,1
2026-02-03 08:45:00,6.956,8.032,417.6,1,,0,0,0,-0.4048,1.8388,-0.3009,0,0,0,0,0,1
2026-02-03 09:00:00,6.915,7.988,413.1,1,,0,0,0,-0.788,1.6148,-0.7817,0,0,0,0,0,1
2026-02-03 09:15:00,6.87,7.814,417.81,1,,0,0,0,-1.201,0.8477,-0.2806,0,0,0,0,0,1
2026-02-03 09:30:00,6.905,7.744,415.76,1,,0,0,0,-0.8853,0.5187,-0.497,0,0,0,0,0,1
2026-02-03 09:45:00,6.891,7.727,410.1,1,,0,0,0,-1.0048,0.4264,-1.0966,0,0,0,0,0,1
2026-02-03 10:00:00,6.921,8.017,414.34,1,,0,0,0,-0.729,1.7103,-0.6426,0,0,0,0,0,1
2026-02-03 10:15:00,6.838,7.899,415.33,1,,0,0,0,-1.4626,1.1561,-0.5362,0,0,0,0,0,1
2026-02-03 10:30:00,6.863,8.222,408.59,1,,0,0,0,-1.2351,2.5237,-1.2403,0,0,0,0,0,1
2026-02-03 10:45:00,6.855,7.973,407.78,1,,0,0,0,-1.2976,1.3837,-1.3143,0,0,0,0,0,1
2026-02-03 11:00:00,6.89,7.972,408.97,1,,0,0,0,-0.9998,1.348,-1.2065,0,0,0,0,0,1
2026-02-03 11:15:00,6.802,8.174,398.58,1,,0,0,0,-1.7763,2.1699,-2.2584,0,0,0,0,0,1
2026-02-03 11:30:00,6.902,8.067,409.22,1,,0,0,0,-0.9008,1.6597,-1.1471,0,0,0,0,0,1
2026-02-03 11:45:00,6.874,8.202,410.91,1,,0,0,0,-1.1772,2.1622,-0.9782,0,0,0,0,0,1
2026-02-03 12:00:00,6.784,8.379,408.58,1,,0,0,0,-1.9685,2.7567,-1.2246,0,0,0,0,0,1
2026-02-03 12:15:00,6.911,8.277,409.4,1,,0,0,0,-0.8288,2.2585,-1.1278,0,0,0,0,0,1
2026-02-03 12:30:00,6.963,8.306,407.93,1,,0,0,0,-0.3652,2.2798,-1.2903,0,0,0,0,0,1
2026-02-03 12:45:00,6.903,8.346,400.24,1,,0,0,0,-0.9179,2.3355,-2.0473,0,0,0,0,0,1
2026-02-03 13:00:00,6.926,8.087,415.06,1,,0,0,0,-0.7168,1.343,-0.5285,0,0,0,0,0,1
2026-02-03 13:15:00,6.862,8.424,407.17,1,,0,0,0,-1.3005,2.4728,-1.3516,0,0,0,0,0,1
2026-02-03 13:30:00,6.778,8.413,406.44,1,,0,0,0,-2.0375,2.3367,-1.4338,0,0,0,0,0,1
2026-02-03 13:45:00,6.773,8.545,414.67,1,,0,0,0,-2.038,2.6651,-0.5997,0,1,0,0,1,1
2026-02-03 14:00:00,6.883,8.522,413.52,1,,0,0,0,-1.0679,2.4748,-0.725,0,1,0,0,1,1
2026-02-03 14:15:00,6.846,8.42,411.11,1,,0,0,0,-1.388,2.0751,-0.9838,0,0,0,0,0,1
2026-02-03 14:30:00,6.835,8.623,413.56,1,,0,0,0,-1.4665,2.59,-0.7361,0,1,0,0,1,1
2026-02-03 14:45:00,6.884,8.44,406.36,1,,0,0,0,-1.0391,1.9819,-1.5186,0,0,0,0,0,1
2026-02-03 15:00:00,6.925,8.536,411.19,1,,0,0,0,-0.6791,2.1862,-0.9942,0,0,0,0,0,1
2026-02-03 15:15:00,6.828,8.465,417.27,1,,0,0,0,-1.53,1.9202,-0.349,0,0,0,0,0,1
2026-02-03 15:30:00,6.886,8.591,409.99,1,,0,0,0,-1.0175,2.1956,-1.1351,0,0,0,0,0,1
2026-02-03 15:45:00,6.992,8.475,409.34,1,,0,0,0,-0.0921,1.8194,-1.2049,0,0,0,0,0,1
2026-02-03 16:00:00,6.871,8.786,414.31,1,,0,0,0,-1.1532,2.553,-0.6706,0,1,0,0,1,1
2026-02-03 16:15:00,6.977,8.848,415.1,1,,0,0,0,-0.2126,2.5919,-0.5831,0,1,0,0,1,1
2026-02-03 16:30:00,6.918,8.68,418.0,1,,0,0,0,-0.7291,2.0952,-0.275,0,0,0,0,0,1
2026-02-03 16:45:00,6.979,8.783,410.63,1,,0,0,0,-0.1833,2.2725,-1.0705,0,0,0,0,0,1
2026-02-03 17:00:00,7.016,8.322,406.7,1,,0,0,0,0.1383,1.1488,-1.4683,0,0,0,0,0,1
2026-02-03 17:15:00,7.008,8.339,421.34,1,,0,0,0,0.0784,1.1653,0.0979,0,0,0,0,0,1
2026-02-03 17:30:00,7.026,8.501,414.1,1,,0,0,0,0.2336,1.5212,-0.67,0,0,0,0,0,1
2026-02-03 17:45:00,6.933,8.552,416.78,1,,0,0,0,-0.5877,1.604,-0.3807,0,0,0,0,0,1
2026-02-03 18:00:00,7.056,8.51,411.27,1,,0,0,0,0.4989,1.4724,-0.9555,0,0,0,0,0,1
2026-02-03 18:15:00,6.967,8.286,424.88,1,,0,0,0,-0.2862,0.9444,0.4802,0,0,0,0,0,1
2026-02-03 18:30:00,7.033,8.697,422.97,1,,0,0,0,0.3031,1.8293,0.272,0,0,0,0,0,1
2026-02-03 18:45:00,7.042,8.838,423.58,1,,0,0,0,0.3812,2.0817,0.3282,0,0,0,0,0,1
2026-02-03 19:00:00,7.063,8.696,424.32,1,,0,0,0,0.577,1.7236,0.4116,0,0,0,0,0,1
2026-02-03 19:15:00,7.065,8.654,415.62,1,,0,0,0,0.5942,1.5909,-0.503,0,0,0,0,0,1
2026-02-03 19:30:00,7.015,8.512,420.65,1,,0,0,0,0.153,1.2601,0.0371,0,0,0,0,0,1
2026-02-03 19:45:00,6.999,8.337,423.5,1,,0,0,0,0.0118,0.8706,0.3447,0,0,0,0,0,1
2026-02-03 20:00:00,7.119,8.459,423.01,1,,0,0,0,1.082,1.1072,0.298,0,0,0,0,0,1
2026-02-03 20:15:00,7.093,8.747,425.58,1,,0,0,0,0.8472,1.6683,0.5704,0,0,0,0,0,1
2026-02-03 20:30:00,7.149,8.361,428.29,1,,0,0,0,1.3285,0.848,0.856,0,0,0,0,0,1
2026-02-03 20:45:00,7.097,8.328,431.94,1,,0,0,0,0.8624,0.7671,1.2313,0,0,0,0,0,1
2026-02-03 21:00:00,7.036,8.544,422.56,1,,0,0,0,0.3506,1.1921,0.2593,0,0,0,0,0,1
2026-02-03 21:15:00,7.161,8.536,428.99,1,,0,0,0,1.4658,1.1514,0.9649,0,0,0,0,0,1
2026-02-03 21:30:00,7.1,8.213,432.37,1,,0,0,0,0.9094,0.4793,1.3261,0,0,0,0,0,1
2026-02-03 21:45:00,7.142,8.282,426.28,1,,0,0,0,1.2742,0.6085,0.6843,0,0,0,0,0,1
2026-02-03 22:00:00,7.098,8.227,429.62,1,,0,0,0,0.8873,0.4843,1.0674,0,0,0,0,0,1
2026-02-03 22:15:00,7.217,8.293,432.63,1,,0,0,0,1.9285,0.6044,1.3807,0,0,0,0,0,1
2026-02-03 22:30:00,7.095,8.429,431.13,1,,0,0,0,0.8611,0.8658,1.2133,0,0,0,0,0,1
2026-02-03 22:45:00,7.125,8.124,434.06,1,,0,0,0,1.1411,0.2261,1.525,0,0,0,0,0,1
2026-02-03 23:00:00,7.15,8.389,431.97,1,,0,0,0,1.3566,0.7583,1.3034,0,0,0,0,0,1
2026-02-03 23:15:00,7.093,8.222,430.52,1,,0,0,0,0.86,0.3998,1.1453,0,0,0,0,0,1
2026-02-03 23:30:00,7.165,8.538,427.21,1,,0,0,0,1.4932,1.0349,0.7912,0,0,0,0,0,1
2026-02-03 23:45:00,7.23,8.22,432.96,1,,0,0,0,2.0318,0.3586,1.4159,0,0,0,0,0,1
2026-02-04 00:00:00,7.125,8.142,432.4,1,,0,0,0,1.1024,0.1837,1.3682,0,0,0,0,0,1
2026-02-04 00:15:00,7.169,8.227,428.0,1,,0,0,0,1.47,0.3494,0.8783,0,0,0,0,0,1
2026-02-04 00:30:00,7.011,8.076,434.23,1,,0,0,0,0.111,0.0234,1.5515,0,0,0,0,0,1
2026-02-04 00:45:00,7.145,7.843,436.84,1,,0,0,0,1.3095,-0.4871,1.7942,0,0,0,0,0,1
2026-02-04 01:00:00,7.129,8.064,428.95,1,,0,0,0,1.1835,-0.0249,0.9397,0,0,0,0,0,1
2026-02-04 01:15:00,7.101,8.051,428.45,1,,0,0,0,0.94,-0.0574,0.8953,0,0,0,0,0,1
2026-02-04 01:30:00,7.193,7.841,428.03,1,,0,0,0,1.7652,-0.5259,0.8595,0,0,0,0,0,1
2026-02-04 01:45:00,7.118,8.06,424.05,1,,0,0,0,1.0769,-0.0624,0.4341,0,0,0,0,0,1
2026-02-04 02:00:00,7.121,7.754,438.41,1,,0,0,0,1.1161,-0.7621,1.987,0,0,0,0,0,1
2026-02-04 02:15:00,7.106,8.006,428.18,1,,0,0,0,0.9862,-0.2058,0.8932,0,0,0,0,0,1
2026-02-04 02:30:00,7.023,8.091,426.09,1,,0,0,0,0.2493,-0.0348,0.6694,0,0,0,0,0,1
2026-02-04 02:45:00,7.056,8.066,424.51,1,,0,0,0,0.562,-0.1082,0.5043,0,0,0,0,0,1
2026-02-04 03:00:00,7.154,7.989,426.93,1,,0,0,0,1.441,-0.3092,0.7717,0,0,0,0,0,1
2026-02-04 03:15:00,6.993,8.039,425.13,1,,0,0,0,-0.0239,-0.2105,0.5817,0,0,0,0,0,1
2026-02-04 03:30:00,7.053,7.937,433.06,1,,0,0,0,0.5237,-0.4884,1.4365,0,0,0,0,0,1
2026-02-04 03:45:00,7.063,8.06,421.67,1,,0,0,0,0.622,-0.1968,0.1989,0,0,0,0,0,1
2026-02-04 04:00:00,7.162,8.073,419.85,1,,0,0,0,1.514,-0.1862,0.0086,0,0,0,0,0,1
2026-02-04 04:15:00,7.105,7.937,427.51,1,,0,0,0,0.9801,-0.5672,0.8573,0,0,0,0,0,1
2026-02-04 04:30:00,7.03,8.122,424.16,1,,0,0,0,0.2989,-0.0967,0.4789,0,0,0,0,0,1
2026-02-04 04:45:00,7.113,8.132,422.97,1,,0,0,0,1.0347,-0.0935,0.3494,0,0,0,0,0,1
2026-02-04 05:00:00,7.002,8.08,425.34,1,,0,0,0,0.0376,-0.2553,0.6094,0,0,0,0,0,1
2026-02-04 05:15:00,7.08,8.483,422.89,1,,0,0,0,0.7269,0.8405,0.3379,0,0,0,0,0,1
2026-02-04 05:30:00,6.952,8.115,421.38,1,,0,0,0,-0.4231,-0.2056,0.1675,0,0,0,0,0,1
2026-02-04 05:45:00,7.063,8.111,415.16,1,,0,0,0,0.5644,-0.2561,-0.5151,0,0,0,0,0,1
2026-02-04 06:00:00,6.98,8.109,413.33,1,,0,0,0,-0.1779,-0.2812,-0.7104,0,0,0,0,0,1
2026-02-04 06:15:00,6.939,8.047,416.41,1,,0,0,0,-0.5466,-0.4947,-0.3536,0,0,0,0,0,1
2026-02-04 06:30:00,6.97,8.318,414.1,1,,0,0,0,-0.2679,0.3213,-0.6039,0,0,0,0,0,1
2026-02-04 06:45:00,6.985,8.135,418.74,1,,0,0,0,-0.1297,-0.2803,-0.0918,0,0,0,0,0,1
2026-02-04 07:00:00,6.936,8.178,409.7,1,,0,0,0,-0.5748,-0.176,-1.0857,0,0,0,0,0,1
2026-02-04 07:15:00,6.979,8.208,414.35,1,,0,0,0,-0.1917,-0.096,-0.5568,0,0,0,0,0,1
2026-02-04 07:30:00,6.913,8.168,414.72,1,,0,0,0,-0.7763,-0.2684,-0.5124,0,0,0,0,0,1
2026-02-04 07:45:00,6.965,8.081,414.53,1,,0,0,0,-0.3149,-0.6076,-0.5298,0,0,0,0,0,1
2026-02-04 08:00:00,6.947,8.304,415.6,1,,0,0,0,-0.4835,0.1866,-0.4202,0,0,0,0,0,1
2026-02-04 08:15:00,6.914,8.534,412.03,1,,0,0,0,-0.7737,1.0183,-0.8344,0,0,0,0,0,1
2026-02-04 08:30:00,6.887,8.463,410.02,1,,0,0,0,-1.0158,0.7409,-1.056,0,0,0,0,0,1
2026-02-04 08:45:00,6.909,8.699,417.07,1,,0,0,0,-0.8111,1.5984,-0.26,0,0,0,0,0,1
2026-02-04 09:00:00,6.921,8.609,410.23,1,,0,0,0,-0.7042,1.2321,-1.0251,0,0,0,0,0,1
2026-02-04 09:15:00,6.99,8.607,416.65,1,,0,0,0,-0.0962,1.2042,-0.3016,0,0,0,0,0,1
2026-02-04 09:30:00,6.928,8.844,409.18,1,,0,0,0,-0.6605,2.0622,-1.127,0,0,0,0,0,1
2026-02-04 09:45:00,6.924,8.58,409.96,1,,0,0,0,-0.7018,1.0455,-1.0395,0,0,0,0,0,1
2026-02-04 10:00:00,7.025,8.637,409.05,1,,0,0,0,0.2069,1.24,-1.1291,0,0,0,0,0,1
2026-02-04 10:15:00,6.891,8.658,410.16,1,,0,0,0,-1.0258,1.2974,-0.9955,0,0,0,0,0,1
2026-02-04 10:30:00,6.886,8.925,407.23,1,,0,0,0,-1.0767,2.2478,-1.3156,0,0,0,0,0,1
2026-02-04 10:45:00,6.893,8.726,409.02,1,,0,0,0,-1.0204,1.4612,-1.1212,0,0,0,0,0,1
2026-02-04 11:00:00,6.805,8.661,414.53,1,,0,0,0,-1.8038,1.1913,-0.5207,0,0,0,0,0,1
2026-02-04 11:15:00,6.831,8.878,412.43,1,,0,0,0,-1.5767,1.9513,-0.7903,0,0,0,0,0,1
2026-02-04 11:30:00,6.826,8.699,412.33,1,,0,0,0,-1.6004,1.2565,-0.8083,0,0,0,0,0,1
2026-02-04 11:45:00,6.883,8.932,402.66,1,,0,0,0,-1.0843,2.0512,-1.8794,0,0,0,0,0,1
2026-02-04 12:00:00,6.841,8.944,403.28,1,,0,0,0,-1.4859,2.0277,-1.7863,0,0,0,0,0,1
2026-02-04 12:15:00,6.857,8.882,408.9,1,,0,0,0,-1.3263,1.756,-1.1562,0,0,0,0,0,1
2026-02-04 12:30:00,6.906,9.023,411.19,1,,0,0,0,-0.8704,2.1685,-0.9077,0,0,0,0,0,1
2026-02-04 12:45:00,6.896,8.742,406.15,1,,0,0,0,-0.9602,1.1853,-1.4996,0,0,0,0,0,1
2026-02-04 13:00:00,6.847,9.016,405.62,1,,0,0,0,-1.3875,2.0467,-1.5311,0,0,0,0,0,1
2026-02-04 13:15:00,6.824,8.947,414.21,1,,0,0,0,-1.5834,1.7683,-0.5782,0,0,0,0,0,1
2026-02-04 13:30:00,6.918,9.469,411.66,1,,0,1,0,-0.7665,3.2452,-0.8799,0,1,0,1,1,1
2026-02-04 13:45:00,6.904,9.085,413.47,1,,0,0,0,-0.9247,1.9991,-0.6712,0,0,0,0,0,1
2026-02-04 14:00:00,6.79,8.993,407.84,1,,0,0,0,-1.9513,1.6809,-1.298,0,0,0,0,0,1
2026-02-04 14:15:00,6.86,8.894,407.94,1,,0,0,0,-1.3114,1.3575,-1.2776,0,0,0,0,0,1
2026-02-04 14:30:00,6.889,9.315,414.28,1,,0,0,0,-1.0566,2.4962,-0.5633,0,0,0,0,0,1
2026-02-04 14:45:00,6.926,9.082,409.93,1,,0,0,0,-0.7201,1.7806,-1.0643,0,0,0,0,0,1
2026-02-04 15:00:00,6.939,9.03,409.07,1,,0,0,0,-0.601,1.5984,-1.1564,0,0,0,0,0,1
2026-02-04 15:15:00,6.915,9.212,408.44,1,,0,0,0,-0.842,2.0348,-1.2082,0,0,0,0,0,1
2026-02-04 15:30:00,6.938,9.27,410.65,1,,0,0,0,-0.6334,2.1216,-0.9613,0,0,0,0,0,1
2026-02-04 15:45:00,6.92,9.277,416.83,1,,0,0,0,-0.794,2.0692,-0.2768,0,0,0,0,0,1
2026-02-04 16:00:00,6.891,9.193,407.96,1,,0,0,0,-1.0719,1.8148,-1.2643,0,0,0,0,0,1
2026-02-04 16:15:00,6.921,9.22,417.21,1,,0,0,0,-0.7805,1.848,-0.2275,0,0,0,0,0,1
2026-02-04 16:30:00,6.944,9.235,412.57,1,,0,0,0,-0.5673,1.8395,-0.7409,0,0,0,0,0,1
2026-02-04 16:45:00,6.95,9.253,415.3,1,,0,0,0,-0.5073,1.8429,-0.4419,0,0,0,0,0,1
2026-02-04 17:00:00,6.867,9.267,416.31,1,,0,0,0,-1.2647,1.8217,-0.3428,0,0,0,0,0,1
2026-02-04 17:15:00,6.951,9.367,416.78,1,,0,0,0,-0.473,1.9934,-0.2839,0,0,0,0,0,1
2026-02-04 17:30:00,6.983,9.209,417.29,1,,0,0,0,-0.1699,1.5846,-0.2301,0,0,0,0,0,1
2026-02-04 17:45:00,6.976,9.074,417.44,1,,0,0,0,-0.2399,1.2496,-0.2138,0,0,0,0,0,1
2026-02-04 18:00:00,6.988,9.169,417.71,1,,0,0,0,-0.1211,1.4356,-0.1915,0,0,0,0,0,1
2026-02-04 18:15:00,7.034,9.297,426.06,1,,0,0,0,0.3034,1.6789,0.7616,0,0,0,0,0,1
2026-02-04 18:30:00,6.966,8.907,421.67,1,,0,0,0,-0.3273,0.8,0.2615,0,0,0,0,0,1
2026-02-04 18:45:00,6.948,8.898,421.84,1,,0,0,0,-0.4866,0.7777,0.2833,0,0,0,0,0,1
2026-02-04 19:00:00,7.021,9.292,420.53,1,,0,0,0,0.2016,1.6192,0.1381,0,0,0,0,0,1
2026-02-04 19:15:00,7.086,9.37,422.23,1,,0,0,0,0.8082,1.7456,0.3252,0,0,0,0,0,1
2026-02-04 19:30:00,7.142,8.939,422.03,1,,0,0,0,1.3085,0.8017,0.3005,0,0,0,0,0,1
2026-02-04 19:45:00,7.105,9.129,428.37,1,,0,0,0,0.9502,1.1858,1.017,0,0,0,0,0,1
2026-02-04 20:00:00,7.002,9.038,422.99,1,,0,0,0,0.0099,0.9734,0.403,0,0,0,0,0,1
2026-02-04 20:15:00,7.072,9.043,417.68,1,,0,0,0,0.6637,0.9732,-0.1941,0,0,0,0,0,1
2026-02-04 20:30:00,7.104,9.111,427.54,1,,0,0,0,0.9711,1.0952,0.9356,0,0,0,0,0,1
2026-02-04 20:45:00,7.108,8.853,426.79,1,,0,0,0,1.0064,0.5392,0.8621,0,0,0,0,0,1
2026-02-04 21:00:00,7.133,8.863,426.14,1,,0,0,0,1.2216,0.5525,0.7808,0,0,0,0,0,1
2026-02-04 21:15:00,7.067,8.965,432.67,1,,0,0,0,0.6242,0.7557,1.5188,0,0,0,0,0,1
2026-02-04 21:30:00,7.122,8.969,418.59,1,,0,0,0,1.135,0.7481,-0.0761,0,0,0,0,0,1
2026-02-04 21:45:00,7.146,8.803,436.28,1,,0,0,0,1.3583,0.3884,1.9269,0,0,0,0,0,1
2026-02-04 22:00:00,7.171,9.071,434.61,1,,0,0,0,1.5708,0.9333,1.7161,0,0,0,0,0,1
2026-02-04 22:15:00,7.094,8.871,428.25,1,,0,0,0,0.8848,0.5005,1.0101,0,0,0,0,0,1
2026-02-04 22:30:00,7.121,8.851,429.28,1,,0,0,0,1.1338,0.4491,1.1324,0,0,0,0,0,1
2026-02-04 22:45:00,7.007,8.937,433.38,1,,0,0,0,0.074,0.615,1.6023,0,0,0,0,0,1
2026-02-04 23:00:00,7.114,8.857,433.72,1,,0,0,0,1.096,0.4357,1.6337,0,0,0,0,0,1
2026-02-04 23:15:00,7.121,8.983,429.23,1,,0,0,0,1.1565,0.6869,1.1269,0,0,0,0,0,1
2026-02-04 23:30:00,7.098,8.7,425.43,1,,0,0,0,0.9529,0.0832,0.6974,0,0,0,0,0,1
2026-02-04 23:45:00,7.158,8.613,440.43,1,,0,0,0,1.5555,-0.1105,2.3584,0,0,0,0,0,1
2026-02-05 00:00:00,7.147,2.254,435.82,0,Filter replacement – turbidity reduced post-change,0,1,0,1.4422,-7.8993,1.8254,0,1,0,1,1,0
2026-02-05 00:15:00,7.037,2.287,432.6,0,,0,1,0,0.3971,-6.073,1.452,0,1,0,1,1,0
2026-02-05 00:30:00,7.159,2.07,432.6,0,,0,1,0,1.5582,-5.2411,1.4582,0,1,0,1,1,0
2026-02-05 00:45:00,7.101,2.028,434.25,0,,0,1,0,1.0066,-4.6054,1.6533,0,1,0,1,1,0
2026-02-05 01:00:00,7.169,2.245,434.56,0,,0,1,0,1.6545,-4.0119,1.6663,0,1,0,1,1,0
2026-02-05 01:15:00,7.078,2.086,423.02,0,,0,1,0,0.7779,-3.7578,0.398,0,1,0,1,1,0
2026-02-05 01:30:00,7.14,1.965,429.68,0,,0,1,0,1.3969,-3.5343,1.1337,0,1,0,1,1,0
2026-02-05 01:45:00,7.12,2.312,428.94,0,,0,1,0,1.2007,-3.1284,1.0414,0,1,0,1,1,0
2026-02-05 02:00:00,7.145,2.059,429.75,0,,0,1,0,1.4381,-3.0667,1.1597,0,1,0,1,1,0
2026-02-05 02:15:00,7.131,2.314,433.06,0,,0,0,0,1.2952,-2.785,1.5145,0,1,0,0,1,0
2026-02-05 02:30:00,7.106,2.135,422.36,0,,0,0,0,1.0381,-2.727,0.3275,0,1,0,0,1,0
2026-02-05 02:45:00,7.036,2.165,423.63,0,,0,0,0,0.3638,-2.5872,0.4706,0,1,0,0,1,0
2026-02-05 03:00:00,7.032,2.082,425.76,0,,0,0,0,0.3413,-2.5084,0.7107,0,1,0,0,1,0
2026-02-05 03:15:00,7.07,1.709,428.53,0,,0,0,0,0.7035,-2.5486,1.0132,0,1,0,0,1,0
2026-02-05 03:30:00,7.091,1.933,430.63,0,,0,0,0,0.9022,-2.3561,1.2551,0,1,0,0,1,0
2026-02-05 03:45:00,7.053,2.082,433.19,0,,0,0,0,0.5335,-2.2108,1.5101,0,1,0,0,1,0
2026-02-05 04:00:00,7.106,2.155,424.85,0,,0,0,0,1.0637,-2.1063,0.5809,0,1,0,0,1,0
2026-02-05 04:15:00,7.052,1.832,428.63,0,,0,0,0,0.5414,-2.1515,0.9957,0,1,0,0,1,0
2026-02-05 04:30:00,7.009,2.095,427.43,0,,0,0,0,0.1196,-1.9865,0.8574,0,1,0,0,1,0
2026-02-05 04:45:00,7.034,1.939,426.02,0,,0,0,0,0.3767,-1.9782,0.6976,0,1,0,0,1,0
2026-02-05 05:00:00,7.05,2.149,423.01,0,,0,0,0,0.5298,-1.8464,0.3703,0,1,0,0,1,0
2026-02-05 05:15:00,7.046,2.118,420.74,0,,0,0,0,0.4948,-1.8034,0.1233,0,1,0,0,1,0
2026-02-05 05:30:00,7.113,2.242,417.3,0,,0,0,0,1.137,-1.7124,-0.2503,0,1,0,0,1,0
2026-02-05 05:45:00,6.976,2.301,416.26,0,,0,0,0,-0.2075,-1.6479,-0.3661,0,1,0,0,1,0
2026-02-05 06:00:00,6.996,2.222,421.39,0,,0,0,0,-0.0112,-1.6311,0.1895,0,0,0,0,0,0
2026-02-05 06:15:00,7.011,2.296,419.0,0,,0,0,0,0.13,-1.5665,-0.0771,0,0,0,0,0,0
2026-02-05 06:30:00,6.979,2.13,416.77,0,,0,0,0,-0.1882,-1.58,-0.3268,0,0,0,0,0,0
2026-02-05 06:45:00,6.946,2.623,420.32,0,,0,0,0,-0.5108,-1.3877,0.0638,0,0,0,0,0,0
2026-02-05 07:00:00,6.884,2.034,416.09,0,,0,0,0,-1.1142,-1.5383,-0.4134,0,0,0,0,0,0
2026-02-05 07:15:00,6.926,2.157,412.49,0,,0,0,0,-0.6931,-1.4636,-0.8102,0,0,0,0,0,0
2026-02-05 07:30:00,6.889,2.392,414.34,0,,0,0,0,-1.052,-1.3585,-0.6043,0,0,0,0,0,0
2026-02-05 07:45:00,6.847,2.391,417.98,0,,0,0,0,-1.4367,-1.3289,-0.2047,0,0,0,0,0,0
2026-02-05 08:00:00,6.885,2.373,409.91,0,,0,0,0,-1.0565,-1.3051,-1.0893,0,0,0,0,0,0
2026-02-05 08:15:00,6.864,2.424,414.17,0,,0,0,0,-1.2479,-1.2614,-0.6219,0,0,0,0,0,0
2026-02-05 08:30:00,6.938,2.034,412.47,0,,0,0,0,-0.544,-1.3491,-0.8153,0,0,0,0,0,0
2026-02-05 08:45:00,6.931,2.61,409.04,0,,0,0,0,-0.6147,-1.1503,-1.1787,0,0,0,0,0,0
2026-02-05 09:00:00,6.849,2.366,410.34,0,,0,0,0,-1.3894,-1.1977,-1.0356,0,0,0,0,0,0
2026-02-05 09:15:00,6.874,2.609,404.69,0,,0,0,0,-1.1302,-1.1017,-1.6229,0,0,0,0,0,0
2026-02-05 09:30:00,6.788,2.143,410.92,0,,0,0,0,-1.9019,-1.2139,-0.9489,0,0,0,0,0,0
2026-02-05 09:45:00,6.851,2.512,404.56,0,,0,0,0,-1.2961,-1.0817,-1.6228,0,0,0,0,0,0
2026-02-05 10:00:00,6.89,2.415,413.9,0,,0,0,0,-0.9168,-1.0874,-0.6212,0,0,0,0,0,0
2026-02-05 10:15:00,6.907,2.612,408.87,0,,0,0,0,-0.7619,-1.0084,-1.1645,0,0,0,0,0,0
2026-02-05 10:30:00,6.826,2.6,406.63,0,,0,0,0,-1.4964,-0.9911,-1.4055,0,0,0,0,0,0
2026-02-05 10:45:00,6.911,2.633,413.28,0,,0,0,0,-0.7166,-0.9614,-0.6926,0,0,0,0,0,0
2026-02-05 11:00:00,6.779,2.445,404.28,0,,0,0,0,-1.9222,-0.9957,-1.6397,0,0,0,0,0,0
2026-02-05 11:15:00,6.791,2.62,405.24,0,,0,0,0,-1.797,-0.9251,-1.5144,0,0,0,0,0,0
2026-02-05 11:30:00,6.887,2.626,400.79,0,,0,0,0,-0.9339,-0.9044,-1.9415,0,0,0,0,0,0
2026-02-05 11:45:00,6.934,2.751,413.26,0,,0,0,0,-0.509,-0.8498,-0.6571,0,0,0,0,0,0
2026-02-05 12:00:00,6.875,2.848,415.49,0,,0,0,0,-1.0604,-0.8041,-0.4403,0,0,0,0,0,0
2026-02-05 12:15:00,6.848,2.745,401.33,0,,0,0,0,-1.3079,-0.8166,-1.9321,0,0,0,0,0,0
2026-02-05 12:30:00,6.742,2.552,404.84,0,,0,0,0,-2.2188,-0.8549,-1.5385,0,0,0,0,0,0
2026-02-05 12:45:00,6.752,2.78,408.51,0,,0,0,0,-2.0737,-0.7711,-1.158,0,0,0,0,0,0
2026-02-05 13:00:00,6.862,3.175,406.35,0,,0,0,0,-1.1032,-0.6394,-1.3889,0,0,0,0,0,0
2026-02-05 13:15:00,6.84,3.048,408.51,0,,0,0,0,-1.3024,-0.6613,-1.1477,0,0,0,0,0,0
2026-02-05 13:30:00,6.806,2.371,408.44,0,,0,0,0,-1.576,-0.8439,-1.1475,0,0,0,0,0,0
2026-02-05 13:45:00,6.869,2.842,410.87,0,,0,0,0,-1.0166,-0.6874,-0.8876,0,0,0,0,0,0
2026-02-05 14:00:00,6.876,2.986,405.76,0,,0,0,0,-0.9735,-0.6287,-1.4164,0,0,0,0,0,0
2026-02-05 14:15:00,6.923,2.831,410.79,0,,0,0,0,-0.566,-0.6594,-0.8971,0,0,0,0,0,0
2026-02-05 14:30:00,6.888,2.801,406.02,0,,0,0,0,-0.8772,-0.6524,-1.3759,0,0,0,0,0,0
2026-02-05 14:45:00,6.949,2.839,409.33,0,,0,0,0,-0.337,-0.6251,-1.0307,0,0,0,0,0,0
2026-02-05 15:00:00,6.894,2.969,404.57,0,,0,0,0,-0.8204,-0.5699,-1.5104,0,0,0,0,0,0
2026-02-05 15:15:00,6.895,2.72,410.47,0,,0,0,0,-0.8086,-0.6307,-0.906,0,0,0,0,0,0
2026-02-05 15:30:00,6.962,3.075,410.4,0,,0,0,0,-0.2167,-0.505,-0.9128,0,0,0,0,0,0
2026-02-05 15:45:00,6.868,2.891,417.11,0,,0,0,0,-1.0421,-0.547,-0.2195,0,0,0,0,0,0
2026-02-05 16:00:00,7.066,2.76,413.76,0,,0,0,0,0.6931,-0.5727,-0.5752,0,0,0,0,0,0
2026-02-05 16:15:00,6.952,3.068,415.18,0,,0,0,0,-0.3193,-0.4587,-0.4251,0,0,0,0,0,0
2026-02-05 16:30:00,6.962,2.665,415.32,0,,0,0,0,-0.2324,-0.5731,-0.4143,0,0,0,0,0,0
2026-02-05 16:45:00,6.978,2.809,407.63,0,,0,0,0,-0.0932,-0.5102,-1.1979,0,0,0,0,0,0
2026-02-05 17:00:00,7.055,2.801,408.91,0,,0,0,0,0.5752,-0.497,-1.0519,0,0,0,0,0,0
2026-02-05 17:15:00,7.01,3.2,416.38,0,,0,0,0,0.1688,-0.347,-0.2837,0,0,0,0,0,0
2026-02-05 17:30:00,6.9,2.767,419.55,0,,0,0,0,-0.8016,-0.4782,0.0397,0,0,0,0,0,0
2026-02-05 17:45:00,7.06,2.536,418.28,0,,0,0,0,0.6113,-0.5419,-0.0918,0,0,0,0,0,0
2026-02-05 18:00:00,6.983,2.759,416.54,0,,0,0,0,-0.0712,-0.4477,-0.2693,0,0,0,0,0,0
2026-02-05 18:15:00,7.015,2.901,419.82,0,,0,0,0,0.2145,-0.3804,0.0746,0,0,0,0,0,0
2026-02-05 18:30:00,6.956,2.935,420.26,0,,0,0,0,-0.3081,-0.3514,0.1215,0,0,0,0,0,0
2026-02-05 18:45:00,7.056,3.142,425.46,0,,0,0,0,0.5686,-0.2578,0.6524,0,0,0,0,0,0
2026-02-05 19:00:00,7.006,2.994,426.0,0,,0,0,0,0.1268,-0.2952,0.7003,0,0,0,0,0,0
2026-02-05 19:15:00,7.053,2.792,421.64,0,,0,0,0,0.5477,-0.3549,0.2536,0,0,0,0,0,0
2026-02-05 19:30:00,7.043,2.61,424.39,0,,0,0,0,0.472,-0.4095,0.5328,0,0,0,0,0,0
2026-02-05 19:45:00,7.163,2.966,426.41,0,,0,0,0,1.5311,-0.2472,0.7433,0,0,0,0,0,0
2026-02-05 20:00:00,7.174,2.645,427.7,0,,0,0,0,1.5912,-0.3618,0.868,0,0,0,0,0,0
2026-02-05 20:15:00,7.086,2.578,433.28,0,,0,0,0,0.8167,-0.3724,1.4078,0,0,0,0,0,0
2026-02-05 20:30:00,7.095,2.591,427.19,0,,0,0,0,0.8971,-0.3485,0.7914,0,0,0,0,0,0
2026-02-05 20:45:00,7.08,2.441,432.59,0,,0,0,0,0.7698,-0.3989,1.324,0,0,0,0,0,0
2026-02-05 21:00:00,7.161,2.534,423.84,0,,0,0,0,1.4746,-0.3369,0.4459,0,0,0,0,0,0
2026-02-05 21:15:00,7.096,2.543,426.47,0,,0,0,0,0.9003,-0.3132,0.7225,0,0,0,0,0,0
2026-02-05 21:30:00,7.098,2.662,420.98,0,,0,0,0,0.9221,-0.2307,0.1626,0,0,0,0,0,0
2026-02-05 21:45:00,7.174,2.468,430.58,0,,0,0,0,1.5798,-0.3138,1.1533,0,0,0,0,0,0
2026-02-05 22:00:00,7.103,2.31,432.98,0,,0,0,0,0.9736,-0.3862,1.4045,0,0,0,0,0,0
2026-02-05 22:15:00,7.133,2.233,420.54,0,,0,0,0,1.2294,-0.4187,0.136,0,0,0,0,0,0
2026-02-05 22:30:00,7.06,2.479,431.84,0,,0,0,0,0.5977,-0.2393,1.2944,0,0,0,0,0,0
2026-02-05 22:45:00,7.177,2.433,433.78,0,,0,0,0,1.5914,-0.249,1.4925,0,0,0,0,0,0
2026-02-05 23:00:00,7.242,2.313,433.78,0,,0,0,0,2.106,-0.329,1.4923,0,0,0,0,0,0
2026-02-05 23:15:00,7.183,2.301,426.99,0,,0,0,0,1.5851,-0.3379,0.7989,0,0,0,0,0,0
2026-02-05 23:30:00,7.222,2.405,434.99,0,,0,0,0,1.8761,-0.2118,1.5938,0,0,0,0,0,0
2026-02-05 23:45:00,7.107,2.532,432.01,0,,0,0,0,0.9254,0.1195,1.3202,0,0,0,0,0,0
2026-02-06 00:00:00,7.162,2.183,434.36,0,,0,0,0,1.3831,-0.916,1.5688,0,0,0,0,0,0
2026-02-06 00:15:00,7.103,2.291,431.47,0,,0,0,0,0.8801,-0.5951,1.2725,0,0,0,0,0,0
2026-02-06 00:30:00,7.137,2.4,433.42,0,,0,0,0,1.1686,-0.2836,1.4722,0,0,0,0,0,0
2026-02-06 00:45:00,7.186,2.12,436.21,0,,0,0,0,1.5569,-1.1296,1.7532,0,0,0,0,0,0
2026-02-06 01:00:00,7.15,2.215,430.78,0,,0,0,0,1.2629,-0.8423,1.2031,0,0,0,0,0,0
2026-02-06 01:15:00,7.071,2.194,432.5,0,,0,0,0,0.6074,-0.9122,1.3592,0,0,0,0,0,0
2026-02-06 01:30:00,7.073,1.986,436.09,0,,0,0,0,0.6332,-1.5419,1.7056,0,0,0,0,0,0
2026-02-06 01:45:00,7.065,2.193,430.23,0,,0,0,0,0.5734,-0.9105,1.1048,0,0,0,0,0,0
2026-02-06 02:00:00,7.154,2.158,425.89,0,,0,0,0,1.3178,-1.0228,0.6693,0,0,0,0,0,0
2026-02-06 02:15:00,7.228,2.225,432.68,0,,0,0,0,1.9047,-0.8159,1.3645,0,0,0,0,0,0
2026-02-06 02:30:00,7.187,1.952,435.26,0,,0,0,0,1.5453,-1.6209,1.5935,0,0,0,0,0,0
2026-02-06 02:45:00,7.018,2.123,434.18,0,,0,0,0,0.1608,-1.1063,1.458,0,0,0,0,0,0
2026-02-06 03:00:00,7.177,2.321,431.35,0,,0,0,0,1.4374,-0.5254,1.1634,0,0,0,0,0,0
2026-02-06 03:15:00,7.146,2.419,418.54,0,,0,0,0,1.1727,-0.2606,-0.0995,0,0,0,0,0,0
2026-02-06 03:30:00,7.014,2.295,424.76,0,,0,0,0,0.1141,-0.6665,0.5299,0,0,0,0,0,0
2026-02-06 03:45:00,7.068,1.924,424.33,0,,0,0,0,0.5495,-1.8138,0.5004,0,0,0,0,0,0
2026-02-06 04:00:00,7.13,2.168,426.18,0,,0,0,0,1.047,-1.0532,0.6856,0,0,0,0,0,0
2026-02-06 04:15:00,7.094,2.028,432.06,0,,0,0,0,0.7513,-1.5143,1.2712,0,0,0,0,0,0
2026-02-06 04:30:00,6.992,2.146,420.27,0,,0,0,0,-0.0691,-1.1456,0.092,0,0,0,0,0,0
2026-02-06 04:45:00,7.079,1.992,432.83,0,,0,0,0,0.627,-1.6399,1.3439,0,0,0,0,0,0
2026-02-06 05:00:00,6.932,1.857,421.58,0,,0,0,0,-0.545,-2.0275,0.2172,0,0,0,0,0,0
2026-02-06 05:15:00,7.018,2.07,419.27,0,,0,0,0,0.1486,-1.3571,-0.013,0,0,0,0,0,0
2026-02-06 05:30:00,7.076,2.239,424.95,0,,0,0,0,0.6196,-0.8295,0.5482,0,0,0,0,0,0
2026-02-06 05:45:00,7.011,2.184,424.48,0,,0,0,0,0.0927,-0.9942,0.4921,0,0,0,0,0,0
2026-02-06 06:00:00,6.975,2.214,422.6,0,,0,0,0,-0.1957,-0.9004,0.3025,0,0,0,0,0,0
2026-02-06 06:15:00,7.035,2.2,416.14,0,,0,0,0,0.2858,-0.9385,-0.3409,0,0,0,0,0,0
2026-02-06 06:30:00,7.029,2.243,420.44,0,,0,0,0,0.2332,-0.8117,0.0854,0,0,0,0,0,0
2026-02-06 06:45:00,7.036,2.279,413.52,0,,0,0,0,0.2822,-0.6873,-0.5989,0,0,0,0,0,0
2026-02-06 07:00:00,7.005,2.176,413.71,0,,0,0,0,0.0223,-1.0178,-0.5768,0,0,0,0,0,0
2026-02-06 07:15:00,7.006,2.249,415.76,0,,0,0,0,0.0237,-0.7949,-0.3763,0,0,0,0,0,0
2026-02-06 07:30:00,6.979,2.518,412.13,0,,0,0,0,-0.2039,0.0443,-0.7358,0,0,0,0,0,0
2026-02-06 07:45:00,6.947,2.299,418.9,0,,0,0,0,-0.4769,-0.6387,-0.061,0,0,0,0,0,0
2026-02-06 08:00:00,6.929,2.306,411.69,0,,0,0,0,-0.6304,-0.6139,-0.7839,0,0,0,0,0,0
2026-02-06 08:15:00,6.905,2.339,412.45,0,,0,0,0,-0.8346,-0.5073,-0.7053,0,0,0,0,0,0
2026-02-06 08:30:00,6.848,2.314,409.17,0,,0,0,0,-1.2888,-0.6003,-1.0264,0,0,0,0,0,0
2026-02-06 08:45:00,6.853,2.306,416.24,0,,0,0,0,-1.2334,-0.6147,-0.3316,0,0,0,0,0,0
2026-02-06 09:00:00,6.88,2.428,408.85,0,,0,0,0,-1.0189,-0.2325,-1.0681,0,0,0,0,0,0
2026-02-06 09:15:00,6.899,2.346,415.55,0,,0,0,0,-0.8674,-0.4821,-0.4143,0,0,0,0,0,0
2026-02-06 09:30:00,6.953,2.426,414.75,0,,0,0,0,-0.4458,-0.2408,-0.5005,0,0,0,0,0,0
2026-02-06 09:45:00,6.873,2.355,408.24,0,,0,0,0,-1.1169,-0.4603,-1.1703,0,0,0,0,0,0
2026-02-06 10:00:00,6.92,2.516,409.73,0,,0,0,0,-0.7286,0.0464,-1.0104,0,0,0,0,0,0
2026-02-06 10:15:00,6.919,2.614,407.34,0,,0,0,0,-0.7386,0.3569,-1.249,0,0,0,0,0,0
2026-02-06 10:30:00,6.85,2.52,411.1,0,,0,0,0,-1.3227,0.0617,-0.8774,0,0,0,0,0,0
2026-02-06 10:45:00,6.888,2.277,407.86,0,,0,0,0,-0.9996,-0.6958,-1.1952,0,0,0,0,0,0
2026-02-06 11:00:00,6.843,2.692,406.74,0,,0,0,0,-1.3956,0.6085,-1.3162,0,0,0,0,0,0
2026-02-06 11:15:00,6.919,2.647,408.42,0,,0,0,0,-0.7751,0.4652,-1.1539,0,0,0,0,0,0
2026-02-06 11:30:00,6.883,2.504,401.77,0,,0,0,0,-1.0837,0.0176,-1.8378,0,0,0,0,0,0
2026-02-06 11:45:00,6.791,2.793,407.72,0,,0,0,0,-1.8319,0.9287,-1.2162,0,0,0,0,0,0
2026-02-06 12:00:00,6.858,2.49,410.6,0,,0,0,0,-1.2616,-0.0163,-0.9147,0,0,0,0,0,0
2026-02-06 12:15:00,6.933,2.879,408.58,0,,0,0,0,-0.6408,1.21,-1.1404,0,0,0,0,0,0
2026-02-06 12:30:00,6.842,2.735,411.91,0,,0,0,0,-1.4477,0.7463,-0.8136,0,0,0,0,0,0
2026-02-06 12:45:00,6.875,2.423,406.72,0,,0,0,0,-1.1963,-0.2271,-1.3457,0,0,0,0,0,0
2026-02-06 13:00:00,6.882,2.81,406.57,0,,0,0,0,-1.139,1.0306,-1.3618,0,0,0,0,0,0
2026-02-06 13:15:00,6.806,2.74,404.17,0,,0,0,0,-1.7982,0.8263,-1.5947,0,0,0,0,0,0
2026-02-06 13:30:00,6.887,2.734,407.29,0,,0,0,0,-1.1055,0.7922,-1.2713,0,0,0,0,0,0
2026-02-06 13:45:00,6.796,2.722,417.1,0,,0,0,0,-1.8873,0.7601,-0.2737,0,0,0,0,0,0
2026-02-06 14:00:00,6.839,2.827,410.71,0,,0,0,0,-1.4989,1.1183,-0.9425,0,0,0,0,0,0
2026-02-06 14:15:00,6.929,2.786,407.68,0,,0,0,0,-0.7119,0.986,-1.2483,0,0,0,0,0,0
2026-02-06 14:30:00,6.899,2.591,406.46,0,,0,0,0,-0.9766,0.3496,-1.3756,0,0,0,0,0,0
2026-02-06 14:45:00,6.872,3.07,404.58,0,,0,0,0,-1.1989,1.9112,-1.554,0,0,0,0,0,0
2026-02-06 15:00:00,6.916,2.85,408.19,0,,0,0,0,-0.819,1.1993,-1.1941,0,0,0,0,0,0
2026-02-06 15:15:00,6.898,2.783,415.12,0,,0,0,0,-0.9767,0.9739,-0.4864,0,0,0,0,0,0
2026-02-06 15:30:00,6.909,2.727,410.99,0,,0,0,0,-0.8731,0.8147,-0.9149,0,0,0,0,0,0
2026-02-06 15:45:00,6.95,3.015,409.5,0,,0,0,0,-0.5271,1.7643,-1.0551,0,0,0,0,0,0
2026-02-06 16:00:00,6.889,2.705,410.61,0,,0,0,0,-1.0407,0.7346,-0.935,0,0,0,0,0,0
2026-02-06 16:15:00,6.936,2.919,417.29,0,,0,0,0,-0.6288,1.467,-0.2514,0,0,0,0,0,0
2026-02-06 16:30:00,6.927,2.809,415.08,0,,0,0,0,-0.7028,1.0869,-0.4783,0,0,0,0,0,0
2026-02-06 16:45:00,6.873,2.814,413.63,0,,0,0,0,-1.1552,1.1032,-0.6376,0,0,0,0,0,0
2026-02-06 17:00:00,6.915,2.721,415.66,0,,0,0,0,-0.7779,0.7964,-0.4375,0,0,0,0,0,0
2026-02-06 17:15:00,7.049,2.786,426.48,0,,0,0,0,0.3735,1.0563,0.6757,0,0,0,0,0,0
2026-02-06 17:30:00,7.0,2.871,423.31,0,,0,0,0,-0.0579,1.3397,0.3423,0,0,0,0,0,0
2026-02-06 17:45:00,6.924,2.894,425.09,0,,0,0,0,-0.7021,1.3916,0.5189,0,0,0,0,0,0
2026-02-06 18:00:00,6.923,2.729,412.99,0,,0,0,0,-0.7036,0.8327,-0.7295,0,0,0,0,0,0
2026-02-06 18:15:00,7.004,2.819,420.18,0,,0,0,0,-0.0046,1.1461,0.0136,0,0,0,0,0,0
2026-02-06 18:30:00,7.098,2.951,418.99,0,,0,0,0,0.7909,1.5948,-0.1081,0,0,0,0,0,0
2026-02-06 18:45:00,7.02,2.551,424.52,0,,0,0,0,0.1236,0.2582,0.4649,0,0,0,0,0,0
2026-02-06 19:00:00,7.104,2.782,427.35,0,,0,0,0,0.8346,1.0881,0.7555,0,0,0,0,0,0
2026-02-06 19:15:00,7.066,2.621,425.16,0,,0,0,0,0.5074,0.5263,0.5247,0,0,0,0,0,0
2026-02-06 19:30:00,7.081,2.586,421.1,0,,0,0,0,0.6315,0.4026,0.1093,0,0,0,0,0,0
2026-02-06 19:45:00,7.0,2.761,422.66,0,,0,0,0,-0.0474,1.0455,0.275,0,0,0,0,0,0
2026-02-06 20:00:00,7.122,2.618,428.48,0,,0,0,0,1.017,0.5314,0.876,0,0,0,0,0,0
2026-02-06 20:15:00,7.067,2.494,429.55,0,,0,0,0,0.5414,0.0873,0.9955,0,0,0,0,0,0
2026-02-06 20:30:00,7.134,2.852,427.87,0,,0,0,0,1.1168,1.3577,0.8196,0,0,0,0,0,0
2026-02-06 20:45:00,7.058,2.767,428.43,0,,0,0,0,0.4605,1.0355,0.8867,0,0,0,0,0,0
2026-02-06 21:00:00,7.115,2.314,428.69,0,,0,0,0,0.964,-0.5671,0.9054,0,0,0,0,0,0
2026-02-06 21:15:00,7.13,2.357,430.1,0,,0,0,0,1.0885,-0.4072,1.0446,0,0,0,0,0,0
2026-02-06 21:30:00,7.111,2.641,432.38,0,,0,0,0,0.9212,0.6022,1.258,0,0,0,0,0,0
2026-02-06 21:45:00,7.145,2.483,432.5,0,,0,0,0,1.2235,0.0404,1.2652,0,0,0,0,0,0
2026-02-06 22:00:00,7.117,2.725,430.49,0,,0,0,0,0.977,0.8825,1.0652,0,0,0,0,0,0
2026-02-06 22:15:00,7.102,2.566,430.57,0,,0,0,0,0.8516,0.3078,1.0563,0,0,0,0,0,0
2026-02-06 22:30:00,7.219,2.493,430.74,0,,0,0,0,1.8276,0.0477,1.0763,0,0,0,0,0,0
2026-02-06 22:45:00,7.194,2.269,428.24,0,,0,0,0,1.6077,-0.7406,0.8317,0,0,0,0,0,0
2026-02-06 23:00:00,7.107,2.47,428.42,0,,0,0,0,0.8904,-0.0337,0.8617,0,0,0,0,0,0
2026-02-06 23:15:00,7.176,2.18,433.95,0,,0,0,0,1.4942,-1.0554,1.4166,0,0,0,0,0,0
2026-02-06 23:30:00,7.112,2.543,429.05,0,,0,0,0,0.9594,0.2241,0.9259,0,0,0,0,0,0
2026-02-06 23:45:00,7.09,2.386,435.23,0,,0,0,0,0.7672,-0.326,1.556,0,0,0,0,0,0
2026-02-07 00:00:00,7.202,2.176,431.79,0,,0,0,0,1.7465,-1.0684,1.2081,0,0,0,0,0,0
2026-02-07 00:15:00,7.064,2.398,435.25,0,,0,0,0,0.5348,-0.2877,1.5539,0,0,0,0,0,0
2026-02-07 00:30:00,7.195,2.593,434.45,0,,0,0,0,1.6744,0.396,1.468,0,0,0,0,0,0
2026-02-07 00:45:00,7.134,2.204,435.14,0,,0,0,0,1.1517,-0.9885,1.543,0,0,0,0,0,0
2026-02-07 01:00:00,7.134,2.3,429.69,0,,0,0,0,1.1553,-0.6521,0.9835,0,0,0,0,0,0
2026-02-07 01:15:00,7.163,2.134,433.0,0,,0,0,0,1.3914,-1.2382,1.3237,0,0,0,0,0,0
2026-02-07 01:30:00,7.168,2.195,434.04,0,,0,0,0,1.4141,-1.0406,1.4381,0,0,0,0,0,0
2026-02-07 01:45:00,7.093,1.941,424.56,0,,0,0,0,0.7583,-1.9169,0.4652,0,0,0,0,0,0
2026-02-07 02:00:00,7.166,2.154,437.2,0,,0,0,0,1.3888,-1.1617,1.742,0,0,0,0,0,0
2026-02-07 02:15:00,7.13,2.148,439.04,0,,0,0,0,1.1005,-1.1766,1.903,0,0,0,0,0,0
2026-02-07 02:30:00,7.056,2.4,433.31,0,,0,0,0,0.4683,-0.3085,1.328,0,0,0,0,0,0
2026-02-07 02:45:00,7.104,1.852,432.25,0,,0,0,0,0.8838,-2.2297,1.2256,0,0,0,0,0,0
2026-02-07 03:00:00,7.175,2.071,430.84,0,,0,0,0,1.5136,-1.4331,1.083,0,0,0,0,0,0
2026-02-07 03:15:00,7.183,2.301,426.62,0,,0,0,0,1.5734,-0.6223,0.6426,0,0,0,0,0,0
2026-02-07 03:30:00,7.127,2.067,426.86,0,,0,0,0,1.0626,-1.4196,0.664,0,0,0,0,0,0
2026-02-07 03:45:00,7.024,2.075,430.52,0,,0,0,0,0.1637,-1.4103,1.0247,0,0,0,0,0,0
2026-02-07 04:00:00,7.1,1.975,422.11,0,,0,0,0,0.8361,-1.7355,0.1781,0,0,0,0,0,0
2026-02-07 04:15:00,7.109,1.961,421.06,0,,0,0,0,0.9128,-1.7744,0.0839,0,0,0,0,0,0
2026-02-07 04:30:00,7.094,1.83,423.0,0,,0,0,0,0.7692,-2.1734,0.2791,0,0,0,0,0,0
2026-02-07 04:45:00,7.087,2.013,426.48,0,,0,0,0,0.7068,-1.5567,0.6454,0,0,0,0,0,0
2026-02-07 05:00:00,7.057,1.965,419.64,0,,0,0,0,0.433,-1.7359,-0.0556,0,0,0,0,0,0
2026-02-07 05:15:00,7.026,2.139,421.44,0,,0,0,0,0.1603,-1.1481,0.1271,0,0,0,0,0,0
2026-02-07 05:30:00,6.989,2.012,421.14,0,,0,0,0,-0.1566,-1.5597,0.1005,0,0,0,0,0,0
2026-02-07 05:45:00,6.915,2.069,416.74,0,,0,0,0,-0.7955,-1.3559,-0.3442,0,0,0,0,0,0
2026-02-07 06:00:00,7.017,2.086,410.24,0,,0,0,0,0.0941,-1.2877,-0.9952,0,0,0,0,0,0
2026-02-07 06:15:00,6.999,2.16,415.11,0,,0,0,0,-0.0603,-1.0363,-0.4949,0,0,0,0,0,0
2026-02-07 06:30:00,7.008,2.103,419.48,0,,0,0,0,0.0205,-1.2167,-0.0464,0,0,0,0,0,0
2026-02-07 06:45:00,6.904,2.04,419.6,0,,0,0,0,-0.876,-1.4066,-0.0407,0,0,0,0,0,0
2026-02-07 07:00:00,6.993,2.23,418.87,0,,0,0,0,-0.0975,-0.781,-0.1214,0,0,0,0,0,0
2026-02-07 07:15:00,7.055,2.396,418.58,0,,0,0,0,0.4391,-0.2364,-0.1544,0,0,0,0,0,0
2026-02-07 07:30:00,6.947,2.276,412.9,0,,0,0,0,-0.4998,-0.6256,-0.7404,0,0,0,0,0,0
2026-02-07 07:45:00,6.931,2.186,411.33,0,,0,0,0,-0.6372,-0.9175,-0.8903,0,0,0,0,0,0
2026-02-07 08:00:00,6.94,2.282,415.5,0,,0,0,0,-0.5602,-0.5989,-0.4679,0,0,0,0,0,0
2026-02-07 08:15:00,7.018,2.015,412.49,0,,0,0,0,0.1096,-1.4549,-0.7776,0,0,0,0,0,0
2026-02-07 08:30:00,6.858,2.326,416.32,0,,0,0,0,-1.2925,-0.4382,-0.3936,0,0,0,0,0,0
2026-02-07 08:45:00,6.911,2.311,413.61,0,,0,0,0,-0.8385,-0.4875,-0.6701,0,0,0,0,0,0
2026-02-07 09:00:00,6.854,2.256,416.65,0,,0,0,0,-1.3343,-0.6601,-0.3668,0,0,0,0,0,0
2026-02-07 09:15:00,6.86,2.309,409.12,0,,0,0,0,-1.273,-0.4856,-1.1364,0,0,0,0,0,0
2026-02-07 09:30:00,6.879,2.386,414.75,0,,0,0,0,-1.0942,-0.2329,-0.5543,0,0,0,0,0,0
2026-02-07 09:45:00,6.943,2.623,418.16,0,,0,0,0,-0.5465,0.5305,-0.214,0,0,0,0,0,0
2026-02-07 10:00:00,6.96,2.664,409.82,0,,0,0,0,-0.4023,0.6577,-1.0834,0,0,0,0,0,0
2026-02-07 10:15:00,6.888,2.387,411.23,0,,0,0,0,-1.0282,-0.2356,-0.9453,0,0,0,0,0,0
2026-02-07 10:30:00,6.843,2.474,405.19,0,,0,0,0,-1.4199,0.0491,-1.5586,0,0,0,0,0,0
2026-02-07 10:45:00,6.983,2.504,412.21,0,,0,0,0,-0.2062,0.1394,-0.8383,0,0,0,0,0,0
2026-02-07 11:00:00,6.834,2.725,412.93,0,,0,0,0,-1.5127,0.8582,-0.7756,0,0,0,0,0,0
2026-02-07 11:15:00,6.824,2.65,406.25,0,,0,0,0,-1.5755,0.6137,-1.4711,0,0,0,0,0,0
2026-02-07 11:30:00,6.763,2.667,410.45,0,,0,0,0,-2.0592,0.6621,-1.0554,0,0,0,0,0,0
2026-02-07 11:45:00,6.92,2.757,409.15,0,,0,0,0,-0.741,0.9571,-1.1977,0,0,0,0,0,0
2026-02-07 12:00:00,6.898,2.611,409.56,0,,0,0,0,-0.9391,0.4772,-1.1514,0,0,0,0,0,0
2026-02-07 12:15:00,6.971,2.927,411.27,0,,0,0,0,-0.3077,1.4994,-0.9756,0,0,0,0,0,0
2026-02-07 12:30:00,6.782,2.743,410.18,0,,0,0,0,-1.932,0.9021,-1.088,0,0,0,0,0,0
2026-02-07 12:45:00,6.926,2.635,407.67,0,,0,0,0,-0.6957,0.5439,-1.3587,0,0,0,0,0,0
2026-02-07 13:00:00,6.859,2.748,411.74,0,,0,0,0,-1.2717,0.9139,-0.9365,0,0,0,0,0,0
2026-02-07 13:15:00,6.898,2.986,413.08,0,,0,0,0,-0.9532,1.6601,-0.8129,0,0,0,0,0,0
2026-02-07 13:30:00,6.779,2.754,406.7,0,,0,0,0,-1.9556,0.914,-1.5058,0,0,0,0,0,0
2026-02-07 13:45:00,6.939,2.975,409.23,0,,0,0,0,-0.5982,1.5982,-1.2128,0,0,0,0,0,0
2026-02-07 14:00:00,6.909,2.753,402.53,0,,0,0,0,-0.874,0.8978,-1.9014,0,0,0,0,0,0
2026-02-07 14:15:00,6.873,2.744,412.36,0,,0,0,0,-1.1808,0.8717,-0.8638,0,0,0,0,0,0
2026-02-07 14:30:00,6.913,2.968,415.37,0,,0,0,0,-0.8317,1.5542,-0.5568,0,0,0,0,0,0
2026-02-07 14:45:00,6.849,2.748,409.95,0,,0,0,0,-1.3886,0.885,-1.1603,0,0,0,0,0,0
2026-02-07 15:00:00,6.865,3.01,412.05,0,,0,0,0,-1.2377,1.7038,-0.94,0,0,0,0,0,0
2026-02-07 15:15:00,6.878,2.945,411.21,0,,0,0,0,-1.1203,1.4824,-1.024,0,0,0,0,0,0
2026-02-07 15:30:00,6.816,2.766,411.16,0,,0,0,0,-1.6346,0.9161,-1.0299,0,0,0,0,0,0
2026-02-07 15:45:00,6.96,2.888,414.26,0,,0,0,0,-0.3944,1.3126,-0.6996,0,0,0,0,0,0
2026-02-07 16:00:00,6.985,2.818,410.86,0,,0,0,0,-0.1884,1.0834,-1.0744,0,0,0,0,0,0
2026-02-07 16:15:00,6.899,2.951,413.75,0,,0,0,0,-0.9281,1.4999,-0.7505,0,0,0,0,0,0
2026-02-07 16:30:00,6.96,3.18,411.79,0,,0,0,0,-0.4043,2.1663,-0.9592,0,0,0,0,0,0
2026-02-07 16:45:00,6.939,2.837,418.5,0,,0,0,0,-0.5953,1.1048,-0.2305,0,0,0,0,0,0
2026-02-07 17:00:00,6.978,2.966,417.85,0,,0,0,0,-0.2623,1.482,-0.3047,0,0,0,0,0,0
2026-02-07 17:15:00,6.939,2.882,415.93,0,,0,0,0,-0.5922,1.2179,-0.5042,0,0,0,0,0,0
2026-02-07 17:30:00,6.936,2.873,418.58,0,,0,0,0,-0.6113,1.1902,-0.2072,0,0,0,0,0,0
2026-02-07 17:45:00,7.043,2.834,418.33,0,,0,0,0,0.3101,1.0756,-0.2272,0,0,0,0,0,0
2026-02-07 18:00:00,6.997,2.718,424.58,0,,0,0,0,-0.0983,0.7215,0.4492,0,0,0,0,0,0
2026-02-07 18:15:00,7.111,2.883,419.02,0,,0,0,0,0.8858,1.2212,-0.1636,0,0,0,0,0,0
2026-02-07 18:30:00,7.022,2.774,424.11,0,,0,0,0,0.1175,0.9003,0.3924,0,0,0,0,0,0
2026-02-07 18:45:00,6.983,2.665,419.52,0,,0,0,0,-0.2199,0.5611,-0.1085,0,0,0,0,0,0
2026-02-07 19:00:00,7.1,2.935,426.36,0,,0,0,0,0.8031,1.3764,0.6488,0,0,0,0,0,0
2026-02-07 19:15:00,7.08,2.779,428.01,0,,0,0,0,0.6266,0.8927,0.8261,0,0,0,0,0,0
2026-02-07 19:30:00,7.094,2.709,428.93,0,,0,0,0,0.7471,0.6747,0.9145,0,0,0,0,0,0
2026-02-07 19:45:00,7.126,2.923,431.19,0,,0,0,0,1.0094,1.3115,1.1452,0,0,0,0,0,0
2026-02-07 20:00:00,7.042,2.425,427.17,0,,0,0,0,0.2888,-0.1849,0.709,0,0,0,0,0,0
2026-02-07 20:15:00,7.077,2.868,431.62,0,,0,0,0,0.5928,1.1328,1.1896,0,0,0,0,0,0
2026-02-07 20:30:00,7.083,2.521,433.8,0,,0,0,0,0.6524,0.1035,1.4098,0,0,0,0,0,0
2026-02-07 20:45:00,7.034,2.66,423.42,0,,0,0,0,0.2259,0.5274,0.294,0,0,0,0,0,0
2026-02-07 21:00:00,7.093,2.515,426.07,0,,0,0,0,0.746,0.0828,0.5857,0,0,0,0,0,0
2026-02-07 21:15:00,7.18,2.44,423.04,0,,0,0,0,1.4958,-0.1471,0.2657,0,0,0,0,0,0
2026-02-07 21:30:00,7.131,2.749,433.76,0,,0,0,0,1.0647,0.7842,1.4326,0,0,0,0,0,0
2026-02-07 21:45:00,7.057,2.805,423.94,0,,0,0,0,0.4312,0.9389,0.3745,0,0,0,0,0,0
2026-02-07 22:00:00,7.052,2.467,423.27,0,,0,0,0,0.395,-0.0704,0.3109,0,0,0,0,0,0
2026-02-07 22:15:00,7.218,2.524,426.37,0,,0,0,0,1.819,0.103,0.6615,0,0,0,0,0,0
2026-02-07 22:30:00,7.134,2.456,424.13,0,,0,0,0,1.1107,-0.1011,0.4229,0,0,0,0,0,0
2026-02-07 22:45:00,7.11,2.682,432.45,0,,0,0,0,0.9168,0.5683,1.3405,0,0,0,0,0,0
2026-02-07 23:00:00,7.131,2.079,427.25,0,,0,0,0,1.0983,-1.2303,0.7648,0,0,0,0,0,0
2026-02-07 23:15:00,7.073,2.428,425.01,0,,0,0,0,0.6009,-0.1935,0.5315,0,0,0,0,0,0
2026-02-07 23:30:00,7.22,2.238,431.73,0,,0,0,0,1.8771,-0.7533,1.2797,0,0,0,0,0,0
2026-02-07 23:45:00,7.13,1.97,432.04,0,,0,0,0,1.0772,-1.5258,1.3257,0,0,0,0,0,0
2026-02-08 00:00:00,7.218,2.246,424.52,0,,0,0,0,1.8433,-0.7112,0.4903,0,0,0,0,0,0
2026-02-08 00:15:00,7.152,2.555,429.12,0,,0,0,0,1.2486,0.2014,1.0305,0,0,0,0,0,0
2026-02-08 00:30:00,7.22,2.158,431.6,0,,0,0,0,1.8303,-0.9598,1.3253,0,0,0,0,0,0
2026-02-08 00:45:00,7.16,2.355,430.34,0,,0,0,0,1.3047,-0.3831,1.1959,0,0,0,0,0,0
2026-02-08 01:00:00,7.188,2.397,430.27,0,,0,0,0,1.5318,-0.2619,1.1861,0,0,0,0,0,0
2026-02-08 01:15:00,7.178,2.197,436.08,0,,0,0,0,1.442,-0.8592,1.846,0,0,0,0,0,0
2026-02-08 01:30:00,7.17,2.201,439.67,0,,0,0,0,1.3729,-0.8476,2.2247,0,0,0,0,0,0
2026-02-08 01:45:00,7.152,1.91,429.51,0,,0,0,0,1.2074,-1.7095,1.0556,0,0,0,0,0,0
2026-02-08 02:00:00,7.118,2.046,425.1,0,,0,0,0,0.9265,-1.2973,0.58,0,0,0,0,0,0
2026-02-08 02:15:00,7.22,2.277,429.04,0,,0,0,0,1.7714,-0.6198,1.0687,0,0,0,0,0,0
2026-02-08 02:30:00,7.074,2.14,430.3,0,,0,0,0,0.5338,-1.0132,1.2275,0,0,0,0,0,0
2026-02-08 02:45:00,7.113,2.176,428.81,0,,0,0,0,0.8623,-0.93,1.0608,0,0,0,0,0,0
2026-02-08 03:00:00,7.107,2.134,430.93,0,,0,0,0,0.8231,-1.0602,1.3132,0,0,0,0,0,0
2026-02-08 03:15:00,7.119,2.436,436.76,0,,0,0,0,0.9373,-0.158,1.9609,0,0,0,0,0,0
2026-02-08 03:30:00,7.07,2.039,420.45,0,,0,0,0,0.5247,-1.3492,0.0587,0,0,0,0,0,0
2026-02-08 03:45:00,7.099,2.342,424.64,0,,0,0,0,0.7651,-0.4508,0.562,0,0,0,0,0,0
2026-02-08 04:00:00,7.067,2.12,432.16,0,,0,0,0,0.4945,-1.134,1.4241,0,0,0,0,0,0
2026-02-08 04:15:00,6.987,2.355,423.22,0,,0,0,0,-0.1825,-0.4369,0.3747,0,0,0,0,0,0
2026-02-08 04:30:00,7.058,1.92,427.75,0,,0,0,0,0.4338,-1.7913,0.8956,0,0,0,0,0,0
2026-02-08 04:45:00,6.993,2.135,426.38,0,,0,0,0,-0.1196,-1.1344,0.7361,0,0,0,0,0,0
2026-02-08 05:00:00,6.952,2.055,428.05,0,,0,0,0,-0.4652,-1.393,0.9165,0,0,0,0,0,0
2026-02-08 05:15:00,7.036,2.142,429.99,0,,0,0,0,0.2613,-1.1208,1.1238,0,0,0,0,0,0
2026-02-08 05:30:00,7.044,2.314,422.9,0,,0,0,0,0.3254,-0.5983,0.3042,0,0,0,0,0,0
2026-02-08 05:45:00,7.036,2.198,413.8,0,,0,0,0,0.246,-0.9747,-0.7393,0,0,0,0,0,0
2026-02-08 06:00:00,7.028,2.337,417.2,0,,0,0,0,0.1756,-0.545,-0.359,0,0,0,0,0,0
2026-02-08 06:15:00,6.894,2.067,427.96,0,,0,0,0,-0.973,-1.4023,0.8689,0,0,0,0,0,0
2026-02-08 06:30:00,6.912,2.059,412.78,0,,0,0,0,-0.8062,-1.4235,-0.8726,0,0,0,0,0,0
2026-02-08 06:45:00,7.069,2.202,419.65,0,,0,0,0,0.5315,-0.9796,-0.0824,0,0,0,0,0,0
2026-02-08 07:00:00,6.909,2.211,406.84,0,,0,0,0,-0.8383,-0.9495,-1.5226,0,0,0,0,0,0
2026-02-08 07:15:00,6.982,2.208,410.74,0,,0,0,0,-0.2044,-0.9489,-1.064,0,0,0,0,0,0
2026-02-08 07:30:00,6.908,2.113,418.96,0,,0,0,0,-0.8355,-1.2403,-0.1431,0,0,0,0,0,0
2026-02-08 07:45:00,6.938,2.458,414.84,0,,0,0,0,-0.5789,-0.1539,-0.6163,0,0,0,0,0,0
2026-02-08 08:00:00,6.893,2.246,412.49,0,,0,0,0,-0.9579,-0.8291,-0.8778,0,0,0,0,0,0
2026-02-08 08:15:00,6.945,2.537,410.08,0,,0,0,0,-0.5058,0.0833,-1.145,0,0,0,0,0,0
2026-02-08 08:30:00,6.916,2.349,404.71,0,,0,0,0,-0.7628,-0.5257,-1.7132,0,0,0,0,0,0
2026-02-08 08:45:00,6.879,2.469,414.86,0,,0,0,0,-1.0749,-0.1431,-0.584,0,0,0,0,0,0
2026-02-08 09:00:00,6.841,2.48,410.38,0,,0,0,0,-1.3971,-0.1154,-1.0707,0,0,0,0,0,0
2026-02-08 09:15:00,6.901,2.298,404.89,0,,0,0,0,-0.891,-0.707,-1.6632,0,0,0,0,0,0
2026-02-08 09:30:00,6.82,2.503,410.6,0,,0,0,0,-1.5703,-0.0442,-1.0253,0,0,0,0,0,0
2026-02-08 09:45:00,6.897,2.763,412.35,0,,0,0,0,-0.9068,0.7954,-0.8238,0,0,0,0,0,0
2026-02-08 10:00:00,7.001,2.538,408.81,0,,0,0,0,-0.0261,0.0692,-1.2082,0,0,0,0,0,0
2026-02-08 10:15:00,6.933,2.661,409.7,0,,0,0,0,-0.6107,0.4597,-1.1073,0,0,0,0,0,0
2026-02-08 10:30:00,6.897,2.656,409.07,0,,0,0,0,-0.9281,0.4369,-1.1878,0,0,0,0,0,0
2026-02-08 10:45:00,6.854,2.624,405.81,0,,0,0,0,-1.2748,0.3287,-1.5248,0,0,0,0,0,0
2026-02-08 11:00:00,6.758,2.631,408.63,0,,0,0,0,-2.0606,0.3552,-1.2074,0,0,0,0,0,0
2026-02-08 11:15:00,6.787,2.711,411.17,0,,0,0,0,-1.8036,0.6125,-0.9444,0,0,0,0,0,0
2026-02-08 11:30:00,6.915,2.768,412.24,0,,0,0,0,-0.7601,0.7925,-0.8314,0,0,0,0,0,0
2026-02-08 11:45:00,6.811,2.474,411.19,0,,0,0,0,-1.6185,-0.151,-0.9507,0,0,0,0,0,0
2026-02-08 12:00:00,6.815,2.737,405.3,0,,0,0,0,-1.5634,0.6979,-1.58,0,0,0,0,0,0
2026-02-08 12:15:00,6.842,2.695,410.57,0,,0,0,0,-1.3148,0.5738,-1.0054,0,0,0,0,0,0
2026-02-08 12:30:00,6.798,2.685,409.96,0,,0,0,0,-1.6846,0.5438,-1.0712,0,0,0,0,0,0
2026-02-08 12:45:00,6.792,2.958,405.39,0,,0,0,0,-1.6996,1.4118,-1.5591,0,0,0,0,0,0
2026-02-08 13:00:00,6.853,2.673,406.55,0,,0,0,0,-1.199,0.492,-1.4181,0,0,0,0,0,0
2026-02-08 13:15:00,6.813,2.592,411.36,0,,0,0,0,-1.5061,0.2454,-0.8978,0,0,0,0,0,0
2026-02-08 13:30:00,6.824,2.937,414.42,0,,0,0,0,-1.4295,1.3626,-0.5831,0,0,0,0,0,0
2026-02-08 13:45:00,6.826,2.62,401.99,0,,0,0,0,-1.3908,0.3448,-1.8967,0,0,0,0,0,0
2026-02-08 14:00:00,6.896,2.557,416.17,0,,0,0,0,-0.8228,0.1442,-0.4028,0,0,0,0,0,0
2026-02-08 14:15:00,6.864,2.995,414.68,0,,0,0,0,-1.0798,1.5686,-0.5686,0,0,0,0,0,0
2026-02-08 14:30:00,6.872,2.893,411.28,0,,0,0,0,-1.0088,1.2415,-0.9314,0,0,0,0,0,0
2026-02-08 14:45:00,6.917,2.95,410.02,0,,0,0,0,-0.6556,1.4111,-1.0685,0,0,0,0,0,0
2026-02-08 15:00:00,6.887,2.82,413.08,0,,0,0,0,-0.902,1.0021,-0.7379,0,0,0,0,0,0
2026-02-08 15:15:00,6.887,2.685,409.53,0,,0,0,0,-0.9034,0.572,-1.1198,0,0,0,0,0,0
2026-02-08 15:30:00,6.932,2.719,411.98,0,,0,0,0,-0.5536,0.6874,-0.8556,0,0,0,0,0,0
2026-02-08 15:45:00,6.95,2.858,407.43,0,,0,0,0,-0.405,1.1518,-1.332,0,0,0,0,0,0
2026-02-08 16:00:00,6.918,2.709,407.03,0,,0,0,0,-0.6601,0.6619,-1.3639,0,0,0,0,0,0
2026-02-08 16:15:00,6.938,2.945,424.02,0,,0,0,0,-0.501,1.4504,0.4475,0,0,0,0,0,0
2026-02-08 16:30:00,6.904,2.827,415.66,0,,0,0,0,-0.7728,1.0913,-0.4559,0,0,0,0,0,0
2026-02-08 16:45:00,6.909,2.92,416.96,0,,0,0,0,-0.7283,1.4002,-0.314,0,0,0,0,0,0
2026-02-08 17:00:00,7.0,2.91,416.77,0,,0,0,0,0.0126,1.3722,-0.3332,0,0,0,0,0,0
2026-02-08 17:15:00,6.993,2.937,414.35,0,,0,0,0,-0.0492,1.4583,-0.5913,0,0,0,0,0,0
2026-02-08 17:30:00,7.003,2.944,417.21,0,,0,0,0,0.0269,1.4745,-0.2821,0,0,0,0,0,0
2026-02-08 17:45:00,7.004,2.807,419.58,0,,0,0,0,0.0384,1.0126,-0.0288,0,0,0,0,0,0
2026-02-08 18:00:00,7.002,2.874,419.21,0,,0,0,0,0.0216,1.2275,-0.0627,0,0,0,0,0,0
2026-02-08 18:15:00,7.045,2.868,417.78,0,,0,0,0,0.3808,1.2086,-0.2152,0,0,0,0,0,0
2026-02-08 18:30:00,7.066,2.453,423.48,0,,0,0,0,0.5489,-0.181,0.3991,0,0,0,0,0,0
2026-02-08 18:45:00,7.075,2.898,423.09,0,,0,0,0,0.6137,1.3083,0.3529,0,0,0,0,0,0
2026-02-08 19:00:00,7.034,2.805,424.68,0,,0,0,0,0.2843,1.0058,0.5264,0,0,0,0,0,0
2026-02-08 19:15:00,7.118,2.848,426.68,0,,0,0,0,0.9688,1.1458,0.7442,0,0,0,0,0,0
2026-02-08 19:30:00,7.069,2.55,423.91,0,,0,0,0,0.5702,0.1468,0.453,0,0,0,0,0,0
2026-02-08 19:45:00,7.098,2.675,424.63,0,,0,0,0,0.8124,0.5832,0.542,0,0,0,0,0,0
2026-02-08 20:00:00,7.089,2.536,431.93,0,,0,0,0,0.7327,0.1053,1.3246,0,0,0,0,0,0
2026-02-08 20:15:00,7.096,2.789,422.89,0,,0,0,0,0.7876,0.9742,0.3577,0,0,0,0,0,0
2026-02-08 20:30:00,7.055,2.442,419.81,0,,0,0,0,0.4545,-0.2104,0.0375,0,0,0,0,0,0
2026-02-08 20:45:00,7.134,2.489,430.13,0,,0,0,0,1.0881,-0.0435,1.1649,0,0,0,0,0,0
2026-02-08 21:00:00,7.248,2.684,425.97,0,,0,0,0,1.9696,0.6173,0.7074,0,0,0,0,0,0
2026-02-08 21:15:00,7.094,2.484,424.71,0,,0,0,0,0.7482,-0.0682,0.5664,0,0,0,0,0,0
2026-02-08 21:30:00,7.123,2.413,433.06,0,,0,0,0,0.9838,-0.3,1.4868,0,0,0,0,0,0
2026-02-08 21:45:00,7.102,2.662,429.4,0,,0,0,0,0.8083,0.5619,1.0725,0,0,0,0,0,0
2026-02-08 22:00:00,7.106,2.642,425.34,0,,0,0,0,0.8337,0.4861,0.6247,0,0,0,0,0,0
2026-02-08 22:15:00,7.212,2.582,438.5,0,,0,0,0,1.6882,0.2774,2.0116,0,0,0,0,0,0
2026-02-08 22:30:00,7.105,2.575,424.64,0,,0,0,0,0.8312,0.249,0.5235,0,0,0,0,0,0
2026-02-08 22:45:00,7.118,2.387,431.02,0,,0,0,0,0.9349,-0.3876,1.2121,0,0,0,0,0,0
2026-02-08 23:00:00,7.066,2.366,424.03,0,,0,0,0,0.5232,-0.4749,0.4653,0,0,0,0,0,0
2026-02-08 23:15:00,7.109,2.274,432.85,0,,0,0,0,0.8665,-0.7871,1.3947,0,0,0,0,0,0
2026-02-08 23:30:00,7.063,2.372,429.33,0,,0,0,0,0.5159,-0.4535,1.0246,0,0,0,0,0,0
2026-02-08 23:45:00,7.181,2.244,435.25,0,,0,0,0,1.4717,-0.9218,1.6465,0,0,0,0,0,0
2026-02-09 00:00:00,7.29,2.235,431.93,0,,0,0,0,2.3256,-0.9528,1.275,0,0,0,0,0,0
2026-02-09 00:15:00,7.131,2.368,437.38,0,,0,0,0,1.0481,-0.4762,1.819,0,0,0,0,0,0
2026-02-09 00:30:00,7.065,2.434,430.18,0,,0,0,0,0.5364,-0.2556,1.0704,0,0,0,0,0,0
2026-02-09 00:45:00,7.192,2.296,425.35,0,,0,0,0,1.5688,-0.7425,0.5731,0,0,0,0,0,0
2026-02-09 01:00:00,7.109,2.486,432.54,0,,0,0,0,0.9052,-0.072,1.3224,0,0,0,0,0,0
2026-02-09 01:15:00,7.207,2.093,430.35,0,,0,0,0,1.703,-1.4557,1.109,0,0,0,0,0,0
2026-02-09 01:30:00,7.124,1.907,423.81,0,,0,0,0,1.031,-2.0662,0.445,0,0,0,0,0,0
2026-02-09 01:45:00,7.103,2.275,426.54,0,,0,0,0,0.8661,-0.8175,0.7459,0,0,0,0,0,0
2026-02-09 02:00:00,7.121,2.038,427.44,0,,0,0,0,1.0146,-1.6554,0.8393,0,0,0,0,0,0
2026-02-09 02:15:00,7.163,2.1,436.2,0,,0,0,0,1.3782,-1.4191,1.76,0,0,0,0,0,0
2026-02-09 02:30:00,7.108,1.865,432.35,0,,0,0,0,0.9141,-2.1955,1.3416,0,0,0,0,0,0
2026-02-09 02:45:00,7.088,1.986,427.63,0,,0,0,0,0.7512,-1.7537,0.8399,0,0,0,0,0,0
2026-02-09 03:00:00,7.096,1.888,430.37,0,,0,0,0,0.8196,-2.0498,1.1343,0,0,0,0,0,0
2026-02-09 03:15:00,7.035,2.043,419.75,0,,0,0,0,0.3192,-1.4962,0.0173,0,0,0,0,0,0
2026-02-09 03:30:00,7.111,2.044,425.05,0,,0,0,0,0.9505,-1.4934,0.5883,0,0,0,0,0,0
2026-02-09 03:45:00,6.994,2.114,428.27,0,,0,0,0,-0.0192,-1.2438,0.9315,0,0,0,0,0,0
2026-02-09 04:00:00,7.053,2.286,426.66,0,,0,0,0,0.4779,-0.6846,0.7683,0,0,0,0,0,0
2026-02-09 04:15:00,7.104,2.202,423.15,0,,0,0,0,0.8924,-0.955,0.3854,0,0,0,0,0,0
2026-02-09 04:30:00,7.073,1.86,424.44,0,,0,0,0,0.6312,-2.077,0.5313,0,0,0,0,0,0
2026-02-09 04:45:00,7.078,2.199,425.21,0,,0,0,0,0.6641,-0.9633,0.6175,0,0,0,0,0,0
2026-02-09 05:00:00,7.036,2.13,423.07,0,,0,0,0,0.3065,-1.1982,0.3903,0,0,0,0,0,0
2026-02-09 05:15:00,7.088,2.107,425.79,0,,0,0,0,0.7341,-1.2714,0.6972,0,0,0,0,0,0
2026-02-09 05:30:00,7.066,2.127,422.84,0,,0,0,0,0.5486,-1.1918,0.3715,0,0,0,0,0,0
2026-02-09 05:45:00,7.032,2.172,422.83,0,,0,0,0,0.2662,-1.0417,0.3606,0,0,0,0,0,0
2026-02-09 06:00:00,7.046,2.05,426.85,0,,0,0,0,0.3809,-1.4198,0.7917,0,0,0,0,0,0
2026-02-09 06:15:00,7.028,2.14,422.53,0,,0,0,0,0.2205,-1.1324,0.3228,0,0,0,0,0,0
2026-02-09 06:30:00,6.958,2.36,425.4,0,,0,0,0,-0.3686,-0.4274,0.6266,0,0,0,0,0,0
2026-02-09 06:45:00,6.904,2.094,414.97,0,,0,0,0,-0.8045,-1.2963,-0.5229,0,0,0,0,0,0
2026-02-09 07:00:00,6.982,2.063,410.52,0,,0,0,0,-0.16,-1.385,-1.0249,0,0,0,0,0,0
2026-02-09 07:15:00,6.979,2.227,415.58,0,,0,0,0,-0.1849,-0.8502,-0.4697,0,0,0,0,0,0
2026-02-09 07:30:00,6.997,2.087,414.51,0,,0,0,0,-0.042,-1.3056,-0.583,0,0,0,0,0,0
2026-02-09 07:45:00,6.887,2.019,420.53,0,,0,0,0,-0.9586,-1.4947,0.0817,0,0,0,0,0,0
2026-02-09 08:00:00,6.88,2.248,409.48,0,,0,0,0,-1.0149,-0.7558,-1.1447,0,0,0,0,0,0
2026-02-09 08:15:00,6.94,2.54,413.02,0,,0,0,0,-0.5125,0.1865,-0.7566,0,0,0,0,0,0
2026-02-09 08:30:00,6.905,2.341,414.32,0,,0,0,0,-0.8037,-0.4554,-0.6309,0,0,0,0,0,0
2026-02-09 08:45:00,6.807,2.398,412.49,0,,0,0,0,-1.603,-0.269,-0.8334,0,0,0,0,0,0
2026-02-09 09:00:00,6.913,2.077,410.83,0,,0,0,0,-0.7355,-1.2796,-1.0219,0,0,0,0,0,0
2026-02-09 09:15:00,6.795,2.488,412.41,0,,0,0,0,-1.6907,0.0283,-0.8622,0,0,0,0,0,0
2026-02-09 09:30:00,6.834,2.462,414.8,0,,0,0,0,-1.3727,-0.0537,-0.5966,0,0,0,0,0,0
2026-02-09 09:45:00,6.943,2.374,416.17,0,,0,0,0,-0.4777,-0.3238,-0.4453,0,0,0,0,0,0
2026-02-09 10:00:00,6.961,2.527,409.74,0,,0,0,0,-0.325,0.1686,-1.1882,0,0,0,0,0,0
2026-02-09 10:15:00,6.805,2.552,405.97,0,,0,0,0,-1.5861,0.253,-1.608,0,0,0,0,0,0
2026-02-09 10:30:00,6.845,2.393,415.05,0,,0,0,0,-1.2487,-0.2507,-0.579,0,0,0,0,0,0
2026-02-09 10:45:00,6.86,2.628,404.33,0,,0,0,0,-1.1278,0.5072,-1.8076,0,0,0,0,0,0
2026-02-09 11:00:00,6.944,2.783,415.57,0,,0,0,0,-0.4685,0.9981,-0.5281,0,0,0,0,0,0
2026-02-09 11:15:00,6.828,2.594,413.61,0,,0,0,0,-1.444,0.3957,-0.7601,0,0,0,0,0,0
2026-02-09 11:30:00,6.827,2.523,414.06,0,,0,0,0,-1.4327,0.1761,-0.7114,0,0,0,0,0,0
2026-02-09 11:45:00,6.928,2.65,410.77,0,,0,0,0,-0.6128,0.5801,-1.0931,0,0,0,0,0,0
2026-02-09 12:00:00,6.831,2.828,399.55,0,,0,0,0,-1.43,1.1484,-2.357,0,0,0,0,0,0
2026-02-09 12:15:00,6.886,2.538,403.87,0,,0,0,0,-0.9764,0.2204,-1.832,0,0,0,0,0,0
2026-02-09 12:30:00,6.777,2.83,409.33,0,,0,0,0,-1.8876,1.1528,-1.2116,0,0,0,0,0,0
2026-02-09 12:45:00,6.844,2.662,405.53,0,,0,0,0,-1.3385,0.6299,-1.6423,0,0,0,0,0,0
2026-02-09 13:00:00,6.772,2.819,407.15,0,,0,0,0,-1.9189,1.1299,-1.4612,0,0,0,0,0,0
2026-02-09 13:15:00,6.805,2.716,411.09,0,,0,0,0,-1.6401,0.7906,-1.0139,0,0,0,0,0,0
2026-02-09 13:30:00,6.903,2.732,408.23,0,,0,0,0,-0.8343,0.8562,-1.3211,0,0,0,0,0,0
2026-02-09 13:45:00,6.863,3.061,404.36,0,,0,0,0,-1.1799,1.8778,-1.7687,0,0,0,0,0,0
2026-02-09 14:00:00,6.854,2.635,413.15,0,,0,0,0,-1.2473,0.5133,-0.7693,0,0,0,0,0,0
2026-02-09 14:15:00,6.838,2.932,412.08,0,,0,0,0,-1.376,1.4684,-0.885,0,0,0,0,0,0
2026-02-09 14:30:00,6.87,3.129,409.48,0,,0,0,0,-1.1065,2.0635,-1.173,0,0,0,0,0,0
2026-02-09 14:45:00,6.902,2.982,413.82,0,,0,0,0,-0.8353,1.5953,-0.6926,0,0,0,0,0,0
2026-02-09 15:00:00,6.943,2.687,411.89,0,,0,0,0,-0.4977,0.6715,-0.9079,0,0,0,0,0,0
2026-02-09 15:15:00,6.77,2.7,417.41,0,,0,0,0,-1.9168,0.712,-0.2972,0,0,0,0,0,0
2026-02-09 15:30:00,6.867,2.784,413.3,0,,0,0,0,-1.1005,0.974,-0.7661,0,0,0,0,0,0
2026-02-09 15:45:00,6.925,2.923,418.63,0,,0,0,0,-0.6183,1.4071,-0.1758,0,0,0,0,0,0
2026-02-09 16:00:00,6.92,2.934,406.51,0,,0,0,0,-0.6598,1.4229,-1.5655,0,0,0,0,0,0
2026-02-09 16:15:00,6.954,2.708,416.53,0,,0,0,0,-0.3807,0.7304,-0.407,0,0,0,0,0,0
2026-02-09 16:30:00,6.956,2.766,413.82,0,,0,0,0,-0.3696,0.9171,-0.7148,0,0,0,0,0,0
2026-02-09 16:45:00,6.937,2.771,412.71,0,,0,0,0,-0.5303,0.9433,-0.8344,0,0,0,0,0,0
2026-02-09 17:00:00,6.935,2.859,421.53,0,,0,0,0,-0.5404,1.2274,0.1677,0,0,0,0,0,0
2026-02-09 17:15:00,6.958,3.176,421.22,0,,0,0,0,-0.3466,2.1968,0.1243,0,0,0,0,0,0
2026-02-09 17:30:00,7.038,2.73,410.41,0,,0,0,0,0.3124,0.8104,-1.0995,0,0,0,0,0,0
2026-02-09 17:45:00,6.954,2.712,422.08,0,,0,0,0,-0.378,0.7587,0.2266,0,0,0,0,0,0
2026-02-09 18:00:00,6.997,2.676,422.38,0,,0,0,0,-0.022,0.6552,0.2569,0,0,0,0,0,0
2026-02-09 18:15:00,7.019,2.928,417.89,0,,0,0,0,0.1622,1.4541,-0.2543,0,0,0,0,0,0
2026-02-09 18:30:00,7.098,2.811,418.23,0,,0,0,0,0.8114,1.0631,-0.2095,0,0,0,0,0,0
2026-02-09 18:45:00,7.014,2.666,415.98,0,,0,0,0,0.1233,0.6164,-0.4571,0,0,0,0,0,0
2026-02-09 19:00:00,7.087,2.728,421.76,0,,0,0,0,0.721,0.8187,0.2046,0,0,0,0,0,0
2026-02-09 19:15:00,7.11,2.645,423.15,0,,0,0,0,0.9121,0.5635,0.3681,0,0,0,0,0,0
2026-02-09 19:30:00,7.054,2.788,427.78,0,,0,0,0,0.4512,1.0104,0.8898,0,0,0,0,0,0
2026-02-09 19:45:00,7.056,3.125,426.38,0,,0,0,0,0.4725,2.0325,0.7273,0,0,0,0,0,0
2026-02-09 20:00:00,7.059,2.783,421.76,0,,0,0,0,0.5007,0.9473,0.2158,0,0,0,0,0,0
2026-02-09 20:15:00,7.071,2.663,427.62,0,,0,0,0,0.6034,0.5786,0.8802,0,0,0,0,0,0
2026-02-09 20:30:00,7.134,2.553,426.29,0,,0,0,0,1.114,0.2303,0.7182,0,0,0,0,0,0
2026-02-09 20:45:00,7.11,2.427,424.17,0,,0,0,0,0.9197,-0.1622,0.4862,0,0,0,0,0,0
2026-02-09 21:00:00,7.118,2.714,422.13,0,,0,0,0,1.0149,0.735,0.2571,0,0,0,0,0,0
2026-02-09 21:15:00,7.057,2.68,431.52,0,,0,0,0,0.505,0.6209,1.3193,0,0,0,0,0,0
2026-02-09 21:30:00,7.071,2.482,431.31,0,,0,0,0,0.6303,0.0004,1.3012,0,0,0,0,0,0
2026-02-09 21:45:00,7.232,2.708,432.2,0,,0,0,0,1.9521,0.7041,1.394,0,0,0,0,0,0
2026-02-09 22:00:00,7.121,2.503,427.48,0,,0,0,0,1.0233,0.069,0.8515,0,0,0,0,0,0
2026-02-09 22:15:00,7.096,2.59,431.45,0,,0,0,0,0.8362,0.3406,1.3312,0,0,0,0,0,0
2026-02-09 22:30:00,7.21,2.492,425.59,0,,0,0,0,1.7677,0.0371,0.6527,0,0,0,0,0,0
2026-02-09 22:45:00,7.156,2.395,427.42,0,,0,0,0,1.3089,-0.2664,0.8723,0,0,0,0,0,0
2026-02-09 23:00:00,7.174,2.253,431.73,0,,0,0,0,1.4356,-0.7052,1.3513,0,0,0,0,0,0
2026-02-09 23:15:00,7.14,2.35,432.82,0,,0,0,0,1.1499,-0.4055,1.4767,0,0,0,0,0,0
2026-02-09 23:30:00,7.133,2.473,425.38,0,,0,0,0,1.0812,-0.0246,0.6284,0,0,0,0,0,0
2026-02-09 23:45:00,7.141,2.247,427.74,0,,0,0,0,1.1552,-0.7312,0.9213,0,0,0,0,0,0
2026-02-10 00:00:00,7.081,2.366,430.54,0,,0,0,0,0.7002,-0.3643,1.2532,0,0,0,0,0,0
2026-02-10 00:15:00,7.145,2.115,435.81,0,,0,0,0,1.2375,-1.1355,1.8798,0,0,0,0,0,0
2026-02-10 00:30:00,7.164,2.374,428.64,0,,0,0,0,1.3773,-0.3269,1.0406,0,0,0,0,0,0
2026-02-10 00:45:00,7.24,2.283,432.33,0,,0,0,0,1.9932,-0.6095,1.4537,0,0,0,0,0,0
2026-02-10 01:00:00,7.149,2.037,432.57,0,,0,0,0,1.2302,-1.3473,1.4816,0,0,0,0,0,0
2026-02-10 01:15:00,7.025,2.166,430.36,0,,0,0,0,0.2245,-0.9545,1.2234,0,0,0,0,0,0
2026-02-10 01:30:00,7.134,2.322,432.16,0,,0,0,0,1.1375,-0.4934,1.4099,0,0,0,0,0,0
2026-02-10 01:45:00,7.272,1.979,425.38,0,,0,0,0,2.2282,-1.5434,0.6276,0,0,0,0,0,0
2026-02-10 02:00:00,7.173,1.993,427.77,0,,0,0,0,1.4048,-1.4953,0.9036,0,0,0,0,0,0
2026-02-10 02:15:00,7.084,2.131,435.72,0,,0,0,0,0.6907,-1.07,1.8265,0,0,0,0,0,0
2026-02-10 02:30:00,7.149,2.45,435.54,0,,0,0,0,1.2162,-0.1016,1.7905,0,0,0,0,0,0
2026-02-10 02:45:00,7.076,2.02,432.39,0,,0,0,0,0.6207,-1.4649,1.4127,0,0,0,0,0,0
2026-02-10 03:00:00,7.038,2.188,432.89,0,,0,0,0,0.3156,-0.9563,1.461,0,0,0,0,0,0
2026-02-10 03:15:00,7.081,2.147,420.61,0,,0,0,0,0.6632,-1.0964,0.0608,0,0,0,0,0,0
2026-02-10 03:30:00,7.096,2.015,423.51,0,,0,0,0,0.7882,-1.5192,0.3934,0,0,0,0,0,0
2026-02-10 03:45:00,6.99,2.125,425.42,0,,0,0,0,-0.0805,-1.1656,0.6162,0,0,0,0,0,0
2026-02-10 04:00:00,7.018,2.033,435.66,0,,0,0,0,0.1522,-1.4408,1.7526,0,0,0,0,0,0
2026-02-10 04:15:00,7.067,2.047,424.06,0,,0,0,0,0.5587,-1.3827,0.4427,0,0,0,0,0,0
2026-02-10 04:30:00,7.037,1.854,427.57,0,,0,0,0,0.3155,-1.9947,0.8328,0,0,0,0,0,0
2026-02-10 04:45:00,7.068,2.104,425.37,0,,0,0,0,0.572,-1.1938,0.585,0,0,0,0,0,0
2026-02-10 05:00:00,6.978,2.248,424.53,0,,0,0,0,-0.1648,-0.7447,0.4885,0,0,0,0,0,0
2026-02-10 05:15:00,7.065,2.13,422.25,0,,0,0,0,0.5551,-1.1213,0.2368,0,0,0,0,0,0
2026-02-10 05:30:00,6.96,2.294,416.77,0,,0,0,0,-0.3029,-0.6084,-0.373,0,0,0,0,0,0
2026-02-10 05:45:00,7.092,2.228,409.98,0,,0,0,0,0.7807,-0.8225,-1.1154,0,0,0,0,0,0
2026-02-10 06:00:00,6.914,2.145,425.13,0,,0,0,0,-0.6739,-1.0956,0.5824,0,0,0,0,0,0
2026-02-10 06:15:00,6.936,2.073,416.75,0,,0,0,0,-0.4846,-1.3211,-0.3497,0,0,0,0,0,0
2026-02-10 06:30:00,7.001,2.11,410.97,0,,0,0,0,0.0462,-1.1862,-0.9773,0,0,0,0,0,0
2026-02-10 06:45:00,7.054,1.979,419.41,0,,0,0,0,0.4701,-1.5907,-0.04,0,0,0,0,0,0
2026-02-10 07:00:00,6.977,2.177,418.57,0,,0,0,0,-0.1639,-0.9719,-0.1441,0,0,0,0,0,0
2026-02-10 07:15:00,6.98,2.258,419.21,0,,0,0,0,-0.1393,-0.716,-0.0765,0,0,0,0,0,0
2026-02-10 07:30:00,6.943,2.514,419.87,0,,0,0,0,-0.4391,0.0852,-0.0085,0,0,0,0,0,0
2026-02-10 07:45:00,6.882,2.357,411.02,0,,0,0,0,-0.9404,-0.4348,-0.9906,0,0,0,0,0,0
2026-02-10 08:00:00,6.9,2.17,410.5,0,,0,0,0,-0.7952,-1.0364,-1.0515,0,0,0,0,0,0
2026-02-10 08:15:00,6.856,2.107,412.06,0,,0,0,0,-1.1439,-1.2163,-0.8743,0,0,0,0,0,0
2026-02-10 08:30:00,6.845,2.316,415.98,0,,0,0,0,-1.2227,-0.5439,-0.4365,0,0,0,0,0,0
2026-02-10 08:45:00,6.921,2.493,403.68,0,,0,0,0,-0.6194,0.0212,-1.7843,0,0,0,0,0,0
2026-02-10 09:00:00,6.838,2.363,412.03,0,,0,0,0,-1.2885,-0.4093,-0.861,0,0,0,0,0,0
2026-02-10 09:15:00,6.903,2.503,414.71,0,,0,0,0,-0.7743,0.0437,-0.5671,0,0,0,0,0,0
2026-02-10 09:30:00,6.816,2.421,414.04,0,,0,0,0,-1.4897,-0.2205,-0.6404,0,0,0,0,0,0
2026-02-10 09:45:00,6.89,2.581,412.86,0,,0,0,0,-0.8712,0.2907,-0.7661,0,0,0,0,0,0
2026-02-10 10:00:00,6.846,2.26,413.86,0,,0,0,0,-1.2146,-0.738,-0.6627,0,0,0,0,0,0
2026-02-10 10:15:00,6.936,2.767,398.25,0,,0,0,0,-0.4958,0.8889,-2.3512,0,0,0,0,0,0
2026-02-10 10:30:00,6.878,2.385,415.37,0,,0,0,0,-0.9815,-0.3398,-0.4776,0,0,0,0,0,0
2026-02-10 10:45:00,6.92,2.697,409.96,0,,0,0,0,-0.6412,0.6607,-1.0861,0,0,0,0,0,0
2026-02-10 11:00:00,6.817,2.563,413.75,0,,0,0,0,-1.4729,0.2386,-0.6645,0,0,0,0,0,0
2026-02-10 11:15:00,6.856,2.611,403.53,0,,0,0,0,-1.1573,0.3929,-1.7556,0,0,0,0,0,0
2026-02-10 11:30:00,6.802,2.617,401.09,0,,0,0,0,-1.5966,0.4087,-1.9685,0,0,0,0,0,0
2026-02-10 11:45:00,6.83,2.715,415.17,0,,0,0,0,-1.3464,0.7215,-0.4721,0,0,0,0,0,0
2026-02-10 12:00:00,6.837,2.769,404.29,0,,0,0,0,-1.2906,0.8991,-1.6597,0,0,0,0,0,0
2026-02-10 12:15:00,6.814,2.881,406.78,0,,0,0,0,-1.462,1.2387,-1.4007,0,0,0,0,0,0
2026-02-10 12:30:00,6.791,2.955,410.21,0,,0,0,0,-1.6535,1.4635,-1.0297,0,0,0,0,0,0
2026-02-10 12:45:00,6.782,2.814,411.32,0,,0,0,0,-1.7082,1.0058,-0.923,0,0,0,0,0,0
2026-02-10 13:00:00,6.738,3.04,412.72,0,,0,0,0,-2.0494,1.6979,-0.7811,0,0,0,0,0,0
2026-02-10 13:15:00,6.805,2.815,409.53,0,,0,0,0,-1.5111,0.9858,-1.1298,0,0,0,0,0,0
2026-02-10 13:30:00,6.893,2.979,404.7,0,,0,0,0,-0.8027,1.4778,-1.6489,0,0,0,0,0,0
2026-02-10 13:45:00,6.786,2.897,412.06,0,,0,0,0,-1.6411,1.2386,-0.8601,0,0,0,0,0,0
2026-02-10 14:00:00,6.802,2.764,412.5,0,,0,0,0,-1.5009,0.8163,-0.81,0,0,0,0,0,0
2026-02-10 14:15:00,6.965,2.886,402.76,0,,0,0,0,-0.2229,1.2006,-1.8519,0,0,0,0,0,0
2026-02-10 14:30:00,6.849,2.945,416.15,0,,0,0,0,-1.1442,1.4053,-0.3987,0,0,0,0,0,0
2026-02-10 14:45:00,6.903,2.874,401.03,0,,0,0,0,-0.7145,1.1905,-2.0062,0,0,0,0,0,0
2026-02-10 15:00:00,6.926,2.948,415.65,0,,0,0,0,-0.5296,1.4044,-0.4359,0,0,0,0,0,0
2026-02-10 15:15:00,6.934,3.022,409.55,0,,0,0,0,-0.4871,1.6074,-1.0799,0,0,0,0,0,0
2026-02-10 15:30:00,6.833,2.893,415.52,0,,0,0,0,-1.2962,1.1985,-0.4416,0,0,0,0,0,0
2026-02-10 15:45:00,6.905,2.458,415.37,0,,0,0,0,-0.7138,-0.1347,-0.4536,0,0,0,0,0,0
2026-02-10 16:00:00,6.844,3.152,413.85,0,,0,0,0,-1.1914,2.0023,-0.6305,0,0,0,0,0,0
2026-02-10 16:15:00,7.056,2.855,416.5,0,,0,0,0,0.4958,1.0763,-0.3433,0,0,0,0,0,0
2026-02-10 16:30:00,6.863,2.773,415.06,0,,0,0,0,-1.0339,0.8238,-0.5011,0,0,0,0,0,0
2026-02-10 16:45:00,6.899,2.724,419.0,0,,0,0,0,-0.743,0.6755,-0.0811,0,0,0,0,0,0
2026-02-10 17:00:00,6.909,2.836,425.64,0,,0,0,0,-0.6607,1.0217,0.6355,0,0,0,0,0,0
2026-02-10 17:15:00,6.896,2.794,412.29,0,,0,0,0,-0.7566,0.9217,-0.8015,0,0,0,0,0,0
2026-02-10 17:30:00,7.048,2.759,405.68,0,,0,0,0,0.4442,0.8103,-1.5015,0,0,0,0,0,0
2026-02-10 17:45:00,7.111,2.756,417.55,0,,0,0,0,0.9254,0.7987,-0.2203,0,0,0,0,0,0
2026-02-10 18:00:00,6.976,2.926,418.06,0,,0,0,0,-0.1355,1.3129,-0.1607,0,0,0,0,0,0
2026-02-10 18:15:00,6.944,3.137,419.27,0,,0,0,0,-0.381,1.9404,-0.0321,0,0,0,0,0,0
2026-02-10 18:30:00,6.908,2.94,417.86,0,,0,0,0,-0.6496,1.3244,-0.1833,0,0,0,0,0,0
2026-02-10 18:45:00,7.017,2.969,425.83,0,,0,0,0,0.2088,1.3907,0.6619,0,0,0,0,0,0
2026-02-10 19:00:00,7.023,2.726,417.58,0,,0,0,0,0.2621,0.654,-0.2194,0,0,0,0,0,0
2026-02-10 19:15:00,7.016,2.779,425.66,0,,0,0,0,0.2155,0.8084,0.6446,0,0,0,0,0,0
2026-02-10 19:30:00,7.068,2.807,427.15,0,,0,0,0,0.6265,0.892,0.8056,0,0,0,0,0,0
2026-02-10 19:45:00,7.086,2.623,426.57,0,,0,0,0,0.7655,0.358,0.743,0,0,0,0,0,0
2026-02-10 20:00:00,7.091,2.636,427.95,0,,0,0,0,0.801,0.4039,0.8808,0,0,0,0,0,0
2026-02-10 20:15:00,7.068,2.805,430.46,0,,0,0,0,0.6196,0.918,1.1422,0,0,0,0,0,0
2026-02-10 20:30:00,7.036,2.817,427.52,0,,0,0,0,0.3771,0.9421,0.8268,0,0,0,0,0,0
2026-02-10 20:45:00,7.132,2.639,426.53,0,,0,0,0,1.1366,0.39,0.7177,0,0,0,0,0,0
2026-02-10 21:00:00,7.107,2.424,430.43,0,,0,0,0,0.9399,-0.2592,1.1158,0,0,0,0,0,0
2026-02-10 21:15:00,7.157,2.534,431.42,0,,0,0,0,1.3186,0.0828,1.2206,0,0,0,0,0,0
2026-02-10 21:30:00,7.159,2.336,433.08,0,,0,0,0,1.3177,-0.5198,1.3904,0,0,0,0,0,0
2026-02-10 21:45:00,7.054,2.537,423.13,0,,0,0,0,0.5196,0.1022,0.3552,0,0,0,0,0,0
2026-02-10 22:00:00,7.058,2.538,429.66,0,,0,0,0,0.559,0.1042,1.0441,0,0,0,0,0,0
2026-02-10 22:15:00,7.097,2.433,426.5,0,,0,0,0,0.871,-0.2134,0.7185,0,0,0,0,0,0
2026-02-10 22:30:00,7.086,2.484,433.33,0,,0,0,0,0.8042,-0.0565,1.425,0,0,0,0,0,0
2026-02-10 22:45:00,7.18,2.484,434.27,0,,0,0,0,1.56,-0.0593,1.5036,0,0,0,0,0,0
2026-02-10 23:00:00,7.162,2.435,430.49,0,,0,0,0,1.4176,-0.2164,1.1109,0,0,0,0,0,0
2026-02-10 23:15:00,7.202,2.191,428.85,0,,0,0,0,1.7228,-0.9601,0.9481,0,0,0,0,0,0
2026-02-10 23:30:00,7.169,2.309,434.29,0,,0,0,0,1.4488,-0.5913,1.4963,0,0,0,0,0,0
2026-02-10 23:45:00,7.16,2.385,431.44,0,,0,0,0,1.3723,-0.3636,1.1901,0,0,0,0,0,0
2026-02-11 00:00:00,7.21,2.537,437.71,0,,0,0,0,1.7376,0.0983,1.8131,0,0,0,0,0,0
2026-02-11 00:15:00,7.173,2.237,439.07,0,,0,0,0,1.4392,-0.832,1.9371,0,0,0,0,0,0
2026-02-11 00:30:00,7.152,2.339,435.9,0,,0,0,0,1.2768,-0.5155,1.5905,0,0,0,0,0,0
2026-02-11 00:45:00,7.221,2.368,432.7,0,,0,0,0,1.8268,-0.4294,1.2659,0,0,0,0,0,0
2026-02-11 01:00:00,7.151,2.188,438.89,0,,0,0,0,1.2739,-0.9969,1.8653,0,0,0,0,0,0
2026-02-11 01:15:00,7.127,2.372,432.33,0,,0,0,0,1.07,-0.4333,1.2044,0,0,0,0,0,0
2026-02-11 01:30:00,7.097,2.363,429.17,0,,0,0,0,0.8402,-0.4631,0.8951,0,0,0,0,0,0
2026-02-11 01:45:00,7.17,2.374,428.06,0,,0,0,0,1.4454,-0.4477,0.7797,0,0,0,0,0,0
2026-02-11 02:00:00,7.192,2.222,427.58,0,,0,0,0,1.6157,-0.947,0.7321,0,0,0,0,0,0
2026-02-11 02:15:00,7.122,2.495,429.95,0,,0,0,0,1.0514,-0.0849,0.9825,0,0,0,0,0,0
2026-02-11 02:30:00,7.184,2.038,431.37,0,,0,0,0,1.5351,-1.5288,1.1366,0,0,0,0,0,0
2026-02-11 02:45:00,7.014,2.44,423.36,0,,0,0,0,0.1947,-0.2631,0.3372,0,0,0,0,0,0
2026-02-11 03:00:00,7.103,2.229,426.69,0,,0,0,0,0.8925,-0.9483,0.6883,0,0,0,0,0,0
2026-02-11 03:15:00,7.097,2.309,428.76,0,,0,0,0,0.8428,-0.6983,0.8886,0,0,0,0,0,0
2026-02-11 03:30:00,7.055,2.055,429.88,0,,0,0,0,0.5156,-1.53,0.9919,0,0,0,0,0,0
2026-02-11 03:45:00,7.203,2.228,426.56,0,,0,0,0,1.6457,-0.9729,0.652,0,0,0,0,0,0
2026-02-11 04:00:00,7.072,2.314,426.98,0,,0,0,0,0.6179,-0.7088,0.7115,0,0,0,0,0,0
2026-02-11 04:15:00,7.046,1.938,420.35,0,,0,0,0,0.4175,-1.9379,0.0333,0,0,0,0,0,0
2026-02-11 04:30:00,7.059,2.079,420.95,0,,0,0,0,0.5166,-1.5033,0.1025,0,0,0,0,0,0
2026-02-11 04:45:00,6.948,1.786,423.61,0,,0,0,0,-0.3387,-2.4188,0.3796,0,0,0,0,0,0
2026-02-11 05:00:00,7.001,2.087,425.15,0,,0,0,0,0.0728,-1.42,0.538,0,0,0,0,0,0
2026-02-11 05:15:00,7.078,1.999,423.27,0,,0,0,0,0.6718,-1.6902,0.3424,0,0,0,0,0,0
2026-02-11 05:30:00,6.988,2.098,418.17,0,,0,0,0,-0.0319,-1.3547,-0.1862,0,0,0,0,0,0
2026-02-11 05:45:00,6.968,2.58,419.84,0,,0,0,0,-0.1783,0.1791,-0.0243,0,0,0,0,0,0
2026-02-11 06:00:00,7.065,2.411,426.05,0,,0,0,0,0.5681,-0.3766,0.62,0,0,0,0,0,0
2026-02-11 06:15:00,7.057,1.951,421.39,0,,0,0,0,0.4955,-1.8513,0.1308,0,0,0,0,0,0
2026-02-11 06:30:00,7.006,2.266,417.78,0,,0,0,0,0.0963,-0.847,-0.2531,0,0,0,0,0,0
2026-02-11 06:45:00,6.948,2.319,413.56,0,,0,0,0,-0.3488,-0.6969,-0.6858,0,0,0,0,0,0
2026-02-11 07:00:00,6.949,2.166,414.04,0,,0,0,0,-0.3385,-1.1988,-0.6296,0,0,0,0,0,0
2026-02-11 07:15:00,6.912,2.263,416.17,0,,0,0,0,-0.6211,-0.8804,-0.4045,0,0,0,0,0,0
2026-02-11 07:30:00,6.893,2.298,416.51,0,,0,0,0,-0.7635,-0.7558,-0.3653,0,0,0,0,0,0
2026-02-11 07:45:00,6.881,2.076,416.95,0,,0,0,0,-0.8568,-1.459,-0.3273,0,0,0,0,0,0
2026-02-11 08:00:00,6.894,2.145,415.55,0,,0,0,0,-0.7548,-1.2331,-0.4807,0,0,0,0,0,0
2026-02-11 08:15:00,6.865,2.349,411.85,0,,0,0,0,-0.982,-0.5849,-0.8677,0,0,0,0,0,0
2026-02-11 08:30:00,6.831,2.362,410.65,0,,0,0,0,-1.244,-0.5446,-0.9833,0,0,0,0,0,0
2026-02-11 08:45:00,6.912,2.265,420.28,0,,0,0,0,-0.613,-0.8507,0.0024,0,0,0,0,0,0
2026-02-11 09:00:00,6.906,2.277,409.29,0,,0,0,0,-0.6686,-0.8071,-1.1547,0,0,0,0,0,0
2026-02-11 09:15:00,6.972,2.408,405.81,0,,0,0,0,-0.1588,-0.3778,-1.4968,0,0,0,0,0,0
2026-02-11 09:30:00,6.848,2.581,403.92,0,,0,0,0,-1.1366,0.1789,-1.662,0,0,0,0,0,0
2026-02-11 09:45:00,6.89,2.462,408.61,0,,0,0,0,-0.8065,-0.2038,-1.1685,0,0,0,0,0,0
2026-02-11 10:00:00,6.886,2.743,413.37,0,,0,0,0,-0.844,0.694,-0.6788,0,0,0,0,0,0
2026-02-11 10:15:00,6.853,2.422,406.93,0,,0,0,0,-1.0916,-0.3398,-1.3725,0,0,0,0,0,0
2026-02-11 10:30:00,6.899,2.581,414.82,0,,0,0,0,-0.7335,0.1725,-0.5477,0,0,0,0,0,0
2026-02-11 10:45:00,6.897,2.525,408.61,0,,0,0,0,-0.7464,-0.0046,-1.1927,0,0,0,0,0,0
2026-02-11 11:00:00,6.871,2.692,412.85,0,,0,0,0,-0.9598,0.5365,-0.7492,0,0,0,0,0,0
2026-02-11 11:15:00,6.84,2.511,405.2,0,,0,0,0,-1.2011,-0.0513,-1.5525,0,0,0,0,0,0
2026-02-11 11:30:00,6.833,2.942,405.13,0,,0,0,0,-1.2633,1.3338,-1.5767,0,0,0,0,0,0
2026-02-11 11:45:00,6.782,2.423,408.39,0,,0,0,0,-1.6527,-0.3373,-1.218,0,0,0,0,0,0
2026-02-11 12:00:00,6.81,2.957,409.93,0,,0,0,0,-1.4263,1.3781,-1.0721,0,0,0,0,0,0
2026-02-11 12:15:00,6.819,2.736,407.31,0,,0,0,0,-1.357,0.6744,-1.3502,0,0,0,0,0,0
2026-02-11 12:30:00,6.795,2.826,409.27,0,,0,0,0,-1.5462,0.9749,-1.1409,0,0,0,0,0,0
2026-02-11 12:45:00,6.875,2.964,410.58,0,,0,0,0,-0.9357,1.41,-1.0011,0,0,0,0,0,0
2026-02-11 13:00:00,6.915,2.911,402.73,0,,0,0,0,-0.6463,1.251,-1.7919,0,0,0,0,0,0
2026-02-11 13:15:00,6.813,2.691,407.27,0,,0,0,0,-1.4727,0.5414,-1.3138,0,0,0,0,0,0
2026-02-11 13:30:00,6.876,2.907,406.84,0,,0,0,0,-0.9604,1.2528,-1.3654,0,0,0,0,0,0
2026-02-11 13:45:00,6.814,3.113,407.36,0,,0,0,0,-1.4691,1.8978,-1.2991,0,0,0,0,0,0
2026-02-11 14:00:00,6.855,2.713,411.24,0,,0,0,0,-1.1482,0.6058,-0.8956,0,0,0,0,0,0
2026-02-11 14:15:00,6.841,3.177,408.0,0,,0,0,0,-1.242,2.0661,-1.2465,0,0,0,0,0,0
2026-02-11 14:30:00,6.911,2.927,402.46,0,,0,0,0,-0.684,1.2705,-1.7796,0,0,0,0,0,0
2026-02-11 14:45:00,6.853,2.814,410.03,0,,0,0,0,-1.1469,0.9137,-1.0281,0,0,0,0,0,0
2026-02-11 15:00:00,6.945,2.752,407.26,0,,0,0,0,-0.4035,0.727,-1.2967,0,0,0,0,0,0
2026-02-11 15:15:00,6.889,2.859,414.07,0,,0,0,0,-0.8515,1.085,-0.6015,0,0,0,0,0,0
2026-02-11 15:30:00,6.876,2.603,415.92,0,,0,0,0,-0.9643,0.2663,-0.4103,0,0,0,0,0,0
2026-02-11 15:45:00,6.854,2.837,404.63,0,,0,0,0,-1.134,1.0127,-1.5501,0,0,0,0,0,0
2026-02-11 16:00:00,6.938,2.861,410.9,0,,0,0,0,-0.4657,1.1181,-0.9028,0,0,0,0,0,0
2026-02-11 16:15:00,6.978,2.738,416.11,0,,0,0,0,-0.1335,0.7186,-0.3701,0,0,0,0,0,0
2026-02-11 16:30:00,6.956,3.009,409.77,0,,0,0,0,-0.3225,1.5928,-1.0077,0,0,0,0,0,0
2026-02-11 16:45:00,7.064,2.859,419.27,0,,0,0,0,0.5497,1.0915,-0.0419,0,0,0,0,0,0
2026-02-11 17:00:00,7.033,2.791,421.09,0,,0,0,0,0.2852,0.872,0.1483,0,0,0,0,0,0
2026-02-11 17:15:00,6.955,2.83,417.01,0,,0,0,0,-0.3631,0.9973,-0.2731,0,0,0,0,0,0
2026-02-11 17:30:00,6.965,2.923,415.34,0,,0,0,0,-0.2735,1.2883,-0.4585,0,0,0,0,0,0
2026-02-11 17:45:00,7.014,2.87,409.97,0,,0,0,0,0.1403,1.1081,-0.9993,0,0,0,0,0,0
2026-02-11 18:00:00,6.958,2.741,423.26,0,,0,0,0,-0.3227,0.701,0.3591,0,0,0,0,0,0
2026-02-11 18:15:00,7.068,2.851,428.79,0,,0,0,0,0.5786,1.0856,0.9123,0,0,0,0,0,0
2026-02-11 18:30:00,7.038,2.81,428.75,0,,0,0,0,0.3195,0.9595,0.893,0,0,0,0,0,0
2026-02-11 18:45:00,7.042,2.63,421.56,0,,0,0,0,0.3504,0.3766,0.1664,0,0,0,0,0,0
2026-02-11 19:00:00,7.073,2.74,418.74,0,,0,0,0,0.6024,0.7459,-0.1223,0,0,0,0,0,0
2026-02-11 19:15:00,7.134,2.851,427.21,0,,0,0,0,1.0911,1.1139,0.7386,0,0,0,0,0,0
2026-02-11 19:30:00,7.066,2.829,424.08,0,,0,0,0,0.5311,1.0385,0.424,0,0,0,0,0,0
2026-02-11 19:45:00,7.061,2.688,427.22,0,,0,0,0,0.4927,0.563,0.7432,0,0,0,0,0,0
2026-02-11 20:00:00,7.15,2.802,427.21,0,,0,0,0,1.2158,0.9353,0.7435,0,0,0,0,0,0
2026-02-11 20:15:00,7.132,2.53,427.04,0,,0,0,0,1.0578,0.0377,0.7322,0,0,0,0,0,0
2026-02-11 20:30:00,7.075,2.511,431.42,0,,0,0,0,0.5878,-0.0153,1.1716,0,0,0,0,0,0
2026-02-11 20:45:00,7.099,2.591,432.17,0,,0,0,0,0.7886,0.2561,1.2349,0,0,0,0,0,0
2026-02-11 21:00:00,7.116,2.828,426.39,0,,0,0,0,0.9263,1.0355,0.6557,0,0,0,0,0,0
2026-02-11 21:15:00,7.131,2.603,425.33,0,,0,0,0,1.0538,0.2783,0.5575,0,0,0,0,0,0
2026-02-11 21:30:00,7.051,2.511,419.52,0,,0,0,0,0.4105,-0.0363,-0.0227,0,0,0,0,0,0
2026-02-11 21:45:00,7.048,2.758,428.59,0,,0,0,0,0.3863,0.7832,0.9051,0,0,0,0,0,0
2026-02-11 22:00:00,7.086,2.457,426.02,0,,0,0,0,0.697,-0.2218,0.6466,0,0,0,0,0,0
2026-02-11 22:15:00,7.086,2.809,432.44,0,,0,0,0,0.6984,0.9394,1.2949,0,0,0,0,0,0
2026-02-11 22:30:00,7.106,2.371,429.74,0,,0,0,0,0.8607,-0.516,1.0265,0,0,0,0,0,0
2026-02-11 22:45:00,7.174,2.27,430.45,0,,0,0,0,1.4231,-0.8417,1.1098,0,0,0,0,0,0
2026-02-11 23:00:00,7.136,2.372,434.84,0,,0,0,0,1.1148,-0.5008,1.5503,0,0,0,0,0,0
2026-02-11 23:15:00,7.157,2.334,433.36,0,,0,0,0,1.3,-0.6344,1.3852,0,0,0,0,0,0
2026-02-11 23:30:00,7.088,2.226,431.43,0,,0,0,0,0.7382,-0.9885,1.1955,0,0,0,0,0,0
2026-02-11 23:45:00,7.127,2.713,438.72,0,,0,0,0,1.0721,0.6165,1.9139,0,0,0,0,0,0
2026-02-12 00:00:00,7.179,2.348,434.95,0,,0,0,0,1.5194,-0.5867,1.5415,0,0,0,0,0,0
2026-02-12 00:15:00,7.179,2.347,430.31,0,,0,0,0,1.5177,-0.5956,1.0928,0,0,0,0,0,0
2026-02-12 00:30:00,7.112,2.187,430.41,0,,0,0,0,0.9589,-1.1165,1.1184,0,0,0,0,0,0
2026-02-12 00:45:00,7.155,2.15,434.92,0,,0,0,0,1.3423,-1.2232,1.5815,0,0,0,0,0,0
2026-02-12 01:00:00,7.255,2.371,432.4,0,,0,0,0,2.1545,-0.5063,1.3421,0,0,0,0,0,0
2026-02-12 01:15:00,7.141,1.948,426.88,0,,0,0,0,1.1908,-1.8555,0.7715,0,0,0,0,0,0
2026-02-12 01:30:00,7.104,2.011,434.67,0,,0,0,0,0.8783,-1.6185,1.5788,0,0,0,0,0,0
2026-02-12 01:45:00,7.126,2.13,435.79,0,,0,0,0,1.0724,-1.2208,1.6698,0,0,0,0,0,0
2026-02-12 02:00:00,7.135,2.356,435.12,0,,0,0,0,1.1618,-0.5079,1.5764,0,0,0,0,0,0
2026-02-12 02:15:00,7.117,2.085,436.15,0,,0,0,0,1.0094,-1.346,1.6607,0,0,0,0,0,0
2026-02-12 02:30:00,7.117,2.193,437.8,0,,0,0,0,1.0234,-1.0164,1.8038,0,0,0,0,0,0
2026-02-12 02:45:00,7.041,2.125,435.94,0,,0,0,0,0.3683,-1.213,1.5821,0,0,0,0,0,0
2026-02-12 03:00:00,7.058,2.308,429.85,0,,0,0,0,0.5197,-0.6391,0.9686,0,0,0,0,0,0
2026-02-12 03:15:00,7.091,1.87,427.08,0,,0,0,0,0.8045,-1.9724,0.6957,0,0,0,0,0,0
2026-02-12 03:30:00,7.083,2.214,419.99,0,,0,0,0,0.732,-0.9153,-0.0005,0,0,0,0,0,0
2026-02-12 03:45:00,7.055,2.071,426.71,0,,0,0,0,0.5124,-1.349,0.6723,0,0,0,0,0,0
2026-02-12 04:00:00,7.066,2.239,428.08,0,,0,0,0,0.6092,-0.8236,0.8076,0,0,0,0,0,0
2026-02-12 04:15:00,7.069,1.978,425.48,0,,0,0,0,0.6326,-1.6374,0.5413,0,0,0,0,0,0
2026-02-12 04:30:00,7.102,2.107,417.04,0,,0,0,0,0.9139,-1.2391,-0.2976,0,0,0,0,0,0
2026-02-12 04:45:00,7.043,2.092,422.71,0,,0,0,0,0.3922,-1.3192,0.2696,0,0,0,0,0,0
2026-02-12 05:00:00,7.059,1.963,425.69,0,,0,0,0,0.5254,-1.7128,0.5665,0,0,0,0,0,0
2026-02-12 05:15:00,7.002,1.929,418.24,0,,0,0,0,0.0373,-1.8103,-0.1722,0,0,0,0,0,0
2026-02-12 05:30:00,7.048,2.043,422.23,0,,0,0,0,0.432,-1.4476,0.2221,0,0,0,0,0,0
2026-02-12 05:45:00,7.029,2.161,422.51,0,,0,0,0,0.2612,-1.059,0.2472,0,0,0,0,0,0
2026-02-12 06:00:00,7.043,2.04,424.47,0,,0,0,0,0.3853,-1.4086,0.4449,0,0,0,0,0,0
2026-02-12 06:15:00,7.026,2.118,426.07,0,,0,0,0,0.2403,-1.1831,0.5988,0,0,0,0,0,0
2026-02-12 06:30:00,7.01,1.9,416.92,0,,0,0,0,0.1005,-1.8196,-0.3129,0,0,0,0,0,0
2026-02-12 06:45:00,6.966,2.144,418.39,0,,0,0,0,-0.2848,-1.0639,-0.1717,0,0,0,0,0,0
2026-02-12 07:00:00,6.973,2.371,417.75,0,,0,0,0,-0.2261,-0.3819,-0.2399,0,0,0,0,0,0
2026-02-12 07:15:00,7.005,2.342,418.74,0,,0,0,0,0.0449,-0.4737,-0.1436,0,0,0,0,0,0
2026-02-12 07:30:00,6.91,2.243,417.56,0,,0,0,0,-0.7894,-0.7739,-0.263,0,0,0,0,0,0
2026-02-12 07:45:00,6.902,2.314,420.39,0,,0,0,0,-0.8631,-0.5685,0.017,0,0,0,0,0,0
2026-02-12 08:00:00,6.934,2.176,404.67,0,,0,0,0,-0.5874,-0.9953,-1.5301,0,0,0,0,0,0
2026-02-12 08:15:00,6.937,2.567,415.01,0,,0,0,0,-0.5709,0.2024,-0.5096,0,0,0,0,0,0
2026-02-12 08:30:00,6.867,2.657,414.64,0,,0,0,0,-1.1999,0.4704,-0.5522,0,0,0,0,0,0
2026-02-12 08:45:00,6.897,2.396,411.15,0,,0,0,0,-0.9303,-0.3392,-0.8868,0,0,0,0,0,0
2026-02-12 09:00:00,6.889,2.785,402.46,0,,0,0,0,-0.9984,0.8454,-1.7248,0,0,0,0,0,0
2026-02-12 09:15:00,6.776,2.32,410.73,0,,0,0,0,-1.9438,-0.5861,-0.9228,0,0,0,0,0,0
2026-02-12 09:30:00,6.87,2.26,407.64,0,,0,0,0,-1.1308,-0.7586,-1.2388,0,0,0,0,0,0
2026-02-12 09:45:00,6.867,2.367,416.73,0,,0,0,0,-1.1523,-0.4263,-0.346,0,0,0,0,0,0
2026-02-12 10:00:00,6.862,2.467,411.11,0,,0,0,0,-1.1908,-0.1107,-0.904,0,0,0,0,0,0
2026-02-12 10:15:00,6.936,2.873,406.06,0,,0,0,0,-0.5598,1.118,-1.4055,0,0,0,0,0,0
2026-02-12 10:30:00,6.801,2.51,400.7,0,,0,0,0,-1.7109,0.0095,-1.8911,0,0,0,0,0,0
2026-02-12 10:45:00,6.817,2.449,411.0,0,,0,0,0,-1.5517,-0.1748,-0.887,0,0,0,0,0,0
2026-02-12 11:00:00,6.725,2.469,411.19,0,,0,0,0,-2.276,-0.1067,-0.8655,0,0,0,0,0,0
2026-02-12 11:15:00,6.829,2.8,407.37,0,,0,0,0,-1.4019,0.895,-1.246,0,0,0,0,0,0
2026-02-12 11:30:00,6.832,2.803,410.52,0,,0,0,0,-1.3766,0.9131,-0.9481,0,0,0,0,0,0
2026-02-12 11:45:00,6.825,2.604,406.63,0,,0,0,0,-1.4478,0.2968,-1.3284,0,0,0,0,0,0
2026-02-12 12:00:00,6.905,2.419,412.27,0,,0,0,0,-0.7906,-0.256,-0.7754,0,0,0,0,0,0
2026-02-12 12:15:00,6.893,2.553,412.0,0,,0,0,0,-0.9064,0.1655,-0.8111,0,0,0,0,0,0
2026-02-12 12:30:00,6.855,3.002,401.55,0,,0,0,0,-1.2476,1.543,-1.8215,0,0,0,0,0,0
2026-02-12 12:45:00,6.834,2.867,402.65,0,,0,0,0,-1.4188,1.1345,-1.687,0,0,0,0,0,0
2026-02-12 13:00:00,6.906,2.793,416.53,0,,0,0,0,-0.7982,0.913,-0.3556,0,0,0,0,0,0
2026-02-12 13:15:00,6.857,3.081,412.37,0,,0,0,0,-1.2303,1.769,-0.7757,0,0,0,0,0,0
2026-02-12 13:30:00,6.821,3.111,403.86,0,,0,0,0,-1.5266,1.8358,-1.61,0,0,0,0,0,0
2026-02-12 13:45:00,6.78,2.827,402.96,0,,0,0,0,-1.8658,0.9967,-1.6831,0,0,0,0,0,0
2026-02-12 14:00:00,6.848,2.844,410.44,0,,0,0,0,-1.2832,1.041,-0.9474,0,0,0,0,0,0
2026-02-12 14:15:00,6.913,2.771,405.45,0,,0,0,0,-0.7397,0.8467,-1.4293,0,0,0,0,0,0
2026-02-12 14:30:00,6.995,2.827,409.21,0,,0,0,0,-0.0426,1.0286,-1.0791,0,0,0,0,0,0
2026-02-12 14:45:00,6.89,2.656,410.79,0,,0,0,0,-0.9547,0.5001,-0.9247,0,0,0,0,0,0
2026-02-12 15:00:00,6.856,2.663,411.15,0,,0,0,0,-1.2323,0.526,-0.8971,0,0,0,0,0,0
2026-02-12 15:15:00,6.842,2.634,416.59,0,,0,0,0,-1.3419,0.4447,-0.3604,0,0,0,0,0,0
2026-02-12 15:30:00,6.936,3.059,420.03,0,,0,0,0,-0.5457,1.7487,-0.023,0,0,0,0,0,0
2026-02-12 15:45:00,6.828,2.665,411.42,0,,0,0,0,-1.4663,0.5275,-0.8939,0,0,0,0,0,0
2026-02-12 16:00:00,6.953,3.192,409.48,0,,0,0,0,-0.3977,2.13,-1.0854,0,0,0,0,0,0
2026-02-12 16:15:00,6.975,2.79,416.25,0,,0,0,0,-0.2089,0.8896,-0.4075,0,0,0,0,0,0
2026-02-12 16:30:00,6.964,3.157,421.93,0,,0,0,0,-0.3039,1.9961,0.1496,0,0,0,0,0,0
2026-02-12 16:45:00,6.941,2.838,414.53,0,,0,0,0,-0.4902,1.0251,-0.5899,0,0,0,0,0,0
2026-02-12 17:00:00,6.989,2.651,420.3,0,,0,0,0,-0.0749,0.4604,-0.0088,0,0,0,0,0,0
2026-02-12 17:15:00,6.979,3.071,414.31,0,,0,0,0,-0.1629,1.7196,-0.6076,0,0,0,0,0,0
2026-02-12 17:30:00,6.942,3.08,418.52,0,,0,0,0,-0.4779,1.729,-0.1883,0,0,0,0,0,0
2026-02-12 17:45:00,7.083,2.723,414.57,0,,0,0,0,0.7229,0.6634,-0.5927,0,0,0,0,0,0
2026-02-12 18:00:00,6.982,2.797,420.04,0,,0,0,0,-0.1429,0.8837,-0.0371,0,0,0,0,0,0
2026-02-12 18:15:00,7.049,2.697,420.32,0,,0,0,0,0.4323,0.5896,0.0001,0,0,0,0,0,0
2026-02-12 18:30:00,6.899,2.799,424.0,0,,0,0,0,-0.8371,0.8988,0.3794,0,0,0,0,0,0
2026-02-12 18:45:00,7.093,2.817,429.45,0,,0,0,0,0.8122,0.9436,0.9213,0,0,0,0,0,0
2026-02-12 19:00:00,7.112,2.73,421.55,0,,0,0,0,0.9677,0.6819,0.1184,0,0,0,0,0,0
2026-02-12 19:15:00,7.05,2.491,415.86,0,,0,0,0,0.4516,-0.0276,-0.4465,0,0,0,0,0,0
2026-02-12 19:30:00,7.085,2.656,423.78,0,,0,0,0,0.7479,0.4802,0.3571,0,0,0,0,0,0
2026-02-12 19:45:00,7.094,2.828,426.5,0,,0,0,0,0.8201,0.996,0.634,0,0,0,0,0,0
2026-02-12 20:00:00,7.043,2.669,426.81,0,,0,0,0,0.3987,0.5194,0.6661,0,0,0,0,0,0
2026-02-12 20:15:00,7.111,2.628,426.04,0,,0,0,0,0.9862,0.3912,0.5894,0,0,0,0,0,0
2026-02-12 20:30:00,7.051,2.513,433.26,0,,0,0,0,0.4729,0.0413,1.3177,0,0,0,0,0,0
2026-02-12 20:45:00,7.068,2.537,428.46,0,,0,0,0,0.6234,0.1161,0.8386,0,0,0,0,0,0
2026-02-12 21:00:00,7.162,2.815,428.07,0,,0,0,0,1.4232,0.9627,0.7961,0,0,0,0,0,0
2026-02-12 21:15:00,7.162,2.407,425.91,0,,0,0,0,1.4153,-0.273,0.5758,0,0,0,0,0,0
2026-02-12 21:30:00,7.084,2.66,422.53,0,,0,0,0,0.7438,0.4918,0.2292,0,0,0,0,0,0
2026-02-12 21:45:00,7.088,2.533,431.29,0,,0,0,0,0.7727,0.1132,1.1128,0,0,0,0,0,0
2026-02-12 22:00:00,7.098,2.537,431.37,0,,0,0,0,0.8561,0.1229,1.1099,0,0,0,0,0,0
2026-02-12 22:15:00,7.171,2.364,426.53,0,,0,0,0,1.4577,-0.3922,0.632,0,0,0,0,0,0
2026-02-12 22:30:00,7.089,2.395,430.91,0,,0,0,0,0.7679,-0.2981,1.0734,0,0,0,0,0,0
2026-02-12 22:45:00,7.16,2.421,430.79,0,,0,0,0,1.3718,-0.2238,1.0605,0,0,0,0,0,0
2026-02-12 23:00:00,7.182,2.318,429.09,0,,0,0,0,1.5454,-0.5378,0.9011,0,0,0,0,0,0
2026-02-12 23:15:00,7.143,2.421,428.6,0,,0,0,0,1.2201,-0.2249,0.861,0,0,0,0,0,0
2026-02-12 23:30:00,7.199,2.416,433.52,0,,0,0,0,1.6629,-0.2471,1.3593,0,0,0,0,0,0
2026-02-12 23:45:00,7.134,2.649,431.07,0,,0,0,0,1.1197,0.4733,1.1311,0,0,0,0,0,0
2026-02-13 00:00:00,7.139,2.342,429.64,0,,0,0,0,1.1703,-0.4734,0.9961,0,0,0,0,0,0
2026-02-13 00:15:00,7.101,1.991,428.53,0,,0,0,0,0.8662,-1.5269,0.884,0,0,0,0,0,0
2026-02-13 00:30:00,7.2,2.431,431.38,0,,0,0,0,1.6765,-0.1939,1.1793,0,0,0,0,0,0
2026-02-13 00:45:00,7.109,2.206,435.47,0,,0,0,0,0.9246,-0.8863,1.604,0,0,0,0,0,0
2026-02-13 01:00:00,7.162,2.519,432.42,0,,0,0,0,1.3978,0.0692,1.2859,0,0,0,0,0,0
2026-02-13 01:15:00,7.138,2.42,430.41,0,,0,0,0,1.1941,-0.2536,1.0689,0,0,0,0,0,0
2026-02-13 01:30:00,7.086,2.107,432.32,0,,0,0,0,0.7539,-1.2375,1.2744,0,0,0,0,0,0
2026-02-13 01:45:00,7.104,2.276,436.22,0,,0,0,0,0.9111,-0.7166,1.6793,0,0,0,0,0,0
2026-02-13 02:00:00,7.199,2.064,432.35,0,,0,0,0,1.7031,-1.3615,1.2846,0,0,0,0,0,0
2026-02-13 02:15:00,7.135,2.142,431.02,0,,0,0,0,1.1571,-1.1228,1.1604,0,0,0,0,0,0
2026-02-13 02:30:00,7.069,2.232,432.07,0,,0,0,0,0.6051,-0.8439,1.2904,0,0,0,0,0,0
2026-02-13 02:45:00,7.128,2.288,428.39,0,,0,0,0,1.092,-0.6775,0.9169,0,0,0,0,0,0
2026-02-13 03:00:00,7.099,2.248,429.22,0,,0,0,0,0.8416,-0.8001,1.0078,0,0,0,0,0,0
2026-02-13 03:15:00,7.272,2.119,425.96,0,,0,0,0,2.2284,-1.2294,0.6581,0,0,0,0,0,0
2026-02-13 03:30:00,7.106,2.476,421.1,0,,0,0,0,0.8604,-0.103,0.1322,0,0,0,0,0,0
2026-02-13 03:45:00,7.064,2.046,428.04,0,,0,0,0,0.5147,-1.4744,0.8787,0,0,0,0,0,0
2026-02-13 04:00:00,7.146,1.859,427.39,0,,0,0,0,1.1738,-2.0213,0.8099,0,0,0,0,0,0
2026-02-13 04:15:00,6.974,1.889,424.16,0,,0,0,0,-0.2215,-1.9144,0.4634,0,0,0,0,0,0
2026-02-13 04:30:00,7.062,2.325,428.74,0,,0,0,0,0.5019,-0.5659,0.9406,0,0,0,0,0,0
2026-02-13 04:45:00,7.148,2.096,420.97,0,,0,0,0,1.1887,-1.2848,0.1074,0,0,0,0,0,0
2026-02-13 05:00:00,7.033,2.137,416.02,0,,0,0,0,0.2561,-1.1715,-0.4146,0,0,0,0,0,0
2026-02-13 05:15:00,6.943,2.04,419.55,0,,0,0,0,-0.4706,-1.4912,-0.036,0,0,0,0,0,0
2026-02-13 05:30:00,7.0,2.063,415.4,0,,0,0,0,-0.0033,-1.42,-0.4748,0,0,0,0,0,0
2026-02-13 05:45:00,7.083,2.023,422.14,0,,0,0,0,0.6658,-1.5336,0.2507,0,0,0,0,0,0
2026-02-13 06:00:00,7.019,2.224,416.99,0,,0,0,0,0.1485,-0.9096,-0.2953,0,0,0,0,0,0
2026-02-13 06:15:00,6.948,2.153,423.15,0,,0,0,0,-0.4212,-1.1389,0.372,0,0,0,0,0,0
2026-02-13 06:30:00,6.946,2.248,422.29,0,,0,0,0,-0.4316,-0.8612,0.2733,0,0,0,0,0,0
2026-02-13 06:45:00,6.943,2.25,413.96,0,,0,0,0,-0.4537,-0.8615,-0.6193,0,0,0,0,0,0
2026-02-13 07:00:00,6.979,2.153,413.66,0,,0,0,0,-0.1625,-1.1633,-0.6457,0,0,0,0,0,0
2026-02-13 07:15:00,7.019,2.017,418.28,0,,0,0,0,0.1603,-1.5746,-0.1487,0,0,0,0,0,0
2026-02-13 07:30:00,6.995,2.025,419.33,0,,0,0,0,-0.0414,-1.5283,-0.0378,0,0,0,0,0,0
2026-02-13 07:45:00,6.956,2.732,406.64,0,,0,0,0,-0.3637,0.7027,-1.3726,0,0,0,0,0,0
2026-02-13 08:00:00,6.858,2.522,415.13,0,,0,0,0,-1.1492,0.0249,-0.4867,0,0,0,0,0,0
2026-02-13 08:15:00,6.85,2.524,404.54,0,,0,0,0,-1.1991,0.0328,-1.5957,0,0,0,0,0,0
2026-02-13 08:30:00,6.935,2.246,410.5,0,,0,0,0,-0.5229,-0.8391,-0.9538,0,0,0,0,0,0
2026-02-13 08:45:00,6.834,2.373,416.46,0,,0,0,0,-1.3267,-0.4337,-0.3289,0,0,0,0,0,0
2026-02-13 09:00:00,6.883,2.274,423.55,0,,0,0,0,-0.9318,-0.7329,0.4091,0,0,0,0,0,0
2026-02-13 09:15:00,6.902,2.225,410.02,0,,0,0,0,-0.8008,-0.8839,-1.0537,0,0,0,0,0,0
2026-02-13 09:30:00,6.824,2.359,405.49,0,,0,0,0,-1.4255,-0.4619,-1.5359,0,0,0,0,0,0
2026-02-13 09:45:00,6.824,2.673,407.97,0,,0,0,0,-1.4154,0.5284,-1.249,0,0,0,0,0,0
2026-02-13 10:00:00,6.865,2.626,409.87,0,,0,0,0,-1.085,0.3732,-1.043,0,0,0,0,0,0
2026-02-13 10:15:00,6.891,2.381,406.56,0,,0,0,0,-0.869,-0.393,-1.3981,0,0,0,0,0,0
2026-02-13 10:30:00,6.914,2.505,405.21,0,,0,0,0,-0.7009,0.0045,-1.5616,0,0,0,0,0,0
2026-02-13 10:45:00,6.888,2.69,406.93,0,,0,0,0,-0.9255,0.5881,-1.3643,0,0,0,0,0,0
2026-02-13 11:00:00,6.859,2.518,409.99,0,,0,0,0,-1.1989,0.0364,-1.0333,0,0,0,0,0,0
2026-02-13 11:15:00,6.816,2.641,407.55,0,,0,0,0,-1.5551,0.4367,-1.2953,0,0,0,0,0,0
2026-02-13 11:30:00,6.798,2.713,404.58,0,,0,0,0,-1.6947,0.6726,-1.5932,0,0,0,0,0,0
2026-02-13 11:45:00,6.825,2.736,405.35,0,,0,0,0,-1.4701,0.7404,-1.5069,0,0,0,0,0,0
2026-02-13 12:00:00,6.87,2.738,406.34,0,,0,0,0,-1.0895,0.7343,-1.3854,0,0,0,0,0,0
2026-02-13 12:15:00,6.867,2.624,404.03,0,,0,0,0,-1.1096,0.3666,-1.6029,0,0,0,0,0,0
2026-02-13 12:30:00,6.746,2.661,405.27,0,,0,0,0,-2.0693,0.5024,-1.488,0,0,0,0,0,0
2026-02-13 12:45:00,6.814,2.594,410.81,0,,0,0,0,-1.5098,0.2966,-0.927,0,0,0,0,0,0
2026-02-13 13:00:00,6.915,2.549,407.49,0,,0,0,0,-0.69,0.1588,-1.2595,0,0,0,0,0,0
2026-02-13 13:15:00,6.862,2.784,401.62,0,,0,0,0,-1.122,0.9531,-1.8377,0,0,0,0,0,0
2026-02-13 13:30:00,6.791,2.94,413.01,0,,0,0,0,-1.6904,1.4937,-0.6736,0,0,0,0,0,0
2026-02-13 13:45:00,6.983,2.626,410.9,0,,0,0,0,-0.1541,0.4477,-0.9143,0,0,0,0,0,0
2026-02-13 14:00:00,6.869,2.887,404.08,0,,0,0,0,-1.098,1.3259,-1.6166,0,0,0,0,0,0
2026-02-13 14:15:00,6.894,2.976,408.56,0,,0,0,0,-0.8886,1.6042,-1.1538,0,0,0,0,0,0
2026-02-13 14:30:00,6.901,2.594,407.31,0,,0,0,0,-0.8199,0.3372,-1.2807,0,0,0,0,0,0
2026-02-13 14:45:00,6.869,2.838,413.69,0,,0,0,0,-1.0792,1.1452,-0.6128,0,0,0,0,0,0
2026-02-13 15:00:00,6.858,3.133,410.03,0,,0,0,0,-1.1698,2.0702,-0.9972,0,0,0,0,0,0
2026-02-13 15:15:00,7.007,2.975,411.8,0,,0,0,0,0.0393,1.5238,-0.8027,0,0,0,0,0,0
2026-02-13 15:30:00,6.959,2.616,411.94,0,,0,0,0,-0.3605,0.3835,-0.7766,0,0,0,0,0,0
2026-02-13 15:45:00,6.958,2.998,407.41,0,,0,0,0,-0.384,1.6088,-1.2418,0,0,0,0,0,0
2026-02-13 16:00:00,6.954,2.788,419.62,0,,0,0,0,-0.4177,0.9614,0.0225,0,0,0,0,0,0
2026-02-13 16:15:00,6.883,3.003,417.34,0,,0,0,0,-0.9994,1.6524,-0.2182,0,0,0,0,0,0
2026-02-13 16:30:00,7.006,2.793,412.42,0,,0,0,0,0.0222,0.9936,-0.723,0,0,0,0,0,0
2026-02-13 16:45:00,6.91,2.884,416.91,0,,0,0,0,-0.7744,1.295,-0.2553,0,0,0,0,0,0
2026-02-13 17:00:00,6.975,2.806,420.79,0,,0,0,0,-0.2319,1.0239,0.1512,0,0,0,0,0,0
2026-02-13 17:15:00,6.889,2.879,417.88,0,,0,0,0,-0.9358,1.2881,-0.1581,0,0,0,0,0,0
2026-02-13 17:30:00,6.878,2.784,424.66,0,,0,0,0,-1.0171,0.9935,0.5465,0,0,0,0,0,0
2026-02-13 17:45:00,7.006,2.825,430.89,0,,0,0,0,0.0458,1.1264,1.175,0,0,0,0,0,0
2026-02-13 18:00:00,6.96,2.67,419.5,0,,0,0,0,-0.3326,0.6038,-0.0119,0,0,0,0,0,0
2026-02-13 18:15:00,6.91,2.906,418.45,0,,0,0,0,-0.7326,1.3943,-0.1193,0,0,0,0,0,0
2026-02-13 18:30:00,7.047,2.844,417.61,0,,0,0,0,0.3862,1.1798,-0.2001,0,0,0,0,0,0
2026-02-13 18:45:00,7.135,2.558,413.49,0,,0,0,0,1.107,0.2192,-0.6149,0,0,0,0,0,0
2026-02-13 19:00:00,7.108,2.932,428.1,0,,0,0,0,0.885,1.4773,0.9044,0,0,0,0,0,0
2026-02-13 19:15:00,7.035,2.737,422.44,0,,0,0,0,0.2842,0.8052,0.3069,0,0,0,0,0,0
2026-02-13 19:30:00,7.058,2.768,428.09,0,,0,0,0,0.477,0.9034,0.8889,0,0,0,0,0,0
2026-02-13 19:45:00,7.111,2.837,429.61,0,,0,0,0,0.9124,1.1349,1.0405,0,0,0,0,0,0
2026-02-13 20:00:00,7.131,2.749,421.68,0,,0,0,0,1.0641,0.8343,0.2244,0,0,0,0,0,0
2026-02-13 20:15:00,7.066,2.852,422.94,0,,0,0,0,0.5359,1.1651,0.3594,0,0,0,0,0,0
2026-02-13 20:30:00,7.093,2.609,434.28,0,,0,0,0,0.7529,0.3505,1.5368,0,0,0,0,0,0
2026-02-13 20:45:00,7.114,2.784,427.63,0,,0,0,0,0.9188,0.9215,0.8469,0,0,0,0,0,0
2026-02-13 21:00:00,7.134,2.622,425.84,0,,0,0,0,1.0882,0.3921,0.6643,0,0,0,0,0,0
2026-02-13 21:15:00,7.106,2.654,424.84,0,,0,0,0,0.8676,0.4899,0.5616,0,0,0,0,0,0
2026-02-13 21:30:00,7.113,2.613,428.95,0,,0,0,0,0.921,0.3551,0.979,0,0,0,0,0,0
2026-02-13 21:45:00,7.194,2.712,436.01,0,,0,0,0,1.5631,0.6776,1.6944,0,0,0,0,0,0
2026-02-13 22:00:00,7.19,2.608,433.13,0,,0,0,0,1.509,0.3288,1.3922,0,0,0,0,0,0
2026-02-13 22:15:00,7.158,2.407,431.49,0,,0,0,0,1.2533,-0.3416,1.212,0,0,0,0,0,0
2026-02-13 22:30:00,7.225,2.352,437.44,0,,0,0,0,1.759,-0.5229,1.7951,0,0,0,0,0,0
2026-02-13 22:45:00,7.123,2.415,436.95,0,,0,0,0,0.9513,-0.3131,1.7229,0,0,0,0,0,0
2026-02-13 23:00:00,7.226,2.282,432.93,0,,0,0,0,1.7621,-0.7535,1.3096,0,0,0,0,0,0
2026-02-13 23:15:00,7.174,2.214,442.87,0,,0,0,0,1.3413,-0.968,2.235,0,0,0,0,0,0
2026-02-13 23:30:00,7.312,2.028,430.91,0,,0,0,0,2.3829,-1.5505,1.0741,0,0,0,0,0,0
2026-02-13 23:45:00,7.09,2.091,436.37,0,,0,0,0,0.6587,-1.315,1.5915,0,0,0,0,0,0
2026-02-14 00:00:00,7.116,2.598,430.43,0,,0,0,0,0.8653,0.3198,1.0127,0,0,0,0,0,0
2026-02-14 00:15:00,7.171,2.179,435.59,0,,0,0,0,1.2827,-1.0548,1.494,0,0,0,0,0,0
2026-02-14 00:30:00,7.169,2.542,430.9,0,,0,0,0,1.2742,0.1292,1.0435,0,0,0,0,0,0
2026-02-14 00:45:00,7.245,2.297,433.61,0,,0,0,0,1.8297,-0.6774,1.3099,0,0,0,0,0,0
2026-02-14 01:00:00,7.111,2.21,441.15,0,,0,0,0,0.8057,-0.9478,2.001,0,0,0,0,0,0
2026-02-14 01:15:00,7.187,1.974,435.17,0,,0,0,0,1.3825,-1.6782,1.4186,0,0,0,0,0,0
2026-02-14 01:30:00,7.197,2.183,432.99,0,,0,0,0,1.4373,-1.0112,1.2105,0,0,0,0,0,0
2026-02-14 01:45:00,7.17,2.451,427.66,0,,0,0,0,1.22,-0.1527,0.7215,0,0,0,0,0,0
2026-02-14 02:00:00,7.082,2.387,431.15,0,,0,0,0,0.5673,-0.3743,1.0575,0,0,0,0,0,0
2026-02-14 02:15:00,7.195,2.182,425.95,0,,0,0,0,1.4193,-1.0471,0.5675,0,0,0,0,0,0
2026-02-14 02:30:00,7.18,1.958,433.07,0,,0,0,0,1.2863,-1.7489,1.2489,0,0,0,0,0,0
2026-02-14 02:45:00,7.143,1.978,432.47,0,,0,0,0,1.0046,-1.6534,1.1824,0,0,0,0,0,0
2026-02-14 03:00:00,7.116,1.986,427.77,0,,0,0,0,0.7988,-1.6022,0.7356,0,0,0,0,0,0
2026-02-14 03:15:00,7.11,2.299,434.57,0,,0,0,0,0.7801,-0.6227,1.3662,0,0,0,0,0,0
2026-02-14 03:30:00,7.087,2.348,433.4,0,,0,0,0,0.6058,-0.4623,1.233,0,0,0,0,0,0
2026-02-14 03:45:00,7.115,2.13,427.27,0,,0,0,0,0.8147,-1.161,0.6572,0,0,0,0,0,0
2026-02-14 04:00:00,7.077,2.055,428.26,0,,0,0,0,0.5314,-1.4224,0.7491,0,0,0,0,0,0
2026-02-14 04:15:00,7.024,2.333,422.95,0,,0,0,0,0.1196,-0.5524,0.2507,0,0,0,0,0,0
2026-02-14 04:30:00,7.005,1.957,423.5,0,,0,0,0,-0.0221,-1.7483,0.3085,0,0,0,0,0,0
2026-02-14 04:45:00,7.011,2.115,419.55,0,,0,0,0,0.0354,-1.2388,-0.063,0,0,0,0,0,0
2026-02-14 05:00:00,7.05,2.183,421.19,0,,0,0,0,0.3362,-1.022,0.0868,0,0,0,0,0,0
2026-02-14 05:15:00,7.028,1.992,421.92,0,,0,0,0,0.159,-1.6357,0.1534,0,0,0,0,0,0
2026-02-14 05:30:00,7.03,2.035,414.92,0,,0,0,0,0.1721,-1.4935,-0.5073,0,0,0,0,0,0
2026-02-14 05:45:00,7.035,2.034,423.09,0,,0,0,0,0.2151,-1.498,0.2634,0,0,0,0,0,0
2026-02-14 06:00:00,6.969,2.366,424.09,0,,0,0,0,-0.2935,-0.431,0.3508,0,0,0,0,0,0
2026-02-14 06:15:00,7.063,2.455,419.18,0,,0,0,0,0.4273,-0.1536,-0.1089,0,0,0,0,0,0
2026-02-14 06:30:00,6.967,2.2,407.64,0,,0,0,0,-0.3203,-0.9829,-1.1759,0,0,0,0,0,0
2026-02-14 06:45:00,6.949,2.159,416.65,0,,0,0,0,-0.4608,-1.1101,-0.3341,0,0,0,0,0,0
2026-02-14 07:00:00,6.985,2.127,411.32,0,,0,0,0,-0.1814,-1.2119,-0.8308,0,0,0,0,0,0
2026-02-14 07:15:00,6.86,2.237,413.7,0,,0,0,0,-1.1326,-0.8703,-0.6022,0,0,0,0,0,0
2026-02-14 07:30:00,6.903,2.174,421.22,0,,0,0,0,-0.7906,-1.0892,0.0995,0,0,0,0,0,0
2026-02-14 07:45:00,6.983,2.263,404.95,0,,0,0,0,-0.1771,-0.7793,-1.4178,0,0,0,0,0,0
2026-02-14 08:00:00,6.838,2.362,410.73,0,,0,0,0,-1.2897,-0.4468,-0.8715,0,0,0,0,0,0
2026-02-14 08:15:00,6.973,2.262,416.65,0,,0,0,0,-0.2638,-0.7649,-0.3358,0,0,0,0,0,0
2026-02-14 08:30:00,6.984,2.318,409.89,0,,0,0,0,-0.1829,-0.5845,-0.9706,0,0,0,0,0,0
2026-02-14 08:45:00,6.883,2.344,408.97,0,,0,0,0,-0.9745,-0.4977,-1.0443,0,0,0,0,0,0
2026-02-14 09:00:00,6.909,2.349,419.64,0,,0,0,0,-0.7755,-0.4846,-0.0425,0,0,0,0,0,0
2026-02-14 09:15:00,6.943,2.356,412.49,0,,0,0,0,-0.5147,-0.4675,-0.7155,0,0,0,0,0,0
2026-02-14 09:30:00,6.858,2.562,414.22,0,,0,0,0,-1.1867,0.2063,-0.5665,0,0,0,0,0,0
2026-02-14 09:45:00,6.919,2.208,412.0,0,,0,0,0,-0.7217,-0.9455,-0.7835,0,0,0,0,0,0
2026-02-14 10:00:00,6.837,2.736,410.25,0,,0,0,0,-1.3648,0.7898,-0.9504,0,0,0,0,0,0
2026-02-14 10:15:00,6.842,2.546,414.29,0,,0,0,0,-1.3152,0.1592,-0.5785,0,0,0,0,0,0
2026-02-14 10:30:00,6.821,2.644,416.53,0,,0,0,0,-1.4603,0.4764,-0.3795,0,0,0,0,0,0
2026-02-14 10:45:00,6.875,2.687,401.9,0,,0,0,0,-1.0372,0.618,-1.7748,0,0,0,0,0,0
2026-02-14 11:00:00,6.913,2.497,408.27,0,,0,0,0,-0.7489,-0.006,-1.1599,0,0,0,0,0,0
2026-02-14 11:15:00,6.844,2.491,408.06,0,,0,0,0,-1.2949,-0.0206,-1.1812,0,0,0,0,0,0
2026-02-14 11:30:00,6.788,2.498,406.39,0,,0,0,0,-1.7309,0.0098,-1.3465,0,0,0,0,0,0
2026-02-14 11:45:00,6.796,2.64,411.95,0,,0,0,0,-1.6597,0.4828,-0.8254,0,0,0,0,0,0
2026-02-14 12:00:00,6.87,2.805,409.03,0,,0,0,0,-1.0822,1.0241,-1.1145,0,0,0,0,0,0
2026-02-14 12:15:00,6.943,2.635,415.73,0,,0,0,0,-0.5214,0.4625,-0.4817,0,0,0,0,0,0
2026-02-14 12:30:00,6.871,2.835,412.5,0,,0,0,0,-1.1147,1.111,-0.8138,0,0,0,0,0,0
2026-02-14 12:45:00,6.834,2.409,413.69,0,,0,0,0,-1.415,-0.2815,-0.7005,0,0,0,0,0,0
2026-02-14 13:00:00,6.893,2.725,403.61,0,,0,0,0,-0.9399,0.7481,-1.6887,0,0,0,0,0,0
2026-02-14 13:15:00,6.846,2.976,405.41,0,,0,0,0,-1.3116,1.5506,-1.5249,0,0,0,0,0,0
2026-02-14 13:30:00,6.843,2.792,406.02,0,,0,0,0,-1.3489,0.9639,-1.4453,0,0,0,0,0,0
2026-02-14 13:45:00,6.818,2.708,414.53,0,,0,0,0,-1.5172,0.6856,-0.6106,0,0,0,0,0,0
2026-02-14 14:00:00,6.941,2.748,405.74,0,,0,0,0,-0.5509,0.8249,-1.4868,0,0,0,0,0,0
2026-02-14 14:15:00,6.748,2.405,406.27,0,,0,0,0,-2.0392,-0.2839,-1.4273,0,0,0,0,0,0
2026-02-14 14:30:00,6.921,2.718,405.99,0,,0,0,0,-0.6882,0.7497,-1.4509,0,0,0,0,0,0
2026-02-14 14:45:00,6.864,3.037,421.99,0,,0,0,0,-1.1338,1.7817,0.1215,0,0,0,0,0,0
2026-02-14 15:00:00,6.873,2.799,410.95,0,,0,0,0,-1.066,1.0311,-0.9737,0,0,0,0,0,0
2026-02-14 15:15:00,6.986,2.823,414.21,0,,0,0,0,-0.1782,1.1248,-0.6543,0,0,0,0,0,0
2026-02-14 15:30:00,6.873,2.547,408.13,0,,0,0,0,-1.0517,0.1985,-1.2489,0,0,0,0,0,0
2026-02-14 15:45:00,6.883,2.655,417.17,0,,0,0,0,-0.9636,0.5825,-0.3681,0,0,0,0,0,0
2026-02-14 16:00:00,6.918,3.079,406.91,0,,0,0,0,-0.6877,1.9889,-1.3648,0,0,0,0,0,0
2026-02-14 16:15:00,6.954,2.992,410.78,0,,0,0,0,-0.4159,1.6979,-0.9715,0,0,0,0,0,0
2026-02-14 16:30:00,6.921,2.702,412.48,0,,0,0,0,-0.6644,0.7273,-0.8044,0,0,0,0,0,0
2026-02-14 16:45:00,6.873,2.798,417.02,0,,0,0,0,-1.0315,1.0582,-0.3581,0,0,0,0,0,0
2026-02-14 17:00:00,6.918,2.882,413.72,0,,0,0,0,-0.6768,1.3356,-0.6737,0,0,0,0,0,0
2026-02-14 17:15:00,7.035,2.699,423.75,0,,0,0,0,0.2168,0.729,0.3043,0,0,0,0,0,0
2026-02-14 17:30:00,6.984,2.569,420.45,0,,0,0,0,-0.1886,0.2963,-0.0152,0,0,0,0,0,0
2026-02-14 17:45:00,7.013,2.835,416.46,0,,0,0,0,0.0371,1.2039,-0.3939,0,0,0,0,0,0
2026-02-14 18:00:00,6.987,2.932,423.99,0,,0,0,0,-0.1681,1.5104,0.3439,0,0,0,0,0,0
2026-02-14 18:15:00,6.977,2.921,419.21,0,,0,0,0,-0.2523,1.4716,-0.128,0,0,0,0,0,0
2026-02-14 18:30:00,7.103,2.949,419.2,0,,0,0,0,0.7278,1.5544,-0.1307,0,0,0,0,0,0
2026-02-14 18:45:00,7.02,2.568,425.92,0,,0,0,0,0.0894,0.2741,0.5198,0,0,0,0,0,0
2026-02-14 19:00:00,7.017,2.792,413.29,0,,0,0,0,0.0735,1.038,-0.712,0,0,0,0,0,0
2026-02-14 19:15:00,7.103,2.723,426.8,0,,0,0,0,0.7432,0.8055,0.6164,0,0,0,0,0,0
2026-02-14 19:30:00,7.021,2.73,421.74,0,,0,0,0,0.1023,0.8315,0.1246,0,0,0,0,0,0
2026-02-14 19:45:00,7.037,2.69,422.45,0,,0,0,0,0.2348,0.7048,0.203,0,0,0,0,0,0
2026-02-14 20:00:00,7.076,2.601,433.83,0,,0,0,0,0.5488,0.4086,1.308,0,0,0,0,0,0
2026-02-14 20:15:00,7.083,2.224,424.54,0,,0,0,0,0.6023,-0.8604,0.3924,0,0,0,0,0,0
2026-02-14 20:30:00,7.104,2.827,431.13,0,,0,0,0,0.767,1.1927,1.0476,0,0,0,0,0,0
2026-02-14 20:45:00,7.203,2.678,429.03,0,,0,0,0,1.5285,0.6909,0.838,0,0,0,0,0,0
2026-02-14 21:00:00,7.123,2.381,430.02,0,,0,0,0,0.9035,-0.3164,0.9283,0,0,0,0,0,0
2026-02-14 21:15:00,6.994,2.649,428.02,0,,0,0,0,-0.099,0.601,0.7272,0,0,0,0,0,0
2026-02-14 21:30:00,7.135,2.485,428.31,0,,0,0,0,1.0064,0.0443,0.7566,0,0,0,0,0,0
2026-02-14 21:45:00,7.127,2.463,436.09,0,,0,0,0,0.9555,-0.0223,1.5199,0,0,0,0,0,0
2026-02-14 22:00:00,7.132,2.385,434.11,0,,0,0,0,1.0057,-0.2828,1.3229,0,0,0,0,0,0
2026-02-14 22:15:00,7.147,2.554,428.76,0,,0,0,0,1.1271,0.2936,0.8035,0,0,0,0,0,0
2026-02-14 22:30:00,7.137,2.328,426.9,0,,0,0,0,1.0659,-0.4831,0.6395,0,0,0,0,0,0
2026-02-14 22:45:00,7.139,2.257,429.03,0,,0,0,0,1.0792,-0.7198,0.8688,0,0,0,0,0,0
2026-02-14 23:00:00,7.176,2.566,435.52,0,,0,0,0,1.3899,0.3308,1.5129,0,0,0,0,0,0
2026-02-14 23:15:00,7.12,2.345,436.48,0,,0,0,0,0.9466,-0.4347,1.6372,0,0,0,0,0,0
2026-02-14 23:30:00,7.101,2.325,434.12,0,,0,0,0,0.8354,-0.5201,1.3884,0,0,0,0,0,0
2026-02-14 23:45:00,7.301,2.427,425.51,0,,0,0,0,2.422,-0.1784,0.5362,0,0,0,0,0,0
2026-02-15 00:00:00,7.114,2.2,435.02,0,,0,0,0,0.8996,-0.9588,1.4954,0,0,0,0,0,0
2026-02-15 00:15:00,7.155,2.208,437.19,0,,0,0,0,1.2371,-0.9328,1.7096,0,0,0,0,0,0
2026-02-15 00:30:00,7.074,2.302,432.59,0,,0,0,0,0.589,-0.5933,1.2387,0,0,0,0,0,0
2026-02-15 00:45:00,7.153,2.005,439.69,0,,0,0,0,1.2629,-1.6039,1.9305,0,0,0,0,0,0
2026-02-15 01:00:00,7.098,2.25,426.31,0,,0,0,0,0.8066,-0.7581,0.6189,0,0,0,0,0,0
2026-02-15 01:15:00,7.12,2.086,434.1,0,,0,0,0,1.0034,-1.3389,1.4196,0,0,0,0,0,0
2026-02-15 01:30:00,7.191,2.311,427.01,0,,0,0,0,1.602,-0.5609,0.7038,0,0,0,0,0,0
2026-02-15 01:45:00,7.158,2.249,435.0,0,,0,0,0,1.3274,-0.7682,1.5066,0,0,0,0,0,0
2026-02-15 02:00:00,7.158,2.216,432.84,0,,0,0,0,1.3119,-0.8739,1.2812,0,0,0,0,0,0
2026-02-15 02:15:00,7.036,1.9,437.18,0,,0,0,0,0.3092,-1.9331,1.6889,0,0,0,0,0,0
2026-02-15 02:30:00,7.211,2.115,431.52,0,,0,0,0,1.7827,-1.2125,1.123,0,0,0,0,0,0
2026-02-15 02:45:00,7.053,1.945,427.41,0,,0,0,0,0.4596,-1.7947,0.7176,0,0,0,0,0,0
2026-02-15 03:00:00,7.182,2.108,426.52,0,,0,0,0,1.5388,-1.2453,0.6293,0,0,0,0,0,0
2026-02-15 03:15:00,7.15,1.76,426.91,0,,0,0,0,1.2604,-2.3638,0.6829,0,0,0,0,0,0
2026-02-15 03:30:00,7.12,1.872,425.26,0,,0,0,0,1.0028,-1.9317,0.527,0,0,0,0,0,0
2026-02-15 03:45:00,7.041,2.279,432.06,0,,0,0,0,0.3485,-0.5941,1.2175,0,0,0,0,0,0
2026-02-15 04:00:00,7.083,2.155,431.1,0,,0,0,0,0.7013,-1.0134,1.1126,0,0,0,0,0,0
2026-02-15 04:15:00,7.043,2.048,419.32,0,,0,0,0,0.3628,-1.3482,-0.0896,0,0,0,0,0,0
2026-02-15 04:30:00,7.059,1.967,424.75,0,,0,0,0,0.4921,-1.6171,0.4649,0,0,0,0,0,0
2026-02-15 04:45:00,7.036,1.945,424.11,0,,0,0,0,0.2965,-1.6701,0.3942,0,0,0,0,0,0
2026-02-15 05:00:00,6.937,2.144,419.98,0,,0,0,0,-0.5246,-1.015,-0.0269,0,0,0,0,0,0
2026-02-15 05:15:00,7.085,2.07,424.09,0,,0,0,0,0.7108,-1.2647,0.3909,0,0,0,0,0,0
2026-02-15 05:30:00,7.016,2.362,427.41,0,,0,0,0,0.1343,-0.3192,0.7162,0,0,0,0,0,0
2026-02-15 05:45:00,6.986,2.114,424.35,0,,0,0,0,-0.1127,-1.1492,0.4022,0,0,0,0,0,0
2026-02-15 06:00:00,6.972,2.162,425.39,0,,0,0,0,-0.2302,-0.9777,0.5067,0,0,0,0,0,0
2026-02-15 06:15:00,7.008,1.959,416.34,0,,0,0,0,0.0763,-1.6109,-0.413,0,0,0,0,0,0
2026-02-15 06:30:00,6.936,2.129,418.58,0,,0,0,0,-0.5246,-1.0503,-0.1981,0,0,0,0,0,0
2026-02-15 06:45:00,6.858,2.226,414.6,0,,0,0,0,-1.163,-0.7376,-0.6044,0,0,0,0,0,0
2026-02-15 07:00:00,6.982,2.161,417.85,0,,0,0,0,-0.13,-0.9523,-0.2788,0,0,0,0,0,0
2026-02-15 07:15:00,6.978,2.163,417.46,0,,0,0,0,-0.1747,-0.9413,-0.3238,0,0,0,0,0,0
2026-02-15 07:30:00,6.933,2.306,419.25,0,,0,0,0,-0.5557,-0.4803,-0.1366,0,0,0,0,0,0
2026-02-15 07:45:00,6.876,2.505,419.95,0,,0,0,0,-1.0196,0.1636,-0.0816,0,0,0,0,0,0
2026-02-15 08:00:00,6.929,2.322,416.76,0,,0,0,0,-0.5893,-0.4354,-0.4246,0,0,0,0,0,0
2026-02-15 08:15:00,6.843,2.495,409.89,0,,0,0,0,-1.2908,0.1244,-1.1341,0,0,0,0,0,0
2026-02-15 08:30:00,6.857,2.44,407.29,0,,0,0,0,-1.1547,-0.0607,-1.3985,0,0,0,0,0,0
2026-02-15 08:45:00,6.864,2.534,414.17,0,,0,0,0,-1.0932,0.2422,-0.6901,0,0,0,0,0,0
2026-02-15 09:00:00,6.936,2.305,417.52,0,,0,0,0,-0.5004,-0.5098,-0.3361,0,0,0,0,0,0
2026-02-15 09:15:00,6.869,2.391,410.88,0,,0,0,0,-1.0442,-0.2281,-1.0289,0,0,0,0,0,0
2026-02-15 09:30:00,6.859,2.417,404.37,0,,0,0,0,-1.1269,-0.1377,-1.6781,0,0,0,0,0,0
2026-02-15 09:45:00,6.973,2.556,418.36,0,,0,0,0,-0.1916,0.309,-0.2399,0,0,0,0,0,0
2026-02-15 10:00:00,6.888,2.619,411.57,0,,0,0,0,-0.9029,0.5227,-0.9473,0,0,0,0,0,0
2026-02-15 10:15:00,6.882,2.545,409.92,0,,0,0,0,-0.96,0.2776,-1.1093,0,0,0,0,0,0
2026-02-15 10:30:00,6.843,2.684,404.24,0,,0,0,0,-1.2905,0.736,-1.6605,0,0,0,0,0,0
2026-02-15 10:45:00,6.828,2.494,408.7,0,,0,0,0,-1.4047,0.1141,-1.2266,0,0,0,0,0,0
2026-02-15 11:00:00,6.746,2.736,411.16,0,,0,0,0,-2.0316,0.9052,-0.9793,0,0,0,0,0,0
2026-02-15 11:15:00,6.901,2.781,410.24,0,,0,0,0,-0.7763,1.038,-1.08,0,0,0,0,0,0
2026-02-15 11:30:00,6.874,2.755,405.38,0,,0,0,0,-1.0152,0.9394,-1.5811,0,0,0,0,0,0
2026-02-15 11:45:00,6.841,2.697,407.8,0,,0,0,0,-1.2998,0.7468,-1.319,0,0,0,0,0,0
2026-02-15 12:00:00,6.843,2.807,405.54,0,,0,0,0,-1.2773,1.1059,-1.5405,0,0,0,0,0,0
2026-02-15 12:15:00,6.887,2.588,414.68,0,,0,0,0,-0.904,0.3925,-0.6007,0,0,0,0,0,0
2026-02-15 12:30:00,6.774,2.773,411.68,0,,0,0,0,-1.8091,1.0017,-0.9069,0,0,0,0,0,0
2026-02-15 12:45:00,6.823,2.809,406.13,0,,0,0,0,-1.4057,1.0991,-1.455,0,0,0,0,0,0
2026-02-15 13:00:00,6.798,2.583,403.74,0,,0,0,0,-1.5861,0.3691,-1.6984,0,0,0,0,0,0
2026-02-15 13:15:00,6.947,2.872,409.75,0,,0,0,0,-0.3922,1.3234,-1.0988,0,0,0,0,0,0
2026-02-15 13:30:00,6.905,2.63,406.94,0,,0,0,0,-0.7434,0.5369,-1.3891,0,0,0,0,0,0
2026-02-15 13:45:00,6.755,2.768,407.56,0,,0,0,0,-1.948,0.9881,-1.3087,0,0,0,0,0,0
2026-02-15 14:00:00,6.794,2.852,405.07,0,,0,0,0,-1.5987,1.2561,-1.5595,0,0,0,0,0,0
2026-02-15 14:15:00,6.869,2.749,405.98,0,,0,0,0,-1.0238,0.9029,-1.4661,0,0,0,0,0,0
2026-02-15 14:30:00,6.857,2.882,411.13,0,,0,0,0,-1.1108,1.3237,-0.9551,0,0,0,0,0,0
2026-02-15 14:45:00,6.821,2.889,409.91,0,,0,0,0,-1.3923,1.3624,-1.0606,0,0,0,0,0,0
2026-02-15 15:00:00,6.991,2.763,421.5,0,,0,0,0,-0.0324,0.9525,0.1063,0,0,0,0,0,0
2026-02-15 15:15:00,6.917,2.978,414.46,0,,0,0,0,-0.6247,1.6394,-0.6128,0,0,0,0,0,0
2026-02-15 15:30:00,6.932,2.782,408.09,0,,0,0,0,-0.5103,0.9891,-1.2631,0,0,0,0,0,0
2026-02-15 15:45:00,6.882,3.242,407.19,0,,0,0,0,-0.9158,2.3866,-1.3324,0,0,0,0,0,0
2026-02-15 16:00:00,6.961,2.884,415.59,0,,0,0,0,-0.279,1.2811,-0.4958,0,0,0,0,0,0
2026-02-15 16:15:00,6.915,2.723,413.11,0,,0,0,0,-0.6485,0.7875,-0.7531,0,0,0,0,0,0
2026-02-15 16:30:00,6.928,2.749,420.73,0,,0,0,0,-0.5438,0.8683,0.0177,0,0,0,0,0,0
2026-02-15 16:45:00,6.982,3.064,417.27,0,,0,0,0,-0.1153,1.8452,-0.3378,0,0,0,0,0,0
2026-02-15 17:00:00,6.88,2.825,408.96,0,,0,0,0,-0.9418,1.0933,-1.1802,0,0,0,0,0,0
2026-02-15 17:15:00,7.051,2.674,413.58,0,,0,0,0,0.4481,0.6155,-0.696,0,0,0,0,0,0
2026-02-15 17:30:00,6.99,2.998,415.73,0,,0,0,0,-0.0485,1.6076,-0.4711,0,0,0,0,0,0
2026-02-15 17:45:00,7.054,2.796,420.98,0,,0,0,0,0.468,0.9778,0.0588,0,0,0,0,0,0
2026-02-15 18:00:00,6.946,2.944,415.79,0,,0,0,0,-0.4056,1.4405,-0.4613,0,0,0,0,0,0
2026-02-15 18:15:00,6.964,2.973,421.4,0,,0,0,0,-0.2583,1.5259,0.108,0,0,0,0,0,0
2026-02-15 18:30:00,6.961,2.859,416.22,0,,0,0,0,-0.2717,1.1771,-0.4163,0,0,0,0,0,0
2026-02-15 18:45:00,7.042,3.16,422.37,0,,0,0,0,0.386,2.0552,0.2139,0,0,0,0,0,0
2026-02-15 19:00:00,7.042,2.524,424.59,0,,0,0,0,0.3836,0.1134,0.4289,0,0,0,0,0,0
2026-02-15 19:15:00,7.025,2.641,429.7,0,,0,0,0,0.2529,0.4773,0.9454,0,0,0,0,0,0
2026-02-15 19:30:00,7.007,2.705,425.57,0,,0,0,0,0.1071,0.676,0.5199,0,0,0,0,0,0
2026-02-15 19:45:00,7.003,3.061,422.04,0,,0,0,0,0.0774,1.7385,0.1612,0,0,0,0,0,0
2026-02-15 20:00:00,7.073,2.97,431.97,0,,0,0,0,0.6499,1.4347,1.1765,0,0,0,0,0,0
2026-02-15 20:15:00,7.06,2.87,425.93,0,,0,0,0,0.5463,1.1097,0.5585,0,0,0,0,0,0
2026-02-15 20:30:00,7.057,2.534,430.4,0,,0,0,0,0.5273,0.1103,1.0157,0,0,0,0,0,0
2026-02-15 20:45:00,7.176,2.527,425.46,0,,0,0,0,1.5121,0.094,0.5169,0,0,0,0,0,0
2026-02-15 21:00:00,7.102,2.479,428.85,0,,0,0,0,0.9058,-0.0542,0.866,0,0,0,0,0,0
2026-02-15 21:15:00,7.176,2.461,425.82,0,,0,0,0,1.4834,-0.1028,0.5589,0,0,0,0,0,0
2026-02-15 21:30:00,7.092,2.776,430.81,0,,0,0,0,0.8047,0.8388,1.0654,0,0,0,0,0,0
2026-02-15 21:45:00,7.137,2.49,433.19,0,,0,0,0,1.1711,-0.025,1.318,0,0,0,0,0,0
2026-02-15 22:00:00,7.127,2.483,428.41,0,,0,0,0,1.0903,-0.0492,0.8386,0,0,0,0,0,0
2026-02-15 22:15:00,7.05,2.59,428.56,0,,0,0,0,0.4718,0.2727,0.8545,0,0,0,0,0,0
2026-02-15 22:30:00,7.21,2.198,432.51,0,,0,0,0,1.7678,-0.9038,1.25,0,0,0,0,0,0
2026-02-15 22:45:00,7.135,2.43,428.06,0,,0,0,0,1.1562,-0.2116,0.7938,0,0,0,0,0,0
2026-02-15 23:00:00,7.182,2.232,425.52,0,,0,0,0,1.5384,-0.796,0.5492,0,0,0,0,0,0
2026-02-15 23:15:00,7.11,2.327,433.18,0,,0,0,0,0.9523,-0.5095,1.3584,0,0,0,0,0,0
2026-02-15 23:30:00,7.14,2.259,431.47,0,,0,0,0,1.19,-0.711,1.1867,0,0,0,0,0,0
2026-02-15 23:45:00,7.106,2.227,431.46,0,,0,0,0,0.9576,-0.7983,1.1724,0,0,0,0,0,0
2026-02-16 00:00:00,7.212,2.334,434.08,0,,0,0,0,1.8156,-0.4836,1.4497,0,0,0,0,0,0
2026-02-16 00:15:00,7.165,2.311,434.62,0,,0,0,0,1.4236,-0.5571,1.5162,0,0,0,0,0,0
2026-02-16 00:30:00,7.167,2.224,431.25,0,,0,0,0,1.4201,-0.8151,1.1651,0,0,0,0,0,0
2026-02-16 00:45:00,7.215,2.292,427.28,0,,0,0,0,1.7937,-0.6258,0.7754,0,0,0,0,0,0
2026-02-16 01:00:00,7.203,2.087,429.04,0,,0,0,0,1.6683,-1.236,0.9592,0,0,0,0,0,0
2026-02-16 01:15:00,7.18,2.302,433.7,0,,0,0,0,1.469,-0.5978,1.4604,0,0,0,0,0,0
2026-02-16 01:30:00,7.067,2.152,431.63,0,,0,0,0,0.5824,-1.044,1.2268,0,0,0,0,0,0
2026-02-16 01:45:00,7.1,2.095,428.56,0,,0,0,0,0.8587,-1.2057,0.9144,0,0,0,0,0,0
2026-02-16 02:00:00,7.08,2.034,427.25,0,,0,0,0,0.7075,-1.3748,0.7849,0,0,0,0,0,0
2026-02-16 02:15:00,7.161,2.105,432.45,0,,0,0,0,1.3476,-1.1801,1.3664,0,0,0,0,0,0
2026-02-16 02:30:00,7.128,2.411,428.63,0,,0,0,0,1.098,-0.2673,0.9551,0,0,0,0,0,0
2026-02-16 02:45:00,7.043,2.112,432.03,0,,0,0,0,0.4025,-1.1906,1.3158,0,0,0,0,0,0
2026-02-16 03:00:00,7.097,1.942,432.0,0,,0,0,0,0.86,-1.6929,1.2981,0,0,0,0,0,0
2026-02-16 03:15:00,7.024,2.246,426.66,0,,0,0,0,0.2695,-0.8034,0.7188,0,0,0,0,0,0
2026-02-16 03:30:00,7.089,2.033,431.1,0,,0,0,0,0.8165,-1.4854,1.1873,0,0,0,0,0,0
2026-02-16 03:45:00,7.001,2.143,427.22,0,,0,0,0,0.0841,-1.1306,0.7784,0,0,0,0,0,0
2026-02-16 04:00:00,7.101,2.009,427.07,0,,0,0,0,0.9184,-1.5355,0.7701,0,0,0,0,0,0
2026-02-16 04:15:00,7.085,2.293,416.55,0,,0,0,0,0.7792,-0.6658,-0.3738,0,0,0,0,0,0
2026-02-16 04:30:00,7.153,2.015,420.71,0,,0,0,0,1.3279,-1.5431,0.0843,0,0,0,0,0,0
2026-02-16 04:45:00,7.091,2.317,420.19,0,,0,0,0,0.8077,-0.6148,0.032,0,0,0,0,0,0
2026-02-16 05:00:00,7.018,1.956,421.83,0,,0,0,0,0.1984,-1.7445,0.2091,0,0,0,0,0,0
2026-02-16 05:15:00,7.07,2.077,422.8,0,,0,0,0,0.6299,-1.3626,0.3167,0,0,0,0,0,0
2026-02-16 05:30:00,6.95,2.34,422.19,0,,0,0,0,-0.3565,-0.5298,0.2568,0,0,0,0,0,0
2026-02-16 05:45:00,6.962,2.166,421.93,0,,0,0,0,-0.2552,-1.0838,0.2313,0,0,0,0,0,0
2026-02-16 06:00:00,7.017,2.494,417.26,0,,0,0,0,0.1953,-0.056,-0.2725,0,0,0,0,0,0
2026-02-16 06:15:00,6.882,2.127,421.98,0,,0,0,0,-0.9052,-1.2423,0.2401,0,0,0,0,0,0
2026-02-16 06:30:00,6.979,2.221,425.67,0,,0,0,0,-0.1111,-0.9463,0.6365,0,0,0,0,0,0
2026-02-16 06:45:00,6.92,2.485,416.25,0,,0,0,0,-0.605,-0.1036,-0.3997,0,0,0,0,0,0
2026-02-16 07:00:00,6.966,1.99,414.24,0,,0,0,0,-0.2231,-1.6884,-0.6153,0,0,0,0,0,0
2026-02-16 07:15:00,6.898,1.991,413.4,0,,0,0,0,-0.7762,-1.6659,-0.7012,0,0,0,0,0,0
2026-02-16 07:30:00,6.964,2.137,415.75,0,,0,0,0,-0.2349,-1.1884,-0.4396,0,0,0,0,0,0
2026-02-16 07:45:00,6.935,2.4,412.59,0,,0,0,0,-0.4811,-0.3504,-0.7742,0,0,0,0,0,0
2026-02-16 08:00:00,6.995,2.059,407.08,0,,0,0,0,0.0103,-1.4103,-1.351,0,0,0,0,0,0
2026-02-16 08:15:00,6.917,2.413,407.51,0,,0,0,0,-0.6472,-0.2951,-1.2978,0,0,0,0,0,0
2026-02-16 08:30:00,6.87,2.426,416.78,0,,0,0,0,-1.042,-0.2538,-0.3136,0,0,0,0,0,0
2026-02-16 08:45:00,6.889,2.674,417.22,0,,0,0,0,-0.8873,0.5198,-0.2697,0,0,0,0,0,0
2026-02-16 09:00:00,6.827,2.553,417.91,0,,0,0,0,-1.3845,0.1325,-0.1951,0,0,0,0,0,0
2026-02-16 09:15:00,6.908,2.477,411.88,0,,0,0,0,-0.7177,-0.1093,-0.8529,0,0,0,0,0,0
2026-02-16 09:30:00,6.91,2.652,406.52,0,,0,0,0,-0.7084,0.4332,-1.4444,0,0,0,0,0,0
2026-02-16 09:45:00,6.999,2.555,408.27,0,,0,0,0,0.0334,0.1283,-1.2317,0,0,0,0,0,0
2026-02-16 10:00:00,6.839,2.431,403.64,0,,0,0,0,-1.294,-0.2554,-1.7048,0,0,0,0,0,0
2026-02-16 10:15:00,6.852,2.354,403.12,0,,0,0,0,-1.18,-0.4906,-1.7345,0,0,0,0,0,0
2026-02-16 10:30:00,6.833,2.467,409.93,0,,0,0,0,-1.3353,-0.1288,-1.0273,0,0,0,0,0,0
2026-02-16 10:45:00,6.869,2.572,410.79,0,,0,0,0,-1.0449,0.1988,-0.94,0,0,0,0,0,0
2026-02-16 11:00:00,6.874,2.63,416.24,0,,0,0,0,-1.0324,0.3854,-0.3628,0,0,0,0,0,0
2026-02-16 11:15:00,6.85,2.308,407.9,0,,0,0,0,-1.2256,-0.6147,-1.2537,0,0,0,0,0,0
2026-02-16 11:30:00,6.906,2.62,402.67,0,,0,0,0,-0.758,0.3755,-1.8024,0,0,0,0,0,0
2026-02-16 11:45:00,6.819,2.681,407.54,0,,0,0,0,-1.4877,0.5693,-1.282,0,0,0,0,0,0
2026-02-16 12:00:00,6.899,2.782,406.87,0,,0,0,0,-0.8222,0.8905,-1.3578,0,0,0,0,0,0
2026-02-16 12:15:00,6.877,2.966,406.06,0,,0,0,0,-1.007,1.4453,-1.4214,0,0,0,0,0,0
2026-02-16 12:30:00,6.851,2.771,409.48,0,,0,0,0,-1.2474,0.8342,-1.0543,0,0,0,0,0,0
2026-02-16 12:45:00,6.837,2.627,403.37,0,,0,0,0,-1.371,0.3904,-1.6888,0,0,0,0,0,0
2026-02-16 13:00:00,6.976,2.51,408.93,0,,0,0,0,-0.1977,0.0246,-1.1187,0,0,0,0,0,0
2026-02-16 13:15:00,6.817,2.904,411.24,0,,0,0,0,-1.5524,1.2623,-0.8769,0,0,0,0,0,0
2026-02-16 13:30:00,6.876,2.687,414.59,0,,0,0,0,-1.0394,0.5776,-0.534,0,0,0,0,0,0
2026-02-16 13:45:00,6.828,2.963,410.48,0,,0,0,0,-1.4755,1.4278,-0.9808,0,0,0,0,0,0
2026-02-16 14:00:00,6.959,3.056,413.78,0,,0,0,0,-0.3578,1.6954,-0.643,0,0,0,0,0,0
2026-02-16 14:15:00,6.92,2.627,408.25,0,,0,0,0,-0.7101,0.3747,-1.2506,0,0,0,0,0,0
2026-02-16 14:30:00,6.847,2.953,409.26,0,,0,0,0,-1.3552,1.3778,-1.1359,0,0,0,0,0,0
2026-02-16 14:45:00,6.913,3.073,416.37,0,,0,0,0,-0.7869,1.7274,-0.3719,0,0,0,0,0,0
2026-02-16 15:00:00,6.907,3.039,406.03,0,,0,0,0,-0.8297,1.5976,-1.468,0,0,0,0,0,0
2026-02-16 15:15:00,6.875,2.578,410.48,0,,0,0,0,-1.1072,0.2162,-0.9791,0,0,0,0,0,0
2026-02-16 15:30:00,6.947,2.769,417.21,0,,0,0,0,-0.4691,0.8015,-0.2664,0,0,0,0,0,0
2026-02-16 15:45:00,6.936,2.707,412.49,0,,0,0,0,-0.5743,0.6449,-0.79,0,0,0,0,0,0
2026-02-16 16:00:00,6.936,2.979,412.86,0,,0,0,0,-0.5713,1.4898,-0.7451,0,0,0,0,0,0
2026-02-16 16:15:00,6.932,2.961,413.63,0,,0,0,0,-0.6093,1.4141,-0.6619,0,0,0,0,0,0
2026-02-16 16:30:00,6.964,2.492,415.88,0,,0,0,0,-0.3274,-0.0325,-0.4106,0,0,0,0,0,0
2026-02-16 16:45:00,6.963,2.847,420.49,0,,0,0,0,-0.3344,1.0901,0.0884,0,0,0,0,0,0
2026-02-16 17:00:00,6.964,3.006,420.59,0,,0,0,0,-0.3351,1.5717,0.0868,0,0,0,0,0,0
2026-02-16 17:15:00,6.939,2.901,417.7,0,,0,0,0,-0.5491,1.2287,-0.236,0,0,0,0,0,0
2026-02-16 17:30:00,7.065,2.891,422.8,0,,0,0,0,0.5752,1.207,0.3176,0,0,0,0,0,0
2026-02-16 17:45:00,6.938,2.804,420.58,0,,0,0,0,-0.5531,0.9356,0.0735,0,0,0,0,0,0
2026-02-16 18:00:00,7.021,2.688,423.44,0,,0,0,0,0.1844,0.5877,0.38,0,0,0,0,0,0
2026-02-16 18:15:00,6.994,2.83,416.67,0,,0,0,0,-0.0608,1.0443,-0.3605,0,0,0,0,0,0
2026-02-16 18:30:00,7.108,2.825,428.52,0,,0,0,0,0.9455,1.0309,0.9272,0,0,0,0,0,0
2026-02-16 18:45:00,6.984,2.893,423.22,0,,0,0,0,-0.1584,1.2737,0.3445,0,0,0,0,0,0
2026-02-16 19:00:00,7.002,2.887,412.11,0,,0,0,0,0.0064,1.2323,-0.8578,0,0,0,0,0,0
2026-02-16 19:15:00,7.0,2.777,430.5,0,,0,0,0,-0.0091,0.875,1.1523,0,0,0,0,0,0
2026-02-16 19:30:00,7.074,2.908,424.61,0,,0,0,0,0.6461,1.2757,0.5099,0,0,0,0,0,0
2026-02-16 19:45:00,6.998,2.666,423.73,0,,0,0,0,-0.0328,0.5337,0.4114,0,0,0,0,0,0
2026-02-16 20:00:00,7.051,2.483,423.58,0,,0,0,0,0.4435,-0.0364,0.408,0,0,0,0,0,0
2026-02-16 20:15:00,6.976,2.748,428.42,0,,0,0,0,-0.2201,0.83,0.9364,0,0,0,0,0,0
2026-02-16 20:30:00,7.103,2.672,423.75,0,,0,0,0,0.9107,0.577,0.4331,0,0,0,0,0,0
2026-02-16 20:45:00,7.074,2.703,425.6,0,,0,0,0,0.6683,0.6702,0.6376,0,0,0,0,0,0
2026-02-16 21:00:00,7.032,2.414,426.27,0,,0,0,0,0.2969,-0.2643,0.7166,0,0,0,0,0,0
2026-02-16 21:15:00,7.167,2.847,427.85,0,,0,0,0,1.5237,1.1183,0.8878,0,0,0,0,0,0
2026-02-16 21:30:00,7.054,2.659,427.46,0,,0,0,0,0.5027,0.5186,0.852,0,0,0,0,0,0
2026-02-16 21:45:00,7.165,2.483,433.39,0,,0,0,0,1.5046,-0.0493,1.5104,0,0,0,0,0,0
2026-02-16 22:00:00,7.095,2.36,431.48,0,,0,0,0,0.8757,-0.4418,1.2894,0,0,0,0,0,0
2026-02-16 22:15:00,7.215,2.635,432.33,0,,0,0,0,1.9152,0.4432,1.3721,0,0,0,0,0,0
2026-02-16 22:30:00,7.176,2.283,433.53,0,,0,0,0,1.5789,-0.6957,1.5005,0,0,0,0,0,0
2026-02-16 22:45:00,7.092,2.761,430.99,0,,0,0,0,0.8325,0.8345,1.2136,0,0,0,0,0,0
2026-02-16 23:00:00,7.099,2.304,427.51,0,,0,0,0,0.9125,-0.6404,0.8287,0,0,0,0,0,0
2026-02-16 23:15:00,7.177,2.629,438.99,0,,0,0,0,1.6029,0.398,2.0534,0,0,0,0,0,0
2026-02-16 23:30:00,7.136,2.319,435.61,0,,0,0,0,1.2337,-0.6056,1.6719,0,0,0,0,0,0
2026-02-16 23:45:00,7.141,2.56,438.43,0,,0,0,0,1.2708,0.163,1.9426,0,0,0,0,0,0
2026-02-17 00:00:00,7.214,2.19,436.14,0,,0,0,0,1.9269,-1.0292,1.6914,0,0,0,0,0,0
2026-02-17 00:15:00,7.112,2.281,430.13,0,,0,0,0,1.0207,-0.7335,1.0684,0,0,0,0,0,0
2026-02-17 00:30:00,7.153,2.377,422.51,0,,0,0,0,1.3959,-0.4299,0.2697,0,0,0,0,0,0
2026-02-17 00:45:00,7.195,2.336,426.85,0,,0,0,0,1.7851,-0.5649,0.7353,0,0,0,0,0,0
2026-02-17 01:00:00,7.185,2.382,434.14,0,,0,0,0,1.701,-0.4295,1.4999,0,0,0,0,0,0
2026-02-17 01:15:00,7.134,2.126,430.96,0,,0,0,0,1.2477,-1.2546,1.1694,0,0,0,0,0,0
2026-02-17 01:30:00,7.124,2.195,429.41,0,,0,0,0,1.1447,-1.033,1.0091,0,0,0,0,0,0
2026-02-17 01:45:00,7.048,2.355,420.78,0,,0,0,0,0.4562,-0.5244,0.0939,0,0,0,0,0,0
2026-02-17 02:00:00,7.077,2.048,430.34,0,,0,0,0,0.7228,-1.5359,1.1152,0,0,0,0,0,0
2026-02-17 02:15:00,7.141,2.227,425.65,0,,0,0,0,1.3157,-0.9555,0.6247,0,0,0,0,0,0
2026-02-17 02:30:00,7.112,2.098,426.62,0,,0,0,0,1.0522,-1.3588,0.7331,0,0,0,0,0,0
2026-02-17 02:45:00,7.117,2.152,432.42,0,,0,0,0,1.0853,-1.1852,1.3597,0,0,0,0,0,0
2026-02-17 03:00:00,7.158,2.126,424.37,0,,0,0,0,1.4455,-1.2899,0.5014,0,0,0,0,0,0
2026-02-17 03:15:00,7.04,1.989,424.18,0,,0,0,0,0.3691,-1.7152,0.4843,0,0,0,0,0,0
2026-02-17 03:30:00,7.08,2.064,428.05,0,,0,0,0,0.7346,-1.4728,0.914,0,0,0,0,0,0
2026-02-17 03:45:00,7.093,2.123,430.16,0,,0,0,0,0.8411,-1.2773,1.1383,0,0,0,0,0,0
2026-02-17 04:00:00,7.04,2.085,424.39,0,,0,0,0,0.3672,-1.4103,0.5117,0,0,0,0,0,0
2026-02-17 04:15:00,7.138,2.337,431.18,0,,0,0,0,1.2485,-0.5823,1.2294,0,0,0,0,0,0
2026-02-17 04:30:00,7.103,2.255,419.48,0,,0,0,0,0.9412,-0.87,-0.041,0,0,0,0,0,0
2026-02-17 04:45:00,7.063,2.151,418.04,0,,0,0,0,0.5805,-1.2043,-0.195,0,0,0,0,0,0
2026-02-17 05:00:00,7.129,1.999,416.95,0,,0,0,0,1.1642,-1.7141,-0.3079,0,0,0,0,0,0
2026-02-17 05:15:00,6.954,1.998,415.73,0,,0,0,0,-0.4119,-1.7072,-0.4322,0,0,0,0,0,0
2026-02-17 05:30:00,7.019,2.427,422.91,0,,0,0,0,0.1718,-0.2912,0.3467,0,0,0,0,0,0
2026-02-17 05:45:00,7.028,1.99,416.87,0,,0,0,0,0.2474,-1.7177,-0.3034,0,0,0,0,0,0
2026-02-17 06:00:00,6.954,2.171,414.36,0,,0,0,0,-0.4188,-1.1051,-0.5718,0,0,0,0,0,0
2026-02-17 06:15:00,7.005,2.222,420.73,0,,0,0,0,0.0328,-0.9453,0.1202,0,0,0,0,0,0
2026-02-17 06:30:00,6.925,2.136,421.73,0,,0,0,0,-0.6914,-1.2201,0.2336,0,0,0,0,0,0
2026-02-17 06:45:00,7.005,2.049,421.86,0,,0,0,0,0.0299,-1.472,0.2414,0,0,0,0,0,0
2026-02-17 07:00:00,7.014,2.099,420.4,0,,0,0,0,0.1077,-1.3217,0.0759,0,0,0,0,0,0
2026-02-17 07:15:00,6.965,2.154,412.47,0,,0,0,0,-0.3484,-1.1579,-0.786,0,0,0,0,0,0
2026-02-17 07:30:00,6.85,2.15,416.51,0,,0,0,0,-1.3805,-1.172,-0.3474,0,0,0,0,0,0
2026-02-17 07:45:00,6.885,2.477,416.68,0,,0,0,0,-1.0531,-0.1049,-0.3344,0,0,0,0,0,0
2026-02-17 08:00:00,6.953,2.299,412.1,0,,0,0,0,-0.4326,-0.7021,-0.8453,0,0,0,0,0,0
2026-02-17 08:15:00,6.918,2.245,413.99,0,,0,0,0,-0.7496,-0.8717,-0.65,0,0,0,0,0,0
2026-02-17 08:30:00,6.774,2.363,407.69,0,,0,0,0,-2.0147,-0.4807,-1.325,0,0,0,0,0,0
2026-02-17 08:45:00,6.963,2.472,409.58,0,,0,0,0,-0.3367,-0.1154,-1.1022,0,0,0,0,0,0
2026-02-17 09:00:00,6.901,2.345,413.0,0,,0,0,0,-0.9072,-0.5259,-0.7219,0,0,0,0,0,0
2026-02-17 09:15:00,6.846,2.557,417.01,0,,0,0,0,-1.3895,0.1687,-0.2926,0,0,0,0,0,0
2026-02-17 09:30:00,6.931,2.257,415.09,0,,0,0,0,-0.6288,-0.8027,-0.5168,0,0,0,0,0,0
2026-02-17 09:45:00,6.841,2.65,412.67,0,,0,0,0,-1.4085,0.4833,-0.7927,0,0,0,0,0,0
2026-02-17 10:00:00,6.836,2.499,409.93,0,,0,0,0,-1.4522,-0.014,-1.1153,0,0,0,0,0,0
2026-02-17 10:15:00,6.883,2.519,408.94,0,,0,0,0,-1.0405,0.046,-1.2463,0,0,0,0,0,0
2026-02-17 10:30:00,6.95,2.448,403.12,0,,0,0,0,-0.4581,-0.1865,-1.874,0,0,0,0,0,0
2026-02-17 10:45:00,6.939,2.394,405.29,0,,0,0,0,-0.5673,-0.3576,-1.6113,0,0,0,0,0,0
2026-02-17 11:00:00,6.873,2.354,405.2,0,,0,0,0,-1.1661,-0.4792,-1.5881,0,0,0,0,0,0
2026-02-17 11:15:00,6.876,2.514,410.53,0,,0,0,0,-1.145,0.0387,-1.0113,0,0,0,0,0,0
2026-02-17 11:30:00,6.891,2.741,411.88,0,,0,0,0,-1.0056,0.779,-0.8866,0,0,0,0,0,0
2026-02-17 11:45:00,6.787,2.533,410.97,0,,0,0,0,-1.9375,0.1021,-0.9968,0,0,0,0,0,0
2026-02-17 12:00:00,6.882,2.468,412.73,0,,0,0,0,-1.0751,-0.1012,-0.8128,0,0,0,0,0,0
2026-02-17 12:15:00,6.814,2.586,408.31,0,,0,0,0,-1.6691,0.305,-1.3196,0,0,0,0,0,0
2026-02-17 12:30:00,6.867,2.686,404.17,0,,0,0,0,-1.1984,0.6436,-1.766,0,0,0,0,0,0
2026-02-17 12:45:00,6.842,2.712,408.03,0,,0,0,0,-1.4241,0.7264,-1.35,0,0,0,0,0,0
2026-02-17 13:00:00,6.88,2.764,405.51,0,,0,0,0,-1.0678,0.8877,-1.6219,0,0,0,0,0,0
2026-02-17 13:15:00,6.864,2.956,411.27,0,,0,0,0,-1.2226,1.5211,-0.9733,0,0,0,0,0,0
2026-02-17 13:30:00,6.708,3.005,407.48,0,,0,0,0,-2.534,1.6518,-1.3802,0,0,0,0,0,0
2026-02-17 13:45:00,6.874,3.133,408.84,0,,0,0,0,-1.0957,2.0444,-1.2237,0,0,0,0,0,0
2026-02-17 14:00:00,6.902,2.603,412.38,0,,0,0,0,-0.8421,0.3456,-0.8266,0,0,0,0,0,0
2026-02-17 14:15:00,6.898,2.73,407.06,0,,0,0,0,-0.8737,0.7596,-1.4147,0,0,0,0,0,0
2026-02-17 14:30:00,6.876,2.974,414.34,0,,0,0,0,-1.0719,1.5606,-0.615,0,0,0,0,0,0
2026-02-17 14:45:00,6.969,2.811,405.59,0,,0,0,0,-0.263,1.0474,-1.5605,0,0,0,0,0,0
2026-02-17 15:00:00,6.91,3.015,412.74,0,,0,0,0,-0.7816,1.7308,-0.7864,0,0,0,0,0,0
2026-02-17 15:15:00,6.923,2.923,411.72,0,,0,0,0,-0.6745,1.3975,-0.9027,0,0,0,0,0,0
2026-02-17 15:30:00,6.961,3.133,416.0,0,,0,0,0,-0.3408,2.041,-0.4239,0,0,0,0,0,0
2026-02-17 15:45:00,6.935,3.056,407.84,0,,0,0,0,-0.5701,1.7541,-1.32,0,0,0,0,0,0
2026-02-17 16:00:00,6.88,3.059,407.88,0,,0,0,0,-1.0459,1.7533,-1.3021,0,0,0,0,0,0
2026-02-17 16:15:00,6.812,2.837,417.69,0,,0,0,0,-1.6127,1.0559,-0.2269,0,0,0,0,0,0
2026-02-17 16:30:00,6.919,2.882,413.84,0,,0,0,0,-0.6784,1.1782,-0.6486,0,0,0,0,0,0
2026-02-17 16:45:00,6.99,2.847,415.78,0,,0,0,0,-0.0657,1.067,-0.4289,0,0,0,0,0,0
2026-02-17 17:00:00,6.944,2.66,414.26,0,,0,0,0,-0.4623,0.4901,-0.588,0,0,0,0,0,0
2026-02-17 17:15:00,7.011,3.1,421.31,0,,0,0,0,0.1117,1.8786,0.1828,0,0,0,0,0,0
2026-02-17 17:30:00,6.988,2.981,419.63,0,,0,0,0,-0.081,1.4908,0.0017,0,0,0,0,0,0
2026-02-17 17:45:00,7.055,2.807,420.18,0,,0,0,0,0.4906,0.9392,0.0627,0,0,0,0,0,0
2026-02-17 18:00:00,6.985,3.042,415.32,0,,0,0,0,-0.1144,1.6506,-0.4625,0,0,0,0,0,0
2026-02-17 18:15:00,7.033,2.738,422.79,0,,0,0,0,0.299,0.7045,0.352,0,0,0,0,0,0
2026-02-17 18:30:00,7.045,2.542,417.6,0,,0,0,0,0.4106,0.0995,-0.2072,0,0,0,0,0,0
2026-02-17 18:45:00,7.104,2.952,419.71,0,,0,0,0,0.9102,1.3864,0.03,0,0,0,0,0,0
2026-02-17 19:00:00,6.953,2.591,417.64,0,,0,0,0,-0.3961,0.263,-0.206,0,0,0,0,0,0
2026-02-17 19:15:00,7.025,2.734,423.23,0,,0,0,0,0.2262,0.718,0.4257,0,0,0,0,0,0
2026-02-17 19:30:00,7.1,2.774,428.85,0,,0,0,0,0.8728,0.8533,1.0446,0,0,0,0,0,0
2026-02-17 19:45:00,7.144,2.78,426.21,0,,0,0,0,1.2305,0.8663,0.7465,0,0,0,0,0,0
2026-02-17 20:00:00,7.087,2.827,424.23,0,,0,0,0,0.7364,0.9989,0.5256,0,0,0,0,0,0
2026-02-17 20:15:00,7.069,2.764,427.1,0,,0,0,0,0.573,0.799,0.8471,0,0,0,0,0,0
2026-02-17 20:30:00,7.129,2.736,427.72,0,,0,0,0,1.0817,0.7075,0.9085,0,0,0,0,0,0
2026-02-17 20:45:00,7.142,2.51,428.18,0,,0,0,0,1.1802,0.001,0.9542,0,0,0,0,0,0
2026-02-17 21:00:00,7.088,2.648,429.19,0,,0,0,0,0.7149,0.4292,1.0593,0,0,0,0,0,0
2026-02-17 21:15:00,7.129,2.352,424.86,0,,0,0,0,1.0701,-0.4919,0.5868,0,0,0,0,0,0
2026-02-17 21:30:00,7.178,2.787,429.95,0,,0,0,0,1.4606,0.882,1.1433,0,0,0,0,0,0
2026-02-17 21:45:00,7.219,2.316,422.96,0,,0,0,0,1.7875,-0.602,0.3893,0,0,0,0,0,0
2026-02-17 22:00:00,7.167,2.448,432.69,0,,0,0,0,1.3379,-0.1881,1.47,0,0,0,0,0,0
2026-02-17 22:15:00,7.137,2.276,426.35,0,,0,0,0,1.1064,-0.7187,0.7774,0,0,0,0,0,0
2026-02-17 22:30:00,7.136,2.338,435.8,0,,0,0,0,1.1064,-0.5255,1.8263,0,0,0,0,0,0
2026-02-17 22:45:00,7.17,2.424,421.58,0,,0,0,0,1.3758,-0.2435,0.2517,0,0,0,0,0,0
2026-02-17 23:00:00,7.139,2.317,438.29,0,,0,0,0,1.1095,-0.5832,2.0808,0,0,0,0,0,0
2026-02-17 23:15:00,7.157,2.543,425.21,0,,0,0,0,1.2642,0.1363,0.6667,0,0,0,0,0,0
2026-02-17 23:30:00,7.096,2.381,427.1,0,,0,0,0,0.7607,-0.3801,0.903,0,0,0,0,0,0
2026-02-17 23:45:00,7.215,2.254,433.17,0,,0,0,0,1.735,-0.7711,1.625,0,0,0,0,0,0
2026-02-18 00:00:00,7.093,2.28,,1,,0,0,1,0.7426,-0.6934,1.6393,0,0,1,1,1,1
2026-02-18 00:15:00,7.128,2.461,,1,,0,0,1,1.0341,-0.1251,1.6268,0,0,1,1,1,1
2026-02-18 00:30:00,7.154,2.393,,1,,0,0,1,1.2522,-0.3421,1.5932,0,0,1,1,1,1
2026-02-18 00:45:00,7.247,2.065,,1,,0,0,1,2.012,-1.3654,1.571,0,0,1,1,1,1
2026-02-18 01:00:00,7.124,2.115,,1,,0,0,1,0.9995,-1.1906,1.5751,0,0,1,1,1,1
2026-02-18 01:15:00,7.109,2.27,,1,,0,0,1,0.8778,-0.7127,1.5665,0,0,1,1,1,1
2026-02-18 01:30:00,7.111,2.236,,1,,0,0,1,0.8968,-0.822,1.5527,0,0,1,1,1,1
2026-02-18 01:45:00,7.217,2.01,,1,,0,0,1,1.7459,-1.5061,1.5193,0,0,1,1,1,1
2026-02-18 02:00:00,6.989,2.266,,1,,0,0,1,-0.1347,-0.7207,1.5092,0,0,1,1,1,1
2026-02-18 02:15:00,7.075,2.008,,1,,0,0,1,0.5873,-1.5109,1.4864,0,0,1,1,1,1
2026-02-18 02:30:00,7.256,2.326,,1,,0,0,1,2.0454,-0.5316,1.4665,0,0,1,1,1,1
2026-02-18 02:45:00,7.142,2.201,,1,,0,0,1,1.108,-0.9265,1.4639,0,0,1,1,1,1
2026-02-18 03:00:00,7.051,1.944,,1,,0,0,1,0.3768,-1.7127,1.4398,0,0,1,1,1,1
2026-02-18 03:15:00,7.097,2.028,,1,,0,0,1,0.7485,-1.4553,1.416,0,0,1,1,1,1
2026-02-18 03:30:00,7.095,2.021,,1,,0,0,1,0.7301,-1.4728,1.4012,0,0,1,1,1,1
2026-02-18 03:45:00,7.126,2.125,,1,,0,0,1,0.9791,-1.1492,1.3921,0,0,1,1,1,1
2026-02-18 04:00:00,7.167,2.069,,1,,0,0,1,1.2925,-1.3221,1.3701,0,0,1,1,1,1
2026-02-18 04:15:00,7.086,1.929,,1,,0,0,1,0.6425,-1.719,1.3642,0,0,1,1,1,1
2026-02-18 04:30:00,7.03,1.894,,1,,0,0,1,0.1934,-1.7885,1.3364,0,0,1,1,1,1
2026-02-18 04:45:00,7.088,2.19,,1,,0,0,1,0.6641,-0.8965,1.3084,0,0,1,1,1,1
2026-02-18 05:00:00,7.004,2.157,,1,,0,0,1,-0.0104,-1.0076,1.2807,0,0,1,1,1,1
2026-02-18 05:15:00,6.978,2.137,,1,,0,0,1,-0.2258,-1.0791,1.2532,0,0,1,1,1,1
2026-02-18 05:30:00,6.932,2.171,,1,,0,0,1,-0.5947,-0.9623,1.2327,0,0,1,1,1,1
2026-02-18 05:45:00,6.932,2.048,,1,,0,0,1,-0.5855,-1.3424,1.2072,0,0,1,1,1,1
2026-02-18 06:00:00,6.955,2.181,,1,,0,0,1,-0.3976,-0.9367,1.1817,0,0,1,1,1,1
2026-02-18 06:15:00,6.931,2.548,,1,,0,0,1,-0.5864,0.175,1.1605,0,0,1,1,1,1
2026-02-18 06:30:00,6.996,2.359,,1,,0,0,1,-0.0621,-0.4139,1.1408,0,0,1,1,1,1
2026-02-18 06:45:00,6.911,2.156,,1,,0,0,1,-0.7471,-1.0475,1.1218,0,0,1,1,1,1
2026-02-18 07:00:00,6.804,2.139,,1,,0,0,1,-1.5804,-1.1031,1.1018,0,0,1,1,1,1
2026-02-18 07:15:00,6.9,1.807,,1,,0,0,1,-0.8002,-2.0841,1.0789,0,0,1,1,1,1
2026-02-18 07:30:00,6.919,2.417,,1,,0,0,1,-0.6571,-0.2357,1.0574,0,0,1,1,1,1
2026-02-18 07:45:00,6.903,2.396,,1,,0,0,1,-0.7887,-0.2973,1.0365,0,0,1,1,1,1
2026-02-18 08:00:00,7.001,2.218,,1,,0,0,1,-0.0013,-0.8381,1.0151,0,0,1,1,1,1
2026-02-18 08:15:00,6.886,2.108,,1,,0,0,1,-0.926,-1.1649,0.9943,0,0,1,1,1,1
2026-02-18 08:30:00,6.953,2.174,,1,,0,0,1,-0.4077,-0.9542,0.9748,0,0,1,1,1,1
2026-02-18 08:45:00,6.9,2.438,,1,,0,0,1,-0.8345,-0.1531,0.955,0,0,1,1,1,1
2026-02-18 09:00:00,6.892,2.383,,1,,0,0,1,-0.8986,-0.3211,0.9353,0,0,1,1,1,1
2026-02-18 09:15:00,6.845,2.526,,1,,0,0,1,-1.2826,0.1134,0.9169,0,0,1,1,1,1
2026-02-18 09:30:00,6.878,2.461,,1,,0,0,1,-1.0047,-0.0903,0.8982,0,0,1,1,1,1
2026-02-18 09:45:00,6.837,2.619,,1,,0,0,1,-1.3376,0.3911,0.8794,0,0,1,1,1,1
2026-02-18 10:00:00,6.879,2.555,,1,,0,0,1,-1.0038,0.1947,0.8612,0,0,1,1,1,1
2026-02-18 10:15:00,6.854,2.65,,1,,0,0,1,-1.2024,0.4788,0.8435,0,0,1,1,1,1
2026-02-18 10:30:00,6.814,2.239,,1,,0,0,1,-1.5001,-0.7605,0.8293,0,0,1,1,1,1
2026-02-18 10:45:00,6.908,2.393,,1,,0,0,1,-0.7385,-0.2942,0.8141,0,0,1,1,1,1
2026-02-18 11:00:00,6.876,2.549,,1,,0,0,1,-0.9965,0.1722,0.7993,0,0,1,1,1,1
2026-02-18 11:15:00,6.83,2.791,,1,,0,0,1,-1.3568,0.8929,0.7823,0,0,1,1,1,1
2026-02-18 11:30:00,6.859,2.935,,1,,0,0,1,-1.1187,1.313,0.7652,0,0,1,1,1,1
2026-02-18 11:45:00,6.846,2.652,,1,,0,0,1,-1.2366,0.4603,0.7485,0,0,1,1,1,1
2026-02-18 12:00:00,6.807,2.608,,1,,0,0,1,-1.5322,0.3239,0.7317,0,0,1,1,1,1
2026-02-18 12:15:00,6.854,2.429,,1,,0,0,1,-1.1652,-0.2071,0.7163,0,0,1,1,1,1
2026-02-18 12:30:00,6.82,2.873,,1,,0,0,1,-1.4271,1.111,0.7041,0,0,1,1,1,1
2026-02-18 12:45:00,6.806,2.681,,1,,0,0,1,-1.5294,0.5402,0.6895,0,0,1,1,1,1
2026-02-18 13:00:00,6.774,3.227,,1,,0,0,1,-1.7541,2.1089,0.6772,0,0,1,1,1,1
2026-02-18 13:15:00,6.84,2.69,,1,,0,0,1,-1.2308,0.5536,0.6617,0,0,1,1,1,1
2026-02-18 13:30:00,6.89,3.133,,1,,0,0,1,-0.8744,1.8408,0.6485,0,0,1,1,1,1
2026-02-18 13:45:00,6.831,2.945,,1,,0,0,1,-1.3389,1.309,0.6348,0,0,1,1,1,1
2026-02-18 14:00:00,6.996,2.692,,1,,0,0,1,-0.0274,0.5593,0.6194,0,0,1,1,1,1
2026-02-18 14:15:00,6.92,2.894,,1,,0,0,1,-0.6397,1.1441,0.6081,0,0,1,1,1,1
2026-02-18 14:30:00,6.946,2.985,,1,,0,0,1,-0.4386,1.41,0.5924,0,0,1,1,1,1
2026-02-18 14:45:00,6.927,2.845,,1,,0,0,1,-0.5875,0.9976,0.5843,0,0,1,1,1,1
2026-02-18 15:00:00,6.987,3.012,,1,,0,0,1,-0.111,1.4869,0.5698,0,0,1,1,1,1
2026-02-18 15:15:00,6.862,3.015,,1,,0,0,1,-1.1104,1.4871,0.5563,0,0,1,1,1,1
2026-02-18 15:30:00,6.781,2.986,,1,,0,0,1,-1.7198,1.4174,0.5406,0,0,1,1,1,1
2026-02-18 15:45:00,6.894,2.897,,1,,0,0,1,-0.8199,1.1687,0.533,0,0,1,1,1,1
2026-02-18 16:00:00,6.953,2.724,,1,,0,0,1,-0.3613,0.6753,0.5283,0,0,1,1,1,1
2026-02-18 16:15:00,6.941,2.888,,1,,0,0,1,-0.4721,1.163,0.5127,0,0,1,1,1,1
2026-02-18 16:30:00,6.956,2.923,,1,,0,0,1,-0.3555,1.2644,0.5006,0,0,1,1,1,1
2026-02-18 16:45:00,7.018,2.611,,1,,0,0,1,0.1398,0.3419,0.487,0,0,1,1,1,1
2026-02-18 17:00:00,6.98,2.912,,1,,0,0,1,-0.1684,1.229,0.4761,0,0,1,1,1,1
2026-02-18 17:15:00,7.011,2.864,,1,,0,0,1,0.0807,1.1051,0.4597,0,0,1,1,1,1
2026-02-18 17:30:00,6.933,2.675,,1,,0,0,1,-0.5406,0.5506,0.4436,0,0,1,1,1,1
2026-02-18 17:45:00,6.935,2.809,,1,,0,0,1,-0.5143,0.9582,0.4271,0,0,1,1,1,1
2026-02-18 18:00:00,7.081,2.8,,1,,0,0,1,0.6471,0.9481,0.4166,0,0,1,1,1,1
2026-02-18 18:15:00,7.015,3.122,,1,,0,0,1,0.1205,1.8943,0.3993,0,0,1,1,1,1
2026-02-18 18:30:00,6.988,2.85,,1,,0,0,1,-0.0909,1.0559,0.3862,0,0,1,1,1,1
2026-02-18 18:45:00,6.998,2.956,,1,,0,0,1,-0.002,1.3742,0.3707,0,0,1,1,1,1
2026-02-18 19:00:00,7.006,2.765,,1,,0,0,1,0.0579,0.7923,0.3612,0,0,1,1,1,1
2026-02-18 19:15:00,7.013,2.483,,1,,0,0,1,0.1152,-0.045,0.3431,0,0,1,1,1,1
2026-02-18 19:30:00,6.993,2.844,,1,,0,0,1,-0.0368,1.0353,0.3288,0,0,1,1,1,1
2026-02-18 19:45:00,6.991,2.624,,1,,0,0,1,-0.0404,0.3817,0.3101,0,0,1,1,1,1
2026-02-18 20:00:00,7.065,2.65,,1,,0,0,1,0.5642,0.4673,0.2897,0,0,1,1,1,1
2026-02-18 20:15:00,7.054,2.519,,1,,0,0,1,0.4762,0.0797,0.2706,0,0,1,1,1,1
2026-02-18 20:30:00,7.147,2.664,,1,,0,0,1,1.2305,0.5221,0.2521,0,0,1,1,1,1
2026-02-18 20:45:00,7.114,2.788,,1,,0,0,1,0.9669,0.8859,0.2341,0,0,1,1,1,1
2026-02-18 21:00:00,7.119,2.743,,1,,0,0,1,1.0027,0.7456,0.2185,0,0,1,1,1,1
2026-02-18 21:15:00,7.076,2.816,,1,,0,0,1,0.6598,0.9476,0.1927,0,0,1,1,1,1
2026-02-18 21:30:00,7.113,2.811,,1,,0,0,1,0.9744,0.9312,0.1784,0,0,1,1,1,1
2026-02-18 21:45:00,7.143,2.219,,1,,0,0,1,1.2404,-0.8418,0.1457,0,0,1,1,1,1
2026-02-18 22:00:00,7.166,2.321,,1,,0,0,1,1.4318,-0.5314,0.1429,0,0,1,1,1,1
2026-02-18 22:15:00,7.13,2.203,,1,,0,0,1,1.1339,-0.8807,0.1116,0,0,1,1,1,1
2026-02-18 22:30:00,7.193,2.543,,1,,0,0,1,1.6415,0.1287,0.13,0,0,1,1,1,1
2026-02-18 22:45:00,7.142,2.318,,1,,0,0,1,1.2266,-0.5402,0.0807,0,0,1,1,1,1
2026-02-18 23:00:00,7.185,2.323,,1,,0,0,1,1.5703,-0.5255,0.1438,0,0,1,1,1,1
2026-02-18 23:15:00,7.123,2.339,,1,,0,0,1,1.066,-0.4708,0.1021,0,0,1,1,1,1
2026-02-18 23:30:00,7.058,2.404,,1,,0,0,1,0.5328,-0.2777,,0,0,1,1,1,1
2026-02-18 23:45:00,7.163,2.1,,1,,0,0,1,1.4183,-1.1747,,0,0,1,1,1,1
2026-02-19 00:00:00,7.186,2.111,437.29,0,CO2 sensor replaced – dropout cause: cable fault,0,0,1,1.5866,-1.1315,9.6959,0,0,1,1,1,0
2026-02-19 00:15:00,7.178,2.278,431.75,0,,0,0,1,1.5075,-0.6308,-3.2454,0,0,1,1,1,0
2026-02-19 00:30:00,7.17,2.436,424.98,0,,0,0,1,1.4376,-0.1659,-8.5601,0,0,1,1,1,0
2026-02-19 00:45:00,7.13,2.232,431.5,0,,0,0,0,1.1378,-0.7773,-1.6546,0,0,1,0,1,0
2026-02-19 01:00:00,7.105,2.098,431.94,0,,0,0,0,0.9325,-1.1737,-1.1763,0,0,1,0,1,0
2026-02-19 01:15:00,7.17,1.877,433.44,0,,0,0,0,1.4609,-1.79,0.3648,0,0,1,0,1,0
2026-02-19 01:30:00,7.16,2.326,424.96,0,,0,0,1,1.3667,-0.4817,-6.2929,0,0,1,1,1,0
2026-02-19 01:45:00,7.106,2.057,429.51,0,,0,0,0,0.9428,-1.2729,-2.6028,0,0,1,0,1,0
2026-02-19 02:00:00,7.185,1.981,433.86,0,,0,0,0,1.5665,-1.4732,0.6704,0,0,1,0,1,0
2026-02-19 02:15:00,7.081,1.884,429.56,0,,0,0,0,0.7062,-1.7408,-2.4541,0,0,1,0,1,0
2026-02-19 02:30:00,7.09,1.915,428.3,0,,0,0,1,0.8123,-1.6178,-3.1536,0,0,1,1,1,0
2026-02-19 02:45:00,7.195,1.977,436.65,0,,0,0,0,1.6825,-1.4238,2.4848,0,0,1,0,1,0
2026-02-19 03:00:00,7.149,2.078,424.21,0,,0,0,1,1.2785,-1.1481,-4.9356,0,0,1,1,1,0
2026-02-19 03:15:00,7.081,1.926,432.84,0,,0,0,0,0.7148,-1.5706,0.0114,0,0,1,0,1,0
2026-02-19 03:30:00,7.106,2.131,431.39,0,,0,0,0,0.9214,-0.997,-0.8064,0,0,1,0,1,0
2026-02-19 03:45:00,7.091,2.064,425.77,0,,0,0,1,0.8019,-1.1833,-3.677,0,0,1,1,1,0
2026-02-19 04:00:00,6.938,2.433,425.87,0,,0,0,1,-0.4601,-0.1482,-3.3625,0,0,1,1,1,0
2026-02-19 04:15:00,7.021,1.845,425.16,0,,0,0,1,0.2462,-1.8182,-3.4361,0,0,1,1,1,0
2026-02-19 04:30:00,7.055,2.128,425.32,0,,0,0,1,0.5311,-1.0296,-3.1455,0,0,1,1,1,0
2026-02-19 04:45:00,7.03,2.134,421.48,0,,0,0,1,0.3259,-1.0091,-4.2877,0,0,1,1,1,0
2026-02-19 05:00:00,7.051,1.959,421.39,0,,0,0,1,0.4991,-1.4942,-3.9133,0,0,1,1,1,0
2026-02-19 05:15:00,7.086,2.136,420.92,0,,0,0,1,0.7832,-0.9902,-3.7286,0,0,1,1,1,0
2026-02-19 05:30:00,7.004,2.246,420.27,0,,0,0,1,0.0853,-0.6804,-3.6206,0,0,1,1,1,0
2026-02-19 05:45:00,6.957,2.156,419.54,0,,0,0,1,-0.3143,-0.9437,-3.5422,0,0,1,1,1,0
2026-02-19 06:00:00,7.016,2.361,411.04,0,,0,0,1,0.1793,-0.3635,-5.0585,0,0,1,1,1,0
2026-02-19 06:15:00,6.974,1.841,419.61,0,,0,0,0,-0.18,-1.8041,-2.7942,0,0,1,0,1,0
2026-02-19 06:30:00,6.973,2.056,416.32,0,,0,0,1,-0.1864,-1.1802,-3.3182,0,0,1,1,1,0
2026-02-19 06:45:00,6.956,2.421,410.19,0,,0,0,1,-0.3351,-0.1655,-4.1769,0,0,1,1,1,0
2026-02-19 07:00:00,7.073,2.354,415.49,0,,0,0,0,0.6418,-0.3619,-2.9369,0,0,1,0,1,0
2026-02-19 07:15:00,6.84,2.317,414.62,0,,0,0,0,-1.3463,-0.4905,-2.9262,0,0,1,0,1,0
2026-02-19 07:30:00,6.923,2.441,420.51,0,,0,0,0,-0.638,-0.1342,-1.7986,0,0,1,0,1,0
2026-02-19 07:45:00,6.933,1.99,412.54,0,,0,0,1,-0.5563,-1.4063,-3.033,0,0,1,1,1,0
2026-02-19 08:00:00,6.886,2.419,416.67,0,,0,0,0,-0.9437,-0.19,-2.2399,0,0,1,0,1,0
2026-02-19 08:15:00,6.962,2.483,418.86,0,,0,0,0,-0.3045,-0.0183,-1.8208,0,0,1,0,1,0
2026-02-19 08:30:00,6.949,2.248,410.18,0,,0,0,1,-0.4153,-0.6978,-3.0427,0,0,1,1,1,0
2026-02-19 08:45:00,6.899,2.766,411.9,0,,0,0,0,-0.8427,0.7826,-2.6413,0,0,1,0,1,0
2026-02-19 09:00:00,6.88,2.426,418.43,0,,0,0,0,-1.0031,-0.1954,-1.6201,0,0,0,0,0,0
2026-02-19 09:15:00,6.882,2.093,411.89,0,,0,0,0,-0.9931,-1.1316,-2.4739,0,0,1,0,1,0
2026-02-19 09:30:00,6.876,2.505,411.97,0,,0,0,0,-1.0442,0.043,-2.3617,0,0,1,0,1,0
2026-02-19 09:45:00,6.871,2.366,408.39,0,,0,0,0,-1.0942,-0.3463,-2.7158,0,0,1,0,1,0
2026-02-19 10:00:00,6.861,2.675,412.36,0,,0,0,0,-1.1765,0.5315,-2.1081,0,0,1,0,1,0
2026-02-19 10:15:00,6.878,2.608,409.08,0,,0,0,0,-1.0352,0.3419,-2.4294,0,0,1,0,1,0
2026-02-19 10:30:00,6.899,2.463,401.59,0,,0,0,1,-0.8702,-0.0785,-3.1625,0,0,1,1,1,0
2026-02-19 10:45:00,6.796,2.803,407.22,0,,0,0,0,-1.7331,0.8783,-2.3829,0,0,0,0,0,0
2026-02-19 11:00:00,6.803,2.744,403.68,0,,0,0,0,-1.6518,0.7027,-2.6605,0,0,0,0,0,0
2026-02-19 11:15:00,6.765,2.504,408.68,0,,0,0,0,-1.9501,0.0292,-2.0278,0,0,0,0,0,0
2026-02-19 11:30:00,6.895,2.63,404.44,0,,0,0,0,-0.8609,0.4007,-2.3923,0,0,0,0,0,0
2026-02-19 11:45:00,6.863,2.754,409.94,0,,0,0,0,-1.1349,0.7527,-1.752,0,0,0,0,0,0
2026-02-19 12:00:00,6.875,2.645,408.18,0,,0,0,0,-1.0478,0.4387,-1.8792,0,0,0,0,0,0
2026-02-19 12:15:00,6.779,2.672,403.03,0,,0,0,0,-1.8415,0.5082,-2.3192,0,0,0,0,0,0
2026-02-19 12:30:00,6.941,2.749,406.13,0,,0,0,0,-0.4887,0.735,-1.9424,0,0,0,0,0,0
2026-02-19 12:45:00,6.822,2.604,410.71,0,,0,0,0,-1.5098,0.3209,-1.4514,0,0,0,0,0,0
2026-02-19 13:00:00,6.864,2.448,413.0,0,,0,0,0,-1.1731,-0.1072,-1.1994,0,0,0,0,0,0
2026-02-19 13:15:00,6.901,2.837,405.03,0,,0,0,0,-0.8633,1.0311,-1.9205,0,0,0,0,0,0
2026-02-19 13:30:00,6.812,2.519,404.52,0,,0,0,0,-1.6175,0.1183,-1.9094,0,0,0,0,0,0
2026-02-19 13:45:00,6.838,2.684,417.04,0,,0,0,0,-1.3947,0.6258,-0.705,0,0,0,0,0,0
2026-02-19 14:00:00,6.879,2.581,409.57,0,,0,0,0,-1.0238,0.3188,-1.3825,0,0,0,0,0,0
2026-02-19 14:15:00,7.018,2.611,410.39,0,,0,0,0,0.1635,0.4216,-1.2764,0,0,0,0,0,0
2026-02-19 14:30:00,6.896,2.934,407.52,0,,0,0,0,-0.8811,1.4113,-1.5084,0,0,0,0,0,0
2026-02-19 14:45:00,6.968,2.845,411.84,0,,0,0,0,-0.2664,1.1393,-1.0829,0,0,0,0,0,0
2026-02-19 15:00:00,6.954,2.848,418.38,0,,0,0,0,-0.3837,1.1623,-0.4619,0,0,0,0,0,0
2026-02-19 15:15:00,6.919,2.695,413.11,0,,0,0,0,-0.6932,0.7104,-0.9339,0,0,0,0,0,0
2026-02-19 15:30:00,6.859,2.798,416.95,0,,0,0,0,-1.2326,1.0462,-0.5616,0,0,0,0,0,0
2026-02-19 15:45:00,6.97,2.956,413.45,0,,0,0,0,-0.2703,1.5365,-0.8706,0,0,0,0,0,0
2026-02-19 16:00:00,6.85,2.892,409.9,0,,0,0,0,-1.3036,1.3226,-1.1775,0,0,0,0,0,0
2026-02-19 16:15:00,7.014,3.023,411.96,0,,0,0,0,0.1179,1.7149,-0.9648,0,0,0,0,0,0
2026-02-19 16:30:00,6.953,3.041,410.94,0,,0,0,0,-0.4136,1.7561,-1.0382,0,0,0,0,0,0
2026-02-19 16:45:00,6.819,2.854,417.01,0,,0,0,0,-1.544,1.1657,-0.4575,0,0,0,0,0,0
2026-02-19 17:00:00,6.944,2.609,421.79,0,,0,0,0,-0.4643,0.4301,0.0023,0,0,0,0,0,0
2026-02-19 17:15:00,7.003,2.765,418.3,0,,0,0,0,0.0437,0.9175,-0.3144,0,0,0,0,0,0
2026-02-19 17:30:00,6.969,2.855,417.2,0,,0,0,0,-0.2522,1.1839,-0.4053,0,0,0,0,0,0
2026-02-19 17:45:00,7.026,2.742,416.06,0,,0,0,0,0.2307,0.8399,-0.4999,0,0,0,0,0,0
2026-02-19 18:00:00,6.957,2.688,421.42,0,,0,0,0,-0.3537,0.6791,0.0267,0,0,0,0,0,0
2026-02-19 18:15:00,6.945,2.843,415.83,0,,0,0,0,-0.4507,1.1849,-0.4993,0,0,0,0,0,0
2026-02-19 18:30:00,7.016,3.182,417.03,0,,0,0,0,0.1596,2.1972,-0.3687,0,0,0,0,0,0
2026-02-19 18:45:00,7.031,2.728,425.94,0,,0,0,0,0.2859,0.8123,0.5144,0,0,0,0,0,0
2026-02-19 19:00:00,7.021,2.782,421.99,0,,0,0,0,0.1983,0.9791,0.1377,0,0,0,0,0,0
2026-02-19 19:15:00,7.11,2.567,422.67,0,,0,0,0,0.9526,0.3083,0.2179,0,0,0,0,0,0
2026-02-19 19:30:00,7.015,2.93,423.92,0,,0,0,0,0.1352,1.4275,0.3556,0,0,0,0,0,0
2026-02-19 19:45:00,7.082,2.853,428.21,0,,0,0,0,0.7003,1.1746,0.7983,0,0,0,0,0,0
2026-02-19 20:00:00,7.078,2.821,426.66,0,,0,0,0,0.6644,1.066,0.6522,0,0,0,0,0,0
2026-02-19 20:15:00,7.005,2.881,423.69,0,,0,0,0,0.0443,1.2283,0.3619,0,0,0,0,0,0
2026-02-19 20:30:00,7.025,2.589,424.48,0,,0,0,0,0.2284,0.3442,0.4565,0,0,0,0,0,0
2026-02-19 20:45:00,7.099,2.583,427.13,0,,0,0,0,0.8698,0.3339,0.7438,0,0,0,0,0,0
2026-02-19 21:00:00,7.205,2.86,429.69,0,,0,0,0,1.7592,1.1715,1.0203,0,0,0,0,0,0
2026-02-19 21:15:00,7.142,2.673,428.88,0,,0,0,0,1.2079,0.6095,0.9451,0,0,0,0,0,0
2026-02-19 21:30:00,7.033,2.219,429.02,0,,0,0,0,0.2892,-0.7598,0.9697,0,0,0,0,0,0
2026-02-19 21:45:00,6.969,2.594,430.16,0,,0,0,0,-0.2439,0.3771,1.099,0,0,0,0,0,0
2026-02-19 22:00:00,7.167,2.413,430.25,0,,0,0,0,1.4605,-0.1814,1.1165,0,0,0,0,0,0
2026-02-19 22:15:00,7.13,2.609,427.64,0,,0,0,0,1.142,0.4087,0.8488,0,0,0,0,0,0
2026-02-19 22:30:00,7.196,2.509,435.51,0,,0,0,0,1.7091,0.1018,1.6892,0,0,0,0,0,0
2026-02-19 22:45:00,7.098,2.161,429.43,0,,0,0,0,0.8735,-0.9615,1.0449,0,0,0,0,0,0
2026-02-19 23:00:00,7.162,2.437,432.11,0,,0,0,0,1.4332,-0.1183,1.3381,0,0,0,0,0,0
2026-02-19 23:15:00,7.189,2.403,423.53,0,,0,0,0,1.6477,-0.2249,0.424,0,0,0,0,0,0
2026-02-19 23:30:00,7.126,2.401,431.04,0,,0,0,0,1.0945,-0.231,1.2526,0,0,0,0,0,0
2026-02-19 23:45:00,7.128,2.409,427.58,0,,0,0,0,1.1192,-0.2178,0.8858,0,0,0,0,0,0
2026-02-20 00:00:00,7.151,2.524,428.08,0,,0,0,0,1.326,0.1257,0.967,0,0,0,0,0,0
2026-02-20 00:15:00,7.177,2.34,441.66,0,,0,0,0,1.5507,-0.4503,2.428,0,0,0,0,0,0
2026-02-20 00:30:00,7.148,2.26,432.9,0,,0,0,0,1.306,-0.6925,1.442,0,0,0,0,0,0
2026-02-20 00:45:00,7.196,2.408,436.67,0,,0,0,0,1.7009,-0.2382,1.83,0,0,0,0,0,0
2026-02-20 01:00:00,7.122,2.554,435.01,0,,0,0,0,1.0628,0.2043,1.6389,0,0,0,0,0,0
2026-02-20 01:15:00,7.076,2.337,435.3,0,,0,0,0,0.6833,-0.5027,1.6625,0,0,0,0,0,0
2026-02-20 01:30:00,7.237,2.214,430.29,0,,0,0,0,2.0439,-0.8908,1.1146,0,0,0,0,0,0
2026-02-20 01:45:00,7.104,2.232,437.19,0,,0,0,0,0.9078,-0.8447,1.8187,0,0,0,0,0,0
2026-02-20 02:00:00,7.101,2.192,433.78,0,,0,0,0,0.8981,-0.9898,1.4601,0,0,0,0,0,0
2026-02-20 02:15:00,7.121,2.144,430.14,0,,0,0,0,1.0636,-1.1711,1.0757,0,0,0,0,0,0
2026-02-20 02:30:00,7.122,2.455,430.57,0,,0,0,0,1.0665,-0.1682,1.1156,0,0,0,0,0,0
2026-02-20 02:45:00,7.093,2.009,428.48,0,,0,0,0,0.8366,-1.6718,0.9164,0,0,0,0,0,0
2026-02-20 03:00:00,7.105,2.287,428.69,0,,0,0,0,0.9491,-0.7489,0.9305,0,0,0,0,0,0
2026-02-20 03:15:00,7.097,2.089,427.74,0,,0,0,0,0.8768,-1.4413,0.8408,0,0,0,0,0,0
2026-02-20 03:30:00,7.1,1.881,428.83,0,,0,0,0,0.904,-2.1132,0.9628,0,0,0,0,0,0
2026-02-20 03:45:00,6.965,2.073,433.63,0,,0,0,0,-0.2615,-1.4657,1.4534,0,0,0,0,0,0
2026-02-20 04:00:00,7.169,2.018,421.18,0,,0,0,0,1.4847,-1.6146,0.141,0,0,0,0,0,0
2026-02-20 04:15:00,7.059,2.187,429.88,0,,0,0,0,0.5293,-1.0846,1.054,0,0,0,0,0,0
2026-02-20 04:30:00,7.086,2.117,423.12,0,,0,0,0,0.7584,-1.3215,0.3429,0,0,0,0,0,0
2026-02-20 04:45:00,6.979,1.954,428.94,0,,0,0,0,-0.1596,-1.8505,0.9457,0,0,0,0,0,0
2026-02-20 05:00:00,7.015,2.334,421.77,0,,0,0,0,0.1542,-0.5947,0.1906,0,0,0,0,0,0
2026-02-20 05:15:00,6.996,2.285,423.99,0,,0,0,0,-0.0017,-0.7718,0.4205,0,0,0,0,0,0
2026-02-20 05:30:00,7.093,2.368,420.93,0,,0,0,0,0.8273,-0.4923,0.0981,0,0,0,0,0,0
2026-02-20 05:45:00,6.981,2.177,413.86,0,,0,0,0,-0.1414,-1.153,-0.6376,0,0,0,0,0,0
2026-02-20 06:00:00,7.038,2.148,426.96,0,,0,0,0,0.3486,-1.237,0.7206,0,0,0,0,0,0
2026-02-20 06:15:00,6.958,2.273,415.44,0,,0,0,0,-0.3402,-0.8445,-0.485,0,0,0,0,0,0
2026-02-20 06:30:00,6.958,2.096,418.77,0,,0,0,0,-0.3387,-1.4717,-0.1382,0,0,0,0,0,0
2026-02-20 06:45:00,6.958,2.219,413.45,0,,0,0,0,-0.3389,-1.0256,-0.7029,0,0,0,0,0,0
2026-02-20 07:00:00,7.025,2.191,411.55,0,,0,0,0,0.2436,-1.1122,-0.8961,0,0,0,0,0,0
2026-02-20 07:15:00,6.857,2.017,415.32,0,,0,0,0,-1.2118,-1.6864,-0.501,0,0,0,0,0,0
2026-02-20 07:30:00,6.877,2.276,413.03,0,,0,0,0,-1.0309,-0.7862,-0.7314,0,0,0,0,0,0
2026-02-20 07:45:00,6.836,2.212,410.02,0,,0,0,0,-1.3643,-1.0253,-1.0415,0,0,0,0,0,0
2026-02-20 08:00:00,6.871,2.264,413.86,0,,0,0,0,-1.0622,-0.8365,-0.636,0,0,0,0,0,0
2026-02-20 08:15:00,6.876,2.378,407.41,0,,0,0,0,-1.0068,-0.4377,-1.2855,0,0,0,0,0,0
2026-02-20 08:30:00,6.828,2.538,413.2,0,,0,0,0,-1.3907,0.1055,-0.6916,0,0,0,0,0,0
2026-02-20 08:45:00,6.864,2.244,411.58,0,,0,0,0,-1.0814,-0.8964,-0.8591,0,0,0,0,0,0
2026-02-20 09:00:00,6.793,2.346,401.59,0,,0,0,0,-1.6532,-0.5387,-1.8431,0,0,0,0,0,0
2026-02-20 09:15:00,6.836,2.307,408.89,0,,0,0,0,-1.2862,-0.6873,-1.0931,0,0,0,0,0,0
2026-02-20 09:30:00,6.941,2.323,412.35,0,,0,0,0,-0.4245,-0.6235,-0.7424,0,0,0,0,0,0
2026-02-20 09:45:00,6.895,2.385,405.77,0,,0,0,0,-0.8103,-0.4079,-1.403,0,0,0,0,0,0
2026-02-20 10:00:00,6.879,2.471,411.65,0,,0,0,0,-0.9466,-0.1005,-0.8066,0,0,0,0,0,0
2026-02-20 10:15:00,6.815,2.614,410.97,0,,0,0,0,-1.4648,0.3993,-0.8791,0,0,0,0,0,0
2026-02-20 10:30:00,6.785,2.6,404.84,0,,0,0,0,-1.6829,0.3452,-1.5126,0,0,0,0,0,0
2026-02-20 10:45:00,6.801,2.42,408.59,0,,0,0,0,-1.5535,-0.2715,-1.1338,0,0,0,0,0,0
2026-02-20 11:00:00,6.853,2.798,411.71,0,,0,0,0,-1.1386,1.053,-0.8326,0,0,0,0,0,0
2026-02-20 11:15:00,6.896,2.77,404.72,0,,0,0,0,-0.808,0.9406,-1.541,0,0,0,0,0,0
2026-02-20 11:30:00,6.896,2.518,407.28,0,,0,0,0,-0.8082,0.065,-1.2869,0,0,0,0,0,0
2026-02-20 11:45:00,6.882,2.861,412.63,0,,0,0,0,-0.9285,1.2546,-0.7402,0,0,0,0,0,0
2026-02-20 12:00:00,6.813,2.749,404.57,0,,0,0,0,-1.4909,0.8588,-1.5608,0,0,0,0,0,0
2026-02-20 12:15:00,6.852,2.699,409.86,0,,0,0,0,-1.184,0.6838,-1.0349,0,0,0,0,0,0
2026-02-20 12:30:00,6.835,2.797,403.79,0,,0,0,0,-1.3068,1.0204,-1.6562,0,0,0,0,0,0
2026-02-20 12:45:00,6.843,2.76,407.59,0,,0,0,0,-1.245,0.8835,-1.2551,0,0,0,0,0,0
2026-02-20 13:00:00,6.957,2.865,410.2,0,,0,0,0,-0.3027,1.2213,-0.9806,0,0,0,0,0,0
2026-02-20 13:15:00,6.77,2.829,399.02,0,,0,0,0,-1.8341,1.0987,-2.0988,0,0,0,0,0,0
2026-02-20 13:30:00,6.85,2.767,406.78,0,,0,0,0,-1.1807,0.8739,-1.3173,0,0,0,0,0,0
2026-02-20 13:45:00,6.926,2.529,410.95,0,,0,0,0,-0.5607,0.0675,-0.8823,0,0,0,0,0,0
2026-02-20 14:00:00,6.797,2.925,410.51,0,,0,0,0,-1.6182,1.3946,-0.9289,0,0,0,0,0,0
2026-02-20 14:15:00,6.843,2.803,407.93,0,,0,0,0,-1.2123,0.9707,-1.1853,0,0,0,0,0,0
2026-02-20 14:30:00,6.855,2.986,406.06,0,,0,0,0,-1.1063,1.5809,-1.3706,0,0,0,0,0,0
2026-02-20 14:45:00,6.876,2.951,413.49,0,,0,0,0,-0.9222,1.4527,-0.6213,0,0,0,0,0,0
2026-02-20 15:00:00,6.814,2.834,410.23,0,,0,0,0,-1.4023,1.0626,-0.9386,0,0,0,0,0,0
2026-02-20 15:15:00,6.931,3.046,414.27,0,,0,0,0,-0.4577,1.7344,-0.5329,0,0,0,0,0,0
2026-02-20 15:30:00,6.942,2.927,414.22,0,,0,0,0,-0.3777,1.3309,-0.5344,0,0,0,0,0,0
2026-02-20 15:45:00,6.942,2.924,411.54,0,,0,0,0,-0.375,1.3242,-0.8014,0,0,0,0,0,0
2026-02-20 16:00:00,6.881,2.879,418.29,0,,0,0,0,-0.8755,1.1774,-0.1314,0,0,0,0,0,0
2026-02-20 16:15:00,6.938,3.152,412.32,0,,0,0,0,-0.4045,2.0534,-0.7359,0,0,0,0,0,0
2026-02-20 16:30:00,6.898,2.79,420.17,0,,0,0,0,-0.7238,0.8916,0.0488,0,0,0,0,0,0
2026-02-20 16:45:00,6.935,2.844,421.43,0,,0,0,0,-0.437,1.0704,0.1722,0,0,0,0,0,0
2026-02-20 17:00:00,7.069,2.701,421.09,0,,0,0,0,0.6493,0.5947,0.1384,0,0,0,0,0,0
2026-02-20 17:15:00,6.976,2.988,416.94,0,,0,0,0,-0.1093,1.5187,-0.2818,0,0,0,0,0,0
2026-02-20 17:30:00,6.921,2.782,428.62,0,,0,0,0,-0.5543,0.8508,0.8893,0,0,0,0,0,0
2026-02-20 17:45:00,6.999,2.788,419.82,0,,0,0,0,0.0852,0.8678,-0.0053,0,0,0,0,0,0
2026-02-20 18:00:00,6.932,2.769,420.96,0,,0,0,0,-0.4599,0.8014,0.1107,0,0,0,0,0,0
2026-02-20 18:15:00,6.95,2.842,420.7,0,,0,0,0,-0.3134,1.0396,0.0793,0,0,0,0,0,0
2026-02-20 18:30:00,6.968,2.63,417.05,0,,0,0,0,-0.1623,0.3759,-0.2908,0,0,0,0,0,0
2026-02-20 18:45:00,7.007,2.464,427.52,0,,0,0,0,0.1584,-0.1703,0.7681,0,0,0,0,0,0
2026-02-20 19:00:00,7.086,2.851,420.82,0,,0,0,0,0.7962,1.1215,0.0909,0,0,0,0,0,0
2026-02-20 19:15:00,7.077,2.447,427.54,0,,0,0,0,0.7274,-0.2249,0.7643,0,0,0,0,0,0
2026-02-20 19:30:00,7.084,2.872,429.23,0,,0,0,0,0.7765,1.2009,0.9259,0,0,0,0,0,0
2026-02-20 19:45:00,7.011,2.956,427.72,0,,0,0,0,0.1885,1.4719,0.7748,0,0,0,0,0,0
2026-02-20 20:00:00,7.048,2.675,423.23,0,,0,0,0,0.494,0.5418,0.327,0,0,0,0,0,0
2026-02-20 20:15:00,7.097,2.872,425.3,0,,0,0,0,0.8835,1.2023,0.5337,0,0,0,0,0,0
2026-02-20 20:30:00,7.06,2.649,416.6,0,,0,0,0,0.5783,0.4528,-0.335,0,0,0,0,0,0
2026-02-20 20:45:00,7.085,2.868,427.45,0,,0,0,0,0.7837,1.1678,0.7584,0,0,0,0,0,0
2026-02-20 21:00:00,7.128,2.535,431.7,0,,0,0,0,1.1516,0.0725,1.182,0,0,0,0,0,0
2026-02-20 21:15:00,7.095,2.223,428.07,0,,0,0,0,0.8881,-0.9531,0.8184,0,0,0,0,0,0
2026-02-20 21:30:00,7.13,2.54,427.16,0,,0,0,0,1.1613,0.0939,0.7299,0,0,0,0,0,0
2026-02-20 21:45:00,7.204,2.782,428.79,0,,0,0,0,1.7211,0.8953,0.8969,0,0,0,0,0,0
2026-02-20 22:00:00,7.121,2.58,435.25,0,,0,0,0,1.0596,0.2149,1.5332,0,0,0,0,0,0
2026-02-20 22:15:00,7.193,2.397,430.55,0,,0,0,0,1.6266,-0.3891,1.056,0,0,0,0,0,0
2026-02-20 22:30:00,7.167,2.497,438.52,0,,0,0,0,1.4249,-0.0547,1.8398,0,0,0,0,0,0
2026-02-20 22:45:00,7.069,2.568,429.08,0,,0,0,0,0.6359,0.1696,0.9018,0,0,0,0,0,0
2026-02-20 23:00:00,7.09,2.384,432.46,0,,0,0,0,0.8177,-0.4474,1.2371,0,0,0,0,0,0
2026-02-20 23:15:00,7.105,2.765,430.04,0,,0,0,0,0.9561,0.8187,0.9852,0,0,0,0,0,0
2026-02-20 23:30:00,7.106,2.269,440.2,0,,0,0,0,0.9678,-0.8373,1.9531,0,0,0,0,0,0
2026-02-20 23:45:00,7.145,2.473,432.69,0,,0,0,0,1.2858,-0.1576,1.209,0,0,0,0,0,0
2026-02-21 00:00:00,7.181,2.414,440.51,0,,0,0,0,1.5738,-0.3509,1.9227,0,0,0,0,0,0
2026-02-21 00:15:00,7.212,2.173,430.29,0,,0,0,0,1.816,-1.1449,0.9754,0,0,0,0,0,0
2026-02-21 00:30:00,7.164,2.193,438.01,0,,0,0,0,1.4201,-1.0737,1.7068,0,0,0,0,0,0
2026-02-21 00:45:00,7.125,2.389,432.24,0,,0,0,0,1.1179,-0.4225,1.1624,0,0,0,0,0,0
2026-02-21 01:00:00,7.041,2.239,434.94,0,,0,0,0,0.4368,-0.9053,1.4244,0,0,0,0,0,0
2026-02-21 01:15:00,7.146,2.25,426.48,0,,0,0,0,1.2904,-0.8641,0.6187,0,0,0,0,0,0
2026-02-21 01:30:00,7.14,1.937,432.48,0,,0,0,0,1.267,-1.8609,1.2009,0,0,0,0,0,0
2026-02-21 01:45:00,7.144,2.266,426.49,0,,0,0,0,1.2918,-0.793,0.6348,0,0,0,0,0,0
2026-02-21 02:00:00,7.235,2.197,431.42,0,,0,0,0,2.0006,-1.0179,1.1283,0,0,0,0,0,0
2026-02-21 02:15:00,7.187,2.132,423.9,0,,0,0,0,1.5915,-1.2285,0.3905,0,0,0,0,0,0
2026-02-21 02:30:00,7.158,2.185,429.14,0,,0,0,0,1.3488,-1.041,0.9155,0,0,0,0,0,0
2026-02-21 02:45:00,7.065,2.06,433.4,0,,0,0,0,0.6023,-1.451,1.3281,0,0,0,0,0,0
2026-02-21 03:00:00,7.08,2.025,430.68,0,,0,0,0,0.7268,-1.5402,1.054,0,0,0,0,0,0
2026-02-21 03:15:00,7.094,2.071,422.98,0,,0,0,0,0.8405,-1.3907,0.297,0,0,0,0,0,0
2026-02-21 03:30:00,7.053,2.034,419.71,0,,0,0,0,0.5141,-1.5285,-0.0184,0,0,0,0,0,0
2026-02-21 03:45:00,7.108,2.428,428.65,0,,0,0,0,0.9441,-0.2671,0.8835,0,0,0,0,0,0
2026-02-21 04:00:00,7.093,2.237,432.32,0,,0,0,0,0.8354,-0.9081,1.2301,0,0,0,0,0,0
2026-02-21 04:15:00,7.012,1.956,421.45,0,,0,0,0,0.1804,-1.8075,0.1579,0,0,0,0,0,0
2026-02-21 04:30:00,7.117,2.409,432.98,0,,0,0,0,1.0312,-0.3409,1.2901,0,0,0,0,0,0
2026-02-21 04:45:00,7.053,2.043,423.83,0,,0,0,0,0.5038,-1.5571,0.3891,0,0,0,0,0,0
2026-02-21 05:00:00,6.952,2.118,415.27,0,,0,0,0,-0.311,-1.2923,-0.4557,0,0,0,0,0,0
2026-02-21 05:15:00,7.027,2.256,416.1,0,,0,0,0,0.2952,-0.8371,-0.365,0,0,0,0,0,0
2026-02-21 05:30:00,7.034,1.835,424.65,0,,0,0,0,0.358,-2.1491,0.4809,0,0,0,0,0,0
2026-02-21 05:45:00,7.058,2.106,421.3,0,,0,0,0,0.546,-1.2744,0.1406,0,0,0,0,0,0
2026-02-21 06:00:00,6.983,2.068,425.93,0,,0,0,0,-0.0589,-1.3885,0.6029,0,0,0,0,0,0
2026-02-21 06:15:00,7.032,2.198,414.42,0,,0,0,0,0.3333,-0.9697,-0.542,0,0,0,0,0,0
2026-02-21 06:30:00,6.99,2.238,418.91,0,,0,0,0,-0.0109,-0.8516,-0.0952,0,0,0,0,0,0
2026-02-21 06:45:00,6.905,2.188,417.69,0,,0,0,0,-0.6963,-1.0093,-0.2215,0,0,0,0,0,0
2026-02-21 07:00:00,6.89,2.199,416.32,0,,0,0,0,-0.8042,-0.9747,-0.3641,0,0,0,0,0,0
2026-02-21 07:15:00,7.008,2.396,414.61,0,,0,0,0,0.1387,-0.3627,-0.5342,0,0,0,0,0,0
2026-02-21 07:30:00,7.002,2.302,413.96,0,,0,0,0,0.0796,-0.6679,-0.6006,0,0,0,0,0,0
2026-02-21 07:45:00,6.95,2.284,415.39,0,,0,0,0,-0.3582,-0.7301,-0.465,0,0,0,0,0,0
2026-02-21 08:00:00,7.0,2.322,415.21,0,,0,0,0,0.0432,-0.6097,-0.4849,0,0,0,0,0,0
2026-02-21 08:15:00,6.969,2.598,414.34,0,,0,0,0,-0.2229,0.2789,-0.5836,0,0,0,0,0,0
2026-02-21 08:30:00,6.943,2.373,417.52,0,,0,0,0,-0.4537,-0.4458,-0.2668,0,0,0,0,0,0
2026-02-21 08:45:00,6.856,2.294,407.28,0,,0,0,0,-1.1836,-0.7048,-1.2948,0,0,0,0,0,0
2026-02-21 09:00:00,6.981,2.11,404.27,0,,0,0,0,-0.1522,-1.2851,-1.6095,0,0,0,0,0,0
2026-02-21 09:15:00,6.914,2.207,415.05,0,,0,0,0,-0.7365,-0.9663,-0.5251,0,0,0,0,0,0
2026-02-21 09:30:00,6.862,2.378,406.71,0,,0,0,0,-1.1695,-0.4185,-1.361,0,0,0,0,0,0
2026-02-21 09:45:00,6.842,2.458,408.5,0,,0,0,0,-1.3287,-0.1635,-1.1871,0,0,0,0,0,0
2026-02-21 10:00:00,6.883,2.417,407.16,0,,0,0,0,-0.9808,-0.2937,-1.3118,0,0,0,0,0,0
2026-02-21 10:15:00,6.782,2.579,406.7,0,,0,0,0,-1.8279,0.2293,-1.3469,0,0,0,0,0,0
2026-02-21 10:30:00,6.896,2.467,403.08,0,,0,0,0,-0.8846,-0.1271,-1.7044,0,0,0,0,0,0
2026-02-21 10:45:00,6.81,2.441,406.36,0,,0,0,0,-1.6253,-0.2117,-1.3687,0,0,0,0,0,0
2026-02-21 11:00:00,6.874,2.695,411.01,0,,0,0,0,-1.0798,0.6122,-0.902,0,0,0,0,0,0
2026-02-21 11:15:00,6.827,2.834,408.21,0,,0,0,0,-1.4674,1.0571,-1.1917,0,0,0,0,0,0
2026-02-21 11:30:00,6.838,2.487,410.12,0,,0,0,0,-1.3603,-0.0611,-1.0061,0,0,0,0,0,0
2026-02-21 11:45:00,6.812,2.713,406.04,0,,0,0,0,-1.5625,0.6759,-1.4002,0,0,0,0,0,0
2026-02-21 12:00:00,6.842,2.414,411.61,0,,0,0,0,-1.3171,-0.2824,-0.8575,0,0,0,0,0,0
2026-02-21 12:15:00,6.945,2.501,405.99,0,,0,0,0,-0.4571,0.007,-1.4141,0,0,0,0,0,0
2026-02-21 12:30:00,6.921,2.655,399.67,0,,0,0,0,-0.6746,0.5153,-2.0288,0,0,0,0,0,0
2026-02-21 12:45:00,6.871,2.934,409.5,0,,0,0,0,-1.11,1.4117,-1.0529,0,0,0,0,0,0
2026-02-21 13:00:00,6.854,2.666,411.48,0,,0,0,0,-1.2379,0.5516,-0.8574,0,0,0,0,0,0
2026-02-21 13:15:00,6.9,2.678,406.4,0,,0,0,0,-0.8706,0.5985,-1.3925,0,0,0,0,0,0
2026-02-21 13:30:00,6.918,2.823,413.71,0,,0,0,0,-0.7248,1.0702,-0.6631,0,0,0,0,0,0
2026-02-21 13:45:00,6.824,2.838,405.83,0,,0,0,0,-1.5224,1.1017,-1.4535,0,0,0,0,0,0
2026-02-21 14:00:00,6.866,2.729,412.29,0,,0,0,0,-1.1757,0.7592,-0.8008,0,0,0,0,0,0
2026-02-21 14:15:00,6.784,3.157,417.0,0,,0,0,0,-1.8707,2.1093,-0.3338,0,0,0,0,0,0
2026-02-21 14:30:00,6.937,2.83,410.63,0,,0,0,0,-0.556,1.0706,-0.9977,0,0,0,0,0,0
2026-02-21 14:45:00,6.99,2.896,410.07,0,,0,0,0,-0.1046,1.2895,-1.0484,0,0,0,0,0,0
2026-02-21 15:00:00,6.898,2.826,411.09,0,,0,0,0,-0.9294,1.0628,-0.9453,0,0,0,0,0,0
2026-02-21 15:15:00,6.795,2.958,418.6,0,,0,0,0,-1.8023,1.5018,-0.1776,0,0,0,0,0,0
2026-02-21 15:30:00,6.939,3.082,414.31,0,,0,0,0,-0.5444,1.8847,-0.6199,0,0,0,0,0,0
2026-02-21 15:45:00,6.871,3.149,421.91,0,,0,0,0,-1.1256,2.0666,0.1531,0,0,0,0,0,0
2026-02-21 16:00:00,6.892,2.786,415.12,0,,0,0,0,-0.9452,0.9137,-0.5458,0,0,0,0,0,0
2026-02-21 16:15:00,6.965,3.064,412.08,0,,0,0,0,-0.3133,1.8177,-0.8596,0,0,0,0,0,0
2026-02-21 16:30:00,6.955,2.979,413.07,0,,0,0,0,-0.4069,1.5255,-0.7474,0,0,0,0,0,0
2026-02-21 16:45:00,6.927,3.038,416.39,0,,0,0,0,-0.6504,1.6922,-0.3995,0,0,0,0,0,0
2026-02-21 17:00:00,6.929,2.873,408.73,0,,0,0,0,-0.6201,1.1579,-1.1666,0,0,0,0,0,0
2026-02-21 17:15:00,6.977,2.851,415.76,0,,0,0,0,-0.2013,1.0996,-0.4464,0,0,0,0,0,0
2026-02-21 17:30:00,6.96,3.01,416.62,0,,0,0,0,-0.3538,1.5814,-0.3469,0,0,0,0,0,0
2026-02-21 17:45:00,6.935,3.002,420.17,0,,0,0,0,-0.5656,1.5361,0.0167,0,0,0,0,0,0
2026-02-21 18:00:00,6.983,3.081,427.77,0,,0,0,0,-0.1516,1.7491,0.7862,0,0,0,0,0,0
2026-02-21 18:15:00,7.027,2.862,421.0,0,,0,0,0,0.2263,1.0744,0.0939,0,0,0,0,0,0
2026-02-21 18:30:00,7.011,2.801,413.88,0,,0,0,0,0.0824,0.8785,-0.6294,0,0,0,0,0,0
2026-02-21 18:45:00,6.959,2.432,418.69,0,,0,0,0,-0.3681,-0.2501,-0.1296,0,0,0,0,0,0
2026-02-21 19:00:00,7.088,2.541,424.15,0,,0,0,0,0.76,0.0939,0.4253,0,0,0,0,0,0
2026-02-21 19:15:00,6.911,2.705,424.23,0,,0,0,0,-0.7723,0.5895,0.4379,0,0,0,0,0,0
2026-02-21 19:30:00,7.035,2.578,431.09,0,,0,0,0,0.3166,0.2099,1.1366,0,0,0,0,0,0
2026-02-21 19:45:00,7.035,2.844,429.15,0,,0,0,0,0.3142,1.0408,0.9354,0,0,0,0,0,0
2026-02-21 20:00:00,7.082,2.503,429.72,0,,0,0,0,0.7214,-0.0129,0.9822,0,0,0,0,0,0
2026-02-21 20:15:00,7.111,2.602,425.8,0,,0,0,0,0.9724,0.3057,0.583,0,0,0,0,0,0
2026-02-21 20:30:00,7.148,2.584,431.7,0,,0,0,0,1.2781,0.2517,1.159,0,0,0,0,0,0
2026-02-21 20:45:00,7.063,2.809,424.33,0,,0,0,0,0.5441,0.9605,0.419,0,0,0,0,0,0
2026-02-21 21:00:00,7.135,2.512,432.36,0,,0,0,0,1.1674,0.0288,1.2296,0,0,0,0,0,0
2026-02-21 21:15:00,7.123,2.646,427.89,0,,0,0,0,1.0583,0.4371,0.7781,0,0,0,0,0,0
2026-02-21 21:30:00,7.033,2.582,423.73,0,,0,0,0,0.2903,0.2341,0.3619,0,0,0,0,0,0
2026-02-21 21:45:00,7.22,2.662,432.35,0,,0,0,0,1.9115,0.4913,1.2263,0,0,0,0,0,0
2026-02-21 22:00:00,7.058,2.628,435.98,0,,0,0,0,0.5131,0.3821,1.5898,0,0,0,0,0,0
2026-02-21 22:15:00,7.156,2.469,429.14,0,,0,0,0,1.3783,-0.1221,0.9034,0,0,0,0,0,0
2026-02-21 22:30:00,7.158,2.193,437.34,0,,0,0,0,1.3983,-0.9785,1.736,0,0,0,0,0,0
2026-02-21 22:45:00,7.156,2.387,424.74,0,,0,0,0,1.3619,-0.363,0.4677,0,0,0,0,0,0
2026-02-21 23:00:00,7.12,2.393,426.8,0,,0,0,0,1.0431,-0.3445,0.6867,0,0,0,0,0,0
2026-02-21 23:15:00,7.188,2.414,431.18,0,,0,0,0,1.6108,-0.2679,1.131,0,0,0,0,0,0
2026-02-21 23:30:00,7.071,2.236,430.41,0,,0,0,0,0.6088,-0.8269,1.0808,0,0,0,0,0,0
2026-02-21 23:45:00,7.146,2.494,429.31,0,,0,0,0,1.2554,-0.0155,0.9745,0,0,0,0,0,0
2026-02-22 00:00:00,7.122,2.302,432.53,0,,0,0,0,1.0612,-0.6152,1.3387,0,0,0,0,0,0
2026-02-22 00:15:00,7.116,2.14,429.86,0,,0,0,0,1.0308,-1.1219,1.0575,0,0,0,0,0,0
2026-02-22 00:30:00,7.17,2.188,430.46,0,,0,0,0,1.5039,-0.9709,1.144,0,0,0,0,0,0
2026-02-22 00:45:00,7.201,2.526,432.88,0,,0,0,0,1.7518,0.0855,1.4012,0,0,0,0,0,0
2026-02-22 01:00:00,7.128,2.317,428.92,0,,0,0,0,1.1023,-0.5744,0.9929,0,0,0,0,0,0
2026-02-22 01:15:00,7.181,2.357,430.94,0,,0,0,0,1.5507,-0.4531,1.2001,0,0,0,0,0,0
2026-02-22 01:30:00,7.141,2.026,428.5,0,,0,0,0,1.206,-1.5069,0.9474,0,0,0,0,0,0
2026-02-22 01:45:00,7.09,2.064,425.94,0,,0,0,0,0.7755,-1.3701,0.6718,0,0,0,0,0,0
2026-02-22 02:00:00,7.117,2.051,433.45,0,,0,0,0,1.0369,-1.3982,1.4763,0,0,0,0,0,0
2026-02-22 02:15:00,7.11,2.169,436.81,0,,0,0,0,0.9917,-1.0317,1.7941,0,0,0,0,0,0
2026-02-22 02:30:00,7.084,2.104,433.78,0,,0,0,0,0.7735,-1.229,1.4587,0,0,0,0,0,0
2026-02-22 02:45:00,7.134,2.048,430.35,0,,0,0,0,1.2075,-1.4028,1.1056,0,0,0,0,0,0
2026-02-22 03:00:00,7.118,2.059,425.92,0,,0,0,0,1.0582,-1.3717,0.6455,0,0,0,0,0,0
2026-02-22 03:15:00,7.019,1.989,426.76,0,,0,0,0,0.1878,-1.5817,0.7289,0,0,0,0,0,0
2026-02-22 03:30:00,7.009,2.076,431.53,0,,0,0,0,0.103,-1.3146,1.2119,0,0,0,0,0,0
2026-02-22 03:45:00,7.105,2.268,417.54,0,,0,0,0,0.9591,-0.7087,-0.2484,0,0,0,0,0,0
2026-02-22 04:00:00,7.034,1.873,424.55,0,,0,0,0,0.3327,-1.8956,0.5045,0,0,0,0,0,0
2026-02-22 04:15:00,7.081,2.153,428.24,0,,0,0,0,0.7445,-1.0533,0.8862,0,0,0,0,0,0
2026-02-22 04:30:00,7.096,2.31,420.04,0,,0,0,0,0.882,-0.5644,0.0314,0,0,0,0,0,0
2026-02-22 04:45:00,6.985,2.08,425.55,0,,0,0,0,-0.1037,-1.2772,0.6191,0,0,0,0,0,0
2026-02-22 05:00:00,6.968,2.034,424.61,0,,0,0,0,-0.2575,-1.4117,0.508,0,0,0,0,0,0
2026-02-22 05:15:00,7.113,2.26,416.52,0,,0,0,0,1.0271,-0.7159,-0.3582,0,0,0,0,0,0
2026-02-22 05:30:00,7.037,1.983,421.91,0,,0,0,0,0.35,-1.5875,0.222,0,0,0,0,0,0
2026-02-22 05:45:00,6.989,2.138,418.32,0,,0,0,0,-0.0711,-1.1084,-0.1593,0,0,0,0,0,0
2026-02-22 06:00:00,6.953,1.998,421.66,0,,0,0,0,-0.389,-1.5365,0.2037,0,0,0,0,0,0
2026-02-22 06:15:00,6.965,1.887,421.89,0,,0,0,0,-0.2759,-1.8447,0.2204,0,0,0,0,0,0
2026-02-22 06:30:00,6.921,2.16,420.03,0,,0,0,0,-0.6601,-1.0053,0.0191,0,0,0,0,0,0
2026-02-22 06:45:00,7.015,2.01,417.95,0,,0,0,0,0.1661,-1.4474,-0.2048,0,0,0,0,0,0
2026-02-22 07:00:00,6.922,2.215,418.05,0,,0,0,0,-0.6682,-0.8272,-0.1961,0,0,0,0,0,0
2026-02-22 07:15:00,7.006,2.404,411.44,0,,0,0,0,0.0832,-0.2545,-0.9014,0,0,0,0,0,0
2026-02-22 07:30:00,6.923,2.535,415.28,0,,0,0,0,-0.6502,0.1354,-0.4912,0,0,0,0,0,0
2026-02-22 07:45:00,6.881,2.292,411.51,0,,0,0,0,-1.0139,-0.6027,-0.8891,0,0,0,0,0,0
2026-02-22 08:00:00,6.904,2.453,418.13,0,,0,0,0,-0.798,-0.1181,-0.1837,0,0,0,0,0,0
2026-02-22 08:15:00,6.785,2.383,416.07,0,,0,0,0,-1.8029,-0.3242,-0.4068,0,0,0,0,0,0
2026-02-22 08:30:00,6.903,2.289,415.42,0,,0,0,0,-0.771,-0.6065,-0.4738,0,0,0,0,0,0
2026-02-22 08:45:00,6.893,2.083,418.94,0,,0,0,0,-0.8642,-1.218,-0.1105,0,0,0,0,0,0
2026-02-22 09:00:00,6.935,2.64,410.19,0,,0,0,0,-0.4935,0.4492,-1.0745,0,0,0,0,0,0
2026-02-22 09:15:00,6.793,2.265,408.78,0,,0,0,0,-1.6956,-0.6922,-1.2138,0,0,0,0,0,0
2026-02-22 09:30:00,6.939,2.655,409.07,0,,0,0,0,-0.4513,0.4845,-1.1892,0,0,0,0,0,0
2026-02-22 09:45:00,6.916,2.554,403.61,0,,0,0,0,-0.6608,0.1746,-1.7637,0,0,0,0,0,0
2026-02-22 10:00:00,6.933,2.354,403.51,0,,0,0,0,-0.5194,-0.4308,-1.7589,0,0,0,0,0,0
2026-02-22 10:15:00,6.863,2.573,411.72,0,,0,0,0,-1.1499,0.2343,-0.8889,0,0,0,0,0,0
2026-02-22 10:30:00,6.912,2.872,403.33,0,,0,0,0,-0.7201,1.1219,-1.7968,0,0,0,0,0,0
2026-02-22 10:45:00,6.784,2.808,404.34,0,,0,0,0,-1.84,0.9134,-1.6793,0,0,0,0,0,0
2026-02-22 11:00:00,6.891,2.527,408.0,0,,0,0,0,-0.9023,0.0749,-1.2767,0,0,0,0,0,0
2026-02-22 11:15:00,6.814,2.522,406.58,0,,0,0,0,-1.5762,0.07,-1.4238,0,0,0,0,0,0
2026-02-22 11:30:00,6.769,2.668,411.65,0,,0,0,0,-1.9448,0.5051,-0.8841,0,0,0,0,0,0
2026-02-22 11:45:00,6.794,2.652,408.27,0,,0,0,0,-1.7211,0.4592,-1.2534,0,0,0,0,0,0
2026-02-22 12:00:00,6.85,2.88,404.81,0,,0,0,0,-1.2373,1.1266,-1.6027,0,0,0,0,0,0
2026-02-22 12:15:00,6.809,2.833,411.91,0,,0,0,0,-1.5617,0.9702,-0.8592,0,0,0,0,0,0
2026-02-22 12:30:00,6.87,2.49,411.02,0,,0,0,0,-1.0301,-0.05,-0.9876,0,0,0,0,0,0
2026-02-22 12:45:00,6.762,2.833,402.59,0,,0,0,0,-1.9155,0.983,-1.8813,0,0,0,0,0,0
2026-02-22 13:00:00,6.749,2.756,409.42,0,,0,0,0,-1.9868,0.7476,-1.1363,0,0,0,0,0,0
2026-02-22 13:15:00,6.927,2.806,405.78,0,,0,0,0,-0.5123,0.891,-1.5274,0,0,0,0,0,0
2026-02-22 13:30:00,6.907,2.855,405.95,0,,0,0,0,-0.6772,1.0354,-1.4861,0,0,0,0,0,0
2026-02-22 13:45:00,6.813,3.012,416.72,0,,0,0,0,-1.4552,1.4888,-0.3504,0,0,0,0,0,0
2026-02-22 14:00:00,6.87,2.993,410.1,0,,0,0,0,-0.983,1.4122,-1.0616,0,0,0,0,0,0
2026-02-22 14:15:00,6.926,2.746,409.15,0,,0,0,0,-0.538,0.7102,-1.1478,0,0,0,0,0,0
2026-02-22 14:30:00,6.902,2.861,410.82,0,,0,0,0,-0.7356,1.0521,-0.9691,0,0,0,0,0,0
2026-02-22 14:45:00,6.895,2.811,414.47,0,,0,0,0,-0.7835,0.9079,-0.585,0,0,0,0,0,0
2026-02-22 15:00:00,6.949,2.634,408.71,0,,0,0,0,-0.3366,0.3851,-1.1991,0,0,0,0,0,0
2026-02-22 15:15:00,6.865,2.876,409.96,0,,0,0,0,-1.0566,1.1193,-1.0491,0,0,0,0,0,0
2026-02-22 15:30:00,6.91,3.173,415.32,0,,0,0,0,-0.6722,2.002,-0.4784,0,0,0,0,0,0
2026-02-22 15:45:00,6.916,2.642,407.27,0,,0,0,0,-0.6275,0.4321,-1.3101,0,0,0,0,0,0
2026-02-22 16:00:00,6.911,2.896,417.96,0,,0,0,0,-0.6724,1.2014,-0.1818,0,0,0,0,0,0
2026-02-22 16:15:00,6.914,2.891,408.27,0,,0,0,0,-0.6412,1.2014,-1.1994,0,0,0,0,0,0
2026-02-22 16:30:00,6.946,2.94,414.42,0,,0,0,0,-0.3691,1.3557,-0.5524,0,0,0,0,0,0
2026-02-22 16:45:00,6.954,2.748,409.75,0,,0,0,0,-0.304,0.7828,-1.0331,0,0,0,0,0,0
2026-02-22 17:00:00,6.909,2.673,412.67,0,,0,0,0,-0.6832,0.5588,-0.7335,0,0,0,0,0,0
2026-02-22 17:15:00,7.011,2.672,422.85,0,,0,0,0,0.178,0.5643,0.3329,0,0,0,0,0,0
2026-02-22 17:30:00,6.932,3.069,422.61,0,,0,0,0,-0.4883,1.8063,0.301,0,0,0,0,0,0
2026-02-22 17:45:00,6.979,2.711,423.82,0,,0,0,0,-0.0945,0.7002,0.4244,0,0,0,0,0,0
2026-02-22 18:00:00,6.985,2.771,414.2,0,,0,0,0,-0.0439,0.914,-0.5764,0,0,0,0,0,0
2026-02-22 18:15:00,7.028,3.148,416.58,0,,0,0,0,0.3204,2.0849,-0.3199,0,0,0,0,0,0
2026-02-22 18:30:00,6.914,2.707,422.93,0,,0,0,0,-0.6357,0.6923,0.3413,0,0,0,0,0,0
2026-02-22 18:45:00,7.074,2.852,425.2,0,,0,0,0,0.7055,1.1315,0.5733,0,0,0,0,0,0
2026-02-22 19:00:00,7.005,2.942,419.91,0,,0,0,0,0.1311,1.3881,0.0194,0,0,0,0,0,0
2026-02-22 19:15:00,7.109,2.916,421.54,0,,0,0,0,0.9913,1.2913,0.1948,0,0,0,0,0,0
2026-02-22 19:30:00,7.033,2.544,420.07,0,,0,0,0,0.3499,0.1381,0.0519,0,0,0,0,0,0
2026-02-22 19:45:00,7.064,2.615,431.94,0,,0,0,0,0.6083,0.3678,1.3098,0,0,0,0,0,0
2026-02-22 20:00:00,7.171,2.745,424.1,0,,0,0,0,1.4894,0.7633,0.4854,0,0,0,0,0,0
2026-02-22 20:15:00,7.069,2.966,426.79,0,,0,0,0,0.6426,1.4242,0.7709,0,0,0,0,0,0
2026-02-22 20:30:00,7.153,2.539,427.64,0,,0,0,0,1.3455,0.111,0.8704,0,0,0,0,0,0
2026-02-22 20:45:00,7.101,2.555,432.33,0,,0,0,0,0.9042,0.1692,1.3528,0,0,0,0,0,0
2026-02-22 21:00:00,7.127,2.666,424.68,0,,0,0,0,1.1231,0.5069,0.5525,0,0,0,0,0,0
2026-02-22 21:15:00,7.116,2.671,433.7,0,,0,0,0,1.0324,0.5214,1.5012,0,0,0,0,0,0
2026-02-22 21:30:00,7.161,2.654,424.41,0,,0,0,0,1.3844,0.4662,0.5121,0,0,0,0,0,0
2026-02-22 21:45:00,7.09,2.399,434.64,0,,0,0,0,0.8197,-0.3125,1.5913,0,0,0,0,0,0
2026-02-22 22:00:00,7.081,2.42,423.53,0,,0,0,0,0.741,-0.2411,0.4348,0,0,0,0,0,0
2026-02-22 22:15:00,7.103,2.506,430.34,0,,0,0,0,0.9356,0.0234,1.1641,0,0,0,0,0,0
2026-02-22 22:30:00,7.144,2.637,437.59,0,,0,0,0,1.2855,0.4155,1.9413,0,0,0,0,0,0
2026-02-22 22:45:00,7.131,2.386,434.15,0,,0,0,0,1.181,-0.363,1.5443,0,0,0,0,0,0
2026-02-22 23:00:00,7.18,2.393,433.28,0,,0,0,0,1.5804,-0.3413,1.4333,0,0,0,0,0,0
2026-02-22 23:15:00,7.212,2.218,427.58,0,,0,0,0,1.8412,-0.8745,0.8405,0,0,0,0,0,0
2026-02-22 23:30:00,7.1,2.626,428.96,0,,0,0,0,0.8963,0.3748,0.9897,0,0,0,0,0,0
2026-02-22 23:45:00,7.113,2.346,437.35,0,,0,0,0,1.0115,-0.4875,1.8457,0,0,0,0,0,0
2026-02-23 00:00:00,7.078,2.462,433.89,0,,0,0,0,0.7235,-0.1339,1.4793,0,0,0,0,0,0
2026-02-23 00:15:00,7.251,2.282,435.54,0,,0,0,0,2.131,-0.6997,1.6316,0,0,0,0,0,0
2026-02-23 00:30:00,7.164,2.269,432.19,0,,0,0,0,1.4121,-0.7445,1.2802,0,0,0,0,0,0
2026-02-23 00:45:00,7.171,2.011,430.64,0,,0,0,0,1.4789,-1.5144,1.126,0,0,0,0,0,0
2026-02-23 01:00:00,7.078,1.895,434.66,0,,0,0,0,0.7121,-1.8284,1.5243,0,0,0,0,0,0
2026-02-23 01:15:00,7.142,2.387,432.4,0,,0,0,0,1.2564,-0.337,1.288,0,0,0,0,0,0
2026-02-23 01:30:00,7.164,2.194,430.41,0,,0,0,0,1.4352,-0.9339,1.0797,0,0,0,0,0,0
2026-02-23 01:45:00,7.122,2.198,425.11,0,,0,0,0,1.0778,-0.9305,0.5383,0,0,0,0,0,0
2026-02-23 02:00:00,7.184,1.966,434.21,0,,0,0,0,1.5777,-1.633,1.4677,0,0,0,0,0,0
2026-02-23 02:15:00,7.24,2.006,431.74,0,,0,0,0,1.9969,-1.4957,1.2304,0,0,0,0,0,0
2026-02-23 02:30:00,7.072,2.29,427.1,0,,0,0,0,0.6291,-0.6428,0.7652,0,0,0,0,0,0
2026-02-23 02:45:00,7.062,2.382,433.74,0,,0,0,0,0.5565,-0.3761,1.445,0,0,0,0,0,0
2026-02-23 03:00:00,7.062,2.02,429.46,0,,0,0,0,0.5635,-1.4879,0.9952,0,0,0,0,0,0
2026-02-23 03:15:00,7.179,2.208,428.97,0,,0,0,0,1.495,-0.9248,0.9404,0,0,0,0,0,0
2026-02-23 03:30:00,7.143,2.132,430.84,0,,0,0,0,1.182,-1.1652,1.1347,0,0,0,0,0,0
2026-02-23 03:45:00,7.077,2.083,429.34,0,,0,0,0,0.6527,-1.3036,0.963,0,0,0,0,0,0
2026-02-23 04:00:00,7.077,2.378,427.17,0,,0,0,0,0.6479,-0.4158,0.7364,0,0,0,0,0,0
2026-02-23 04:15:00,7.026,2.033,424.55,0,,0,0,0,0.2412,-1.4922,0.4733,0,0,0,0,0,0
2026-02-23 04:30:00,7.102,2.29,432.53,0,,0,0,0,0.8554,-0.6849,1.2681,0,0,0,0,0,0
2026-02-23 04:45:00,7.029,2.165,420.92,0,,0,0,0,0.2611,-1.0834,0.0917,0,0,0,0,0,0
2026-02-23 05:00:00,7.026,2.111,426.09,0,,0,0,0,0.232,-1.2602,0.6165,0,0,0,0,0,0
2026-02-23 05:15:00,7.06,2.327,422.01,0,,0,0,0,0.513,-0.5812,0.1953,0,0,0,0,0,0
2026-02-23 05:30:00,7.01,2.174,423.39,0,,0,0,0,0.1097,-1.0809,0.3342,0,0,0,0,0,0
2026-02-23 05:45:00,6.998,2.127,425.72,0,,0,0,0,0.0116,-1.2299,0.5628,0,0,0,0,0,0
2026-02-23 06:00:00,7.001,2.361,418.75,0,,0,0,0,0.0319,-0.5022,-0.1429,0,0,0,0,0,0
2026-02-23 06:15:00,7.03,2.355,421.62,0,,0,0,0,0.2619,-0.5487,0.1492,0,0,0,0,0,0
2026-02-23 06:30:00,7.063,2.363,419.5,0,,0,0,0,0.5183,-0.5326,-0.0658,0,0,0,0,0,0
2026-02-23 06:45:00,7.0,1.616,415.09,0,,0,0,0,0.0075,-2.9065,-0.5107,0,0,0,0,0,0
2026-02-23 07:00:00,7.001,2.283,421.93,0,,0,0,0,0.009,-0.7641,0.18,0,0,0,0,0,0
2026-02-23 07:15:00,6.942,2.268,418.99,0,,0,0,0,-0.4656,-0.8057,-0.1271,0,0,0,0,0,0
2026-02-23 07:30:00,6.907,2.251,413.67,0,,0,0,0,-0.7483,-0.8476,-0.6674,0,0,0,0,0,0
2026-02-23 07:45:00,6.966,2.369,419.11,0,,0,0,0,-0.2772,-0.473,-0.1216,0,0,0,0,0,0
2026-02-23 08:00:00,6.934,2.339,410.67,0,,0,0,0,-0.5419,-0.5646,-0.9726,0,0,0,0,0,0
2026-02-23 08:15:00,6.846,2.425,413.22,0,,0,0,0,-1.2771,-0.2906,-0.7087,0,0,0,0,0,0
2026-02-23 08:30:00,6.892,2.307,410.98,0,,0,0,0,-0.8961,-0.6697,-0.9286,0,0,0,0,0,0
2026-02-23 08:45:00,6.897,2.596,415.09,0,,0,0,0,-0.8556,0.2422,-0.5075,0,0,0,0,0,0
2026-02-23 09:00:00,6.868,2.513,409.6,0,,0,0,0,-1.0837,-0.0223,-1.0617,0,0,0,0,0,0
2026-02-23 09:15:00,6.961,2.503,414.01,0,,0,0,0,-0.3403,-0.063,-0.6243,0,0,0,0,0,0
2026-02-23 09:30:00,6.905,2.522,412.86,0,,0,0,0,-0.802,0.0033,-0.748,0,0,0,0,0,0
2026-02-23 09:45:00,6.944,2.647,408.52,0,,0,0,0,-0.4811,0.4069,-1.2052,0,0,0,0,0,0
2026-02-23 10:00:00,6.883,2.653,416.93,0,,0,0,0,-0.981,0.4165,-0.3605,0,0,0,0,0,0
2026-02-23 10:15:00,6.87,2.509,406.26,0,,0,0,0,-1.0902,-0.0501,-1.458,0,0,0,0,0,0
2026-02-23 10:30:00,6.815,2.701,403.28,0,,0,0,0,-1.5235,0.5838,-1.7666,0,0,0,0,0,0
2026-02-23 10:45:00,6.859,2.604,412.06,0,,0,0,0,-1.1796,0.2745,-0.8744,0,0,0,0,0,0
2026-02-23 11:00:00,6.856,2.891,399.81,0,,0,0,0,-1.1976,1.196,-2.116,0,0,0,0,0,0
2026-02-23 11:15:00,6.785,2.793,414.2,0,,0,0,0,-1.7751,0.8638,-0.6452,0,0,0,0,0,0
2026-02-23 11:30:00,6.824,2.559,408.51,0,,0,0,0,-1.4703,0.1074,-1.2293,0,0,0,0,0,0
2026-02-23 11:45:00,6.834,3.027,402.32,0,,0,0,0,-1.3984,1.596,-1.846,0,0,0,0,0,0
2026-02-23 12:00:00,6.871,2.385,404.21,0,,0,0,0,-1.0936,-0.4511,-1.6497,0,0,0,0,0,0
2026-02-23 12:15:00,6.873,2.818,401.49,0,,0,0,0,-1.0908,0.9479,-1.8881,0,0,0,0,0,0
2026-02-23 12:30:00,6.822,2.639,409.63,0,,0,0,0,-1.5082,0.3644,-1.0633,0,0,0,0,0,0
2026-02-23 12:45:00,6.876,3.046,402.92,0,,0,0,0,-1.0822,1.6553,-1.7412,0,0,0,0,0,0
2026-02-23 13:00:00,6.846,2.821,410.42,0,,0,0,0,-1.3674,0.932,-0.9867,0,0,0,0,0,0
2026-02-23 13:15:00,6.714,2.682,407.42,0,,0,0,0,-2.4174,0.4939,-1.2945,0,0,0,0,0,0
2026-02-23 13:30:00,6.837,2.777,407.01,0,,0,0,0,-1.369,0.8025,-1.3392,0,0,0,0,0,0
2026-02-23 13:45:00,6.919,2.725,411.27,0,,0,0,0,-0.7015,0.6522,-0.8983,0,0,0,0,0,0
2026-02-23 14:00:00,6.786,2.801,412.1,0,,0,0,0,-1.7961,0.9125,-0.8181,0,0,0,0,0,0
2026-02-23 14:15:00,6.881,2.809,414.61,0,,0,0,0,-0.9966,0.9348,-0.5727,0,0,0,0,0,0
2026-02-23 14:30:00,6.96,2.757,407.94,0,,0,0,0,-0.3457,0.7712,-1.2438,0,0,0,0,0,0
2026-02-23 14:45:00,6.849,2.919,410.86,0,,0,0,0,-1.262,1.2927,-0.9413,0,0,0,0,0,0
2026-02-23 15:00:00,6.894,2.945,408.97,0,,0,0,0,-0.8808,1.3545,-1.1329,0,0,0,0,0,0
2026-02-23 15:15:00,6.836,2.743,412.74,0,,0,0,0,-1.3541,0.7091,-0.7567,0,0,0,0,0,0
2026-02-23 15:30:00,6.99,2.648,409.58,0,,0,0,0,-0.0905,0.4284,-1.0659,0,0,0,0,0,0
2026-02-23 15:45:00,6.912,2.946,411.64,0,,0,0,0,-0.7355,1.3941,-0.867,0,0,0,0,0,0
2026-02-23 16:00:00,6.927,2.98,412.32,0,,0,0,0,-0.6133,1.4972,-0.7896,0,0,0,0,0,0
2026-02-23 16:15:00,7.001,3.009,415.87,0,,0,0,0,-0.008,1.5792,-0.4417,0,0,0,0,0,0
2026-02-23 16:30:00,6.976,2.979,415.42,0,,0,0,0,-0.2184,1.4773,-0.4888,0,0,0,0,0,0
2026-02-23 16:45:00,6.908,3.128,418.17,0,,0,0,0,-0.7778,1.9159,-0.219,0,0,0,0,0,0
2026-02-23 17:00:00,6.929,3.036,416.47,0,,0,0,0,-0.6061,1.5898,-0.3981,0,0,0,0,0,0
2026-02-23 17:15:00,6.995,3.281,415.34,0,,0,0,0,-0.0568,2.2799,-0.5056,0,0,0,0,0,0
2026-02-23 17:30:00,6.949,3.335,419.2,0,,0,0,0,-0.4405,2.3957,-0.1061,0,0,0,0,0,0
2026-02-23 17:45:00,6.884,2.595,415.55,0,,0,0,0,-0.9677,0.1653,-0.4715,0,0,0,0,0,0
2026-02-23 18:00:00,6.997,2.517,422.28,0,,0,0,0,-0.0344,-0.0627,0.2104,0,0,0,0,0,0
2026-02-23 18:15:00,6.936,2.831,419.64,0,,0,0,0,-0.5302,0.9118,-0.0641,0,0,0,0,0,0
2026-02-23 18:30:00,7.1,2.893,422.38,0,,0,0,0,0.8077,1.0911,0.2182,0,0,0,0,0,0
2026-02-23 18:45:00,7.038,2.789,423.22,0,,0,0,0,0.2995,0.7763,0.3069,0,0,0,0,0,0
2026-02-23 19:00:00,6.994,2.888,429.51,0,,0,0,0,-0.0632,1.0836,0.9395,0,0,0,0,0,0
2026-02-23 19:15:00,7.013,2.723,425.38,0,,0,0,0,0.1025,0.5864,0.5117,0,0,0,0,0,0
2026-02-23 19:30:00,6.963,2.639,424.89,0,,0,0,0,-0.3063,0.3238,0.4559,0,0,0,0,0,0
2026-02-23 19:45:00,7.011,2.641,422.54,0,,0,0,0,0.0967,0.329,0.2275,0,0,0,0,0,0
2026-02-23 20:00:00,7.126,2.67,429.21,0,,0,0,0,1.0614,0.4215,0.9051,0,0,0,0,0,0
2026-02-23 20:15:00,7.195,2.803,425.59,0,,0,0,0,1.6071,0.8424,0.5356,0,0,0,0,0,0
2026-02-23 20:30:00,7.128,2.58,421.2,0,,0,0,0,1.0591,0.1482,0.0923,0,0,0,0,0,0
2026-02-23 20:45:00,7.094,2.585,427.13,0,,0,0,0,0.7789,0.1628,0.7121,0,0,0,0,0,0
2026-02-23 21:00:00,7.084,2.689,429.25,0,,0,0,0,0.7021,0.4849,0.9234,0,0,0,0,0,0
2026-02-23 21:15:00,7.065,2.548,425.75,0,,0,0,0,0.5507,0.0511,0.5758,0,0,0,0,0,0
2026-02-23 21:30:00,7.222,2.72,429.05,0,,0,0,0,1.8376,0.583,0.9109,0,0,0,0,0,0
2026-02-23 21:45:00,7.115,2.388,429.69,0,,0,0,0,0.9499,-0.4475,0.9893,0,0,0,0,0,0
2026-02-23 22:00:00,7.236,2.33,430.17,0,,0,0,0,1.9012,-0.6237,1.027,0,0,0,0,0,0
2026-02-23 22:15:00,7.204,2.52,435.7,0,,0,0,0,1.6163,-0.0352,1.5832,0,0,0,0,0,0
2026-02-23 22:30:00,7.052,2.508,425.84,0,,0,0,0,0.4074,-0.0682,0.5887,0,0,0,0,0,0
2026-02-23 22:45:00,7.109,2.292,439.5,0,,0,0,0,0.8707,-0.7339,1.9919,0,0,0,0,0,0
2026-02-23 23:00:00,7.111,2.598,431.46,0,,0,0,0,0.8989,0.2071,1.164,0,0,0,0,0,0
2026-02-23 23:15:00,7.143,2.66,434.09,0,,0,0,0,1.1752,0.3866,1.419,0,0,0,0,0,0
2026-02-23 23:30:00,7.146,2.253,432.41,0,,0,0,0,1.1912,-0.8647,1.2373,0,0,0,0,0,0
2026-02-23 23:45:00,7.299,2.546,425.07,0,,0,0,0,2.3638,0.0374,0.5047,0,0,0,0,0,0
2026-02-24 00:00:00,7.096,1.943,427.77,0,,0,0,0,0.7445,-1.788,0.7986,0,0,0,0,0,0
2026-02-24 00:15:00,7.161,2.439,429.88,0,,0,0,0,1.285,-0.2792,1.0348,0,0,0,0,0,0
2026-02-24 00:30:00,7.18,2.128,435.87,0,,0,0,0,1.4341,-1.2212,1.6549,0,0,0,0,0,0
2026-02-24 00:45:00,7.147,2.383,426.23,0,,0,0,0,1.1738,-0.4615,0.6482,0,0,0,0,0,0
2026-02-24 01:00:00,7.15,2.073,428.17,0,,0,0,0,1.1854,-1.4378,0.8679,0,0,0,0,0,0
2026-02-24 01:15:00,7.09,2.189,432.02,0,,0,0,0,0.7115,-1.0647,1.2794,0,0,0,0,0,0
2026-02-24 01:30:00,7.144,2.061,432.98,0,,0,0,0,1.1503,-1.4494,1.374,0,0,0,0,0,0
2026-02-24 01:45:00,7.16,2.135,432.53,0,,0,0,0,1.2716,-1.2164,1.3079,0,0,0,0,0,0
2026-02-24 02:00:00,7.146,2.428,426.46,0,,0,0,0,1.1671,-0.3349,0.6827,0,0,0,0,0,0
2026-02-24 02:15:00,7.153,2.125,423.59,0,,0,0,0,1.2456,-1.2932,0.3891,0,0,0,0,0,0
2026-02-24 02:30:00,7.19,2.447,431.68,0,,0,0,0,1.5215,-0.287,1.2452,0,0,0,0,0,0
2026-02-24 02:45:00,7.16,2.063,434.75,0,,0,0,0,1.2616,-1.4716,1.569,0,0,0,0,0,0
2026-02-24 03:00:00,7.11,2.337,427.1,0,,0,0,0,0.8541,-0.6345,0.7585,0,0,0,0,0,0
2026-02-24 03:15:00,7.04,1.864,423.33,0,,0,0,0,0.3087,-2.0791,0.3637,0,0,0,0,0,0
2026-02-24 03:30:00,7.061,2.06,425.59,0,,0,0,0,0.4881,-1.4643,0.6152,0,0,0,0,0,0
2026-02-24 03:45:00,7.072,2.02,428.24,0,,0,0,0,0.5781,-1.5811,0.9032,0,0,0,0,0,0
2026-02-24 04:00:00,7.088,2.331,425.07,0,,0,0,0,0.7068,-0.6206,0.5643,0,0,0,0,0,0
2026-02-24 04:15:00,7.042,2.129,430.94,0,,0,0,0,0.3315,-1.2511,1.1843,0,0,0,0,0,0
2026-02-24 04:30:00,7.011,1.79,428.29,0,,0,0,0,0.0877,-2.229,0.9093,0,0,0,0,0,0
2026-02-24 04:45:00,6.989,1.911,424.59,0,,0,0,0,-0.0883,-1.834,0.5049,0,0,0,0,0,0
2026-02-24 05:00:00,6.956,1.962,415.29,0,,0,0,0,-0.3513,-1.6659,-0.4868,0,0,0,0,0,0
2026-02-24 05:15:00,7.018,2.261,419.57,0,,0,0,0,0.1579,-0.7767,-0.0218,0,0,0,0,0,0
2026-02-24 05:30:00,6.946,2.251,419.37,0,,0,0,0,-0.4239,-0.8104,-0.039,0,0,0,0,0,0
2026-02-24 05:45:00,6.96,2.096,417.8,0,,0,0,0,-0.3064,-1.2677,-0.2002,0,0,0,0,0,0
2026-02-24 06:00:00,6.98,2.071,420.76,0,,0,0,0,-0.1416,-1.322,0.1182,0,0,0,0,0,0
2026-02-24 06:15:00,6.923,2.275,420.06,0,,0,0,0,-0.596,-0.719,0.0442,0,0,0,0,0,0
2026-02-24 06:30:00,6.999,2.013,411.74,0,,0,0,0,0.0278,-1.4618,-0.8454,0,0,0,0,0,0
2026-02-24 06:45:00,7.008,2.268,420.88,0,,0,0,0,0.1004,-0.7672,0.1349,0,0,0,0,0,0
2026-02-24 07:00:00,6.934,2.273,416.96,0,,0,0,0,-0.4962,-0.7517,-0.2831,0,0,0,0,0,0
2026-02-24 07:15:00,6.93,2.195,417.57,0,,0,0,0,-0.5275,-0.9818,-0.2156,0,0,0,0,0,0
2026-02-24 07:30:00,6.969,2.316,418.39,0,,0,0,0,-0.2161,-0.6218,-0.1326,0,0,0,0,0,0
2026-02-24 07:45:00,6.898,2.293,411.62,0,,0,0,0,-0.7868,-0.6876,-0.8537,0,0,0,0,0,0
2026-02-24 08:00:00,6.886,2.375,419.04,0,,0,0,0,-0.8779,-0.443,-0.0633,0,0,0,0,0,0
2026-02-24 08:15:00,6.976,2.123,412.77,0,,0,0,0,-0.1605,-1.1816,-0.7419,0,0,0,0,0,0
2026-02-24 08:30:00,6.953,2.439,418.75,0,,0,0,0,-0.3547,-0.2443,-0.1034,0,0,0,0,0,0
2026-02-24 08:45:00,6.931,2.525,408.51,0,,0,0,0,-0.5389,0.0147,-1.2026,0,0,0,0,0,0
2026-02-24 09:00:00,6.94,2.445,417.27,0,,0,0,0,-0.4734,-0.2221,-0.2656,0,0,0,0,0,0
2026-02-24 09:15:00,6.788,2.512,407.36,0,,0,0,0,-1.6872,-0.0223,-1.3262,0,0,0,0,0,0
2026-02-24 09:30:00,6.949,2.431,420.67,0,,0,0,0,-0.3832,-0.2613,0.1025,0,0,0,0,0,0
2026-02-24 09:45:00,6.895,2.608,406.22,0,,0,0,0,-0.8167,0.2684,-1.4545,0,0,0,0,0,0
2026-02-24 10:00:00,6.921,2.51,413.83,0,,0,0,0,-0.6102,-0.0198,-0.6288,0,0,0,0,0,0
2026-02-24 10:15:00,6.885,2.354,407.79,0,,0,0,0,-0.9058,-0.4806,-1.2842,0,0,0,0,0,0
2026-02-24 10:30:00,6.864,2.675,411.77,0,,0,0,0,-1.087,0.4785,-0.8752,0,0,0,0,0,0
2026-02-24 10:45:00,6.844,2.333,408.47,0,,0,0,0,-1.2478,-0.5337,-1.2268,0,0,0,0,0,0
2026-02-24 11:00:00,6.873,2.646,404.04,0,,0,0,0,-1.0135,0.4099,-1.7305,0,0,0,0,0,0
2026-02-24 11:15:00,6.837,2.571,397.04,0,,0,0,0,-1.3222,0.1925,-2.4077,0,0,0,0,0,0
2026-02-24 11:30:00,6.895,2.586,418.13,0,,0,0,0,-0.8555,0.2368,-0.1688,0,0,0,0,0,0
2026-02-24 11:45:00,6.771,2.703,408.32,0,,0,0,0,-1.8644,0.606,-1.2433,0,0,0,0,0,0
2026-02-24 12:00:00,6.823,2.594,396.23,0,,0,0,0,-1.4244,0.2676,-2.5001,0,0,0,0,0,0
2026-02-24 12:15:00,6.953,2.799,409.24,0,,0,0,0,-0.3672,0.8931,-1.1369,0,0,0,0,0,0
2026-02-24 12:30:00,6.82,2.752,410.86,0,,0,0,0,-1.4623,0.7447,-0.9646,0,0,0,0,0,0
2026-02-24 12:45:00,6.841,2.671,405.37,0,,0,0,0,-1.2819,0.517,-1.5689,0,0,0,0,0,0
2026-02-24 13:00:00,6.811,2.984,405.58,0,,0,0,0,-1.5188,1.4667,-1.5298,0,0,0,0,0,0
2026-02-24 13:15:00,6.875,2.831,408.56,0,,0,0,0,-1.0335,0.9899,-1.2113,0,0,0,0,0,0
2026-02-24 13:30:00,6.825,2.912,413.72,0,,0,0,0,-1.4487,1.2272,-0.666,0,0,0,0,0,0
2026-02-24 13:45:00,6.856,3.045,409.64,0,,0,0,0,-1.1781,1.6024,-1.1068,0,0,0,0,0,0
2026-02-24 14:00:00,6.913,3.056,415.46,0,,0,0,0,-0.7253,1.6113,-0.4786,0,0,0,0,0,0
2026-02-24 14:15:00,6.84,2.946,414.55,0,,0,0,0,-1.3315,1.2743,-0.5777,0,0,0,0,0,0
2026-02-24 14:30:00,6.92,2.824,409.56,0,,0,0,0,-0.6553,0.9097,-1.1264,0,0,0,0,0,0
2026-02-24 14:45:00,6.928,2.664,404.7,0,,0,0,0,-0.599,0.4479,-1.6355,0,0,0,0,0,0
2026-02-24 15:00:00,6.947,2.917,410.61,0,,0,0,0,-0.4448,1.2022,-0.9992,0,0,0,0,0,0
2026-02-24 15:15:00,6.908,3.057,414.19,0,,0,0,0,-0.7866,1.5913,-0.613,0,0,0,0,0,0
2026-02-24 15:30:00,7.071,2.95,412.93,0,,0,0,0,0.5939,1.2574,-0.7564,0,0,0,0,0,0
2026-02-24 15:45:00,6.969,2.382,415.87,0,,0,0,0,-0.2794,-0.3872,-0.4421,0,0,0,0,0,0
2026-02-24 16:00:00,6.941,3.031,417.45,0,,0,0,0,-0.5197,1.5176,-0.276,0,0,0,0,0,0
2026-02-24 16:15:00,6.89,3.039,416.82,0,,0,0,0,-0.9406,1.538,-0.3463,0,0,0,0,0,0
2026-02-24 16:30:00,6.938,2.851,414.31,0,,0,0,0,-0.5289,0.9953,-0.6203,0,0,0,0,0,0
2026-02-24 16:45:00,7.023,3.041,418.22,0,,0,0,0,0.1825,1.5648,-0.1913,0,0,0,0,0,0
2026-02-24 17:00:00,7.047,2.981,425.84,0,,0,0,0,0.3767,1.3925,0.6333,0,0,0,0,0,0
2026-02-24 17:15:00,7.045,2.776,411.7,0,,0,0,0,0.355,0.8201,-0.9093,0,0,0,0,0,0
2026-02-24 17:30:00,7.02,3.06,420.38,0,,0,0,0,0.136,1.7249,0.0377,0,0,0,0,0,0
2026-02-24 17:45:00,6.927,2.669,426.54,0,,0,0,0,-0.6626,0.5101,0.6973,0,0,0,0,0,0
2026-02-24 18:00:00,7.024,2.838,415.3,0,,0,0,0,0.1644,1.0174,-0.5206,0,0,0,0,0,0
2026-02-24 18:15:00,6.948,2.809,424.79,0,,0,0,0,-0.4867,0.9295,0.5072,0,0,0,0,0,0
2026-02-24 18:30:00,6.945,2.694,426.11,0,,0,0,0,-0.4997,0.5848,0.6454,0,0,0,0,0,0
2026-02-24 18:45:00,7.041,2.846,416.43,0,,0,0,0,0.3231,1.0522,-0.3984,0,0,0,0,0,0
2026-02-24 19:00:00,7.065,2.979,425.96,0,,0,0,0,0.5218,1.455,0.6428,0,0,0,0,0,0
2026-02-24 19:15:00,7.093,2.951,422.77,0,,0,0,0,0.7521,1.3513,0.2985,0,0,0,0,0,0
2026-02-24 19:30:00,7.082,2.852,424.35,0,,0,0,0,0.6466,1.0366,0.4717,0,0,0,0,0,0
2026-02-24 19:45:00,7.093,2.468,424.01,0,,0,0,0,0.731,-0.1268,0.4326,0,0,0,0,0,0
2026-02-24 20:00:00,7.026,2.5,431.25,0,,0,0,0,0.1714,-0.024,1.217,0,0,0,0,0,0
2026-02-24 20:15:00,7.078,2.702,426.22,0,,0,0,0,0.6336,0.5968,0.6686,0,0,0,0,0,0
2026-02-24 20:30:00,7.016,2.648,425.45,0,,0,0,0,0.1083,0.4292,0.5791,0,0,0,0,0,0
2026-02-24 20:45:00,6.999,2.554,426.13,0,,0,0,0,-0.0311,0.143,0.6546,0,0,0,0,0,0
2026-02-24 21:00:00,7.143,2.889,427.12,0,,0,0,0,1.2138,1.154,0.7662,0,0,0,0,0,0
2026-02-24 21:15:00,7.075,2.594,424.7,0,,0,0,0,0.6223,0.2559,0.5042,0,0,0,0,0,0
2026-02-24 21:30:00,7.163,2.634,427.63,0,,0,0,0,1.4037,0.3807,0.8263,0,0,0,0,0,0
2026-02-24 21:45:00,7.18,2.674,430.45,0,,0,0,0,1.535,0.4931,1.1321,0,0,0,0,0,0
2026-02-24 22:00:00,7.099,2.508,432.01,0,,0,0,0,0.8591,-0.0174,1.2968,0,0,0,0,0,0
2026-02-24 22:15:00,7.164,2.862,435.58,0,,0,0,0,1.4467,1.0439,1.6856,0,0,0,0,0,0
2026-02-24 22:30:00,7.106,2.307,432.05,0,,0,0,0,0.9221,-0.629,1.2858,0,0,0,0,0,0
2026-02-24 22:45:00,7.05,2.331,429.47,0,,0,0,0,0.4324,-0.5581,1.0369,0,0,0,0,0,0
2026-02-24 23:00:00,7.151,2.255,427.55,0,,0,0,0,1.3225,-0.7749,0.8341,0,0,0,0,0,0
2026-02-24 23:15:00,7.124,2.606,432.95,0,,0,0,0,1.0871,0.2853,1.4351,0,0,0,0,0,0
2026-02-24 23:30:00,7.127,2.467,431.43,0,,0,0,0,1.1179,-0.1412,1.2699,0,0,0,0,0,0
2026-02-24 23:45:00,7.248,2.241,431.64,0,,0,0,0,2.2261,-0.8128,1.2765,0,0,0,0,0,0
2026-02-25 00:00:00,7.074,2.17,433.05,0,,0,0,0,0.6614,-1.0445,1.4159,0,0,0,0,0,0
2026-02-25 00:15:00,7.169,2.486,434.05,0,,0,0,0,1.5163,-0.0833,1.5112,0,0,0,0,0,0
2026-02-25 00:30:00,7.099,2.311,432.98,0,,0,0,0,0.9016,-0.6257,1.4054,0,0,0,0,0,0
2026-02-25 00:45:00,7.193,2.448,431.09,0,,0,0,0,1.7411,-0.2082,1.1872,0,0,0,0,0,0
2026-02-25 01:00:00,7.16,2.208,428.39,0,,0,0,0,1.4399,-0.953,0.8933,0,0,0,0,0,0
2026-02-25 01:15:00,7.161,2.276,428.91,0,,0,0,0,1.4314,-0.7482,0.9571,0,0,0,0,0,0
2026-02-25 01:30:00,7.091,2.228,434.48,0,,0,0,0,0.8133,-0.9075,1.5592,0,0,0,0,0,0
2026-02-25 01:45:00,7.096,2.074,429.07,0,,0,0,0,0.8705,-1.3806,0.9788,0,0,0,0,0,0
2026-02-25 02:00:00,7.176,2.132,425.01,0,,0,0,0,1.5868,-1.1828,0.5371,0,0,0,0,0,0
2026-02-25 02:15:00,7.213,1.964,434.62,0,,0,0,0,1.8977,-1.6822,1.5571,0,0,0,0,0,0
2026-02-25 02:30:00,7.143,2.205,425.75,0,,0,0,0,1.2839,-0.934,0.6086,0,0,0,0,0,0
2026-02-25 02:45:00,7.068,2.235,429.16,0,,0,0,0,0.6224,-0.8534,0.9942,0,0,0,0,0,0
2026-02-25 03:00:00,7.123,2.262,430.45,0,,0,0,0,1.1198,-0.7672,1.1277,0,0,0,0,0,0
2026-02-25 03:15:00,7.22,2.208,427.93,0,,0,0,0,1.9446,-0.9588,0.8444,0,0,0,0,0,0
2026-02-25 03:30:00,7.096,2.084,417.39,0,,0,0,0,0.8356,-1.3462,-0.2952,0,0,0,0,0,0
2026-02-25 03:45:00,7.156,2.334,428.23,0,,0,0,0,1.3503,-0.5854,0.8876,0,0,0,0,0,0
2026-02-25 04:00:00,7.038,2.234,431.31,0,,0,0,0,0.3157,-0.8945,1.209,0,0,0,0,0,0
2026-02-25 04:15:00,7.064,2.309,428.45,0,,0,0,0,0.5429,-0.6689,0.9043,0,0,0,0,0,0
2026-02-25 04:30:00,7.088,2.321,416.1,0,,0,0,0,0.7455,-0.666,-0.4263,0,0,0,0,0,0
2026-02-25 04:45:00,7.068,2.089,432.37,0,,0,0,0,0.5613,-1.4387,1.3291,0,0,0,0,0,0
2026-02-25 05:00:00,7.001,2.172,417.8,0,,0,0,0,-0.0316,-1.1872,-0.2507,0,0,0,0,0,0
2026-02-25 05:15:00,6.989,2.237,418.03,0,,0,0,0,-0.1345,-0.9705,-0.224,0,0,0,0,0,0
2026-02-25 05:30:00,7.069,1.958,424.69,0,,0,0,0,0.5577,-1.8569,0.4907,0,0,0,0,0,0
2026-02-25 05:45:00,7.069,1.972,422.6,0,,0,0,0,0.5473,-1.7948,0.2592,0,0,0,0,0,0
2026-02-25 06:00:00,7.076,1.959,420.32,0,,0,0,0,0.5991,-1.8216,0.0131,0,0,0,0,0,0
2026-02-25 06:15:00,7.08,2.151,416.94,0,,0,0,0,0.6204,-1.1944,-0.3488,0,0,0,0,0,0
2026-02-25 06:30:00,6.987,2.133,423.76,0,,0,0,0,-0.1951,-1.2635,0.3763,0,0,0,0,0,0
2026-02-25 06:45:00,6.955,1.984,417.5,0,,0,0,0,-0.4706,-1.7134,-0.299,0,0,0,0,0,0
2026-02-25 07:00:00,7.029,2.24,410.63,0,,0,0,0,0.17,-0.896,-1.0317,0,0,0,0,0,0
2026-02-25 07:15:00,6.987,2.222,421.07,0,,0,0,0,-0.2048,-0.955,0.091,0,0,0,0,0,0
2026-02-25 07:30:00,6.893,2.434,416.28,0,,0,0,0,-1.0208,-0.2841,-0.4234,0,0,0,0,0,0
2026-02-25 07:45:00,6.882,2.58,419.15,0,,0,0,0,-1.1141,0.1728,-0.1228,0,0,0,0,0,0
2026-02-25 08:00:00,6.95,2.368,416.29,0,,0,0,0,-0.5273,-0.5054,-0.4292,0,0,0,0,0,0
2026-02-25 08:15:00,6.908,2.219,422.9,0,,0,0,0,-0.8871,-0.989,0.2758,0,0,0,0,0,0
2026-02-25 08:30:00,6.907,2.444,411.45,0,,0,0,0,-0.889,-0.2665,-0.9549,0,0,0,0,0,0
2026-02-25 08:45:00,6.955,2.373,412.15,0,,0,0,0,-0.4725,-0.4889,-0.8873,0,0,0,0,0,0
2026-02-25 09:00:00,6.932,2.36,414.39,0,,0,0,0,-0.6726,-0.5271,-0.6398,0,0,0,0,0,0
2026-02-25 09:15:00,6.954,2.293,409.76,0,,0,0,0,-0.5049,-0.7324,-1.1484,0,0,0,0,0,0
2026-02-25 09:30:00,6.784,2.378,413.69,0,,0,0,0,-1.9657,-0.4588,-0.7111,0,0,0,0,0,0
2026-02-25 09:45:00,6.888,2.447,398.23,0,,0,0,0,-1.0555,-0.2331,-2.338,0,0,0,0,0,0
2026-02-25 10:00:00,6.905,2.621,409.32,0,,0,0,0,-0.9045,0.3186,-1.1455,0,0,0,0,0,0
2026-02-25 10:15:00,6.789,2.603,408.83,0,,0,0,0,-1.8829,0.2532,-1.2004,0,0,0,0,0,0
2026-02-25 10:30:00,6.829,2.826,408.36,0,,0,0,0,-1.5287,0.9572,-1.2415,0,0,0,0,0,0
2026-02-25 10:45:00,6.816,2.679,405.13,0,,0,0,0,-1.6314,0.4781,-1.5715,0,0,0,0,0,0
2026-02-25 11:00:00,6.856,2.667,412.03,0,,0,0,0,-1.2859,0.4391,-0.8635,0,0,0,0,0,0
2026-02-25 11:15:00,6.934,2.583,406.21,0,,0,0,0,-0.6355,0.1711,-1.5248,0,0,0,0,0,0
2026-02-25 11:30:00,6.952,2.497,408.9,0,,0,0,0,-0.4876,-0.0999,-1.2126,0,0,0,0,0,0
2026-02-25 11:45:00,6.81,2.591,407.88,0,,0,0,0,-1.7287,0.2036,-1.3213,0,0,0,0,0,0
2026-02-25 12:00:00,6.876,2.595,410.0,0,,0,0,0,-1.1677,0.2163,-1.1415,0,0,0,0,0,0
2026-02-25 12:15:00,6.878,2.338,413.75,0,,0,0,0,-1.137,-0.5895,-0.734,0,0,0,0,0,0
2026-02-25 12:30:00,6.871,2.592,408.88,0,,0,0,0,-1.2106,0.2284,-1.272,0,0,0,0,0,0
2026-02-25 12:45:00,6.873,3.004,411.6,0,,0,0,0,-1.2007,1.5206,-0.9859,0,0,0,0,0,0
2026-02-25 13:00:00,6.87,2.838,408.99,0,,0,0,0,-1.2426,1.0054,-1.2911,0,0,0,0,0,0
2026-02-25 13:15:00,6.942,2.744,406.61,0,,0,0,0,-0.6139,0.7103,-1.5528,0,0,0,0,0,0
2026-02-25 13:30:00,6.917,2.877,408.35,0,,0,0,0,-0.8546,1.1382,-1.3414,0,0,0,0,0,0
2026-02-25 13:45:00,6.812,2.54,408.1,0,,0,0,0,-1.7853,0.0775,-1.3644,0,0,0,0,0,0
2026-02-25 14:00:00,6.91,2.889,411.88,0,,0,0,0,-0.9071,1.2278,-0.935,0,0,0,0,0,0
2026-02-25 14:15:00,6.92,3.05,410.45,0,,0,0,0,-0.8324,1.742,-1.085,0,0,0,0,0,0
2026-02-25 14:30:00,6.897,2.851,407.3,0,,0,0,0,-1.0359,1.0915,-1.4269,0,0,0,0,0,0
2026-02-25 14:45:00,6.944,2.613,410.09,0,,0,0,0,-0.6143,0.3185,-1.1348,0,0,0,0,0,0
2026-02-25 15:00:00,6.903,2.824,405.41,0,,0,0,0,-0.977,1.0129,-1.6373,0,0,0,0,0,0
2026-02-25 15:15:00,6.911,3.084,411.35,0,,0,0,0,-0.9056,1.8592,-0.9742,0,0,0,0,0,0
2026-02-25 15:30:00,6.915,2.935,412.7,0,,0,0,0,-0.8529,1.3742,-0.8248,0,0,0,0,0,0
2026-02-25 15:45:00,6.816,2.686,420.57,0,,0,0,0,-1.7018,0.55,0.038,0,0,0,0,0,0
2026-02-25 16:00:00,6.921,3.255,419.39,0,,0,0,0,-0.7703,2.3635,-0.0946,0,0,0,0,0,0
2026-02-25 16:15:00,6.9,2.711,410.56,0,,0,0,0,-0.9576,0.6335,-1.0575,0,0,0,0,0,0
2026-02-25 16:30:00,6.883,2.86,416.21,0,,0,0,0,-1.098,1.1181,-0.4392,0,0,0,0,0,0
2026-02-25 16:45:00,7.023,2.737,417.02,0,,0,0,0,0.1343,0.7374,-0.3485,0,0,0,0,0,0
2026-02-25 17:00:00,6.986,2.731,415.97,0,,0,0,0,-0.1859,0.7334,-0.4532,0,0,0,0,0,0
2026-02-25 17:15:00,6.969,2.811,416.99,0,,0,0,0,-0.3286,0.9975,-0.3483,0,0,0,0,0,0
2026-02-25 17:30:00,6.952,2.965,417.02,0,,0,0,0,-0.4716,1.5217,-0.3409,0,0,0,0,0,0
2026-02-25 17:45:00,7.005,3.052,426.71,0,,0,0,0,-0.0125,1.7718,0.7293,0,0,0,0,0,0
2026-02-25 18:00:00,7.05,2.788,418.34,0,,0,0,0,0.3817,0.9053,-0.199,0,0,0,0,0,0
2026-02-25 18:15:00,6.968,2.681,422.15,0,,0,0,0,-0.3431,0.5586,0.2257,0,0,0,0,0,0
2026-02-25 18:30:00,7.019,2.889,411.45,0,,0,0,0,0.1001,1.2329,-0.9399,0,0,0,0,0,0
2026-02-25 18:45:00,7.073,2.877,425.64,0,,0,0,0,0.5735,1.1909,0.6162,0,0,0,0,0,0
2026-02-25 19:00:00,6.942,2.819,427.84,0,,0,0,0,-0.5708,1.0128,0.8553,0,0,0,0,0,0
2026-02-25 19:15:00,7.045,2.805,419.65,0,,0,0,0,0.3429,0.9776,-0.0432,0,0,0,0,0,0
2026-02-25 19:30:00,7.036,2.727,422.54,0,,0,0,0,0.2681,0.7251,0.2776,0,0,0,0,0,0
2026-02-25 19:45:00,7.06,2.737,427.11,0,,0,0,0,0.4847,0.747,0.7763,0,0,0,0,0,0
2026-02-25 20:00:00,7.05,2.673,426.08,0,,0,0,0,0.3934,0.5268,0.6727,0,0,0,0,0,0
2026-02-25 20:15:00,7.09,2.837,428.53,0,,0,0,0,0.7466,1.0639,0.9392,0,0,0,0,0,0
2026-02-25 20:30:00,7.187,2.987,426.16,0,,0,0,0,1.5697,1.5318,0.6763,0,0,0,0,0,0
2026-02-25 20:45:00,7.083,2.656,435.37,0,,0,0,0,0.6508,0.4428,1.6613,0,0,0,0,0,0
2026-02-25 21:00:00,7.121,2.603,425.81,0,,0,0,0,0.9867,0.2811,0.6214,0,0,0,0,0,0
2026-02-25 21:15:00,7.213,2.616,439.79,0,,0,0,0,1.7527,0.3231,2.0828,0,0,0,0,0,0
2026-02-25 21:30:00,7.092,2.454,434.49,0,,0,0,0,0.721,-0.2051,1.4964,0,0,0,0,0,0
2026-02-25 21:45:00,7.215,2.641,433.31,0,,0,0,0,1.7756,0.4134,1.3631,0,0,0,0,0,0
2026-02-25 22:00:00,7.13,2.566,426.23,0,,0,0,0,1.0366,0.1637,0.6271,0,0,0,0,0,0
2026-02-25 22:15:00,7.224,2.411,434.4,0,,0,0,0,1.8248,-0.3347,1.4976,0,0,0,0,0,0
2026-02-25 22:30:00,7.176,2.583,433.5,0,,0,0,0,1.3991,0.2278,1.3974,0,0,0,0,0,0
2026-02-25 22:45:00,7.157,2.425,422.88,0,,0,0,0,1.2196,-0.3021,0.2803,0,0,0,0,0,0
2026-02-25 23:00:00,7.142,2.251,425.97,0,,0,0,0,1.0951,-0.8821,0.6118,0,0,0,0,0,0
2026-02-25 23:15:00,7.116,2.424,433.2,0,,0,0,0,0.8774,-0.2989,1.3818,0,0,0,0,0,0
2026-02-25 23:30:00,7.153,2.382,431.36,0,,0,0,0,1.184,-0.4356,1.1859,0,0,0,0,0,0
2026-02-25 23:45:00,7.195,2.467,429.91,0,,0,0,0,1.5546,-0.1609,1.0356,0,0,0,0,0,0
2026-02-26 00:00:00,7.149,2.425,436.32,0,,0,0,0,1.1516,-0.3124,1.707,0,0,0,0,0,0
2026-02-26 00:15:00,7.134,2.261,428.44,0,,0,0,0,1.032,-0.8536,0.8827,0,0,0,0,0,0
2026-02-26 00:30:00,7.136,2.186,430.08,0,,0,0,0,1.0426,-1.0966,1.0657,0,0,0,0,0,0
2026-02-26 00:45:00,7.197,2.237,429.18,0,,0,0,0,1.5559,-0.9149,0.9734,0,0,0,0,0,0
2026-02-26 01:00:00,7.206,2.272,433.63,0,,0,0,0,1.6183,-0.8023,1.4368,0,0,0,0,0,0
2026-02-26 01:15:00,7.109,2.272,424.49,0,,0,0,0,0.8137,-0.802,0.4658,0,0,0,0,0,0
2026-02-26 01:30:00,7.105,2.228,429.1,0,,0,0,0,0.7781,-0.9488,0.974,0,0,0,0,0,0
2026-02-26 01:45:00,7.153,2.154,423.87,0,,0,0,0,1.1714,-1.2028,0.416,0,0,0,0,0,0
2026-02-26 02:00:00,7.206,2.303,429.14,0,,0,0,0,1.6063,-0.7143,0.9801,0,0,0,0,0,0
2026-02-26 02:15:00,7.182,2.04,432.87,0,,0,0,0,1.4147,-1.6101,1.3897,0,0,0,0,0,0
2026-02-26 02:30:00,7.056,2.502,432.48,0,,0,0,0,0.369,-0.058,1.3298,0,0,0,0,0,0
2026-02-26 02:45:00,7.1,2.236,426.11,0,,0,0,0,0.7355,-0.9632,0.6489,0,0,0,0,0,0
2026-02-26 03:00:00,7.06,1.945,430.62,0,,0,0,0,0.4062,-1.9119,1.1357,0,0,0,0,0,0
2026-02-26 03:15:00,7.086,2.135,427.17,0,,0,0,0,0.6467,-1.2692,0.7645,0,0,0,0,0,0
2026-02-26 03:30:00,7.172,2.219,432.75,0,,0,0,0,1.3666,-0.9991,1.3379,0,0,0,0,0,0
2026-02-26 03:45:00,7.012,2.048,426.15,0,,0,0,0,0.0191,-1.5466,0.6346,0,0,0,0,0,0
2026-02-26 04:00:00,6.994,1.876,414.11,0,,0,0,0,-0.1313,-2.0669,-0.6412,0,0,0,0,0,0
2026-02-26 04:15:00,7.025,1.945,428.89,0,,0,0,0,0.1381,-1.8017,0.9519,0,0,0,0,0,0
2026-02-26 04:30:00,7.072,2.185,422.76,0,,0,0,0,0.5434,-1.0224,0.2837,0,0,0,0,0,0
2026-02-26 04:45:00,7.079,1.844,422.76,0,,0,0,0,0.6022,-2.0763,0.2972,0,0,0,0,0,0
2026-02-26 05:00:00,7.061,1.896,424.45,0,,0,0,0,0.4419,-1.878,0.4731,0,0,0,0,0,0
2026-02-26 05:15:00,7.088,2.202,416.64,0,,0,0,0,0.6632,-0.923,-0.3743,0,0,0,0,0,0
2026-02-26 05:30:00,6.931,2.097,421.86,0,,0,0,0,-0.6675,-1.2626,0.1964,0,0,0,0,0,0
2026-02-26 05:45:00,7.069,2.037,422.92,0,,0,0,0,0.5123,-1.4575,0.3113,0,0,0,0,0,0
2026-02-26 06:00:00,6.984,2.079,421.46,0,,0,0,0,-0.2065,-1.3375,0.1512,0,0,0,0,0,0
2026-02-26 06:15:00,7.027,1.947,416.82,0,,0,0,0,0.1667,-1.7314,-0.3533,0,0,0,0,0,0
2026-02-26 06:30:00,6.914,2.255,422.4,0,,0,0,0,-0.7935,-0.774,0.2552,0,0,0,0,0,0
2026-02-26 06:45:00,6.971,2.078,413.67,0,,0,0,0,-0.3077,-1.3396,-0.689,0,0,0,0,0,0
2026-02-26 07:00:00,6.973,2.137,414.39,0,,0,0,0,-0.2856,-1.146,-0.6172,0,0,0,0,0,0
2026-02-26 07:15:00,7.01,2.288,415.6,0,,0,0,0,0.0289,-0.6741,-0.4786,0,0,0,0,0,0
2026-02-26 07:30:00,6.863,2.218,416.59,0,,0,0,0,-1.2223,-0.8842,-0.3712,0,0,0,0,0,0
2026-02-26 07:45:00,6.935,2.172,413.39,0,,0,0,0,-0.6154,-1.0101,-0.7112,0,0,0,0,0,0
2026-02-26 08:00:00,6.871,2.002,418.91,0,,0,0,0,-1.1497,-1.5119,-0.1149,0,0,0,0,0,0
2026-02-26 08:15:00,6.942,2.378,414.51,0,,0,0,0,-0.5494,-0.3568,-0.5828,0,0,0,0,0,0
2026-02-26 08:30:00,6.948,2.359,413.0,0,,0,0,0,-0.5031,-0.4126,-0.7495,0,0,0,0,0,0
2026-02-26 08:45:00,6.965,2.294,413.13,0,,0,0,0,-0.3587,-0.6105,-0.7371,0,0,0,0,0,0
2026-02-26 09:00:00,6.867,2.241,414.45,0,,0,0,0,-1.1851,-0.7688,-0.5936,0,0,0,0,0,0
2026-02-26 09:15:00,6.934,2.424,411.94,0,,0,0,0,-0.6125,-0.2088,-0.8713,0,0,0,0,0,0
2026-02-26 09:30:00,6.949,2.52,403.24,0,,0,0,0,-0.5087,0.0834,-1.7818,0,0,0,0,0,0
2026-02-26 09:45:00,6.793,2.489,414.38,0,,0,0,0,-1.8278,-0.0139,-0.6195,0,0,0,0,0,0
2026-02-26 10:00:00,6.901,2.746,410.09,0,,0,0,0,-0.9037,0.7751,-1.0953,0,0,0,0,0,0
2026-02-26 10:15:00,6.913,2.632,411.98,0,,0,0,0,-0.8246,0.4223,-0.8935,0,0,0,0,0,0
2026-02-26 10:30:00,6.848,2.536,407.29,0,,0,0,0,-1.3939,0.1363,-1.4104,0,0,0,0,0,0
2026-02-26 10:45:00,6.797,2.689,401.33,0,,0,0,0,-1.8303,0.6103,-2.0497,0,0,0,0,0,0
2026-02-26 11:00:00,6.902,2.611,399.29,0,,0,0,0,-0.9281,0.3706,-2.2089,0,0,0,0,0,0
2026-02-26 11:15:00,6.793,2.635,404.45,0,,0,0,0,-1.8356,0.4431,-1.6473,0,0,0,0,0,0
2026-02-26 11:30:00,6.842,2.848,410.17,0,,0,0,0,-1.3926,1.0854,-1.0376,0,0,0,0,0,0
2026-02-26 11:45:00,6.848,2.542,413.22,0,,0,0,0,-1.352,0.1441,-0.7207,0,0,0,0,0,0
2026-02-26 12:00:00,6.886,2.703,409.21,0,,0,0,0,-1.0293,0.6359,-1.1516,0,0,0,0,0,0
2026-02-26 12:15:00,6.819,2.901,403.82,0,,0,0,0,-1.5855,1.219,-1.699,0,0,0,0,0,0
2026-02-26 12:30:00,6.817,2.79,404.97,0,,0,0,0,-1.5873,0.8702,-1.5629,0,0,0,0,0,0
2026-02-26 12:45:00,6.858,2.708,413.67,0,,0,0,0,-1.2382,0.6363,-0.646,0,0,0,0,0,0
2026-02-26 13:00:00,6.905,2.527,403.17,0,,0,0,0,-0.8482,0.0898,-1.736,0,0,0,0,0,0
2026-02-26 13:15:00,6.972,2.46,417.04,0,,0,0,0,-0.2852,-0.1088,-0.2941,0,0,0,0,0,0
2026-02-26 13:30:00,6.786,3.129,416.42,0,,0,0,0,-1.8191,1.9351,-0.3714,0,0,0,0,0,0
2026-02-26 13:45:00,6.881,2.879,417.78,0,,0,0,0,-1.042,1.1499,-0.2389,0,0,0,0,0,0
2026-02-26 14:00:00,6.816,2.759,411.13,0,,0,0,0,-1.5643,0.7921,-0.9532,0,0,0,0,0,0
2026-02-26 14:15:00,6.926,2.911,408.66,0,,0,0,0,-0.6503,1.2694,-1.2141,0,0,0,0,0,0
2026-02-26 14:30:00,6.834,2.727,411.91,0,,0,0,0,-1.4013,0.7099,-0.8756,0,0,0,0,0,0
2026-02-26 14:45:00,6.853,2.829,414.61,0,,0,0,0,-1.228,1.013,-0.5917,0,0,0,0,0,0
2026-02-26 15:00:00,6.864,2.745,408.91,0,,0,0,0,-1.1306,0.7591,-1.2205,0,0,0,0,0,0
2026-02-26 15:15:00,6.897,2.68,407.68,0,,0,0,0,-0.8585,0.581,-1.3439,0,0,0,0,0,0
2026-02-26 15:30:00,6.925,2.581,411.56,0,,0,0,0,-0.6308,0.2855,-0.9206,0,0,0,0,0,0
2026-02-26 15:45:00,6.941,2.659,410.24,0,,0,0,0,-0.5163,0.5331,-1.0459,0,0,0,0,0,0
2026-02-26 16:00:00,6.925,3.053,418.96,0,,0,0,0,-0.6491,1.8111,-0.1058,0,0,0,0,0,0
2026-02-26 16:15:00,6.867,2.751,412.23,0,,0,0,0,-1.1229,0.8404,-0.8343,0,0,0,0,0,0
2026-02-26 16:30:00,6.979,2.977,415.79,0,,0,0,0,-0.2082,1.5521,-0.4495,0,0,0,0,0,0
2026-02-26 16:45:00,6.949,3.036,420.07,0,,0,0,0,-0.4502,1.7087,0.009,0,0,0,0,0,0
2026-02-26 17:00:00,7.019,2.889,422.01,0,,0,0,0,0.1268,1.2346,0.2118,0,0,0,0,0,0
2026-02-26 17:15:00,6.935,2.834,418.49,0,,0,0,0,-0.5654,1.0608,-0.1703,0,0,0,0,0,0
2026-02-26 17:30:00,6.9,2.89,419.97,0,,0,0,0,-0.848,1.2426,-0.0136,0,0,0,0,0,0
2026-02-26 17:45:00,6.988,2.796,415.15,0,,0,0,0,-0.1206,0.9671,-0.5226,0,0,0,0,0,0
2026-02-26 18:00:00,7.065,3.027,424.09,0,,0,0,0,0.513,1.6751,0.4387,0,0,0,0,0,0
2026-02-26 18:15:00,7.018,3.114,425.84,0,,0,0,0,0.1213,1.9003,0.6228,0,0,0,0,0,0
2026-02-26 18:30:00,7.01,3.035,414.08,0,,0,0,0,0.0561,1.6406,-0.6519,0,0,0,0,0,0
2026-02-26 18:45:00,6.986,2.478,429.39,0,,0,0,0,-0.1346,-0.055,0.9981,0,0,0,0,0,0
2026-02-26 19:00:00,7.127,2.717,420.3,0,,0,0,0,1.0102,0.6883,0.0258,0,0,0,0,0,0
2026-02-26 19:15:00,6.997,2.764,426.24,0,,0,0,0,-0.0553,0.8362,0.6602,0,0,0,0,0,0
2026-02-26 19:30:00,7.021,2.813,424.9,0,,0,0,0,0.1436,0.983,0.5122,0,0,0,0,0,0
2026-02-26 19:45:00,7.095,2.463,425.07,0,,0,0,0,0.7486,-0.0911,0.5336,0,0,0,0,0,0
2026-02-26 20:00:00,6.982,2.438,425.17,0,,0,0,0,-0.1745,-0.1613,0.5458,0,0,0,0,0,0
2026-02-26 20:15:00,7.147,2.873,422.7,0,,0,0,0,1.1721,1.1876,0.2863,0,0,0,0,0,0
2026-02-26 20:30:00,7.123,2.569,429.4,0,,0,0,0,0.9879,0.261,1.0072,0,0,0,0,0,0
2026-02-26 20:45:00,7.144,2.405,426.77,0,,0,0,0,1.1503,-0.2463,0.7408,0,0,0,0,0,0
2026-02-26 21:00:00,7.134,2.438,423.25,0,,0,0,0,1.0659,-0.1372,0.3587,0,0,0,0,0,0
2026-02-26 21:15:00,7.105,2.637,424.88,0,,0,0,0,0.8476,0.4883,0.568,0,0,0,0,0,0
2026-02-26 21:30:00,7.066,2.429,424.35,0,,0,0,0,0.5272,-0.1653,0.5272,0,0,0,0,0,0
2026-02-26 21:45:00,7.118,2.562,427.88,0,,0,0,0,0.9789,0.256,0.9433,0,0,0,0,0,0
2026-02-26 22:00:00,7.081,2.353,432.33,0,,0,0,0,0.6748,-0.3951,1.4353,0,0,0,0,0,0
2026-02-26 22:15:00,7.159,2.212,427.92,0,,0,0,0,1.3511,-0.8296,0.9505,0,0,0,0,0,0
2026-02-26 22:30:00,7.179,2.661,434.99,0,,0,0,0,1.5205,0.5758,1.7568,0,0,0,0,0,0
2026-02-26 22:45:00,7.216,2.482,430.89,0,,0,0,0,1.8151,0.013,1.2669,0,0,0,0,0,0
2026-02-26 23:00:00,7.163,2.346,430.43,0,,0,0,0,1.3626,-0.417,1.2031,0,0,0,0,0,0
2026-02-26 23:15:00,7.193,2.293,431.84,0,,0,0,0,1.5945,-0.5782,1.3676,0,0,0,0,0,0
2026-02-26 23:30:00,7.134,2.567,437.48,0,,0,0,0,1.1058,0.2746,1.9767,0,0,0,0,0,0
2026-02-26 23:45:00,7.126,2.412,426.49,0,,0,0,0,1.0535,-0.2094,0.751,0,0,0,0,0,0
2026-02-27 00:00:00,7.174,2.472,438.63,0,,0,0,0,1.4517,-0.0229,2.1036,0,0,0,0,0,0
2026-02-27 00:15:00,7.13,2.19,435.81,0,,0,0,0,1.0825,-0.9029,1.7584,0,0,0,0,0,0
2026-02-27 00:30:00,7.162,2.264,431.81,0,,0,0,0,1.3456,-0.6753,1.3106,0,0,0,0,0,0
2026-02-27 00:45:00,7.094,2.297,436.5,0,,0,0,0,0.793,-0.5745,1.7983,0,0,0,0,0,0
2026-02-27 01:00:00,7.101,2.135,430.3,0,,0,0,0,0.8724,-1.0744,1.1314,0,0,0,0,0,0
2026-02-27 01:15:00,7.174,2.185,432.51,0,,0,0,0,1.4828,-0.9132,1.353,0,0,0,0,0,0
2026-02-27 01:30:00,7.183,2.095,428.92,0,,0,0,0,1.5395,-1.1846,0.9631,0,0,0,0,0,0
2026-02-27 01:45:00,7.085,2.227,434.63,0,,0,0,0,0.7214,-0.7785,1.5529,0,0,0,0,0,0
2026-02-27 02:00:00,7.163,1.955,427.56,0,,0,0,0,1.3971,-1.5946,0.7965,0,0,0,0,0,0
2026-02-27 02:15:00,7.098,2.227,429.77,0,,0,0,0,0.8562,-0.7688,1.0421,0,0,0,0,0,0
2026-02-27 02:30:00,7.12,2.177,432.24,0,,0,0,0,1.0359,-0.9091,1.3097,0,0,0,0,0,0
2026-02-27 02:45:00,7.184,2.091,433.21,0,,0,0,0,1.5641,-1.1644,1.395,0,0,0,0,0,0
2026-02-27 03:00:00,7.146,2.181,425.2,0,,0,0,0,1.2246,-0.9044,0.5452,0,0,0,0,0,0
2026-02-27 03:15:00,7.139,2.053,430.92,0,,0,0,0,1.1556,-1.2943,1.1526,0,0,0,0,0,0
2026-02-27 03:30:00,7.187,2.003,423.38,0,,0,0,0,1.5556,-1.4306,0.3573,0,0,0,0,0,0
2026-02-27 03:45:00,7.048,2.182,418.07,0,,0,0,0,0.3834,-0.8906,-0.2091,0,0,0,0,0,0
2026-02-27 04:00:00,7.026,2.188,423.01,0,,0,0,0,0.1957,-0.8945,0.3174,0,0,0,0,0,0
2026-02-27 04:15:00,7.03,2.025,428.65,0,,0,0,0,0.2288,-1.4117,0.9309,0,0,0,0,0,0
2026-02-27 04:30:00,7.045,2.014,424.54,0,,0,0,0,0.3576,-1.4311,0.4817,0,0,0,0,0,0
2026-02-27 04:45:00,6.93,2.08,421.72,0,,0,0,0,-0.5966,-1.2488,0.1766,0,0,0,0,0,0
2026-02-27 05:00:00,7.028,2.031,423.33,0,,0,0,0,0.2309,-1.418,0.353,0,0,0,0,0,0
2026-02-27 05:15:00,7.002,2.35,422.43,0,,0,0,0,0.0195,-0.4109,0.2487,0,0,0,0,0,0
2026-02-27 05:30:00,7.059,2.178,424.05,0,,0,0,0,0.4899,-0.9646,0.4221,0,0,0,0,0,0
2026-02-27 05:45:00,7.027,2.143,414.34,0,,0,0,0,0.2235,-1.0848,-0.6225,0,0,0,0,0,0
2026-02-27 06:00:00,6.97,2.014,419.59,0,,0,0,0,-0.2575,-1.4922,-0.0507,0,0,0,0,0,0
2026-02-27 06:15:00,7.02,2.278,419.71,0,,0,0,0,0.1661,-0.6671,-0.041,0,0,0,0,0,0
2026-02-27 06:30:00,7.017,2.091,412.97,0,,0,0,0,0.132,-1.2611,-0.7601,0,0,0,0,0,0
2026-02-27 06:45:00,6.932,2.101,412.14,0,,0,0,0,-0.5848,-1.2308,-0.8471,0,0,0,0,0,0
2026-02-27 07:00:00,6.937,2.333,415.44,0,,0,0,0,-0.5386,-0.4909,-0.4918,0,0,0,0,0,0
2026-02-27 07:15:00,6.841,2.294,416.18,0,,0,0,0,-1.3236,-0.6178,-0.4124,0,0,0,0,0,0
2026-02-27 07:30:00,6.888,1.881,415.46,0,,0,0,0,-0.9339,-1.9165,-0.4888,0,0,0,0,0,0
2026-02-27 07:45:00,6.897,2.254,412.47,0,,0,0,0,-0.853,-0.7291,-0.8106,0,0,0,0,0,0
2026-02-27 08:00:00,6.929,2.319,411.61,0,,0,0,0,-0.5923,-0.5375,-0.8917,0,0,0,0,0,0
2026-02-27 08:15:00,6.869,2.272,411.75,0,,0,0,0,-1.0855,-0.6848,-0.8715,0,0,0,0,0,0
2026-02-27 08:30:00,6.883,2.371,413.89,0,,0,0,0,-0.9588,-0.3652,-0.6431,0,0,0,0,0,0
2026-02-27 08:45:00,6.84,2.1,417.07,0,,0,0,0,-1.2955,-1.2275,-0.3064,0,0,0,0,0,0
2026-02-27 09:00:00,6.902,1.972,402.63,0,,0,0,0,-0.7879,-1.6123,-1.8193,0,0,0,0,0,0
2026-02-27 09:15:00,6.909,2.276,413.47,0,,0,0,0,-0.7267,-0.6396,-0.6727,0,0,0,0,0,0
2026-02-27 09:30:00,6.901,2.49,410.04,0,,0,0,0,-0.7869,0.0404,-1.0556,0,0,0,0,0,0
2026-02-27 09:45:00,6.876,1.99,412.13,0,,0,0,0,-1.0104,-1.5111,-0.8273,0,0,0,0,0,0
2026-02-27 10:00:00,6.793,2.373,414.35,0,,0,0,0,-1.6739,-0.2994,-0.5967,0,0,0,0,0,0
2026-02-27 10:15:00,6.834,2.238,406.22,0,,0,0,0,-1.3199,-0.7102,-1.4535,0,0,0,0,0,0
2026-02-27 10:30:00,6.841,2.516,412.69,0,,0,0,0,-1.261,0.1637,-0.774,0,0,0,0,0,0
2026-02-27 10:45:00,6.838,2.872,403.62,0,,0,0,0,-1.2957,1.2686,-1.7593,0,0,0,0,0,0
2026-02-27 11:00:00,6.859,2.571,408.92,0,,0,0,0,-1.1154,0.33,-1.2212,0,0,0,0,0,0
2026-02-27 11:15:00,6.924,2.612,407.26,0,,0,0,0,-0.6014,0.4591,-1.4142,0,0,0,0,0,0
2026-02-27 11:30:00,6.892,2.779,408.29,0,,0,0,0,-0.8756,0.9858,-1.2948,0,0,0,0,0,0
2026-02-27 11:45:00,6.801,2.68,404.07,0,,0,0,0,-1.6212,0.6696,-1.7269,0,0,0,0,0,0
2026-02-27 12:00:00,6.884,2.668,409.75,0,,0,0,0,-0.9324,0.6338,-1.11,0,0,0,0,0,0
2026-02-27 12:15:00,6.882,2.861,414.37,0,,0,0,0,-0.9609,1.2412,-0.6278,0,0,0,0,0,0
2026-02-27 12:30:00,6.811,2.814,404.22,0,,0,0,0,-1.5519,1.0922,-1.7462,0,0,0,0,0,0
2026-02-27 12:45:00,6.895,2.807,408.99,0,,0,0,0,-0.8571,1.0638,-1.2081,0,0,0,0,0,0
2026-02-27 13:00:00,6.847,2.762,411.83,0,,0,0,0,-1.2474,0.9118,-0.9189,0,0,0,0,0,0
2026-02-27 13:15:00,6.787,2.749,407.45,0,,0,0,0,-1.7044,0.8586,-1.3821,0,0,0,0,0,0
2026-02-27 13:30:00,6.884,2.955,414.36,0,,0,0,0,-0.9278,1.5176,-0.617,0,0,0,0,0,0
2026-02-27 13:45:00,6.876,2.782,407.52,0,,0,0,0,-0.9933,0.983,-1.3458,0,0,0,0,0,0
2026-02-27 14:00:00,6.859,3.031,409.14,0,,0,0,0,-1.1436,1.7354,-1.164,0,0,0,0,0,0
2026-02-27 14:15:00,6.873,2.702,406.05,0,,0,0,0,-1.0186,0.7263,-1.4913,0,0,0,0,0,0
2026-02-27 14:30:00,6.845,3.085,410.99,0,,0,0,0,-1.2534,1.8819,-0.9539,0,0,0,0,0,0
2026-02-27 14:45:00,6.918,2.95,410.99,0,,0,0,0,-0.656,1.4554,-0.9468,0,0,0,0,0,0
2026-02-27 15:00:00,6.892,2.741,414.06,0,,0,0,0,-0.8777,0.8157,-0.6244,0,0,0,0,0,0
2026-02-27 15:15:00,6.909,2.969,409.54,0,,0,0,0,-0.737,1.4899,-1.12,0,0,0,0,0,0
2026-02-27 15:30:00,6.927,2.799,409.97,0,,0,0,0,-0.5864,0.9633,-1.0695,0,0,0,0,0,0
2026-02-27 15:45:00,6.859,2.904,415.18,0,,0,0,0,-1.1425,1.2637,-0.5114,0,0,0,0,0,0
2026-02-27 16:00:00,6.88,2.827,419.59,0,,0,0,0,-0.9607,1.0503,-0.031,0,0,0,0,0,0
2026-02-27 16:15:00,6.823,2.879,417.21,0,,0,0,0,-1.4235,1.1987,-0.2973,0,0,0,0,0,0
2026-02-27 16:30:00,6.971,3.038,422.8,0,,0,0,0,-0.1993,1.671,0.3068,0,0,0,0,0,0
2026-02-27 16:45:00,6.891,2.97,418.36,0,,0,0,0,-0.8529,1.4735,-0.1775,0,0,0,0,0,0
2026-02-27 17:00:00,6.968,2.718,418.97,0,,0,0,0,-0.214,0.7228,-0.1073,0,0,0,0,0,0
2026-02-27 17:15:00,6.989,2.719,420.38,0,,0,0,0,-0.0456,0.7319,0.045,0,0,0,0,0,0
2026-02-27 17:30:00,7.011,2.91,424.39,0,,0,0,0,0.1267,1.3112,0.4787,0,0,0,0,0,0
2026-02-27 17:45:00,6.93,2.91,424.17,0,,0,0,0,-0.5379,1.3022,0.4445,0,0,0,0,0,0
2026-02-27 18:00:00,6.997,2.745,415.66,0,,0,0,0,0.0217,0.8208,-0.4773,0,0,0,0,0,0
2026-02-27 18:15:00,7.093,3.071,423.99,0,,0,0,0,0.8074,1.8248,0.437,0,0,0,0,0,0
2026-02-27 18:30:00,7.105,2.939,422.63,0,,0,0,0,0.8945,1.4297,0.2787,0,0,0,0,0,0
2026-02-27 18:45:00,7.079,2.707,421.56,0,,0,0,0,0.6713,0.7051,0.1711,0,0,0,0,0,0
2026-02-27 19:00:00,7.056,2.675,416.01,0,,0,0,0,0.4911,0.6085,-0.436,0,0,0,0,0,0
2026-02-27 19:15:00,6.998,2.73,417.7,0,,0,0,0,0.0133,0.7797,-0.2404,0,0,0,0,0,0
2026-02-27 19:30:00,7.093,2.694,423.13,0,,0,0,0,0.7872,0.6748,0.362,0,0,0,0,0,0
2026-02-27 19:45:00,7.058,2.911,419.45,0,,0,0,0,0.504,1.3189,-0.0386,0,0,0,0,0,0
2026-02-27 20:00:00,7.103,2.848,424.62,0,,0,0,0,0.8606,1.1057,0.535,0,0,0,0,0,0
2026-02-27 20:15:00,7.052,2.682,429.52,0,,0,0,0,0.4538,0.6099,1.0644,0,0,0,0,0,0
2026-02-27 20:30:00,7.083,2.755,424.98,0,,0,0,0,0.7153,0.8246,0.5714,0,0,0,0,0,0
2026-02-27 20:45:00,7.107,2.752,428.25,0,,0,0,0,0.9204,0.802,0.9303,0,0,0,0,0,0
2026-02-27 21:00:00,7.118,2.612,424.21,0,,0,0,0,1.0147,0.3706,0.4824,0,0,0,0,0,0
2026-02-27 21:15:00,7.137,2.638,430.22,0,,0,0,0,1.1666,0.4495,1.1343,0,0,0,0,0,0
2026-02-27 21:30:00,7.09,2.641,431.55,0,,0,0,0,0.7735,0.4515,1.263,0,0,0,0,0,0
2026-02-27 21:45:00,7.058,2.599,424.29,0,,0,0,0,0.5156,0.3227,0.4763,0,0,0,0,0,0
2026-02-27 22:00:00,7.211,2.383,427.38,0,,0,0,0,1.7524,-0.3339,0.8251,0,0,0,0,0,0
2026-02-27 22:15:00,7.259,2.372,425.69,0,,0,0,0,2.1063,-0.3735,0.6429,0,0,0,0,0,0
2026-02-27 22:30:00,7.161,2.405,433.12,0,,0,0,0,1.3185,-0.2651,1.4696,0,0,0,0,0,0
2026-02-27 22:45:00,7.076,2.316,432.02,0,,0,0,0,0.6513,-0.5304,1.3443,0,0,0,0,0,0
2026-02-27 23:00:00,7.106,2.176,431.39,0,,0,0,0,0.9078,-0.9476,1.2719,0,0,0,0,0,0
2026-02-27 23:15:00,7.173,2.473,431.26,0,,0,0,0,1.4672,-0.0527,1.2593,0,0,0,0,0,0
2026-02-27 23:30:00,7.216,2.399,433.19,0,,0,0,0,1.7976,-0.2722,1.4901,0,0,0,0,0,0
2026-02-27 23:45:00,7.089,2.122,433.35,0,,0,0,0,0.7614,-1.0977,1.4866,0,0,0,0,0,0
2026-02-28 00:00:00,7.144,2.264,430.02,0,,0,0,0,1.2206,-0.6609,1.1474,0,0,0,0,0,0
2026-02-28 00:15:00,7.159,2.25,429.43,0,,0,0,0,1.3378,-0.706,1.1007,0,0,0,0,0,0
2026-02-28 00:30:00,7.192,2.284,431.66,0,,0,0,0,1.6006,-0.6043,1.3542,0,0,0,0,0,0
2026-02-28 00:45:00,7.13,2.074,431.01,0,,0,0,0,1.0862,-1.2233,1.3006,0,0,0,0,0,0
2026-02-28 01:00:00,7.067,2.014,439.83,0,,0,0,0,0.5753,-1.393,2.2556,0,0,0,0,0,0
2026-02-28 01:15:00,7.173,2.277,429.83,0,,0,0,0,1.4438,-0.6121,1.139,0,0,0,0,0,0
2026-02-28 01:30:00,7.195,1.953,432.25,0,,0,0,0,1.6203,-1.5674,1.4015,0,0,0,0,0,0
2026-02-28 01:45:00,7.13,2.133,432.63,0,,0,0,0,1.0811,-1.0266,1.4519,0,0,0,0,0,0
2026-02-28 02:00:00,7.15,2.105,435.99,0,,0,0,0,1.247,-1.1213,1.7968,0,0,0,0,0,0
2026-02-28 02:15:00,7.101,2.123,426.73,0,,0,0,0,0.8467,-1.0612,0.7725,0,0,0,0,0,0
2026-02-28 02:30:00,7.077,2.168,434.88,0,,0,0,0,0.6565,-0.9268,1.6714,0,0,0,0,0,0
2026-02-28 02:45:00,7.164,2.361,428.43,0,,0,0,0,1.3737,-0.3633,0.9669,0,0,0,0,0,0
2026-02-28 03:00:00,7.125,1.874,438.49,0,,0,0,0,1.0577,-1.7885,2.0347,0,0,0,0,0,0
2026-02-28 03:15:00,7.123,2.239,429.36,0,,0,0,0,1.0443,-0.7196,1.0378,0,0,0,0,0,0
2026-02-28 03:30:00,7.166,1.727,422.39,0,,0,0,0,1.4039,-2.1986,0.2735,0,0,0,0,0,0
2026-02-28 03:45:00,7.031,2.31,425.88,0,,0,0,0,0.2909,-0.4976,0.6467,0,0,0,0,0,0
2026-02-28 04:00:00,7.047,1.794,431.35,0,,0,0,0,0.421,-1.9659,1.2278,0,0,0,0,0,0
2026-02-28 04:15:00,7.074,2.466,425.63,0,,0,0,0,0.639,-0.0409,0.6103,0,0,0,0,0,0
2026-02-28 04:30:00,7.029,2.045,424.35,0,,0,0,0,0.2696,-1.269,0.4709,0,0,0,0,0,0
2026-02-28 04:45:00,7.087,2.301,426.73,0,,0,0,0,0.7334,-0.5326,0.723,0,0,0,0,0,0
2026-02-28 05:00:00,7.029,2.276,421.73,0,,0,0,0,0.2557,-0.6179,0.1807,0,0,0,0,0,0
2026-02-28 05:15:00,6.98,2.056,421.5,0,,0,0,0,-0.1459,-1.2492,0.1567,0,0,0,0,0,0
2026-02-28 05:30:00,7.023,2.076,417.79,0,,0,0,0,0.2115,-1.1836,-0.2405,0,0,0,0,0,0
2026-02-28 05:45:00,7.018,2.016,427.7,0,,0,0,0,0.1711,-1.3489,0.8233,0,0,0,0,0,0
2026-02-28 06:00:00,7.047,2.272,415.11,0,,0,0,0,0.4033,-0.6169,-0.541,0,0,0,0,0,0
2026-02-28 06:15:00,7.01,2.104,419.89,0,,0,0,0,0.0993,-1.0991,-0.0218,0,0,0,0,0,0
2026-02-28 06:30:00,7.003,2.06,420.35,0,,0,0,0,0.0428,-1.2251,0.0199,0,0,0,0,0,0
2026-02-28 06:45:00,6.987,2.28,417.6,0,,0,0,0,-0.0939,-0.5921,-0.2872,0,0,0,0,0,0
2026-02-28 07:00:00,6.952,2.083,411.88,0,,0,0,0,-0.3843,-1.1543,-0.9063,0,0,0,0,0,0
2026-02-28 07:15:00,6.916,2.187,412.15,0,,0,0,0,-0.6926,-0.8464,-0.8696,0,0,0,0,0,0
2026-02-28 07:30:00,6.957,2.273,417.5,0,,0,0,0,-0.3591,-0.6173,-0.2903,0,0,0,0,0,0
2026-02-28 07:45:00,6.917,2.181,411.57,0,,0,0,0,-0.6956,-0.8844,-0.934,0,0,0,0,0,0
2026-02-28 08:00:00,7.009,2.226,405.71,0,,0,0,0,0.0664,-0.748,-1.5517,0,0,0,0,0,0
2026-02-28 08:15:00,6.984,2.553,414.88,0,,0,0,0,-0.154,0.2036,-0.5676,0,0,0,0,0,0
2026-02-28 08:30:00,6.94,2.316,409.2,0,,0,0,0,-0.5318,-0.4912,-1.1708,0,0,0,0,0,0
2026-02-28 08:45:00,6.92,2.317,414.61,0,,0,0,0,-0.7133,-0.4977,-0.5851,0,0,0,0,0,0
2026-02-28 09:00:00,6.89,2.37,410.71,0,,0,0,0,-0.967,-0.3575,-1.027,0,0,0,0,0,0
2026-02-28 09:15:00,6.824,2.49,409.98,0,,0,0,0,-1.5081,-0.0054,-1.0985,0,0,0,0,0,0
2026-02-28 09:30:00,6.87,2.293,410.69,0,,0,0,0,-1.1141,-0.5884,-1.023,0,0,0,0,0,0
2026-02-28 09:45:00,6.88,2.538,405.47,0,,0,0,0,-1.0307,0.1287,-1.5679,0,0,0,0,0,0
2026-02-28 10:00:00,6.882,2.538,406.31,0,,0,0,0,-1.0331,0.1236,-1.4547,0,0,0,0,0,0
2026-02-28 10:15:00,6.889,2.258,408.2,0,,0,0,0,-0.9842,-0.7253,-1.2593,0,0,0,0,0,0
2026-02-28 10:30:00,6.907,2.821,404.34,0,,0,0,0,-0.8416,0.966,-1.644,0,0,0,0,0,0
2026-02-28 10:45:00,6.823,2.797,411.49,0,,0,0,0,-1.5613,0.8981,-0.9071,0,0,0,0,0,0
2026-02-28 11:00:00,6.821,2.483,407.18,0,,0,0,0,-1.5675,-0.048,-1.3628,0,0,0,0,0,0
2026-02-28 11:15:00,6.925,2.46,402.43,0,,0,0,0,-0.677,-0.1128,-1.8482,0,0,0,0,0,0
2026-02-28 11:30:00,6.89,2.687,405.87,0,,0,0,0,-0.9764,0.5778,-1.4763,0,0,0,0,0,0
2026-02-28 11:45:00,6.831,2.463,408.43,0,,0,0,0,-1.4908,-0.0943,-1.2198,0,0,0,0,0,0
2026-02-28 12:00:00,6.845,2.905,406.22,0,,0,0,0,-1.3612,1.2316,-1.4432,0,0,0,0,0,0
2026-02-28 12:15:00,6.845,2.652,409.62,0,,0,0,0,-1.3525,0.4778,-1.0742,0,0,0,0,0,0
2026-02-28 12:30:00,6.853,2.987,410.4,0,,0,0,0,-1.2951,1.4778,-1.0081,0,0,0,0,0,0
2026-02-28 12:45:00,6.877,2.64,417.84,0,,0,0,0,-1.0859,0.4399,-0.23,0,0,0,0,0,0
2026-02-28 13:00:00,6.982,2.766,413.01,0,,0,0,0,-0.2006,0.8204,-0.7482,0,0,0,0,0,0
2026-02-28 13:15:00,6.867,2.991,402.09,0,,0,0,0,-1.2158,1.4799,-1.8918,0,0,0,0,0,0
2026-02-28 13:30:00,6.895,2.769,407.47,0,,0,0,0,-0.9729,0.826,-1.3048,0,0,0,0,0,0
2026-02-28 13:45:00,6.781,2.873,408.17,0,,0,0,0,-1.936,1.1334,-1.233,0,0,0,0,0,0
2026-02-28 14:00:00,6.846,3.01,411.91,0,,0,0,0,-1.3713,1.5476,-0.8449,0,0,0,0,0,0
2026-02-28 14:15:00,6.937,2.775,406.29,0,,0,0,0,-0.5954,0.8366,-1.4391,0,0,0,0,0,0
2026-02-28 14:30:00,6.901,2.68,408.35,0,,0,0,0,-0.9179,0.5725,-1.2148,0,0,0,0,0,0
2026-02-28 14:45:00,6.668,2.66,406.0,0,,0,0,0,-2.8098,0.5254,-1.4472,0,0,0,0,0,0
2026-02-28 15:00:00,6.928,2.974,409.11,0,,0,0,0,-0.6382,1.4719,-1.1113,0,0,0,0,0,0
2026-02-28 15:15:00,6.997,2.951,409.83,0,,0,0,0,-0.0671,1.4034,-1.037,0,0,0,0,0,0
2026-02-28 15:30:00,6.809,3.056,411.44,0,,0,0,0,-1.6203,1.6975,-0.8723,0,0,0,0,0,0
2026-02-28 15:45:00,6.993,2.858,408.59,0,,0,0,0,-0.1018,1.1025,-1.1555,0,0,0,0,0,0
2026-02-28 16:00:00,6.786,2.685,417.93,0,,0,0,0,-1.8078,0.5855,-0.1853,0,0,0,0,0,0
2026-02-28 16:15:00,6.981,2.546,416.58,0,,0,0,0,-0.208,0.175,-0.3245,0,0,0,0,0,0
2026-02-28 16:30:00,6.942,3.327,409.61,0,,0,0,0,-0.5319,2.5066,-1.0274,0,0,0,0,0,0
2026-02-28 16:45:00,6.834,2.971,416.25,0,,0,0,0,-1.4232,1.4381,-0.3402,0,0,0,0,0,0
2026-02-28 17:00:00,6.983,2.907,410.63,0,,0,0,0,-0.1838,1.233,-0.9065,0,0,0,0,0,0
2026-02-28 17:15:00,7.028,2.921,423.03,0,,0,0,0,0.1877,1.2608,0.3628,0,0,0,0,0,0
2026-02-28 17:30:00,6.999,2.655,424.89,0,,0,0,0,-0.0528,0.4831,0.5528,0,0,0,0,0,0
2026-02-28 17:45:00,7.019,2.74,418.99,0,,0,0,0,0.1062,0.7462,-0.0465,0,0,0,0,0,0
2026-02-28 18:00:00,6.979,3.108,416.59,0,,0,0,0,-0.226,1.8128,-0.294,0,0,0,0,0,0
2026-02-28 18:15:00,6.917,2.931,418.13,0,,0,0,0,-0.728,1.302,-0.1297,0,0,0,0,0,0
2026-02-28 18:30:00,7.054,2.703,419.75,0,,0,0,0,0.4207,0.635,0.0399,0,0,0,0,0,0
2026-02-28 18:45:00,7.117,2.617,421.91,0,,0,0,0,0.9421,0.3804,0.2616,0,0,0,0,0,0
2026-02-28 19:00:00,7.095,2.705,428.59,0,,0,0,0,0.7536,0.6434,0.9314,0,0,0,0,0,0
2026-02-28 19:15:00,6.949,2.716,427.68,0,,0,0,0,-0.4577,0.6771,0.8247,0,0,0,0,0,0
2026-02-28 19:30:00,6.982,3.051,428.48,0,,0,0,0,-0.174,1.6509,0.8974,0,0,0,0,0,0
2026-02-28 19:45:00,7.024,2.694,425.99,0,,0,0,0,0.1795,0.6027,0.6359,0,0,0,0,0,0
2026-02-28 20:00:00,6.995,2.522,421.39,0,,0,0,0,-0.0534,0.1002,0.1726,0,0,0,0,0,0
2026-02-28 20:15:00,7.086,2.668,423.59,0,,0,0,0,0.7051,0.5391,0.4042,0,0,0,0,0,0
2026-02-28 20:30:00,7.111,2.693,427.55,0,,0,0,0,0.9101,0.6169,0.8041,0,0,0,0,0,0
2026-02-28 20:45:00,7.027,2.436,423.11,0,,0,0,0,0.2164,-0.1464,0.3585,0,0,0,0,0,0
2026-02-28 21:00:00,7.145,2.664,429.7,0,,0,0,0,1.2002,0.5393,1.0218,0,0,0,0,0,0
2026-02-28 21:15:00,7.143,2.759,432.24,0,,0,0,0,1.1822,0.8199,1.2749,0,0,0,0,0,0
2026-02-28 21:30:00,7.092,2.573,431.7,0,,0,0,0,0.7557,0.2629,1.2197,0,0,0,0,0,0
2026-02-28 21:45:00,7.116,2.407,432.0,0,,0,0,0,0.9478,-0.2307,1.2333,0,0,0,0,0,0
2026-02-28 22:00:00,7.032,2.421,422.93,0,,0,0,0,0.2682,-0.1898,0.3247,0,0,0,0,0,0
2026-02-28 22:15:00,7.118,2.225,436.1,0,,0,0,0,1.029,-0.7733,1.6244,0,0,0,0,0,0
2026-02-28 22:30:00,7.139,2.428,424.82,0,,0,0,0,1.2155,-0.1644,0.5113,0,0,0,0,0,0
2026-02-28 22:45:00,7.15,2.469,430.75,0,,0,0,0,1.2955,-0.0461,1.111,0,0,0,0,0,0
2026-02-28 23:00:00,7.164,2.262,434.07,0,,0,0,0,1.4021,-0.6728,1.4375,0,0,0,0,0,0
2026-02-28 23:15:00,7.159,2.662,433.2,0,,0,0,0,1.3631,0.5262,1.3446,0,0,0,0,0,0
2026-02-28 23:30:00,7.135,2.466,426.79,0,,0,0,0,1.1778,-0.0659,0.7144,0,0,0,0,0,0
2026-02-28 23:45:00,7.164,2.054,427.58,0,,0,0,0,1.4116,-1.3009,0.8055,0,0,0,0,0,0
2026-03-01 00:00:00,7.2,2.034,433.15,0,,0,0,0,1.7033,-1.3439,1.3621,0,0,0,0,0,0
2026-03-01 00:15:00,7.145,2.13,434.02,0,,0,0,0,1.2373,-1.0505,1.4368,0,0,0,0,0,0
2026-03-01 00:30:00,7.165,2.492,427.47,0,,0,0,0,1.4159,0.0188,0.7862,0,0,0,0,0,0
2026-03-01 00:45:00,7.138,2.37,433.34,0,,0,0,0,1.1826,-0.3562,1.3721,0,0,0,0,0,0
2026-03-01 01:00:00,7.113,2.461,425.53,0,,0,0,0,0.9612,-0.0983,0.6134,0,0,0,0,0,0
2026-03-01 01:15:00,7.168,2.201,433.86,0,,0,0,0,1.4324,-0.8826,1.4567,0,0,0,0,0,0
2026-03-01 01:30:00,7.111,2.151,427.55,0,,0,0,0,0.9622,-1.049,0.8215,0,0,0,0,0,0
2026-03-01 01:45:00,7.154,1.98,431.08,0,,0,0,0,1.3278,-1.5559,1.1882,0,0,0,0,0,0
2026-03-01 02:00:00,7.131,2.206,430.04,0,,0,0,0,1.1338,-0.8767,1.0975,0,0,0,0,0,0
2026-03-01 02:15:00,7.11,2.112,434.62,0,,0,0,0,0.9511,-1.1618,1.5492,0,0,0,0,0,0
2026-03-01 02:30:00,7.103,2.095,430.49,0,,0,0,0,0.8867,-1.2081,1.1365,0,0,0,0,0,0
2026-03-01 02:45:00,7.087,2.364,426.63,0,,0,0,0,0.7617,-0.3923,0.7401,0,0,0,0,0,0
2026-03-01 03:00:00,7.024,2.095,429.92,0,,0,0,0,0.2259,-1.2287,1.1064,0,0,0,0,0,0
2026-03-01 03:15:00,7.118,2.307,436.48,0,,0,0,0,1.047,-0.5816,1.769,0,0,0,0,0,0
2026-03-01 03:30:00,7.103,1.865,430.27,0,,0,0,0,0.9282,-1.9626,1.1076,0,0,0,0,0,0
2026-03-01 03:45:00,7.126,2.504,426.43,0,,0,0,0,1.1148,0.0131,0.7097,0,0,0,0,0,0
2026-03-01 04:00:00,7.048,2.044,422.67,0,,0,0,0,0.4333,-1.4459,0.3329,0,0,0,0,0,0
2026-03-01 04:15:00,7.161,2.207,422.84,0,,0,0,0,1.401,-0.9191,0.3541,0,0,0,0,0,0
2026-03-01 04:30:00,7.038,2.233,427.31,0,,0,0,0,0.3343,-0.8497,0.8153,0,0,0,0,0,0
2026-03-01 04:45:00,7.004,2.033,420.31,0,,0,0,0,0.0474,-1.4597,0.0941,0,0,0,0,0,0
2026-03-01 05:00:00,6.989,2.236,423.12,0,,0,0,0,-0.0793,-0.8215,0.3857,0,0,0,0,0,0
2026-03-01 05:15:00,6.943,2.252,428.09,0,,0,0,0,-0.4753,-0.7833,0.8934,0,0,0,0,0,0
2026-03-01 05:30:00,7.096,2.023,422.17,0,,0,0,0,0.8436,-1.4997,0.2735,0,0,0,0,0,0
2026-03-01 05:45:00,7.078,2.036,416.47,0,,0,0,0,0.6808,-1.4609,-0.3074,0,0,0,0,0,0
2026-03-01 06:00:00,7.03,2.16,428.71,0,,0,0,0,0.2682,-1.0634,0.9499,0,0,0,0,0,0
2026-03-01 06:15:00,6.945,2.15,426.26,0,,0,0,0,-0.4596,-1.0982,0.6869,0,0,0,0,0,0
2026-03-01 06:30:00,7.071,2.392,420.44,0,,0,0,0,0.6201,-0.3519,0.084,0,0,0,0,0,0
2026-03-01 06:45:00,6.953,2.305,422.76,0,,0,0,0,-0.3925,-0.6292,0.3186,0,0,0,0,0,0
2026-03-01 07:00:00,6.948,2.207,415.83,0,,0,0,0,-0.4351,-0.9489,-0.4042,0,0,0,0,0,0
2026-03-01 07:15:00,7.024,2.327,419.04,0,,0,0,0,0.2095,-0.5729,-0.0787,0,0,0,0,0,0
2026-03-01 07:30:00,6.976,1.949,413.71,0,,0,0,0,-0.2062,-1.7485,-0.6286,0,0,0,0,0,0
2026-03-01 07:45:00,7.044,2.185,409.27,0,,0,0,0,0.3697,-1.0033,-1.085,0,0,0,0,0,0
2026-03-01 08:00:00,6.937,2.343,424.37,0,,0,0,0,-0.5479,-0.5094,0.4656,0,0,0,0,0,0
2026-03-01 08:15:00,6.897,2.49,407.71,0,,0,0,0,-0.8817,-0.0417,-1.2632,0,0,0,0,0,0
2026-03-01 08:30:00,6.878,2.377,413.89,0,,0,0,0,-1.035,-0.4021,-0.6281,0,0,0,0,0,0
2026-03-01 08:45:00,6.809,2.59,413.23,0,,0,0,0,-1.5975,0.2648,-0.6949,0,0,0,0,0,0
2026-03-01 09:00:00,6.88,2.527,413.58,0,,0,0,0,-0.9949,0.0595,-0.6632,0,0,0,0,0,0
2026-03-01 09:15:00,6.944,2.349,410.62,0,,0,0,0,-0.4692,-0.501,-0.9744,0,0,0,0,0,0
2026-03-01 09:30:00,6.911,2.427,410.16,0,,0,0,0,-0.7574,-0.2583,-1.0215,0,0,0,0,0,0
2026-03-01 09:45:00,6.876,2.535,410.58,0,,0,0,0,-1.0567,0.0854,-0.99,0,0,0,0,0,0
2026-03-01 10:00:00,6.82,2.433,411.53,0,,0,0,0,-1.5203,-0.2356,-0.9017,0,0,0,0,0,0
2026-03-01 10:15:00,6.877,2.756,409.23,0,,0,0,0,-1.0331,0.7754,-1.1486,0,0,0,0,0,0
2026-03-01 10:30:00,6.912,2.386,408.64,0,,0,0,0,-0.7363,-0.3889,-1.2246,0,0,0,0,0,0
2026-03-01 10:45:00,6.879,2.625,403.35,0,,0,0,0,-1.0284,0.3819,-1.7601,0,0,0,0,0,0
2026-03-01 11:00:00,6.863,2.714,416.46,0,,0,0,0,-1.175,0.6581,-0.3876,0,0,0,0,0,0
2026-03-01 11:15:00,6.813,2.582,410.37,0,,0,0,0,-1.5773,0.2316,-1.0602,0,0,0,0,0,0
2026-03-01 11:30:00,6.895,2.572,408.94,0,,0,0,0,-0.8806,0.2037,-1.2242,0,0,0,0,0,0
2026-03-01 11:45:00,6.694,2.666,405.53,0,,0,0,0,-2.5178,0.4976,-1.5839,0,0,0,0,0,0
2026-03-01 12:00:00,6.869,2.822,403.99,0,,0,0,0,-1.0686,1.0028,-1.7407,0,0,0,0,0,0
2026-03-01 12:15:00,6.979,2.647,411.47,0,,0,0,0,-0.1655,0.4411,-0.9393,0,0,0,0,0,0
2026-03-01 12:30:00,6.776,2.583,407.46,0,,0,0,0,-1.8445,0.2522,-1.3633,0,0,0,0,0,0
2026-03-01 12:45:00,6.841,2.936,410.71,0,,0,0,0,-1.2964,1.377,-1.0009,0,0,0,0,0,0
2026-03-01 13:00:00,6.855,2.843,403.0,0,,0,0,0,-1.1612,1.0722,-1.7887,0,0,0,0,0,0
2026-03-01 13:15:00,6.835,2.952,414.82,0,,0,0,0,-1.3186,1.4265,-0.5662,0,0,0,0,0,0
2026-03-01 13:30:00,6.913,2.931,412.52,0,,0,0,0,-0.6816,1.3454,-0.8237,0,0,0,0,0,0
2026-03-01 13:45:00,6.889,3.16,408.91,0,,0,0,0,-0.899,2.0371,-1.2157,0,0,0,0,0,0
2026-03-01 14:00:00,6.878,3.014,411.48,0,,0,0,0,-0.9963,1.5765,-0.937,0,0,0,0,0,0
2026-03-01 14:15:00,6.915,2.75,412.99,0,,0,0,0,-0.6852,0.7461,-0.7882,0,0,0,0,0,0
2026-03-01 14:30:00,6.882,2.94,405.13,0,,0,0,0,-0.9569,1.3259,-1.6325,0,0,0,0,0,0
2026-03-01 14:45:00,7.046,2.795,417.69,0,,0,0,0,0.3894,0.8655,-0.2875,0,0,0,0,0,0
2026-03-01 15:00:00,6.902,2.818,413.45,0,,0,0,0,-0.8537,0.9481,-0.7617,0,0,0,0,0,0
2026-03-01 15:15:00,6.911,2.68,409.27,0,,0,0,0,-0.7657,0.5284,-1.2211,0,0,0,0,0,0
2026-03-01 15:30:00,6.823,2.854,408.31,0,,0,0,0,-1.5283,1.0961,-1.3178,0,0,0,0,0,0
2026-03-01 15:45:00,6.889,2.981,417.28,0,,0,0,0,-0.9446,1.4897,-0.3461,0,0,0,0,0,0
2026-03-01 16:00:00,6.982,2.89,414.84,0,,0,0,0,-0.166,1.1867,-0.6116,0,0,0,0,0,0
2026-03-01 16:15:00,6.867,2.734,416.62,0,,0,0,0,-1.1537,0.686,-0.415,0,0,0,0,0,0
2026-03-01 16:30:00,6.835,2.668,415.51,0,,0,0,0,-1.4088,0.5173,-0.5477,0,0,0,0,0,0
2026-03-01 16:45:00,6.953,3.209,412.13,0,,0,0,0,-0.4078,2.2395,-0.9156,0,0,0,0,0,0
2026-03-01 17:00:00,7.03,2.935,418.93,0,,0,0,0,0.2573,1.3566,-0.1728,0,0,0,0,0,0
2026-03-01 17:15:00,6.973,2.755,416.87,0,,0,0,0,-0.2331,0.7893,-0.3951,0,0,0,0,0,0
2026-03-01 17:30:00,6.964,2.939,418.35,0,,0,0,0,-0.308,1.3616,-0.2229,0,0,0,0,0,0
2026-03-01 17:45:00,6.897,3.187,428.72,0,,0,0,0,-0.8756,2.0954,0.9184,0,0,0,0,0,0
2026-03-01 18:00:00,7.023,2.939,423.48,0,,0,0,0,0.2107,1.3359,0.3287,0,0,0,0,0,0
2026-03-01 18:15:00,7.043,2.415,424.49,0,,0,0,0,0.3731,-0.3059,0.4333,0,0,0,0,0,0
2026-03-01 18:30:00,6.93,3.215,432.45,0,,0,0,0,-0.5948,2.1753,1.2908,0,0,0,0,0,0
2026-03-01 18:45:00,7.086,2.523,423.88,0,,0,0,0,0.7613,0.024,0.3453,0,0,0,0,0,0
2026-03-01 19:00:00,7.077,2.752,423.58,0,,0,0,0,0.6856,0.735,0.3191,0,0,0,0,0,0
2026-03-01 19:15:00,7.105,2.594,421.14,0,,0,0,0,0.9118,0.2478,0.0576,0,0,0,0,0,0
2026-03-01 19:30:00,7.087,2.633,422.78,0,,0,0,0,0.7442,0.3884,0.2466,0,0,0,0,0,0
2026-03-01 19:45:00,7.099,2.765,417.12,0,,0,0,0,0.8382,0.8022,-0.3725,0,0,0,0,0,0
2026-03-01 20:00:00,7.101,2.389,429.16,0,,0,0,0,0.8427,-0.3801,0.9534,0,0,0,0,0,0
2026-03-01 20:15:00,7.127,2.663,421.6,0,,0,0,0,1.0586,0.4844,0.1187,0,0,0,0,0,0
2026-03-01 20:30:00,7.0,2.825,430.92,0,,0,0,0,-0.0174,0.9877,1.143,0,0,0,0,0,0
2026-03-01 20:45:00,7.024,2.502,427.74,0,,0,0,0,0.189,-0.0299,0.7845,0,0,0,0,0,0
2026-03-01 21:00:00,7.069,2.395,429.0,0,,0,0,0,0.5859,-0.3578,0.9247,0,0,0,0,0,0
2026-03-01 21:15:00,7.106,2.557,428.85,0,,0,0,0,0.9124,0.159,0.916,0,0,0,0,0,0
2026-03-01 21:30:00,7.138,2.501,435.06,0,,0,0,0,1.1809,-0.0154,1.5902,0,0,0,0,0,0
2026-03-01 21:45:00,7.141,2.437,434.82,0,,0,0,0,1.2016,-0.2185,1.5535,0,0,0,0,0,0
2026-03-01 22:00:00,7.186,2.322,430.28,0,,0,0,0,1.5557,-0.5776,1.0422,0,0,0,0,0,0
2026-03-01 22:15:00,7.192,2.552,427.17,0,,0,0,0,1.5867,0.1376,0.7225,0,0,0,0,0,0
2026-03-01 22:30:00,7.095,2.537,434.78,0,,0,0,0,0.7751,0.0865,1.5325,0,0,0,0,0,0
2026-03-01 22:45:00,7.154,2.262,427.46,0,,0,0,0,1.2738,-0.7753,0.7409,0,0,0,0,0,0
2026-03-01 23:00:00,7.102,2.257,425.37,0,,0,0,0,0.8442,-0.7908,0.5275,0,0,0,0,0,0
2026-03-01 23:15:00,7.138,2.392,433.76,0,,0,0,0,1.1554,-0.3559,1.4525,0,0,0,0,0,0
2026-03-01 23:30:00,7.165,2.202,436.77,0,,0,0,0,1.3786,-0.943,1.7485,0,0,0,0,0,0
2026-03-01 23:45:00,6.979,2.35,430.35,0,,0,0,0,-0.1894,-0.492,1.0436,0,0,0,0,0,0
2026-03-02 00:00:00,7.271,2.52,433.62,0,,0,0,0,2.284,0.0319,1.397,0,0,0,0,0,0
2026-03-02 00:15:00,7.178,2.269,430.31,0,,0,0,0,1.4862,-0.7827,1.0477,0,0,0,0,0,0
2026-03-02 00:30:00,7.119,2.074,434.79,0,,0,0,0,0.9965,-1.3838,1.5135,0,0,0,0,0,0
2026-03-02 00:45:00,7.243,2.295,436.15,0,,0,0,0,2.0102,-0.6743,1.6493,0,0,0,0,0,0
2026-03-02 01:00:00,7.128,2.191,430.54,0,,0,0,0,1.0453,-0.992,1.0361,0,0,0,0,0,0
2026-03-02 01:15:00,7.149,2.177,427.25,0,,0,0,0,1.2251,-1.0348,0.6968,0,0,0,0,0,0
2026-03-02 01:30:00,7.114,2.254,425.26,0,,0,0,0,0.9316,-0.7966,0.4855,0,0,0,0,0,0
2026-03-02 01:45:00,7.217,2.271,434.47,0,,0,0,0,1.7734,-0.7612,1.4694,0,0,0,0,0,0
2026-03-02 02:00:00,7.125,2.159,425.85,0,,0,0,0,1.0107,-1.1184,0.5494,0,0,0,0,0,0
2026-03-02 02:15:00,7.132,2.132,431.47,0,,0,0,0,1.0649,-1.2069,1.1649,0,0,0,0,0,0
2026-03-02 02:30:00,7.179,2.44,432.63,0,,0,0,0,1.4373,-0.2296,1.2845,0,0,0,0,0,0
2026-03-02 02:45:00,7.142,2.301,427.02,0,,0,0,0,1.1232,-0.678,0.6775,0,0,0,0,0,0
2026-03-02 03:00:00,7.103,2.239,427.82,0,,0,0,0,0.7944,-0.8888,0.7679,0,0,0,0,0,0
2026-03-02 03:15:00,7.154,2.127,431.91,0,,0,0,0,1.2039,-1.2405,1.2253,0,0,0,0,0,0
2026-03-02 03:30:00,7.218,1.953,424.07,0,,0,0,0,1.6944,-1.8182,0.3787,0,0,0,0,0,0
2026-03-02 03:45:00,7.099,2.27,423.03,0,,0,0,0,0.741,-0.7741,0.269,0,0,0,0,0,0
2026-03-02 04:00:00,7.081,2.122,425.06,0,,0,0,0,0.5925,-1.2625,0.4889,0,0,0,0,0,0
2026-03-02 04:15:00,7.075,2.014,430.42,0,,0,0,0,0.555,-1.5946,1.0625,0,0,0,0,0,0
2026-03-02 04:30:00,7.123,2.067,431.04,0,,0,0,0,0.9326,-1.4085,1.1215,0,0,0,0,0,0
2026-03-02 04:45:00,7.018,1.963,423.46,0,,0,0,0,0.0846,-1.7337,0.2937,0,0,0,0,0,0
2026-03-02 05:00:00,7.025,2.272,420.26,0,,0,0,0,0.138,-0.7463,-0.0508,0,0,0,0,0,0
2026-03-02 05:15:00,6.952,2.224,426.6,0,,0,0,0,-0.4517,-0.8985,0.6409,0,0,0,0,0,0
2026-03-02 05:30:00,6.96,2.158,414.89,0,,0,0,0,-0.3764,-1.1211,-0.6242,0,0,0,0,0,0
2026-03-02 05:45:00,6.984,2.135,421.78,0,,0,0,0,-0.1748,-1.2041,0.1184,0,0,0,0,0,0
2026-03-02 06:00:00,6.997,2.051,419.82,0,,0,0,0,-0.0667,-1.4652,-0.085,0,0,0,0,0,0
2026-03-02 06:15:00,7.079,1.848,424.39,0,,0,0,0,0.5857,-2.0746,0.4165,0,0,0,0,0,0
2026-03-02 06:30:00,7.007,1.971,424.01,0,,0,0,0,0.0084,-1.6478,0.3706,0,0,0,0,0,0
2026-03-02 06:45:00,6.925,2.088,413.89,0,,0,0,0,-0.6531,-1.2667,-0.7228,0,0,0,0,0,0
2026-03-02 07:00:00,6.925,2.083,417.56,0,,0,0,0,-0.6504,-1.2726,-0.3252,0,0,0,0,0,0
2026-03-02 07:15:00,7.021,2.28,413.86,0,,0,0,0,0.1261,-0.6617,-0.7208,0,0,0,0,0,0
2026-03-02 07:30:00,6.999,2.378,414.23,0,,0,0,0,-0.0538,-0.3784,-0.6815,0,0,0,0,0,0
2026-03-02 07:45:00,6.935,2.259,417.16,0,,0,0,0,-0.5616,-0.7552,-0.3743,0,0,0,0,0,0
2026-03-02 08:00:00,6.903,2.511,412.66,0,,0,0,0,-0.8157,0.0304,-0.8516,0,0,0,0,0,0
2026-03-02 08:15:00,6.973,2.206,414.11,0,,0,0,0,-0.2586,-0.9149,-0.7059,0,0,0,0,0,0
2026-03-02 08:30:00,6.859,2.327,416.52,0,,0,0,0,-1.1774,-0.5342,-0.4443,0,0,0,0,0,0
2026-03-02 08:45:00,6.921,2.364,418.15,0,,0,0,0,-0.6935,-0.411,-0.271,0,0,0,0,0,0
2026-03-02 09:00:00,7.008,2.56,412.67,0,,0,0,0,0.0062,0.2005,-0.8756,0,0,0,0,0,0
2026-03-02 09:15:00,6.897,2.438,411.45,0,,0,0,0,-0.8989,-0.1838,-1.0124,0,0,0,0,0,0
2026-03-02 09:30:00,6.842,2.468,406.05,0,,0,0,0,-1.3351,-0.0913,-1.5948,0,0,0,0,0,0
2026-03-02 09:45:00,6.896,2.226,416.37,0,,0,0,0,-0.8988,-0.8353,-0.4693,0,0,0,0,0,0
2026-03-02 10:00:00,6.847,2.365,411.59,0,,0,0,0,-1.3048,-0.3995,-0.9977,0,0,0,0,0,0
2026-03-02 10:15:00,6.796,2.691,409.78,0,,0,0,0,-1.6987,0.619,-1.1994,0,0,0,0,0,0
2026-03-02 10:30:00,6.896,2.241,409.25,0,,0,0,0,-0.8862,-0.7781,-1.2599,0,0,0,0,0,0
2026-03-02 10:45:00,6.914,2.779,410.08,0,,0,0,0,-0.7455,0.888,-1.1902,0,0,0,0,0,0
2026-03-02 11:00:00,6.84,2.678,411.5,0,,0,0,0,-1.3406,0.5764,-1.0208,0,0,0,0,0,0
2026-03-02 11:15:00,6.834,2.516,411.81,0,,0,0,0,-1.3947,0.0757,-0.9897,0,0,0,0,0,0
2026-03-02 11:30:00,6.803,2.528,414.55,0,,0,0,0,-1.6223,0.1144,-0.6945,0,0,0,0,0,0
2026-03-02 11:45:00,6.843,2.961,409.0,0,,0,0,0,-1.3461,1.4359,-1.3315,0,0,0,0,0,0
2026-03-02 12:00:00,6.822,2.912,415.02,0,,0,0,0,-1.5069,1.2781,-0.6742,0,0,0,0,0,0
2026-03-02 12:15:00,6.8,2.704,412.26,0,,0,0,0,-1.648,0.6378,-0.9941,0,0,0,0,0,0
2026-03-02 12:30:00,6.946,2.764,407.86,0,,0,0,0,-0.4918,0.8133,-1.5031,0,0,0,0,0,0
2026-03-02 12:45:00,6.876,2.667,401.56,0,,0,0,0,-1.0736,0.5299,-2.1785,0,0,0,0,0,0
2026-03-02 13:00:00,6.884,2.803,408.75,0,,0,0,0,-1.0131,0.9511,-1.3869,0,0,0,0,0,0
2026-03-02 13:15:00,6.902,2.7,414.87,0,,0,0,0,-0.8759,0.6472,-0.6854,0,0,0,0,0,0
2026-03-02 13:30:00,6.9,2.806,405.81,0,,0,0,0,-0.8906,0.9855,-1.6978,0,0,0,0,0,0
2026-03-02 13:45:00,6.845,3.104,409.57,0,,0,0,0,-1.3381,1.9252,-1.2734,0,0,0,0,0,0
2026-03-02 14:00:00,6.884,2.832,410.27,0,,0,0,0,-1.0163,1.0873,-1.1906,0,0,0,0,0,0
2026-03-02 14:15:00,6.862,2.702,413.79,0,,0,0,0,-1.1886,0.6788,-0.7932,0,0,0,0,0,0
2026-03-02 14:30:00,6.903,2.665,408.93,0,,0,0,0,-0.8538,0.5761,-1.3587,0,0,0,0,0,0
2026-03-02 14:45:00,6.904,2.898,407.5,0,,0,0,0,-0.8307,1.3117,-1.4929,0,0,0,0,0,0
2026-03-02 15:00:00,6.875,2.772,413.79,0,,0,0,0,-1.0648,0.9137,-0.783,0,0,0,0,0,0
2026-03-02 15:15:00,6.835,2.929,409.11,0,,0,0,0,-1.3772,1.394,-1.3114,0,0,0,0,0,0
2026-03-02 15:30:00,6.916,2.654,405.35,0,,0,0,0,-0.7308,0.5346,-1.7232,0,0,0,0,0,0
2026-03-02 15:45:00,6.906,3.003,420.69,0,,0,0,0,-0.8156,1.641,-0.0035,0,0,0,0,0,0
2026-03-02 16:00:00,6.83,2.741,417.71,0,,0,0,0,-1.4139,0.8186,-0.3426,0,0,0,0,0,0
2026-03-02 16:15:00,6.959,2.906,422.23,0,,0,0,0,-0.3719,1.3312,0.1601,0,0,0,0,0,0
2026-03-02 16:30:00,6.991,2.846,418.9,0,,0,0,0,-0.1241,1.1293,-0.2197,0,0,0,0,0,0
2026-03-02 16:45:00,7.078,3.15,418.86,0,,0,0,0,0.5857,2.0994,-0.2333,0,0,0,0,0,0
2026-03-02 17:00:00,6.942,2.912,418.37,0,,0,0,0,-0.5322,1.3474,-0.2882,0,0,0,0,0,0
2026-03-02 17:15:00,6.944,3.171,416.91,0,,0,0,0,-0.5127,2.1116,-0.4539,0,0,0,0,0,0
2026-03-02 17:30:00,6.925,2.954,420.48,0,,0,0,0,-0.6651,1.4357,-0.0513,0,0,0,0,0,0
2026-03-02 17:45:00,7.001,3.073,417.0,0,,0,0,0,-0.0475,1.8225,-0.4339,0,0,0,0,0,0
2026-03-02 18:00:00,7.01,2.815,415.72,0,,0,0,0,0.0282,1.0244,-0.5698,0,0,0,0,0,0
2026-03-02 18:15:00,6.969,2.884,419.46,0,,0,0,0,-0.305,1.2167,-0.1385,0,0,0,0,0,0
2026-03-02 18:30:00,7.011,3.0,426.73,0,,0,0,0,0.036,1.6076,0.7008,0,0,0,0,0,0
2026-03-02 18:45:00,6.93,2.936,417.41,0,,0,0,0,-0.6231,1.3774,-0.36,0,0,0,0,0,0
2026-03-02 19:00:00,7.085,2.862,418.24,0,,0,0,0,0.6629,1.1381,-0.2585,0,0,0,0,0,0
2026-03-02 19:15:00,7.01,2.715,426.22,0,,0,0,0,0.0489,0.6741,0.6492,0,0,0,0,0,0
2026-03-02 19:30:00,7.056,2.72,422.93,0,,0,0,0,0.4354,0.6857,0.2725,0,0,0,0,0,0
2026-03-02 19:45:00,6.995,2.893,427.25,0,,0,0,0,-0.0647,1.2144,0.7531,0,0,0,0,0,0
2026-03-02 20:00:00,7.046,2.902,429.96,0,,0,0,0,0.3681,1.2168,1.0605,0,0,0,0,0,0
2026-03-02 20:15:00,7.069,2.588,428.51,0,,0,0,0,0.5686,0.2542,0.8833,0,0,0,0,0,0
2026-03-02 20:30:00,7.091,2.542,424.78,0,,0,0,0,0.7438,0.1223,0.4696,0,0,0,0,0,0
2026-03-02 20:45:00,7.123,2.493,433.04,0,,0,0,0,0.9989,-0.0289,1.3975,0,0,0,0,0,0
2026-03-02 21:00:00,7.178,2.728,431.45,0,,0,0,0,1.4356,0.6858,1.2103,0,0,0,0,0,0
2026-03-02 21:15:00,7.149,2.439,429.13,0,,0,0,0,1.1872,-0.2024,0.9473,0,0,0,0,0,0
2026-03-02 21:30:00,7.167,2.675,429.43,0,,0,0,0,1.3292,0.5196,0.9966,0,0,0,0,0,0
2026-03-02 21:45:00,7.197,2.608,431.47,0,,0,0,0,1.561,0.3075,1.2404,0,0,0,0,0,0
2026-03-02 22:00:00,7.158,2.418,429.14,0,,0,0,0,1.2488,-0.2813,0.9758,0,0,0,0,0,0
2026-03-02 22:15:00,7.133,2.708,424.24,0,,0,0,0,1.0558,0.6072,0.4171,0,0,0,0,0,0
2026-03-02 22:30:00,7.189,2.228,434.09,0,,0,0,0,1.4962,-0.8577,1.5542,0,0,0,0,0,0
2026-03-02 22:45:00,7.196,2.671,434.13,0,,0,0,0,1.5422,0.489,1.5364,0,0,0,0,0,0
2026-03-02 23:00:00,7.177,2.444,422.39,0,,0,0,0,1.3717,-0.2151,0.1991,0,0,0,0,0,0
2026-03-02 23:15:00,7.074,2.06,433.81,0,,0,0,0,0.547,-1.3751,1.5051,0,0,0,0,0,0
2026-03-02 23:30:00,7.107,2.586,438.92,0,,0,0,0,0.8241,0.2198,2.0765,0,0,0,0,0,0
2026-03-02 23:45:00,7.136,2.469,427.46,0,,0,0,0,1.0416,-0.1431,0.7784,0,0,0,0,0,0
2026-03-03 00:00:00,7.189,2.236,431.71,0,,0,0,0,1.4978,-0.8462,1.2698,0,0,0,0,0,0
2026-03-03 00:15:00,7.149,2.133,431.25,0,,0,0,0,1.1753,-1.1522,1.2144,0,0,0,0,0,0
2026-03-03 00:30:00,7.206,2.021,438.54,0,,0,0,0,1.6223,-1.4882,2.0271,0,0,0,0,0,0
2026-03-03 00:45:00,7.213,2.599,436.25,0,,0,0,0,1.6899,0.2594,1.7668,0,0,0,0,0,0
2026-03-03 01:00:00,7.205,2.079,428.08,0,,0,0,0,1.6038,-1.3151,0.8455,0,0,0,0,0,0
2026-03-03 01:15:00,7.202,2.01,432.73,0,,0,0,0,1.5652,-1.5089,1.3585,0,0,0,0,0,0
2026-03-03 01:30:00,7.087,2.223,440.3,0,,0,0,0,0.6386,-0.8656,2.1446,0,0,0,0,0,0
2026-03-03 01:45:00,7.159,1.922,428.26,0,,0,0,0,1.2357,-1.737,0.8305,0,0,0,0,0,0
2026-03-03 02:00:00,7.1,2.006,430.35,0,,0,0,0,0.7578,-1.474,1.0533,0,0,0,0,0,0
2026-03-03 02:15:00,7.042,2.29,432.03,0,,0,0,0,0.2928,-0.6433,1.2378,0,0,0,0,0,0
2026-03-03 02:30:00,7.105,2.2,427.08,0,,0,0,0,0.8227,-0.899,0.7008,0,0,0,0,0,0
2026-03-03 02:45:00,7.179,2.063,436.07,0,,0,0,0,1.4261,-1.2871,1.6709,0,0,0,0,0,0
2026-03-03 03:00:00,7.129,2.116,426.59,0,,0,0,0,1.0097,-1.124,0.6298,0,0,0,0,0,0
2026-03-03 03:15:00,7.2,2.041,422.36,0,,0,0,0,1.5809,-1.3361,0.1762,0,0,0,0,0,0
2026-03-03 03:30:00,7.1,2.094,425.21,0,,0,0,0,0.783,-1.1933,0.491,0,0,0,0,0,0
2026-03-03 03:45:00,7.206,1.987,429.28,0,,0,0,0,1.6337,-1.4841,0.9313,0,0,0,0,0,0
2026-03-03 04:00:00,7.084,2.013,422.81,0,,0,0,0,0.6337,-1.3995,0.2193,0,0,0,0,0,0
2026-03-03 04:15:00,7.067,2.009,426.52,0,,0,0,0,0.4953,-1.4106,0.6365,0,0,0,0,0,0
2026-03-03 04:30:00,6.993,1.995,426.84,0,,0,0,0,-0.1005,-1.4447,0.6799,0,0,0,0,0,0
2026-03-03 04:45:00,7.104,2.264,419.02,0,,0,0,0,0.8034,-0.6857,-0.1869,0,0,0,0,0,0
2026-03-03 05:00:00,7.014,2.229,420.85,0,,0,0,0,0.0657,-0.7855,0.0165,0,0,0,0,0,0
2026-03-03 05:15:00,6.997,1.981,423.74,0,,0,0,0,-0.0777,-1.4866,0.3427,0,0,0,0,0,0
2026-03-03 05:30:00,7.084,1.951,424.38,0,,0,0,0,0.6257,-1.5545,0.4037,0,0,0,0,0,0
2026-03-03 05:45:00,7.068,2.118,418.63,0,,0,0,0,0.4867,-1.0757,-0.2357,0,0,0,0,0,0
2026-03-03 06:00:00,7.057,2.477,420.61,0,,0,0,0,0.3911,-0.0626,-0.0152,0,0,0,0,0,0
2026-03-03 06:15:00,6.972,2.013,418.08,0,,0,0,0,-0.2963,-1.4172,-0.291,0,0,0,0,0,0
2026-03-03 06:30:00,6.978,2.158,421.35,0,,0,0,0,-0.2446,-1.0087,0.0781,0,0,0,0,0,0
2026-03-03 06:45:00,6.968,2.213,419.74,0,,0,0,0,-0.3309,-0.8548,-0.1093,0,0,0,0,0,0
2026-03-03 07:00:00,7.0,2.201,415.4,0,,0,0,0,-0.0746,-0.8972,-0.5935,0,0,0,0,0,0
2026-03-03 07:15:00,7.029,2.168,418.06,0,,0,0,0,0.1635,-0.9883,-0.3008,0,0,0,0,0,0
2026-03-03 07:30:00,6.961,2.43,413.76,0,,0,0,0,-0.3928,-0.2187,-0.7836,0,0,0,0,0,0
2026-03-03 07:45:00,7.032,2.346,416.52,0,,0,0,0,0.1833,-0.4696,-0.4724,0,0,0,0,0,0
2026-03-03 08:00:00,6.97,2.427,415.89,0,,0,0,0,-0.3346,-0.228,-0.5485,0,0,0,0,0,0
2026-03-03 08:15:00,6.905,2.411,422.82,0,,0,0,0,-0.8633,-0.2825,0.2229,0,0,0,0,0,0
2026-03-03 08:30:00,6.95,2.481,411.35,0,,0,0,0,-0.5037,-0.0802,-1.0622,0,0,0,0,0,0
2026-03-03 08:45:00,6.986,2.609,411.52,0,,0,0,0,-0.2112,0.2919,-1.0299,0,0,0,0,0,0
2026-03-03 09:00:00,6.994,2.596,408.93,0,,0,0,0,-0.1434,0.2521,-1.3089,0,0,0,0,0,0
2026-03-03 09:15:00,6.947,2.771,406.85,0,,0,0,0,-0.5405,0.7586,-1.5247,0,0,0,0,0,0
2026-03-03 09:30:00,6.882,2.63,408.65,0,,0,0,0,-1.0915,0.3366,-1.3346,0,0,0,0,0,0
2026-03-03 09:45:00,6.864,2.373,412.68,0,,0,0,0,-1.2357,-0.4288,-0.8801,0,0,0,0,0,0
2026-03-03 10:00:00,6.899,2.627,412.56,0,,0,0,0,-0.9528,0.3162,-0.8955,0,0,0,0,0,0
2026-03-03 10:15:00,6.949,2.633,410.42,0,,0,0,0,-0.5549,0.336,-1.1345,0,0,0,0,0,0
2026-03-03 10:30:00,6.883,2.84,407.73,0,,0,0,0,-1.1161,0.931,-1.4278,0,0,0,0,0,0
2026-03-03 10:45:00,6.881,2.433,406.66,0,,0,0,0,-1.127,-0.2658,-1.5341,0,0,0,0,0,0
2026-03-03 11:00:00,6.858,2.687,404.74,0,,0,0,0,-1.3272,0.489,-1.7194,0,0,0,0,0,0
2026-03-03 11:15:00,6.836,2.526,406.0,0,,0,0,0,-1.5154,0.0101,-1.5624,0,0,0,0,0,0
2026-03-03 11:30:00,6.843,2.73,402.92,0,,0,0,0,-1.4678,0.609,-1.8515,0,0,0,0,0,0
2026-03-03 11:45:00,6.857,2.645,413.46,0,,0,0,0,-1.3514,0.3697,-0.7398,0,0,0,0,0,0
2026-03-03 12:00:00,6.936,2.772,415.35,0,,0,0,0,-0.6911,0.7571,-0.5384,0,0,0,0,0,0
2026-03-03 12:15:00,6.838,2.511,400.28,0,,0,0,0,-1.5563,-0.0209,-2.093,0,0,0,0,0,0
2026-03-03 12:30:00,6.854,2.862,409.26,0,,0,0,0,-1.396,1.0293,-1.1563,0,0,0,0,0,0
2026-03-03 12:45:00,6.81,2.795,409.32,0,,0,0,0,-1.7561,0.8222,-1.1743,0,0,0,0,0,0
2026-03-03 13:00:00,6.891,2.806,409.24,0,,0,0,0,-1.0609,0.8549,-1.1841,0,0,0,0,0,0
2026-03-03 13:15:00,6.926,3.093,406.27,0,,0,0,0,-0.7633,1.6785,-1.476,0,0,0,0,0,0
2026-03-03 13:30:00,6.943,2.76,413.0,0,,0,0,0,-0.6225,0.6976,-0.7818,0,0,0,0,0,0
2026-03-03 13:45:00,6.876,2.884,410.88,0,,0,0,0,-1.2094,1.0812,-1.0104,0,0,0,0,0,0
2026-03-03 14:00:00,6.899,2.861,413.74,0,,0,0,0,-1.0125,1.0108,-0.712,0,0,0,0,0,0
2026-03-03 14:15:00,6.868,2.888,407.07,0,,0,0,0,-1.2835,1.0804,-1.4064,0,0,0,0,0,0
2026-03-03 14:30:00,6.907,3.203,404.95,0,,0,0,0,-0.9449,1.9591,-1.6166,0,0,0,0,0,0
2026-03-03 14:45:00,6.903,2.888,412.72,0,,0,0,0,-0.9795,1.0434,-0.8085,0,0,0,0,0,0
2026-03-03 15:00:00,6.897,2.801,407.66,0,,0,0,0,-1.0361,0.7889,-1.3292,0,0,0,0,0,0
2026-03-03 15:15:00,6.908,3.173,416.31,0,,0,0,0,-0.9549,1.8425,-0.4288,0,0,0,0,0,0
2026-03-03 15:30:00,6.931,2.85,404.19,0,,0,0,0,-0.7548,0.9045,-1.7086,0,0,0,0,0,0
2026-03-03 15:45:00,6.902,2.658,411.46,0,,0,0,0,-1.0095,0.368,-0.9252,0,0,0,0,0,0
2026-03-03 16:00:00,6.913,2.789,411.54,0,,0,0,0,-0.9294,0.7445,-0.9064,0,0,0,0,0,0
2026-03-03 16:15:00,7.019,2.712,413.36,0,,0,0,0,0.0077,0.5305,-0.7041,0,0,0,0,0,0
2026-03-03 16:30:00,7.078,2.627,416.45,0,,0,0,0,0.5245,0.2917,-0.3779,0,0,0,0,0,0
2026-03-03 16:45:00,6.892,2.838,417.73,0,,0,0,0,-1.1072,0.9281,-0.2428,0,0,0,0,0,0
2026-03-03 17:00:00,6.898,2.876,419.45,0,,0,0,0,-1.0464,1.0427,-0.0642,0,0,0,0,0,0
2026-03-03 17:15:00,6.923,3.056,420.68,0,,0,0,0,-0.8228,1.5882,0.0604,0,0,0,0,0,0
2026-03-03 17:30:00,6.975,2.964,417.75,0,,0,0,0,-0.3704,1.3137,-0.2431,0,0,0,0,0,0
2026-03-03 17:45:00,7.035,2.946,427.65,0,,0,0,0,0.1563,1.2715,0.7785,0,0,0,0,0,0
2026-03-03 18:00:00,7.03,2.712,425.55,0,,0,0,0,0.1103,0.5762,0.5486,0,0,0,0,0,0
2026-03-03 18:15:00,7.018,2.965,419.54,0,,0,0,0,-0.0002,1.328,-0.078,0,0,0,0,0,0
2026-03-03 18:30:00,7.046,3.026,421.02,0,,0,0,0,0.244,1.5077,0.0826,0,0,0,0,0,0
2026-03-03 18:45:00,6.995,2.86,421.01,0,,0,0,0,-0.2133,1.0173,0.0777,0,0,0,0,0,0
2026-03-03 19:00:00,7.027,2.846,424.56,0,,0,0,0,0.0758,0.9764,0.4416,0,0,0,0,0,0
2026-03-03 19:15:00,7.047,2.574,419.97,0,,0,0,0,0.2499,0.1666,-0.0311,0,0,0,0,0,0
2026-03-03 19:30:00,6.978,2.902,421.43,0,,0,0,0,-0.3553,1.139,0.1234,0,0,0,0,0,0
2026-03-03 19:45:00,7.008,2.989,416.64,0,,0,0,0,-0.0903,1.3904,-0.3674,0,0,0,0,0,0
2026-03-03 20:00:00,7.019,2.748,424.41,0,,0,0,0,0.0099,0.6816,0.456,0,0,0,0,0,0
2026-03-03 20:15:00,7.122,2.588,430.93,0,,0,0,0,0.9165,0.2038,1.1375,0,0,0,0,0,0
2026-03-03 20:30:00,7.104,2.629,426.7,0,,0,0,0,0.7554,0.3234,0.6899,0,0,0,0,0,0
2026-03-03 20:45:00,7.129,2.566,427.53,0,,0,0,0,0.9754,0.133,0.7882,0,0,0,0,0,0
2026-03-03 21:00:00,7.014,2.549,429.6,0,,0,0,0,-0.0261,0.088,1.0113,0,0,0,0,0,0
2026-03-03 21:15:00,7.039,2.675,425.01,0,,0,0,0,0.2089,0.4571,0.5315,0,0,0,0,0,0
2026-03-03 21:30:00,7.152,2.594,429.62,0,,0,0,0,1.2293,0.2178,1.0211,0,0,0,0,0,0
2026-03-03 21:45:00,6.986,2.677,433.54,0,,0,0,0,-0.2507,0.4635,1.4309,0,0,0,0,0,0
2026-03-03 22:00:00,7.191,2.556,431.62,0,,0,0,0,1.6127,0.0977,1.2211,0,0,0,0,0,0
2026-03-03 22:15:00,7.043,2.344,434.68,0,,0,0,0,0.2761,-0.5249,1.5155,0,0,0,0,0,0
2026-03-03 22:30:00,7.181,2.373,436.14,0,,0,0,0,1.5419,-0.444,1.6599,0,0,0,0,0,0
2026-03-03 22:45:00,7.098,2.338,434.01,0,,0,0,0,0.8,-0.5384,1.4387,0,0,0,0,0,0
2026-03-03 23:00:00,7.197,2.369,428.74,0,,0,0,0,1.7107,-0.4427,0.8799,0,0,0,0,0,0
2026-03-03 23:15:00,7.308,2.641,430.39,0,,0,0,0,2.618,0.3572,1.0595,0,0,0,0,0,0
2026-03-03 23:30:00,7.035,2.64,439.62,0,,0,0,0,0.1912,0.3524,2.0171,0,0,0,0,0,0
2026-03-03 23:45:00,7.184,2.449,433.23,0,,0,0,0,1.511,-0.2243,1.3374,0,0,0,0,0,0
2026-03-04 00:00:00,7.06,2.318,432.72,0,,0,0,0,0.4251,-0.6239,1.2819,0,0,0,0,0,1
2026-03-04 00:15:00,7.193,2.08,428.53,0,,0,0,0,1.6088,-1.34,0.855,0,0,0,0,0,1
2026-03-04 00:30:00,7.176,2.303,431.53,0,,0,0,0,1.4661,-0.6819,1.187,0,0,0,0,0,1
2026-03-04 00:45:00,7.205,2.139,434.63,0,,0,0,0,1.7298,-1.1596,1.5177,0,0,0,0,0,1
2026-03-04 01:00:00,7.17,2.49,431.65,0,,0,0,0,1.4255,-0.11,1.1961,0,0,0,0,0,1
2026-03-04 01:15:00,7.299,1.993,429.29,0,,0,0,0,2.5339,-1.6286,0.9571,0,0,0,0,0,1
2026-03-04 01:30:00,7.156,2.282,429.94,0,,0,0,0,1.2507,-0.7482,1.056,0,0,0,0,0,1
2026-03-04 01:45:00,7.357,2.085,435.53,0,,0,0,0,2.8938,-1.3682,1.6292,0,0,0,0,0,1
2026-03-04 02:00:00,7.232,2.208,433.06,0,,0,0,0,1.7939,-1.0035,1.3596,0,0,0,0,0,1
2026-03-04 02:15:00,7.273,2.304,432.11,0,,0,0,0,2.0686,-0.7052,1.2592,0,0,0,0,0,1
2026-03-04 02:30:00,7.381,2.353,431.28,0,,0,0,0,2.8099,-0.5597,1.1618,0,0,0,0,0,1
2026-03-04 02:45:00,7.345,2.189,424.29,0,,0,0,0,2.4517,-1.0826,0.4466,0,0,0,0,0,1
2026-03-04 03:00:00,7.458,2.311,429.57,0,,1,0,0,3.1253,-0.7099,1.0029,1,0,0,1,1,1
2026-03-04 03:15:00,7.444,2.099,432.18,0,,0,0,0,2.8924,-1.3869,1.2589,1,0,0,0,1,1
2026-03-04 03:30:00,7.359,2.238,426.26,0,,0,0,0,2.221,-0.9558,0.6337,0,0,0,0,0,1
2026-03-04 03:45:00,7.28,2.356,430.58,0,,0,0,0,1.6644,-0.6001,1.0854,0,0,0,0,0,1
2026-03-04 04:00:00,7.338,2.261,428.18,0,,0,0,0,1.9966,-0.9267,0.8246,0,0,0,0,0,1
2026-03-04 04:15:00,7.407,2.14,428.62,0,,0,0,0,2.3579,-1.337,0.8669,0,0,0,0,0,1
2026-03-04 04:30:00,7.454,2.187,424.8,0,,0,0,0,2.5388,-1.2006,0.4701,0,0,0,0,0,1
2026-03-04 04:45:00,7.449,2.392,427.4,0,,0,0,0,2.4092,-0.5234,0.7313,0,0,0,0,0,1
2026-03-04 05:00:00,7.353,2.089,417.25,0,,0,0,0,1.7798,-1.5222,-0.3247,0,0,0,0,0,1
2026-03-04 05:15:00,7.484,2.126,422.47,0,,0,0,0,2.4448,-1.4161,0.2216,0,0,0,0,0,1
2026-03-04 05:30:00,7.444,2.374,424.42,0,,0,0,0,2.1403,-0.6117,0.4252,0,0,0,0,0,1
2026-03-04 05:45:00,7.393,2.235,421.97,0,,0,0,0,1.8043,-1.097,0.1657,0,0,0,0,0,1
2026-03-04 06:00:00,7.394,2.103,424.38,0,,0,0,0,1.7607,-1.5189,0.4129,0,0,0,0,0,1
2026-03-04 06:15:00,7.488,2.544,418.59,0,,0,0,0,2.1848,-0.0408,-0.1917,0,0,0,0,0,1
2026-03-04 06:30:00,7.287,2.199,416.24,0,,0,0,0,1.1032,-1.2376,-0.431,0,0,0,0,0,1
2026-03-04 06:45:00,7.515,2.357,411.1,0,,0,0,0,2.2123,-0.6989,-0.9528,0,0,0,0,0,1
2026-03-04 07:00:00,7.493,2.319,415.8,0,,0,0,0,2.0296,-0.8392,-0.4658,0,0,0,0,0,1
2026-03-04 07:15:00,7.581,2.393,418.21,0,,0,0,0,2.3682,-0.5935,-0.2158,0,0,0,0,0,1
2026-03-04 07:30:00,7.388,2.332,418.45,0,,0,0,0,1.3981,-0.8031,-0.1965,0,0,0,0,0,1
2026-03-04 07:45:00,7.626,2.601,409.1,0,,0,0,0,2.4348,0.1343,-1.1536,0,0,0,0,0,1
2026-03-04 08:00:00,7.508,2.539,418.7,0,,0,0,0,1.829,-0.0887,-0.1646,0,0,0,0,0,1
2026-03-04 08:15:00,7.538,2.7,409.44,0,,0,0,0,1.9074,0.4696,-1.1014,0,0,0,0,0,1
2026-03-04 08:30:00,7.432,2.492,412.21,0,,0,0,0,1.3952,-0.2659,-0.8181,0,0,0,0,0,1
2026-03-04 08:45:00,7.456,2.935,409.81,0,,0,0,0,1.4668,1.2767,-1.0613,0,0,0,0,0,1
2026-03-04 09:00:00,7.51,2.361,413.18,0,,0,0,0,1.6609,-0.7239,-0.7228,0,0,0,0,0,1
2026-03-04 09:15:00,7.44,2.442,411.35,0,,0,0,0,1.3236,-0.4297,-0.9216,0,0,0,0,0,1
2026-03-04 09:30:00,7.532,2.975,413.19,0,,0,0,0,1.6805,1.4087,-0.7392,0,0,0,0,0,1
2026-03-04 09:45:00,7.542,2.816,417.4,0,,0,0,0,1.6806,0.8408,-0.3063,0,0,0,0,0,1
2026-03-04 10:00:00,7.72,2.829,411.2,0,,0,0,0,2.3502,0.8751,-0.9518,0,0,0,0,0,1
2026-03-04 10:15:00,7.55,2.876,406.93,0,,0,0,0,1.5967,1.0228,-1.3873,0,0,0,0,0,1
2026-03-04 10:30:00,7.601,2.93,410.76,0,,0,0,0,1.7605,1.2006,-0.9964,0,0,0,0,0,1
2026-03-04 10:45:00,7.733,2.922,416.42,0,,0,0,0,2.223,1.1492,-0.4207,0,0,0,0,0,1
2026-03-04 11:00:00,7.601,2.765,411.03,0,,0,0,0,1.6506,0.6124,-1.0049,0,0,0,0,0,1
2026-03-04 11:15:00,7.552,3.064,412.01,0,,0,0,0,1.4242,1.5862,-0.9149,0,0,0,0,0,1
2026-03-04 11:30:00,7.673,3.072,401.73,0,,0,0,0,1.8595,1.5814,-2.0107,0,0,0,0,0,1
2026-03-04 11:45:00,7.58,3.218,409.57,0,,0,0,0,1.4582,2.0007,-1.1629,0,0,0,0,0,1
2026-03-04 12:00:00,7.816,3.299,406.93,0,,0,0,0,2.3061,2.1905,-1.4215,0,0,0,0,0,1
2026-03-04 12:15:00,7.857,3.113,405.31,0,,0,0,0,2.3782,1.5636,-1.6149,0,0,0,0,0,1
2026-03-04 12:30:00,7.844,2.907,408.01,0,,0,0,0,2.2519,0.9189,-1.3232,0,0,0,0,0,1
2026-03-04 12:45:00,7.981,3.384,408.67,0,,0,0,0,2.6529,2.3194,-1.2511,0,0,0,0,0,1
2026-03-04 13:00:00,7.45,2.992,405.91,0,,0,0,0,0.696,1.1211,-1.5332,0,0,0,0,0,1
2026-03-04 13:15:00,7.624,3.22,409.39,0,,0,0,0,1.3081,1.7924,-1.1738,0,0,0,0,0,1
2026-03-04 13:30:00,7.588,3.154,408.22,0,,0,0,0,1.1517,1.5633,-1.2858,0,0,0,0,0,1
2026-03-04 13:45:00,7.79,3.151,412.05,0,,0,0,0,1.8469,1.5315,-0.8832,0,0,0,0,0,1
2026-03-04 14:00:00,7.625,3.351,410.52,0,,0,0,0,1.2198,2.0595,-1.0384,0,0,0,0,0,1
2026-03-04 14:15:00,7.589,3.292,411.53,0,,0,0,0,1.0678,1.8489,-0.9422,0,0,0,0,0,1
2026-03-04 14:30:00,8.007,3.35,414.4,0,,0,0,0,2.5077,1.9928,-0.6559,0,0,0,0,0,1
2026-03-04 14:45:00,7.762,3.167,413.2,0,,0,0,0,1.5897,1.4588,-0.7858,0,0,0,0,0,1
2026-03-04 15:00:00,7.728,3.278,411.49,0,,0,0,0,1.4382,1.7271,-0.9789,0,0,0,0,0,1
2026-03-04 15:15:00,7.788,3.201,403.74,0,,0,0,0,1.6183,1.5138,-1.7737,0,0,0,0,0,1
2026-03-04 15:30:00,7.64,3.298,414.75,0,,0,0,0,1.0657,1.7403,-0.6232,0,0,0,0,0,1
2026-03-04 15:45:00,7.576,3.32,409.69,0,,0,0,0,0.8174,1.7517,-1.1644,0,0,0,0,0,1
2026-03-04 16:00:00,7.855,3.622,413.66,0,,0,0,0,1.7937,2.4482,-0.7411,0,0,0,0,0,1
2026-03-04 16:15:00,7.765,3.312,416.18,0,,0,0,0,1.4341,1.6145,-0.4734,0,0,0,0,0,1
2026-03-04 16:30:00,8.203,3.037,420.74,0,,0,0,0,2.8645,0.9043,0.0145,0,0,0,0,0,1
2026-03-04 16:45:00,7.927,3.568,423.51,0,,0,0,0,1.8591,2.1679,0.3076,0,0,0,0,0,1
2026-03-04 17:00:00,8.138,3.427,413.21,0,,0,0,0,2.501,1.7788,-0.7969,0,0,0,0,0,1
2026-03-04 17:15:00,8.075,3.339,412.4,0,,0,0,0,2.2177,1.5454,-0.8714,0,0,0,0,0,1
2026-03-04 17:30:00,8.206,3.291,419.74,0,,0,0,0,2.554,1.4102,-0.0855,0,0,0,0,0,1
2026-03-04 17:45:00,8.346,3.211,420.18,0,,0,0,0,2.8632,1.2064,-0.03,1,0,0,0,1,1
2026-03-04 18:00:00,7.996,3.638,415.19,0,,0,0,0,1.7096,2.1383,-0.556,0,0,0,0,0,1
2026-03-04 18:15:00,7.847,3.348,420.72,0,,0,0,0,1.2154,1.4472,0.0385,0,0,0,0,0,1
2026-03-04 18:30:00,7.799,3.071,423.96,0,,0,0,0,1.0426,0.8132,0.3841,0,0,0,0,0,1
2026-03-04 18:45:00,7.874,3.372,417.42,0,,0,0,0,1.256,1.4712,-0.3159,0,0,0,0,0,1
2026-03-04 19:00:00,8.39,3.492,419.13,0,,0,0,0,2.7648,1.7006,-0.126,1,0,0,0,1,1
2026-03-04 19:15:00,8.083,3.323,421.28,0,,0,0,0,1.7727,1.2969,0.1042,0,0,0,0,0,1
2026-03-04 19:30:00,7.935,3.151,423.74,0,,0,0,0,1.2953,0.9089,0.3664,0,0,0,0,0,1
2026-03-04 19:45:00,8.006,3.123,428.08,0,,0,0,0,1.4837,0.8426,0.8185,0,0,0,0,0,1
2026-03-04 20:00:00,8.523,3.119,424.69,1,,0,0,0,2.9257,0.8224,0.4542,1,0,0,0,1,1
2026-03-04 20:15:00,8.233,3.469,426.89,0,,0,0,0,2.0008,1.547,0.6978,0,0,0,0,0,1
2026-03-04 20:30:00,7.973,3.213,436.29,0,,0,0,0,1.2122,0.9774,1.6787,0,0,0,0,0,1
2026-03-04 20:45:00,8.463,2.954,424.09,0,,0,0,0,2.5431,0.4131,0.3849,0,0,0,0,0,1
2026-03-04 21:00:00,8.371,3.245,425.87,0,,0,0,0,2.2108,1.0173,0.5808,0,0,0,0,0,1
2026-03-04 21:15:00,8.257,3.19,431.73,0,,0,0,0,1.8427,0.8849,1.1928,0,0,0,0,0,1
2026-03-04 21:30:00,8.19,3.083,433.47,0,,0,0,0,1.6151,0.6455,1.3667,0,0,0,0,0,1
2026-03-04 21:45:00,8.42,2.978,431.64,0,,0,0,0,2.195,0.4155,1.1783,0,0,0,0,0,1
2026-03-04 22:00:00,8.265,2.953,437.63,0,,0,0,0,1.7207,0.3538,1.7893,0,0,0,0,0,1
2026-03-04 22:15:00,8.622,3.256,432.03,1,,0,0,0,2.5963,0.9769,1.2088,1,0,0,0,1,1
2026-03-04 22:30:00,8.414,3.111,423.18,0,,0,0,0,1.9783,0.654,0.2939,0,0,0,0,0,1
2026-03-04 22:45:00,8.32,3.127,431.75,0,,0,0,0,1.69,0.6725,1.2171,0,0,0,0,0,1
2026-03-04 23:00:00,8.462,3.073,429.31,0,,0,0,0,2.0042,0.5433,0.954,0,0,0,0,0,1
2026-03-04 23:15:00,8.64,3.068,437.3,1,,0,0,0,2.3713,0.5228,1.7833,0,0,0,0,0,1
2026-03-04 23:30:00,8.0,2.931,435.76,0,,0,0,0,0.7274,0.2234,1.6372,0,0,0,0,0,1
2026-03-04 23:45:00,7.939,2.953,425.62,0,,0,0,0,0.5547,0.26,0.5663,0,0,0,0,0,1
2026-03-05 00:00:00,8.541,3.143,437.4,1,,0,0,0,2.0644,0.6522,1.8158,0,0,0,0,0,1
2026-03-05 00:15:00,8.088,3.165,435.73,0,,0,0,0,0.8772,0.6835,1.613,0,0,0,0,0,1
2026-03-05 00:30:00,8.391,2.755,430.6,0,,0,0,0,1.6276,-0.2231,1.0723,0,0,0,0,0,1
2026-03-05 00:45:00,8.278,2.894,431.46,0,,0,0,0,1.3085,0.0661,1.1725,0,0,0,0,0,1
2026-03-05 01:00:00,8.106,3.039,437.16,0,,0,0,0,0.8445,0.3775,1.7572,0,0,0,0,0,1
2026-03-05 01:15:00,8.2,3.184,423.48,0,,0,0,0,1.069,0.6862,0.3215,0,0,0,0,0,1
2026-03-05 01:30:00,8.471,3.16,432.87,0,,0,0,0,1.743,0.6157,1.3081,0,0,0,0,0,1
2026-03-05 01:45:00,8.08,2.765,435.14,0,,0,0,0,0.7003,-0.3123,1.5491,0,0,0,0,0,1
2026-03-05 02:00:00,8.006,3.068,430.04,0,,0,0,0,0.4894,0.3795,1.0179,0,0,0,0,0,1
2026-03-05 02:15:00,8.169,2.88,432.57,0,,0,0,0,0.9059,-0.0806,1.2848,0,0,0,0,0,1
2026-03-05 02:30:00,7.979,3.025,429.93,0,,0,0,0,0.3813,0.252,1.0082,0,0,0,0,0,1
2026-03-05 02:45:00,8.396,2.984,425.89,0,,0,0,0,1.477,0.1352,0.5771,0,0,0,0,0,1
2026-03-05 03:00:00,8.545,2.675,425.25,1,,0,0,0,1.8266,-0.6397,0.5159,0,0,0,0,0,1
2026-03-05 03:15:00,8.348,2.948,430.76,0,,0,0,0,1.2732,0.0163,1.1059,0,0,0,0,0,1
2026-03-05 03:30:00,8.289,3.019,424.76,0,,0,0,0,1.0941,0.179,0.4683,0,0,0,0,0,1
2026-03-05 03:45:00,8.151,2.87,420.57,0,,0,0,0,0.7091,-0.2226,0.0324,0,0,0,0,0,1
2026-03-05 04:00:00,8.597,2.842,426.49,1,,0,0,0,1.8656,-0.3171,0.6711,0,0,0,0,0,1
2026-03-05 04:15:00,8.444,2.651,423.26,0,,0,0,0,1.4241,-0.8586,0.3309,0,0,0,0,0,1
2026-03-05 04:30:00,8.404,2.999,419.8,0,,0,0,0,1.2893,0.0672,-0.037,0,0,0,0,0,1
2026-03-05 04:45:00,7.998,2.939,424.14,0,,0,0,0,0.1887,-0.1177,0.4368,0,0,0,0,0,1
2026-03-05 05:00:00,7.82,2.782,426.17,0,,0,0,0,-0.3088,-0.6019,0.6456,0,0,0,0,0,1
2026-03-05 05:15:00,7.851,2.886,422.42,0,,0,0,0,-0.2363,-0.3322,0.24,0,0,0,0,0,1
2026-03-05 05:30:00,7.882,2.974,417.3,0,,0,0,0,-0.1651,-0.0864,-0.3059,0,0,0,0,0,1
2026-03-05 05:45:00,7.739,2.885,422.71,0,,0,0,0,-0.5791,-0.3934,0.2787,0,0,0,0,0,1
2026-03-05 06:00:00,8.352,2.989,424.14,0,,0,0,0,1.1235,-0.0965,0.4338,0,0,0,0,0,1
2026-03-05 06:15:00,7.856,2.747,428.07,0,,0,0,0,-0.2933,-0.9174,0.8453,0,0,0,0,0,1
2026-03-05 06:30:00,7.856,3.234,424.2,0,,0,0,0,-0.3164,0.7097,0.4191,0,0,0,0,0,1
2026-03-05 06:45:00,8.124,3.057,413.64,0,,0,0,0,0.4489,0.0678,-0.7242,0,0,0,0,0,1
2026-03-05 07:00:00,8.381,2.915,420.33,0,,0,0,0,1.1795,-0.483,-0.0062,0,0,0,0,0,1
2026-03-05 07:15:00,7.755,2.737,417.17,0,,0,0,0,-0.6718,-1.1902,-0.3469,0,0,0,0,0,1
2026-03-05 07:30:00,7.931,3.287,410.8,0,,0,0,0,-0.1707,0.91,-1.022,0,0,0,0,0,1
2026-03-05 07:45:00,8.048,3.245,415.83,0,,0,0,0,0.169,0.7274,-0.4914,0,0,0,0,0,1
2026-03-05 08:00:00,8.163,3.222,421.67,0,,0,0,0,0.5015,0.6197,0.1378,0,0,0,0,0,1
2026-03-05 08:15:00,7.88,3.35,418.12,0,,0,0,0,-0.3784,1.1262,-0.2584,0,0,0,0,0,1
2026-03-05 08:30:00,7.867,3.38,408.64,0,,0,0,0,-0.4394,1.2421,-1.283,0,0,0,0,0,1
2026-03-05 08:45:00,7.913,3.312,412.14,0,,0,0,0,-0.3149,0.9341,-0.9079,0,0,0,0,0,1
2026-03-05 09:00:00,7.957,3.277,413.48,0,,0,0,0,-0.1921,0.7839,-0.7625,0,0,0,0,0,1
2026-03-05 09:15:00,7.539,3.285,404.06,0,,0,0,0,-1.5545,0.8161,-1.7602,0,0,0,0,0,1
2026-03-05 09:30:00,7.815,3.443,403.7,0,,0,0,0,-0.6748,1.5146,-1.7642,0,0,0,0,0,1
2026-03-05 09:45:00,8.032,3.623,410.64,0,,0,0,0,0.0214,2.2659,-1.0142,0,0,0,0,0,1
2026-03-05 10:00:00,7.984,3.431,410.28,0,,0,0,0,-0.1483,1.3662,-1.0502,0,0,0,0,0,1
2026-03-05 10:15:00,7.54,3.701,401.88,0,,0,0,0,-1.6329,2.4834,-1.914,0,0,0,0,0,1
2026-03-05 10:30:00,7.896,3.568,410.47,0,,0,0,0,-0.4569,1.8415,-1.0145,0,0,0,0,0,1
2026-03-05 10:45:00,7.757,3.602,412.98,0,,0,0,0,-0.9281,1.9292,-0.7466,0,0,0,0,0,1
2026-03-05 11:00:00,7.577,3.938,407.54,0,,0,1,0,-1.5338,3.1802,-1.305,0,1,0,1,1,1
2026-03-05 11:15:00,7.595,3.857,408.47,0,,0,0,0,-1.478,2.7042,-1.1997,0,1,0,0,1,1
2026-03-05 11:30:00,7.616,3.893,410.39,0,,0,0,0,-1.4012,2.7034,-1.0244,0,1,0,0,1,1
2026-03-05 11:45:00,7.971,3.552,409.78,0,,0,0,0,-0.2194,1.3815,-1.089,0,0,0,0,0,1
2026-03-05 12:00:00,7.553,4.031,401.33,0,,0,1,0,-1.6201,3.0011,-1.95,0,1,0,1,1,1
2026-03-05 12:15:00,7.764,3.719,404.41,0,,0,0,0,-0.9016,1.8298,-1.6264,0,0,0,0,0,1
2026-03-05 12:30:00,7.698,3.725,406.52,0,,0,0,0,-1.1139,1.7993,-1.4028,0,0,0,0,0,1
2026-03-05 12:45:00,7.797,3.462,404.79,0,,0,0,0,-0.7729,0.8813,-1.5686,0,0,0,0,0,1
2026-03-05 13:00:00,7.815,3.861,414.28,0,,0,0,0,-0.7382,2.1818,-0.6063,0,0,0,0,0,1
2026-03-05 13:15:00,7.771,3.675,411.17,0,,0,0,0,-0.8986,1.517,-0.9333,0,0,0,0,0,1
2026-03-05 13:30:00,7.716,3.922,404.47,0,,0,0,0,-1.0981,2.2536,-1.6173,0,0,0,0,0,1
2026-03-05 13:45:00,7.626,3.709,408.38,0,,0,0,0,-1.3931,1.5229,-1.2037,0,0,0,0,0,1
2026-03-05 14:00:00,7.485,4.173,414.13,0,,0,0,0,-1.8554,2.8566,-0.6168,0,1,0,0,1,1
2026-03-05 14:15:00,7.49,4.006,407.44,0,,0,0,0,-1.8242,2.2568,-1.2979,0,0,0,0,0,1
2026-03-05 14:30:00,7.596,4.283,413.89,0,,0,0,0,-1.4361,2.9159,-0.6333,0,1,0,0,1,1
2026-03-05 14:45:00,7.597,3.804,416.51,0,,0,0,0,-1.4175,1.5122,-0.368,0,0,0,0,0,1
2026-03-05 15:00:00,7.569,4.204,416.38,0,,0,0,0,-1.4946,2.5228,-0.388,0,1,0,0,1,1
2026-03-05 15:15:00,7.326,3.714,412.81,0,,0,0,0,-2.2252,1.1661,-0.7765,0,0,0,0,0,1
2026-03-05 15:30:00,7.597,4.027,417.7,0,,0,0,0,-1.3499,1.9509,-0.268,0,0,0,0,0,1
2026-03-05 15:45:00,7.354,3.91,411.24,0,,0,0,0,-2.0947,1.6025,-0.9488,0,0,0,0,0,1
2026-03-05 16:00:00,7.446,3.946,423.94,0,,0,0,0,-1.7624,1.669,0.3747,0,0,0,0,0,1
2026-03-05 16:15:00,7.483,3.942,415.66,0,,0,0,0,-1.6199,1.6187,-0.4959,0,0,0,0,0,1
2026-03-05 16:30:00,7.512,3.886,419.99,0,,0,0,0,-1.4931,1.441,-0.0396,0,0,0,0,0,1
2026-03-05 16:45:00,7.67,3.837,414.69,0,,0,0,0,-0.9974,1.3012,-0.5868,0,0,0,0,0,1
2026-03-05 17:00:00,7.448,3.961,418.89,0,,0,0,0,-1.6282,1.5775,-0.1521,0,0,0,0,0,1
2026-03-05 17:15:00,7.487,4.044,419.83,0,,0,0,0,-1.476,1.7362,-0.0615,0,0,0,0,0,1
2026-03-05 17:30:00,7.37,4.199,414.72,0,,0,0,0,-1.7709,2.0436,-0.5952,0,0,0,0,0,1
2026-03-05 17:45:00,7.319,4.065,415.38,0,,0,0,0,-1.8649,1.6787,-0.5196,0,0,0,0,0,1
2026-03-05 18:00:00,7.599,4.19,419.18,0,,0,0,0,-1.0393,1.9241,-0.1235,0,0,0,0,0,1
2026-03-05 18:15:00,7.389,3.787,425.21,0,,0,0,0,-1.6064,0.9799,0.5074,0,0,0,0,0,1
2026-03-05 18:30:00,7.548,3.935,414.24,0,,0,0,0,-1.1422,1.29,-0.6375,0,0,0,0,0,1
2026-03-05 18:45:00,7.501,4.097,420.89,0,,0,0,0,-1.2532,1.6187,0.0588,0,0,0,0,0,1
2026-03-05 19:00:00,7.341,4.031,428.35,0,,0,0,0,-1.658,1.4422,0.8314,0,0,0,0,0,1
2026-03-05 19:15:00,7.377,3.838,418.93,0,,0,0,0,-1.5201,0.9964,-0.1546,0,0,0,0,0,1
2026-03-05 19:30:00,7.412,4.094,429.61,0,,0,0,0,-1.3946,1.5234,0.9556,0,0,0,0,0,1
2026-03-05 19:45:00,7.363,3.86,420.8,0,,0,0,0,-1.4917,0.992,0.0431,0,0,0,0,0,1
2026-03-05 20:00:00,7.419,3.808,422.33,0,,0,0,0,-1.3171,0.8614,0.2063,0,0,0,0,0,1
2026-03-05 20:15:00,7.371,3.981,426.08,0,,0,0,0,-1.4128,1.2163,0.601,0,0,0,0,0,1
2026-03-05 20:30:00,7.416,3.892,434.8,0,,0,0,0,-1.2662,1.0047,1.5222,0,0,0,0,0,1
2026-03-05 20:45:00,7.316,3.795,425.35,0,,0,0,0,-1.5,0.7793,0.5257,0,0,0,0,0,1
2026-03-05 21:00:00,7.397,3.772,421.55,0,,0,0,0,-1.2589,0.7167,0.1308,0,0,0,0,0,1
2026-03-05 21:15:00,7.219,3.677,423.41,0,,0,0,0,-1.6862,0.5018,0.3384,0,0,0,0,0,1
2026-03-05 21:30:00,7.31,3.759,433.25,0,,0,0,0,-1.4133,0.6634,1.3836,0,0,0,0,0,1
2026-03-05 21:45:00,7.3,3.964,424.56,0,,0,0,0,-1.4106,1.0813,0.4718,0,0,0,0,0,1
2026-03-05 22:00:00,7.244,3.817,435.14,0,,0,0,0,-1.5203,0.7487,1.6134,0,0,0,0,0,1
2026-03-05 22:15:00,7.172,3.905,431.04,0,,0,0,0,-1.6813,0.9207,1.1757,0,0,0,0,0,1
2026-03-05 22:30:00,7.267,3.819,430.96,0,,0,0,0,-1.405,0.7204,1.1509,0,0,0,0,0,1
2026-03-05 22:45:00,7.281,3.631,432.55,0,,0,0,0,-1.3402,0.3058,1.3184,0,0,0,0,0,1
2026-03-05 23:00:00,7.299,3.457,428.39,0,,0,0,0,-1.2714,-0.0783,0.8762,0,0,0,0,0,1
2026-03-05 23:15:00,7.209,3.547,432.32,0,,0,0,0,-1.4946,0.1062,1.3132,0,0,0,0,0,1
2026-03-05 23:30:00,7.284,3.568,427.13,0,,0,0,0,-1.2644,0.1386,0.7728,0,0,0,0,0,1
2026-03-05 23:45:00,7.157,3.539,437.37,0,,0,0,0,-1.5637,0.0621,1.846,0,0,0,0,0,1
2026-03-06 00:00:00,7.193,3.783,427.89,0,,0,0,0,-1.4495,0.5874,0.8516,0,0,0,0,0,1
2026-03-06 00:15:00,7.098,3.766,433.73,0,,0,0,0,-1.6594,0.5369,1.4954,0,0,0,0,0,1
2026-03-06 00:30:00,7.083,3.938,427.76,0,,0,0,0,-1.6662,0.901,0.8488,0,0,0,0,0,1
2026-03-06 00:45:00,7.043,3.478,429.64,0,,0,0,0,-1.7314,-0.1456,1.0596,0,0,0,0,0,1
2026-03-06 01:00:00,6.935,3.82,430.1,0,,0,0,0,-1.9561,0.6143,1.1323,0,0,0,0,0,1
2026-03-06 01:15:00,7.108,3.808,443.29,0,,0,0,0,-1.4726,0.5733,2.4929,0,0,0,0,0,1
2026-03-06 01:30:00,6.985,3.525,431.03,0,,0,0,0,-1.7638,-0.0818,1.1782,0,0,0,0,0,1
2026-03-06 01:45:00,6.917,3.623,427.48,0,,0,0,0,-1.8859,0.1247,0.8122,0,0,0,0,0,1
2026-03-06 02:00:00,6.891,3.731,428.61,0,,0,0,0,-1.8947,0.363,0.9387,0,0,0,0,0,1
2026-03-06 02:15:00,6.972,3.531,423.96,0,,0,0,0,-1.6489,-0.1246,0.4443,0,0,0,0,0,1
2026-03-06 02:30:00,6.977,3.515,428.87,0,,0,0,0,-1.5947,-0.1766,0.9883,0,0,0,0,0,1
2026-03-06 02:45:00,7.003,3.439,436.43,0,,0,0,0,-1.5063,-0.3748,1.7842,0,0,0,0,0,1
2026-03-06 03:00:00,6.752,3.179,429.83,0,,0,0,0,-2.1104,-1.042,1.0565,0,0,0,0,0,1
2026-03-06 03:15:00,6.817,3.544,431.53,0,,0,0,0,-1.9061,-0.1526,1.2385,0,0,0,0,0,1
2026-03-06 03:30:00,6.816,3.43,423.67,0,,0,0,0,-1.869,-0.4555,0.3894,0,0,0,0,0,1
2026-03-06 03:45:00,6.792,3.38,425.85,0,,0,0,0,-1.882,-0.6067,0.6182,0,0,0,0,0,1
2026-03-06 04:00:00,6.877,3.61,426.82,0,,0,0,0,-1.6625,-0.0322,0.7224,0,0,0,0,0,1
2026-03-06 04:15:00,6.636,3.337,422.41,0,,0,0,0,-2.251,-0.8,0.2471,0,0,0,0,0,1
2026-03-06 04:30:00,6.655,3.685,426.19,0,,0,0,0,-2.1651,0.1349,0.6469,0,0,0,0,0,1
2026-03-06 04:45:00,6.563,3.648,426.32,0,,0,0,0,-2.322,0.0118,0.6576,0,0,0,0,0,1
2026-03-06 05:00:00,6.85,3.528,425.28,0,,0,0,0,-1.543,-0.3623,0.5469,0,0,0,0,0,1
2026-03-06 05:15:00,6.678,3.593,421.74,0,,0,0,0,-1.9234,-0.1988,0.1663,0,0,0,0,0,1
2026-03-06 05:30:00,6.724,3.441,425.93,0,,0,0,0,-1.7592,-0.6852,0.6072,0,0,0,0,0,1
2026-03-06 05:45:00,6.48,3.749,419.75,0,,0,0,0,-2.2772,0.2415,-0.0544,0,0,0,0,0,1
2026-03-06 06:00:00,6.588,3.684,418.6,0,,0,0,0,-1.9835,0.0127,-0.1721,0,0,0,0,0,1
2026-03-06 06:15:00,6.603,3.716,424.98,0,,0,0,0,-1.8908,0.0885,0.5198,0,0,0,0,0,1
2026-03-06 06:30:00,6.584,3.774,414.01,0,,0,0,0,-1.8815,0.2714,-0.6524,0,0,0,0,0,1
2026-03-06 06:45:00,6.239,3.626,410.85,0,,0,0,0,-2.6065,-0.2699,-0.9874,1,0,0,0,1,1
2026-03-06 07:00:00,6.5,3.52,413.42,0,,0,0,0,-1.9704,-0.6983,-0.7014,0,0,0,0,0,1
2026-03-06 07:15:00,6.386,3.917,417.69,0,,0,0,0,-2.1626,0.7842,-0.2439,0,0,0,0,0,1
2026-03-06 07:30:00,6.413,3.904,420.54,0,,0,0,0,-2.0392,0.7163,0.0512,0,0,0,0,0,1
2026-03-06 07:45:00,6.458,3.749,412.05,0,,0,0,0,-1.8912,0.0701,-0.8577,0,0,0,0,0,1
2026-03-06 08:00:00,6.226,3.92,421.26,0,,0,0,0,-2.3552,0.7613,0.1332,0,0,0,0,0,1
2026-03-06 08:15:00,6.245,4.077,413.44,0,,0,0,0,-2.2355,1.3964,-0.7009,0,0,0,0,0,1
2026-03-06 08:30:00,6.086,4.09,412.23,0,,0,0,0,-2.4884,1.4231,-0.8382,0,0,0,0,0,1
2026-03-06 08:45:00,6.15,3.866,408.69,0,,0,0,0,-2.2718,0.4573,-1.2109,0,0,0,0,0,1
2026-03-06 09:00:00,6.126,3.759,419.32,0,,0,0,0,-2.2507,-0.0267,-0.0769,0,0,0,0,0,1
2026-03-06 09:15:00,6.07,3.817,410.38,0,,0,0,0,-2.2777,0.2101,-1.0563,0,0,0,0,0,1
2026-03-06 09:30:00,6.291,4.001,405.15,0,,0,0,0,-1.7763,1.0232,-1.6309,0,0,0,0,0,1
2026-03-06 09:45:00,6.166,4.3,419.85,0,,0,0,0,-1.9834,2.2924,-0.0397,0,0,0,0,0,1
2026-03-06 10:00:00,6.08,4.005,411.18,0,,0,0,0,-2.1007,0.9646,-0.9919,0,0,0,0,0,1
2026-03-06 10:15:00,6.291,4.058,412.43,0,,0,0,0,-1.6316,1.1773,-0.8825,0,0,0,0,0,1
2026-03-06 10:30:00,6.117,4.087,415.64,0,,0,0,0,-1.9285,1.2778,-0.5326,0,0,0,0,0,1
2026-03-06 10:45:00,6.038,4.133,411.09,0,,0,0,0,-2.0233,1.4466,-1.039,0,0,0,0,0,1
2026-03-06 11:00:00,6.32,4.244,412.31,0,,0,0,0,-1.4375,1.8875,-0.9139,0,0,0,0,0,1
2026-03-06 11:15:00,6.11,4.085,408.45,0,,0,0,0,-1.7948,1.1815,-1.3491,0,0,0,0,0,1
2026-03-06 11:30:00,5.911,4.471,411.04,1,,0,0,0,-2.1057,2.7023,-1.0587,0,0,0,0,0,1
2026-03-06 11:45:00,6.3,4.318,407.89,0,,0,0,0,-1.3482,2.007,-1.4079,0,0,0,0,0,1
2026-03-06 12:00:00,6.147,4.741,407.92,0,,0,1,0,-1.5985,3.4637,-1.4322,0,1,0,1,1,1
2026-03-06 12:15:00,5.846,4.223,408.5,1,,0,0,0,-2.1021,1.4567,-1.3818,0,0,0,0,0,1
2026-03-06 12:30:00,5.825,4.665,406.52,1,,0,0,0,-2.0762,2.942,-1.6096,0,1,0,0,1,1
2026-03-06 12:45:00,5.941,4.663,410.25,1,,0,0,0,-1.8184,2.7956,-1.199,0,1,0,0,1,1
2026-03-06 13:00:00,6.072,4.418,410.42,0,,0,0,0,-1.5472,1.8872,-1.1693,0,0,0,0,0,1
2026-03-06 13:15:00,6.215,4.446,411.91,0,,0,0,0,-1.2615,1.9208,-0.9988,0,0,0,0,0,1
2026-03-06 13:30:00,5.76,4.39,411.47,1,,0,0,0,-2.0395,1.6909,-1.0716,0,0,0,0,0,1
2026-03-06 13:45:00,6.109,4.414,417.24,0,,0,0,0,-1.3751,1.7209,-0.4101,0,0,0,0,0,1
2026-03-06 14:00:00,5.797,4.572,413.82,1,,0,0,0,-1.8872,2.1746,-0.8145,0,0,0,0,0,1
2026-03-06 14:15:00,5.749,4.594,409.19,1,,0,0,0,-1.9162,2.1703,-1.3693,0,0,0,0,0,1
2026-03-06 14:30:00,6.188,4.368,412.29,0,,0,0,0,-1.1149,1.4605,-0.9973,0,0,0,0,0,1
2026-03-06 14:45:00,5.849,4.969,416.63,1,,0,1,0,-1.678,3.1099,-0.4829,0,1,0,1,1,1
2026-03-06 15:00:00,5.684,4.6,407.71,1,,0,0,0,-1.9166,1.9817,-1.5132,0,0,0,0,0,1
2026-03-06 15:15:00,5.624,4.662,420.14,1,,0,0,0,-1.9594,2.0855,-0.0646,0,0,0,0,0,1
2026-03-06 15:30:00,5.931,4.57,409.6,1,,0,0,0,-1.4003,1.7804,-1.2858,0,0,0,0,0,1
2026-03-06 15:45:00,6.085,4.633,416.93,0,,0,0,0,-1.1106,1.8968,-0.4386,0,0,0,0,0,1
2026-03-06 16:00:00,5.866,4.627,414.03,1,,0,0,0,-1.4559,1.8278,-0.7653,0,0,0,0,0,1
2026-03-06 16:15:00,5.791,4.687,414.49,1,,0,0,0,-1.5493,1.928,-0.7093,0,0,0,0,0,1
2026-03-06 16:30:00,5.838,4.689,410.2,1,,0,0,0,-1.4379,1.8755,-1.1907,0,0,0,0,0,1
2026-03-06 16:45:00,6.132,4.815,419.77,0,,0,0,0,-0.9165,2.1212,-0.0849,0,0,0,0,0,1
2026-03-06 17:00:00,5.724,4.729,411.74,1,,0,0,0,-1.5872,1.851,-1.0063,0,0,0,0,0,1
2026-03-06 17:15:00,5.936,4.8,411.89,1,,0,0,0,-1.1975,1.9649,-0.9744,0,0,0,0,0,1
2026-03-06 17:30:00,6.097,4.691,423.07,0,,0,0,0,-0.8994,1.6672,0.3051,0,0,0,0,0,1
2026-03-06 17:45:00,6.075,4.723,426.37,0,,0,0,0,-0.9184,1.7005,0.6726,0,0,0,0,0,1
2026-03-06 18:00:00,6.076,4.647,417.33,0,,0,0,0,-0.8998,1.495,-0.3684,0,0,0,0,0,1
2026-03-06 18:15:00,5.929,4.827,424.8,1,,0,0,0,-1.1376,1.8542,0.4939,0,0,0,0,0,1
2026-03-06 18:30:00,6.162,4.716,424.75,0,,0,0,0,-0.7075,1.5627,0.4763,0,0,0,0,0,1
2026-03-06 18:45:00,5.897,4.634,421.98,1,,0,0,0,-1.1647,1.3529,0.1548,0,0,0,0,0,1
2026-03-06 19:00:00,6.226,4.619,428.45,0,,0,0,0,-0.5511,1.2942,0.9022,0,0,0,0,0,1
2026-03-06 19:15:00,6.088,4.619,423.2,0,,0,0,0,-0.7874,1.2666,0.2904,0,0,0,0,0,1
2026-03-06 19:30:00,6.211,4.626,426.66,0,,0,0,0,-0.5435,1.2591,0.6958,0,0,0,0,0,1
2026-03-06 19:45:00,6.092,4.599,420.29,0,,0,0,0,-0.7505,1.1761,-0.0417,0,0,0,0,0,1
2026-03-06 20:00:00,6.027,4.508,421.16,0,,0,0,0,-0.8575,0.961,0.0605,0,0,0,0,0,1
2026-03-06 20:15:00,6.016,4.691,431.34,0,,0,0,0,-0.8619,1.3257,1.2267,0,0,0,0,0,1
2026-03-06 20:30:00,5.814,4.683,429.51,1,,0,0,0,-1.236,1.2808,1.031,0,0,0,0,0,1
2026-03-06 20:45:00,6.029,4.809,427.34,0,,0,0,0,-0.7963,1.5087,0.7752,0,0,0,0,0,1
2026-03-06 21:00:00,5.811,4.433,436.12,1,,0,0,0,-1.2129,0.7087,1.7472,0,0,0,0,0,1
2026-03-06 21:15:00,6.295,4.605,436.61,0,,0,0,0,-0.2196,1.0457,1.7586,0,0,0,0,0,1
2026-03-06 21:30:00,6.027,4.2,431.28,0,,0,0,0,-0.7526,0.1925,1.1659,0,0,0,0,0,1
2026-03-06 21:45:00,6.313,4.591,424.16,0,,0,0,0,-0.1392,0.9912,0.3646,0,0,0,0,0,1
2026-03-06 22:00:00,6.01,4.229,429.95,0,,0,0,0,-0.7658,0.2298,1.0312,0,0,0,0,0,1
2026-03-06 22:15:00,6.001,4.281,427.43,0,,0,0,0,-0.7689,0.3302,0.7524,0,0,0,0,0,1
2026-03-06 22:30:00,5.779,4.459,431.44,1,,0,0,0,-1.2356,0.687,1.2083,0,0,0,0,0,1
2026-03-06 22:45:00,5.948,4.297,427.62,1,,0,0,0,-0.8481,0.3368,0.7838,0,0,0,0,0,1
2026-03-06 23:00:00,6.072,4.258,426.81,0,,0,0,0,-0.5532,0.2401,0.6938,0,0,0,0,0,1
2026-03-06 23:15:00,6.097,4.281,422.72,0,,0,0,0,-0.4792,0.2749,0.2378,0,0,0,0,0,1
2026-03-06 23:30:00,5.627,4.446,432.57,1,,0,0,0,-1.5742,0.6113,1.3632,0,0,0,0,0,1
2026-03-06 23:45:00,6.184,4.18,422.78,0,,0,0,0,-0.2175,0.026,0.259,0,0,0,0,0,1
2026-03-07 00:00:00,6.377,4.295,430.72,0,,0,0,0,0.2858,0.2647,1.1831,0,0,0,0,0,1
2026-03-07 00:15:00,6.26,4.231,434.75,0,,0,0,0,0.0124,0.1154,1.6499,0,0,0,0,0,1
2026-03-07 00:30:00,5.627,4.397,429.01,1,,0,0,0,-1.6055,0.4677,0.9771,0,0,0,0,0,1
2026-03-07 00:45:00,5.777,4.388,427.43,1,,0,0,0,-1.1976,0.4324,0.7976,0,0,0,0,0,1
2026-03-07 01:00:00,6.201,3.973,431.32,0,,0,0,0,-0.0494,-0.4899,1.2484,0,0,0,0,0,1
2026-03-07 01:15:00,6.405,4.394,428.05,0,,0,0,0,0.5402,0.4309,0.9163,0,0,0,0,0,1
2026-03-07 01:30:00,5.766,4.136,431.83,1,,0,0,0,-1.2332,-0.1586,1.3697,0,0,0,0,0,1
2026-03-07 01:45:00,6.107,4.255,426.63,0,,0,0,0,-0.2438,0.0951,0.7447,0,0,0,0,0,1
2026-03-07 02:00:00,6.413,4.072,429.97,0,,0,0,0,0.6749,-0.3303,1.1438,0,0,0,0,0,1
2026-03-07 02:15:00,6.031,4.263,428.59,0,,0,0,0,-0.4433,0.0896,0.9678,0,0,0,0,0,1
2026-03-07 02:30:00,6.025,4.586,429.47,0,,0,0,0,-0.4453,0.8201,1.0718,0,0,0,0,0,1
2026-03-07 02:45:00,6.114,4.22,435.56,0,,0,0,0,-0.1404,-0.0562,1.8062,0,0,0,0,0,1
2026-03-07 03:00:00,5.925,4.132,429.28,1,,0,0,0,-0.7452,-0.2999,1.0537,0,0,0,0,0,1
2026-03-07 03:15:00,5.794,4.167,429.93,1,,0,0,0,-1.1701,-0.2333,1.1367,0,0,0,0,0,1
2026-03-07 03:30:00,5.944,3.984,424.81,1,,0,0,0,-0.6455,-0.7218,0.5182,0,0,0,0,0,1
2026-03-07 03:45:00,6.346,4.426,427.56,0,,0,0,0,0.7981,0.3932,0.8457,0,0,0,0,0,1
2026-03-07 04:00:00,6.231,4.262,424.9,0,,0,0,0,0.4257,-0.0574,0.5292,0,0,0,0,0,1
2026-03-07 04:15:00,5.708,4.065,425.43,1,,0,0,0,-1.5049,-0.6255,0.5883,0,0,0,0,0,1
2026-03-07 04:30:00,6.114,4.08,427.19,0,,0,0,0,0.0472,-0.6034,0.7978,0,0,0,0,0,1
2026-03-07 04:45:00,5.975,4.246,421.86,1,,0,0,0,-0.4727,-0.158,0.1638,0,0,0,0,0,1
2026-03-07 05:00:00,6.187,4.396,421.51,0,,0,0,0,0.4039,0.2508,0.1267,0,0,0,0,0,1
2026-03-07 05:15:00,6.152,4.098,420.4,0,,0,0,0,0.2917,-0.652,-0.0055,0,0,0,0,0,1
2026-03-07 05:30:00,5.94,4.454,419.54,1,,0,0,0,-0.596,0.3972,-0.1014,0,0,0,0,0,1
2026-03-07 05:45:00,6.083,4.291,421.48,0,,0,0,0,0.054,-0.1292,0.1309,0,0,0,0,0,1
2026-03-07 06:00:00,5.842,4.184,418.54,1,,0,0,0,-1.0169,-0.4947,-0.2243,0,0,0,0,0,1
2026-03-07 06:15:00,5.967,4.275,425.21,1,,0,0,0,-0.4255,-0.2242,0.5813,0,0,0,0,0,1
2026-03-07 06:30:00,5.775,4.629,429.15,1,,0,0,0,-1.3307,0.9288,1.0357,0,0,0,0,0,1
2026-03-07 06:45:00,5.928,4.182,415.39,1,,0,0,0,-0.5711,-0.6066,-0.6316,0,0,0,0,0,1
2026-03-07 07:00:00,6.084,4.306,418.07,0,,0,0,0,0.218,-0.2163,-0.3139,0,0,0,0,0,1
2026-03-07 07:15:00,5.732,4.584,420.29,1,,0,0,0,-1.5201,0.773,-0.0474,0,0,0,0,0,1
2026-03-07 07:30:00,5.687,4.501,414.34,1,,0,0,0,-1.7154,0.4532,-0.761,0,0,0,0,0,1
2026-03-07 07:45:00,6.063,4.378,410.71,0,,0,0,0,0.2124,-0.0287,-1.1973,0,0,0,0,0,1
2026-03-07 08:00:00,5.859,4.671,420.95,1,,0,0,0,-0.8283,1.0742,0.0427,0,0,0,0,0,1
2026-03-07 08:15:00,6.013,4.708,416.08,0,,0,0,0,-0.0148,1.1924,-0.5515,0,0,0,0,0,1
2026-03-07 08:30:00,5.831,4.637,413.97,1,,0,0,0,-0.9508,0.8986,-0.8114,0,0,0,0,0,1
2026-03-07 08:45:00,6.209,4.527,417.89,0,,0,0,0,1.0159,0.455,-0.3501,0,0,0,0,0,1
2026-03-07 09:00:00,6.254,4.582,414.6,0,,0,0,0,1.2353,0.6621,-0.7463,0,0,0,0,0,1
2026-03-07 09:15:00,6.147,4.726,410.79,0,,0,0,0,0.6765,1.2471,-1.2146,0,0,0,0,0,1
2026-03-07 09:30:00,6.238,4.519,406.57,0,,0,0,0,1.1532,0.3567,-1.7397,0,0,0,0,0,1
2026-03-07 09:45:00,5.925,4.948,408.05,1,,0,0,0,-0.4561,2.1209,-1.5234,0,0,0,0,0,1
2026-03-07 10:00:00,5.787,5.037,414.43,1,,0,0,0,-1.1492,2.4158,-0.7552,0,0,0,0,0,1
2026-03-07 10:15:00,6.179,4.779,411.97,0,,0,0,0,0.885,1.3234,-1.0541,0,0,0,0,0,1
2026-03-07 10:30:00,6.068,4.901,408.17,0,,0,0,0,0.3114,1.7881,-1.4929,0,0,0,0,0,1
2026-03-07 10:45:00,6.053,5.059,415.7,0,,0,0,0,0.2325,2.3552,-0.5927,0,0,0,0,0,1
2026-03-07 11:00:00,6.053,5.206,407.78,0,,0,0,0,0.2504,2.801,-1.5366,0,0,0,0,0,1
2026-03-07 11:15:00,5.791,5.179,412.18,1,,0,0,0,-1.108,2.5892,-1.0173,0,0,0,0,0,1
2026-03-07 11:30:00,5.914,4.716,408.98,1,,0,0,0,-0.4629,0.8099,-1.3977,0,0,0,0,0,1
2026-03-07 11:45:00,6.023,4.96,415.76,0,,0,0,0,0.1258,1.6906,-0.5953,0,0,0,0,0,1
2026-03-07 12:00:00,6.099,5.112,411.01,0,,0,0,0,0.5334,2.1972,-1.1854,0,0,0,0,0,1
2026-03-07 12:15:00,6.163,4.992,408.21,0,,0,0,0,0.8563,1.7105,-1.5277,0,0,0,0,0,1
2026-03-07 12:30:00,5.821,5.362,407.39,1,,0,0,0,-0.9638,2.8954,-1.6325,0,1,0,0,1,1
2026-03-07 12:45:00,6.251,5.366,408.17,0,,0,0,0,1.2965,2.7671,-1.5282,0,1,0,0,1,1
2026-03-07 13:00:00,6.182,5.026,405.51,0,,0,0,0,0.9227,1.5917,-1.8297,0,0,0,0,0,1
2026-03-07 13:15:00,6.126,5.149,403.17,0,,0,0,0,0.6359,1.9339,-2.0663,0,0,0,0,0,1
2026-03-07 13:30:00,6.267,5.084,410.15,0,,0,0,0,1.3514,1.6775,-1.2306,0,0,0,0,0,1
2026-03-07 13:45:00,6.139,5.189,407.1,0,,0,0,0,0.6738,1.9477,-1.5614,0,0,0,0,0,1
2026-03-07 14:00:00,5.935,5.206,407.46,1,,0,0,0,-0.4112,1.9401,-1.498,0,0,0,0,0,1
2026-03-07 14:15:00,6.38,5.402,409.67,0,,0,0,0,1.8959,2.4335,-1.2422,0,1,0,0,1,1
2026-03-07 14:30:00,6.374,5.143,410.69,0,,0,0,0,1.8286,1.623,-1.1191,0,0,0,0,0,1
2026-03-07 14:45:00,6.325,4.9,411.01,0,,0,0,0,1.5359,0.9162,-1.0696,0,0,0,0,0,1
2026-03-07 15:00:00,6.445,5.067,418.47,0,,0,0,0,2.0965,1.3774,-0.222,0,0,0,0,0,1
2026-03-07 15:15:00,6.082,5.166,414.74,0,,0,0,0,0.2259,1.6264,-0.6503,0,0,0,0,0,1
2026-03-07 15:30:00,6.223,5.233,421.13,0,,0,0,0,0.9434,1.7683,0.0822,0,0,0,0,0,1
2026-03-07 15:45:00,6.133,5.369,411.58,0,,0,0,0,0.4719,2.0799,-1.0302,0,0,0,0,0,1
2026-03-07 16:00:00,6.287,5.187,417.13,0,,0,0,0,1.2453,1.5437,-0.3848,0,0,0,0,0,1
2026-03-07 16:15:00,6.448,5.173,413.16,0,,0,0,0,2.0182,1.4749,-0.8481,0,0,0,0,0,1
2026-03-07 16:30:00,6.303,5.22,413.16,0,,0,0,0,1.2493,1.5656,-0.8549,0,0,0,0,0,1
2026-03-07 16:45:00,6.417,5.195,424.72,0,,0,0,0,1.7865,1.4735,0.4986,0,0,0,0,0,1
2026-03-07 17:00:00,6.469,5.28,413.82,0,,0,0,0,1.9964,1.657,-0.7867,0,0,0,0,0,1
2026-03-07 17:15:00,6.358,5.273,408.73,0,,0,0,0,1.4086,1.6053,-1.3759,0,0,0,0,0,1
2026-03-07 17:30:00,6.517,5.463,415.6,0,,0,0,0,2.1215,2.0237,-0.5607,0,0,0,0,0,1
2026-03-07 17:45:00,6.619,5.208,411.18,0,,0,0,0,2.4995,1.362,-1.0562,0,0,0,0,0,1
2026-03-07 18:00:00,6.529,5.297,416.19,0,,0,0,0,2.0126,1.545,-0.4698,0,0,0,0,0,1
2026-03-07 18:15:00,6.712,5.262,417.35,0,,0,0,0,2.7068,1.4339,-0.3258,1,0,0,0,1,1
2026-03-07 18:30:00,6.701,5.457,421.71,0,,0,0,0,2.5427,1.8512,0.1872,0,0,0,0,0,1
2026-03-07 18:45:00,6.746,5.303,414.14,0,,0,0,0,2.6074,1.4534,-0.6867,1,0,0,0,1,1
2026-03-07 19:00:00,6.67,5.473,427.89,0,,0,0,0,2.2186,1.7991,0.9185,0,0,0,0,0,1
2026-03-07 19:15:00,6.679,5.13,416.35,0,,0,0,0,2.1734,0.9924,-0.4201,0,0,0,0,0,1
2026-03-07 19:30:00,6.64,5.282,424.08,0,,0,0,0,1.9636,1.3128,0.4861,0,0,0,0,0,1
2026-03-07 19:45:00,6.763,5.189,424.01,0,,0,0,0,2.3362,1.0814,0.4729,0,0,0,0,0,1
2026-03-07 20:00:00,6.75,5.076,429.3,0,,0,0,0,2.2028,0.8112,1.0743,0,0,0,0,0,1
2026-03-07 20:15:00,6.827,5.234,428.07,0,,0,0,0,2.3783,1.1459,0.9397,0,0,0,0,0,1
2026-03-07 20:30:00,6.92,5.487,432.05,0,,0,0,0,2.5867,1.6673,1.3953,1,0,0,0,1,1
2026-03-07 20:45:00,6.897,5.082,426.47,0,,0,0,0,2.4028,0.7673,0.7488,0,0,0,0,0,1
2026-03-07 21:00:00,6.938,5.172,426.63,0,,0,0,0,2.4375,0.9456,0.7912,0,0,0,0,0,1
2026-03-07 21:15:00,7.016,4.976,430.67,0,,0,0,0,2.571,0.5076,1.2911,1,0,0,0,1,1
2026-03-07 21:30:00,6.906,4.935,433.64,0,,0,0,0,2.1488,0.4039,1.6359,0,0,0,0,0,1
2026-03-07 21:45:00,6.97,5.017,433.28,0,,0,0,0,2.2598,0.5741,1.5632,0,0,0,0,0,1
2026-03-07 22:00:00,7.012,5.048,431.68,0,,0,0,0,2.2904,0.6267,1.3692,0,0,0,0,0,1
2026-03-07 22:15:00,7.036,5.036,431.69,0,,0,0,0,2.2684,0.5853,1.3572,0,0,0,0,0,1
2026-03-07 22:30:00,7.092,5.043,430.94,0,,0,0,0,2.3362,0.5877,1.2714,0,0,0,0,0,1
2026-03-07 22:45:00,7.07,4.811,433.0,0,,0,0,0,2.1932,0.0608,1.4935,0,0,0,0,0,1
2026-03-07 23:00:00,7.062,4.946,439.73,0,,0,0,0,2.096,0.3489,2.2051,0,0,0,0,0,1
2026-03-07 23:15:00,7.018,5.097,430.8,0,,0,0,0,1.9188,0.6727,1.1772,0,0,0,0,0,1
2026-03-07 23:30:00,7.049,4.801,430.44,0,,0,0,0,1.9491,-0.0049,1.1429,0,0,0,0,0,1
2026-03-07 23:45:00,7.053,4.934,430.21,0,,0,0,0,1.8993,0.2819,1.1015,0,0,0,0,0,1
2026-03-08 00:00:00,7.183,5.015,433.56,0,,0,0,0,2.1497,0.4533,1.467,0,0,0,0,0,1
2026-03-08 00:15:00,7.121,4.839,423.49,0,,0,0,0,1.9366,0.033,0.3618,0,0,0,0,0,1
2026-03-08 00:30:00,7.266,4.993,431.36,0,,0,0,0,2.2157,0.379,1.2443,0,0,0,0,0,1
2026-03-08 00:45:00,7.229,4.7,435.29,0,,0,0,0,2.0633,-0.316,1.6587,0,0,0,0,0,1
2026-03-08 01:00:00,7.195,5.05,429.49,0,,0,0,0,1.922,0.4913,1.0174,0,0,0,0,0,1
2026-03-08 01:15:00,7.223,4.96,432.11,0,,0,0,0,1.9275,0.2624,1.2985,0,0,0,0,0,1
2026-03-08 01:30:00,7.321,4.904,439.52,0,,0,0,0,2.0817,0.1095,2.0811,0,0,0,0,0,1
2026-03-08 01:45:00,7.231,5.056,432.09,0,,0,0,0,1.827,0.4673,1.2544,0,0,0,0,0,1
2026-03-08 02:00:00,7.243,4.831,421.44,0,,0,0,0,1.8024,-0.1133,0.1065,0,0,0,0,0,1
2026-03-08 02:15:00,7.316,4.782,424.34,0,,0,0,0,1.8988,-0.2544,0.4299,0,0,0,0,0,1
2026-03-08 02:30:00,7.297,5.077,428.52,0,,0,0,0,1.8054,0.4908,0.8904,0,0,0,0,0,1
2026-03-08 02:45:00,7.261,5.145,425.81,0,,0,0,0,1.6838,0.6498,0.6119,0,0,0,0,0,1
2026-03-08 03:00:00,7.409,4.764,428.9,0,,0,0,0,1.9275,-0.3686,0.9565,0,0,0,0,0,1
2026-03-08 03:15:00,7.401,4.852,426.73,0,,0,0,0,1.8604,-0.1564,0.7211,0,0,0,0,0,1
2026-03-08 03:30:00,7.319,5.029,431.97,0,,0,0,0,1.6531,0.3054,1.2882,0,0,0,0,0,1
2026-03-08 03:45:00,7.41,4.865,422.3,0,,0,0,0,1.7814,-0.1706,0.2232,0,0,0,0,0,1
2026-03-08 04:00:00,7.553,4.972,425.17,0,,0,0,0,1.9928,0.1147,0.5419,0,0,0,0,0,1
2026-03-08 04:15:00,7.381,5.007,426.18,0,,0,0,0,1.6282,0.1943,0.6529,0,0,0,0,0,1
2026-03-08 04:30:00,7.582,4.816,425.96,0,,0,0,0,1.9485,-0.4163,0.6306,0,0,0,0,0,1
2026-03-08 04:45:00,7.488,4.974,424.44,0,,0,0,0,1.7253,0.0528,0.4581,0,0,0,0,0,1
2026-03-08 05:00:00,7.397,4.923,413.46,0,,0,0,0,1.5179,-0.1297,-0.7504,0,0,0,0,0,1
2026-03-08 05:15:00,7.576,4.756,422.67,0,,0,0,0,1.7939,-0.7233,0.2672,0,0,0,0,0,1
2026-03-08 05:30:00,7.48,4.806,420.96,0,,0,0,0,1.5812,-0.575,0.0762,0,0,0,0,0,1
2026-03-08 05:45:00,7.311,4.875,424.24,0,,0,0,0,1.2491,-0.3697,0.4359,0,0,0,0,0,1
2026-03-08 06:00:00,7.424,5.131,422.89,0,,0,0,0,1.4216,0.5223,0.2814,0,0,0,0,0,1
2026-03-08 06:15:00,7.605,5.157,420.18,0,,0,0,0,1.7019,0.6059,-0.0126,0,0,0,0,0,1
2026-03-08 06:30:00,7.599,5.147,419.69,0,,0,0,0,1.6545,0.5521,-0.0562,0,0,0,0,0,1
2026-03-08 06:45:00,7.46,5.124,423.07,0,,0,0,0,1.378,0.4497,0.3116,0,0,0,0,0,1
2026-03-08 07:00:00,7.479,5.145,421.5,0,,0,0,0,1.3801,0.5228,0.1326,0,0,0,0,0,1
2026-03-08 07:15:00,7.407,5.151,417.24,0,,0,0,0,1.2314,0.5324,-0.3386,0,0,0,0,0,1
2026-03-08 07:30:00,7.699,5.198,423.99,0,,0,0,0,1.7178,0.7236,0.4029,0,0,0,0,0,1
2026-03-08 07:45:00,7.32,5.236,412.18,0,,0,0,0,1.0203,0.8913,-0.9183,0,0,0,0,0,1
2026-03-08 08:00:00,7.494,4.983,409.26,0,,0,0,0,1.3069,-0.3073,-1.2213,0,0,0,0,0,1
2026-03-08 08:15:00,7.632,5.105,413.29,0,,0,0,0,1.5205,0.254,-0.7696,0,0,0,0,0,1
2026-03-08 08:30:00,7.371,5.1,411.2,0,,0,0,0,1.0345,0.2114,-0.995,0,0,0,0,0,1
2026-03-08 08:45:00,7.812,5.452,402.23,0,,0,0,0,1.7825,1.9221,-1.9284,0,0,0,0,0,1
2026-03-08 09:00:00,7.709,5.566,408.91,0,,0,0,0,1.559,2.438,-1.1923,0,0,0,0,0,1
2026-03-08 09:15:00,7.546,5.025,412.35,0,,0,0,0,1.2431,-0.2779,-0.8253,0,0,0,0,0,1
2026-03-08 09:30:00,7.623,5.618,410.25,0,,0,0,0,1.3494,2.6808,-1.0613,0,1,0,0,1,1
2026-03-08 09:45:00,7.726,5.429,406.92,0,,0,0,0,1.5024,1.6726,-1.4182,0,0,0,0,0,1
2026-03-08 10:00:00,7.327,5.601,409.78,0,,0,0,0,0.7794,2.4291,-1.0988,0,1,0,0,1,1
2026-03-08 10:15:00,7.442,5.559,409.73,0,,0,0,0,0.967,2.1587,-1.0989,0,0,0,0,0,1
2026-03-08 10:30:00,7.703,5.732,411.77,0,,0,0,0,1.4115,2.8358,-0.8878,0,1,0,0,1,1
2026-03-08 10:45:00,7.637,5.58,406.07,0,,0,0,0,1.2679,2.0603,-1.476,0,0,0,0,0,1
2026-03-08 11:00:00,7.688,5.376,411.9,0,,0,0,0,1.336,1.1229,-0.8627,0,0,0,0,0,1
2026-03-08 11:15:00,7.625,5.597,403.87,0,,0,0,0,1.2061,2.05,-1.6946,0,0,0,0,0,1
2026-03-08 11:30:00,7.794,5.722,406.09,0,,0,0,0,1.4984,2.5109,-1.45,0,1,0,0,1,1
2026-03-08 11:45:00,7.431,5.643,414.82,0,,0,0,0,0.7997,2.0951,-0.5272,0,0,0,0,0,1
2026-03-08 12:00:00,7.556,5.804,403.9,0,,0,0,0,1.0204,2.6425,-1.6546,0,1,0,0,1,1
2026-03-08 12:15:00,7.656,5.725,405.39,0,,0,0,0,1.1922,2.2333,-1.4897,0,0,0,0,0,1
2026-03-08 12:30:00,7.731,5.673,403.09,0,,0,0,0,1.3276,1.978,-1.7121,0,0,0,0,0,1
2026-03-08 12:45:00,7.775,5.627,404.92,0,,0,0,0,1.3885,1.7637,-1.5124,0,0,0,0,0,1
2026-03-08 13:00:00,7.879,5.757,408.96,0,,0,0,0,1.567,2.1812,-1.1062,0,0,0,0,0,1
2026-03-08 13:15:00,7.712,5.871,411.46,0,,0,0,0,1.2148,2.4946,-0.867,0,1,0,0,1,1
2026-03-08 13:30:00,7.812,5.57,408.84,0,,0,0,0,1.3925,1.3702,-1.1376,0,0,0,0,0,1
2026-03-08 13:45:00,7.592,5.769,407.94,0,,0,0,0,0.9293,2.0191,-1.2338,0,0,0,0,0,1
2026-03-08 14:00:00,7.797,5.608,404.64,0,,0,0,0,1.3474,1.4223,-1.5685,0,0,0,0,0,1
2026-03-08 14:15:00,8.057,5.834,407.11,0,,0,0,0,1.8564,2.1447,-1.3046,0,0,0,0,0,1
2026-03-08 14:30:00,7.787,6.124,404.3,0,,0,0,0,1.2622,2.9507,-1.5751,0,0,0,0,0,1
2026-03-08 14:45:00,7.996,5.783,413.92,0,,0,0,0,1.6771,1.7937,-0.5912,0,0,0,0,0,1
2026-03-08 15:00:00,7.648,6.081,414.74,0,,0,0,0,0.914,2.6175,-0.5021,0,0,0,0,0,1
2026-03-08 15:15:00,7.72,6.415,411.93,0,,0,1,0,1.0619,3.3832,-0.7866,0,1,0,1,1,1
2026-03-08 15:30:00,7.937,6.217,414.46,0,,0,0,0,1.5284,2.6724,-0.519,0,0,0,0,0,1
2026-03-08 15:45:00,8.114,6.029,416.84,0,,0,0,0,1.912,2.0813,-0.2815,0,0,0,0,0,1
2026-03-08 16:00:00,8.039,6.145,414.4,0,,0,0,0,1.7193,2.3025,-0.5289,0,0,0,0,0,1
2026-03-08 16:15:00,8.126,5.817,420.27,0,,0,0,0,1.8847,1.4033,0.0666,0,0,0,0,0,1
2026-03-08 16:30:00,8.164,5.791,411.31,0,,0,0,0,1.9474,1.3078,-0.8526,0,0,0,0,0,1
2026-03-08 16:45:00,7.986,6.034,414.75,0,,0,0,0,1.51,1.8795,-0.4884,0,0,0,0,0,1
2026-03-08 17:00:00,7.894,6.091,415.02,0,,0,0,0,1.2749,1.9616,-0.4622,0,0,0,0,0,1
2026-03-08 17:15:00,7.972,6.194,420.25,0,,0,0,0,1.4539,2.1403,0.064,0,0,0,0,0,1
2026-03-08 17:30:00,8.086,5.942,412.7,0,,0,0,0,1.7112,1.4986,-0.7136,0,0,0,0,0,1
2026-03-08 17:45:00,8.14,6.053,425.01,0,,0,0,0,1.8118,1.7172,0.5455,0,0,0,0,0,1
2026-03-08 18:00:00,7.943,6.042,422.25,0,,0,0,0,1.3047,1.6485,0.253,0,0,0,0,0,1
2026-03-08 18:15:00,7.985,5.992,427.79,0,,0,0,0,1.3888,1.4963,0.8136,0,0,0,0,0,1
2026-03-08 18:30:00,7.976,5.993,421.4,0,,0,0,0,1.345,1.4691,0.1535,0,0,0,0,0,1
2026-03-08 18:45:00,7.79,5.866,420.14,0,,0,0,0,0.8464,1.1581,0.0168,0,0,0,0,0,1
2026-03-08 19:00:00,8.057,6.025,425.73,0,,0,0,0,1.529,1.4876,0.599,0,0,0,0,0,1
2026-03-08 19:15:00,8.353,6.0,427.98,0,,0,0,0,2.2642,1.3986,0.8175,0,0,0,0,0,1
2026-03-08 19:30:00,8.262,5.891,421.73,0,,0,0,0,1.9915,1.1354,0.1737,0,0,0,0,0,1
2026-03-08 19:45:00,8.459,6.043,417.32,0,,0,0,0,2.4448,1.4356,-0.2757,0,0,0,0,0,1
2026-03-08 20:00:00,8.373,6.082,418.69,0,,0,0,0,2.1679,1.4837,-0.123,0,0,0,0,0,1
2026-03-08 20:15:00,8.014,6.013,427.71,0,,0,0,0,1.2019,1.3061,0.8164,0,0,0,0,0,1
2026-03-08 20:30:00,8.43,5.738,433.47,0,,0,0,0,2.2455,0.7102,1.4116,0,0,0,0,0,1
2026-03-08 20:45:00,8.447,5.892,422.71,0,,0,0,0,2.2266,1.0179,0.2984,0,0,0,0,0,1
2026-03-08 21:00:00,8.332,5.722,427.4,0,,0,0,0,1.8817,0.6434,0.7853,0,0,0,0,0,1
2026-03-08 21:15:00,8.266,5.855,427.63,0,,0,0,0,1.672,0.9071,0.8152,0,0,0,0,0,1
2026-03-08 21:30:00,8.204,5.686,437.2,0,,0,0,0,1.4858,0.5333,1.7987,0,0,0,0,0,1
2026-03-08 21:45:00,7.946,5.994,439.01,0,,0,0,0,0.7932,1.1661,1.9597,0,0,0,0,0,1
2026-03-08 22:00:00,8.106,5.901,432.09,0,,0,0,0,1.1971,0.9481,1.2483,0,0,0,0,0,1
2026-03-08 22:15:00,8.115,5.937,434.35,0,,0,0,0,1.1998,1.0036,1.4716,0,0,0,0,0,1
2026-03-08 22:30:00,8.272,5.903,434.57,0,,0,0,0,1.5892,0.9122,1.4827,0,0,0,0,0,1
2026-03-08 22:45:00,8.507,5.686,426.24,1,,0,0,0,2.159,0.4358,0.6476,0,0,0,0,0,1
2026-03-08 23:00:00,8.137,5.644,434.39,0,,0,0,0,1.1522,0.3322,1.5031,0,0,0,0,0,1
2026-03-08 23:15:00,7.983,5.951,427.69,0,,0,0,0,0.7224,0.9749,0.8161,0,0,0,0,0,1
2026-03-08 23:30:00,8.447,5.647,431.21,0,,0,0,0,1.9455,0.3036,1.1794,0,0,0,0,0,1
2026-03-08 23:45:00,8.567,5.452,436.53,1,,0,0,0,2.2116,-0.1349,1.7079,0,0,0,0,0,1
2026-03-09 00:00:00,8.312,5.79,432.32,0,,0,0,0,1.4914,0.594,1.2791,0,0,0,0,0,1
2026-03-09 00:15:00,8.29,5.645,436.38,0,,0,0,0,1.4067,0.2578,1.6594,0,0,0,0,0,1
2026-03-09 00:30:00,8.266,5.835,437.09,0,,0,0,0,1.3144,0.6669,1.7104,0,0,0,0,0,1
2026-03-09 00:45:00,8.416,5.633,424.74,0,,0,0,0,1.6839,0.1943,0.4849,0,0,0,0,0,1
2026-03-09 01:00:00,8.567,5.581,422.88,1,,0,0,0,2.0381,0.0628,0.3041,0,0,0,0,0,1
2026-03-09 01:15:00,8.125,5.802,436.01,0,,0,0,0,0.831,0.5576,1.6316,0,0,0,0,0,1
2026-03-09 01:30:00,8.6,5.333,435.9,1,,0,0,0,2.0587,-0.551,1.6358,0,0,0,0,0,1
2026-03-09 01:45:00,8.455,5.467,431.79,0,,0,0,0,1.6349,-0.2474,1.2162,0,0,0,0,0,1
2026-03-09 02:00:00,8.463,5.415,431.96,0,,0,0,0,1.6221,-0.3914,1.213,0,0,0,0,0,1
2026-03-09 02:15:00,7.983,5.214,433.55,0,,0,0,0,0.3198,-0.9006,1.3527,0,0,0,0,0,1
2026-03-09 02:30:00,8.601,5.67,433.02,1,,0,0,0,1.943,0.2022,1.2881,0,0,0,0,0,1
2026-03-09 02:45:00,8.256,5.453,427.81,0,,0,0,0,0.9967,-0.3432,0.7632,0,0,0,0,0,1
2026-03-09 03:00:00,8.138,5.672,432.31,0,,0,0,0,0.6601,0.1809,1.2051,0,0,0,0,0,1
2026-03-09 03:15:00,8.237,5.596,426.53,0,,0,0,0,0.9119,-0.0323,0.6296,0,0,0,0,0,1
2026-03-09 03:30:00,8.148,5.631,428.28,0,,0,0,0,0.6511,0.0426,0.8109,0,0,0,0,0,1
2026-03-09 03:45:00,7.966,5.476,427.47,0,,0,0,0,0.1301,-0.3881,0.7227,0,0,0,0,0,1
2026-03-09 04:00:00,7.845,5.436,422.56,0,,0,0,0,-0.2197,-0.5156,0.2358,0,0,0,0,0,1
2026-03-09 04:15:00,8.083,5.572,422.34,0,,0,0,0,0.4373,-0.1649,0.2182,0,0,0,0,0,1
2026-03-09 04:30:00,8.191,5.706,433.53,0,,0,0,0,0.7297,0.1838,1.3196,0,0,0,0,0,1
2026-03-09 04:45:00,8.264,5.571,420.29,0,,0,0,0,0.9198,-0.2203,0.0095,0,0,0,0,0,1
2026-03-09 05:00:00,8.26,5.487,424.59,0,,0,0,0,0.8905,-0.4907,0.4259,0,0,0,0,0,1
2026-03-09 05:15:00,8.186,5.427,424.66,0,,0,0,0,0.6598,-0.7138,0.4305,0,0,0,0,0,1
2026-03-09 05:30:00,7.839,5.653,421.35,0,,0,0,0,-0.3669,-0.0509,0.1009,0,0,0,0,0,1
2026-03-09 05:45:00,7.996,5.557,423.47,0,,0,0,0,0.076,-0.3918,0.3126,0,0,0,0,0,1
2026-03-09 06:00:00,8.17,5.649,421.32,0,,0,0,0,0.583,-0.1088,0.1004,0,0,0,0,0,1
2026-03-09 06:15:00,8.207,5.645,415.73,0,,0,0,0,0.6796,-0.1416,-0.4506,0,0,0,0,0,1
2026-03-09 06:30:00,7.891,5.636,420.58,0,,0,0,0,-0.298,-0.193,0.0305,0,0,0,0,0,1
2026-03-09 06:45:00,8.318,5.77,415.48,0,,0,0,0,0.9981,0.2532,-0.4682,0,0,0,0,0,1
2026-03-09 07:00:00,8.234,5.834,423.86,0,,0,0,0,0.7207,0.4632,0.3614,0,0,0,0,0,1
2026-03-09 07:15:00,8.233,6.072,417.86,0,,0,0,0,0.702,1.3035,-0.2348,0,0,0,0,0,1
2026-03-09 07:30:00,8.037,5.918,412.61,0,,0,0,0,0.0652,0.7254,-0.7426,0,0,0,0,0,1
2026-03-09 07:45:00,7.916,6.072,416.06,0,,0,0,0,-0.3526,1.2764,-0.4058,0,0,0,0,0,1
2026-03-09 08:00:00,8.177,5.739,410.3,0,,0,0,0,0.492,-0.0011,-0.9799,0,0,0,0,0,1
2026-03-09 08:15:00,8.071,5.652,414.36,0,,0,0,0,0.123,-0.3763,-0.5779,0,0,0,0,0,1
2026-03-09 08:30:00,8.103,5.92,411.79,0,,0,0,0,0.2111,0.6978,-0.8346,0,0,0,0,0,1
2026-03-09 08:45:00,8.094,6.083,408.78,0,,0,0,0,0.1702,1.3517,-1.1526,0,0,0,0,0,1
2026-03-09 09:00:00,8.21,6.091,408.16,0,,0,0,0,0.5594,1.3537,-1.213,0,0,0,0,0,1
2026-03-09 09:15:00,8.036,6.2,420.72,0,,0,0,0,-0.0695,1.8193,0.04,0,0,0,0,0,1
2026-03-09 09:30:00,7.673,5.671,410.85,0,,0,0,0,-1.3688,-0.4632,-0.9559,0,0,0,0,0,1
2026-03-09 09:45:00,7.823,6.272,408.3,0,,0,0,0,-0.8394,2.0692,-1.2168,0,0,0,0,0,1
2026-03-09 10:00:00,7.844,6.168,407.19,0,,0,0,0,-0.8108,1.584,-1.3219,0,0,0,0,0,1
2026-03-09 10:15:00,7.853,5.919,411.12,0,,0,0,0,-0.8138,0.5182,-0.929,0,0,0,0,0,1
2026-03-09 10:30:00,7.65,6.292,406.36,0,,0,0,0,-1.5798,2.03,-1.3943,0,0,0,0,0,1
2026-03-09 10:45:00,7.687,6.242,404.26,0,,0,0,0,-1.4457,1.7719,-1.5982,0,0,0,0,0,1
2026-03-09 11:00:00,7.963,6.306,408.28,0,,0,0,0,-0.4098,1.9857,-1.1882,0,0,0,0,0,1
2026-03-09 11:15:00,7.564,6.431,408.07,0,,0,0,0,-1.9338,2.3945,-1.2211,0,0,0,0,0,1
2026-03-09 11:30:00,7.465,6.377,406.43,0,,0,0,0,-2.2504,2.1037,-1.3864,0,0,0,0,0,1
2026-03-09 11:45:00,7.756,6.122,404.46,0,,0,0,0,-1.2001,1.0913,-1.5551,0,0,0,0,0,1
2026-03-09 12:00:00,7.573,6.352,406.44,0,,0,0,0,-1.9053,1.9199,-1.367,0,0,0,0,0,1
2026-03-09 12:15:00,7.484,6.16,406.15,0,,0,0,0,-2.2111,1.1678,-1.3982,0,0,0,0,0,1
2026-03-09 12:30:00,7.668,6.528,405.67,0,,0,0,0,-1.5057,2.4447,-1.4549,0,0,0,0,0,1
2026-03-09 12:45:00,7.908,6.667,409.34,0,,0,0,0,-0.607,2.7995,-1.0992,0,0,0,0,0,1
2026-03-09 13:00:00,7.548,6.297,417.31,0,,0,0,0,-1.9264,1.4649,-0.308,0,0,0,0,0,1
2026-03-09 13:15:00,7.504,6.408,413.96,0,,0,0,0,-2.0541,1.7992,-0.6513,0,0,0,0,0,1
2026-03-09 13:30:00,7.559,6.4,416.68,0,,0,0,0,-1.8176,1.725,-0.3861,0,0,0,0,0,1
2026-03-09 13:45:00,7.645,6.486,406.97,0,,0,0,0,-1.5123,1.9514,-1.3749,0,0,0,0,0,1
2026-03-09 14:00:00,7.474,6.637,416.31,0,,0,0,0,-2.0835,2.3553,-0.4403,0,0,0,0,0,1
2026-03-09 14:15:00,7.477,6.528,410.93,0,,0,0,0,-2.0068,1.9404,-1.0054,0,0,0,0,0,1
2026-03-09 14:30:00,7.667,6.71,414.43,0,,0,0,0,-1.3313,2.4236,-0.6615,0,0,0,0,0,1
2026-03-09 14:45:00,7.695,6.788,412.81,0,,0,0,0,-1.2136,2.5415,-0.83,0,0,0,0,0,1
2026-03-09 15:00:00,7.394,6.808,410.14,0,,0,0,0,-2.2072,2.4942,-1.1008,0,0,0,0,0,1
2026-03-09 15:15:00,7.539,6.488,414.97,0,,0,0,0,-1.693,1.5683,-0.6001,0,0,0,0,0,1
2026-03-09 15:30:00,7.613,6.875,414.63,0,,0,0,0,-1.4181,2.5697,-0.636,0,0,0,0,0,1
2026-03-09 15:45:00,7.293,6.896,406.26,0,,0,0,0,-2.3814,2.5145,-1.4864,0,0,0,0,0,1
2026-03-09 16:00:00,7.591,6.917,413.5,0,,0,0,0,-1.389,2.4685,-0.7334,0,0,0,0,0,1
2026-03-09 16:15:00,7.472,6.667,418.18,0,,0,0,0,-1.7209,1.7693,-0.2457,0,0,0,0,0,1
2026-03-09 16:30:00,7.367,6.582,416.52,0,,0,0,0,-1.9848,1.5146,-0.4251,0,0,0,0,0,1
2026-03-09 16:45:00,7.425,6.55,418.02,0,,0,0,0,-1.7582,1.4056,-0.2729,0,0,0,0,0,1
2026-03-09 17:00:00,7.376,6.533,413.89,0,,0,0,0,-1.8566,1.3392,-0.7017,0,0,0,0,0,1
2026-03-09 17:15:00,7.605,6.7,418.68,0,,0,0,0,-1.1545,1.7137,-0.201,0,0,0,0,0,1
2026-03-09 17:30:00,7.627,6.823,418.05,0,,0,0,0,-1.0691,1.9503,-0.2733,0,0,0,0,0,1
2026-03-09 17:45:00,7.548,6.888,418.4,0,,0,0,0,-1.2736,2.0382,-0.2297,0,0,0,0,0,1
2026-03-09 18:00:00,7.497,6.614,417.28,0,,0,0,0,-1.3944,1.3714,-0.3412,0,0,0,0,0,1
2026-03-09 18:15:00,7.435,6.674,424.44,0,,0,0,0,-1.5373,1.4761,0.4118,0,0,0,0,0,1
2026-03-09 18:30:00,7.482,6.656,422.95,0,,0,0,0,-1.3745,1.4044,0.2539,0,0,0,0,0,1
2026-03-09 18:45:00,7.49,6.566,423.32,0,,0,0,0,-1.3322,1.1769,0.2891,0,0,0,0,0,1
2026-03-09 19:00:00,7.326,6.761,431.31,0,,0,0,0,-1.742,1.5758,1.1137,0,0,0,0,0,1
2026-03-09 19:15:00,7.458,6.693,425.75,0,,0,0,0,-1.3479,1.3948,0.5379,0,0,0,0,0,1
2026-03-09 19:30:00,7.403,6.647,429.39,0,,0,0,0,-1.4633,1.2667,0.9054,0,0,0,0,0,1
2026-03-09 19:45:00,7.328,6.665,426.4,0,,0,0,0,-1.6298,1.2804,0.5843,0,0,0,0,0,1
2026-03-09 20:00:00,7.311,6.688,424.59,0,,0,0,0,-1.6352,1.3044,0.3899,0,0,0,0,0,1
2026-03-09 20:15:00,7.312,6.67,422.43,0,,0,0,0,-1.5914,1.2412,0.1721,0,0,0,0,0,1
2026-03-09 20:30:00,7.31,6.437,428.27,0,,0,0,0,-1.5613,0.7326,0.7896,0,0,0,0,0,1
2026-03-09 20:45:00,7.28,6.68,417.26,0,,0,0,0,-1.6048,1.221,-0.3558,0,0,0,0,0,1
2026-03-09 21:00:00,7.289,6.565,429.58,0,,0,0,0,-1.5439,0.9593,0.9279,0,0,0,0,0,1
2026-03-09 21:15:00,7.303,6.443,430.28,0,,0,0,0,-1.4717,0.6896,0.9956,0,0,0,0,0,1
2026-03-09 21:30:00,7.278,6.525,428.65,0,,0,0,0,-1.5,0.8437,0.8454,0,0,0,0,0,1
2026-03-09 21:45:00,7.329,6.522,429.61,0,,0,0,0,-1.3383,0.8232,0.9716,0,0,0,0,0,1
2026-03-09 22:00:00,7.316,6.614,425.39,0,,0,0,0,-1.3407,0.9959,0.5312,0,0,0,0,0,1
2026-03-09 22:15:00,7.302,6.275,436.3,0,,0,0,0,-1.3453,0.2828,1.6979,0,0,0,0,0,1
2026-03-09 22:30:00,7.276,6.612,429.74,0,,0,0,0,-1.38,0.9659,1.0063,0,0,0,0,0,1
2026-03-09 22:45:00,7.24,6.398,427.47,0,,0,0,0,-1.4449,0.5081,0.7589,0,0,0,0,0,1
2026-03-09 23:00:00,7.207,6.3,433.77,0,,0,0,0,-1.4918,0.2914,1.4411,0,0,0,0,0,1
2026-03-09 23:15:00,7.236,6.277,432.21,0,,0,0,0,-1.3863,0.2363,1.2608,0,0,0,0,0,1
2026-03-09 23:30:00,7.209,6.19,430.46,0,,0,0,0,-1.4266,0.0423,1.0746,0,0,0,0,0,1
2026-03-09 23:45:00,7.168,6.062,430.12,0,,0,0,0,-1.5063,-0.244,1.0559,0,0,0,0,0,1
2026-03-10 00:00:00,7.214,2.402,431.98,0,"Full maintenance visit – pH probe cleaned, turbidity probe serviced",0,1,0,-1.3616,-6.176,1.259,0,1,0,1,1,0
2026-03-10 00:15:00,7.032,2.575,437.36,0,,0,1,0,-1.7763,-5.0142,1.8393,0,1,0,1,1,0
2026-03-10 00:30:00,7.134,2.014,433.78,0,,0,1,0,-1.4867,-4.951,1.4636,0,1,0,1,1,0
2026-03-10 00:45:00,7.132,2.094,431.63,0,,0,1,0,-1.4648,-4.3129,1.2128,0,1,0,1,1,0
2026-03-10 01:00:00,7.203,2.33,435.0,0,,0,1,0,-1.2711,-3.7156,1.5453,0,1,0,1,1,0
2026-03-10 01:15:00,7.221,2.192,431.47,0,,0,1,0,-1.1993,-3.5525,1.1807,0,1,0,1,1,0
2026-03-10 01:30:00,7.066,2.308,432.69,0,,0,1,0,-1.58,-3.2251,1.3232,0,1,0,1,1,0
2026-03-10 01:45:00,7.205,2.152,431.37,0,,0,1,0,-1.2025,-3.1548,1.1811,0,1,0,1,1,0
2026-03-10 02:00:00,7.071,2.066,432.75,0,,0,1,0,-1.5353,-3.0393,1.3285,0,1,0,1,1,0
2026-03-10 02:15:00,7.068,2.107,428.2,0,,0,0,0,-1.5059,-2.8527,0.847,0,1,0,0,1,0
2026-03-10 02:30:00,7.107,1.773,424.96,0,,0,0,0,-1.3965,-2.9336,0.5068,0,1,0,0,1,0
2026-03-10 02:45:00,7.097,1.95,432.65,0,,0,0,0,-1.3986,-2.671,1.3402,0,1,0,0,1,0
2026-03-10 03:00:00,7.028,2.256,434.5,0,,0,0,0,-1.5525,-2.358,1.5348,0,1,0,0,1,0
2026-03-10 03:15:00,7.131,2.286,423.54,0,,0,0,0,-1.2505,-2.2509,0.343,0,1,0,0,1,0
2026-03-10 03:30:00,7.125,2.314,428.02,0,,0,0,0,-1.2433,-2.1542,0.8331,0,1,0,0,1,0
2026-03-10 03:45:00,7.136,2.167,424.87,0,,0,0,0,-1.1875,-2.1706,0.4927,0,1,0,0,1,0
2026-03-10 04:00:00,7.053,1.762,429.53,0,,0,0,0,-1.3835,-2.3314,0.9902,0,1,0,0,1,0
2026-03-10 04:15:00,7.064,2.006,426.29,0,,0,0,0,-1.3265,-2.1077,0.6314,0,1,0,0,1,0
2026-03-10 04:30:00,7.056,2.302,437.9,0,,0,0,0,-1.3257,-1.8739,1.874,0,1,0,0,1,0
2026-03-10 04:45:00,7.133,2.351,422.65,0,,0,0,0,-1.0976,-1.7941,0.2259,0,1,0,0,1,0
2026-03-10 05:00:00,6.897,2.318,429.25,0,,0,0,0,-1.731,-1.7641,0.9292,0,1,0,0,1,0
2026-03-10 05:15:00,6.981,2.086,428.88,0,,0,0,0,-1.4704,-1.8416,0.8819,0,1,0,0,1,0
2026-03-10 05:30:00,7.02,1.934,423.7,0,,0,0,0,-1.3293,-1.869,0.3242,0,1,0,0,1,0
2026-03-10 05:45:00,6.956,2.135,420.93,0,,0,0,0,-1.4788,-1.7127,0.0304,0,1,0,0,1,0
2026-03-10 06:00:00,6.987,2.156,420.38,0,,0,0,0,-1.3708,-1.6574,-0.0275,0,0,0,0,0,0
2026-03-10 06:15:00,6.984,2.402,419.26,0,,0,0,0,-1.3625,-1.4917,-0.1516,0,0,0,0,0,0
2026-03-10 06:30:00,6.948,2.217,422.97,0,,0,0,0,-1.435,-1.5499,0.2436,0,0,0,0,0,0
2026-03-10 06:45:00,6.974,2.202,414.17,0,,0,0,0,-1.3532,-1.5201,-0.698,0,0,0,0,0,0
2026-03-10 07:00:00,6.993,2.228,416.25,0,,0,0,0,-1.2869,-1.4713,-0.4664,0,0,0,0,0,0
2026-03-10 07:15:00,6.94,2.296,415.01,0,,0,0,0,-1.4392,-1.4039,-0.5952,0,0,0,0,0,0
2026-03-10 07:30:00,6.92,2.35,408.5,0,,0,0,0,-1.4789,-1.3463,-1.2804,0,0,0,0,0,0
2026-03-10 07:45:00,6.925,2.169,418.13,0,,0,0,0,-1.4359,-1.4028,-0.2582,0,0,0,0,0,0
2026-03-10 08:00:00,6.925,2.141,418.25,0,,0,0,0,-1.428,-1.3847,-0.2558,0,0,0,0,0,0
2026-03-10 08:15:00,6.83,2.529,410.8,0,,0,0,0,-1.7132,-1.1723,-1.0464,0,0,0,0,0,0
2026-03-10 08:30:00,6.932,2.101,416.82,0,,0,0,0,-1.3714,-1.3481,-0.4108,0,0,0,0,0,0
2026-03-10 08:45:00,6.879,2.617,405.75,0,,0,0,0,-1.539,-1.0789,-1.5862,0,0,0,0,0,0
2026-03-10 09:00:00,6.957,2.11,411.61,0,,0,0,0,-1.2807,-1.2914,-0.9693,0,0,0,0,0,0
2026-03-10 09:15:00,6.917,2.334,410.47,0,,0,0,0,-1.4165,-1.1605,-1.0734,0,0,0,0,0,0
2026-03-10 09:30:00,6.94,2.594,410.83,0,,0,0,0,-1.3055,-1.0183,-1.035,0,0,0,0,0,0
2026-03-10 09:45:00,6.825,2.474,410.35,0,,0,0,0,-1.6942,-1.0525,-1.0914,0,0,0,0,0,0
2026-03-10 10:00:00,6.852,2.303,409.3,0,,0,0,0,-1.572,-1.109,-1.2096,0,0,0,0,0,0
2026-03-10 10:15:00,6.803,2.59,407.69,0,,0,0,0,-1.7273,-0.9564,-1.3719,0,0,0,0,0,0
2026-03-10 10:30:00,6.826,2.562,408.48,0,,0,0,0,-1.6049,-0.9497,-1.2944,0,0,0,0,0,0
2026-03-10 10:45:00,6.921,2.546,414.09,0,,0,0,0,-1.2291,-0.9377,-0.7149,0,0,0,0,0,0
2026-03-10 11:00:00,6.929,2.51,406.09,0,,0,0,0,-1.1962,-0.9349,-1.5744,0,0,0,0,0,0
2026-03-10 11:15:00,6.795,2.623,417.25,0,,0,0,0,-1.6709,-0.8645,-0.3822,0,0,0,0,0,0
2026-03-10 11:30:00,6.828,2.566,405.56,0,,0,0,0,-1.5071,-0.8725,-1.6535,0,0,0,0,0,0
2026-03-10 11:45:00,6.847,3.042,408.99,0,,0,0,0,-1.4149,-0.6386,-1.2955,0,0,0,0,0,0
2026-03-10 12:00:00,6.879,2.664,410.28,0,,0,0,0,-1.2661,-0.7962,-1.1653,0,0,0,0,0,0
2026-03-10 12:15:00,6.762,2.666,406.86,0,,0,0,0,-1.6724,-0.7787,-1.5458,0,0,0,0,0,0
2026-03-10 12:30:00,6.771,2.662,413.63,0,,0,0,0,-1.6077,-0.7637,-0.8159,0,0,0,0,0,0
2026-03-10 12:45:00,6.877,3.03,410.41,0,,0,0,0,-1.201,-0.5782,-1.1792,0,0,0,0,0,0
2026-03-10 13:00:00,6.758,2.537,407.59,0,,0,0,0,-1.6349,-0.7907,-1.468,0,0,0,0,0,0
2026-03-10 13:15:00,6.836,2.855,414.12,0,,0,0,0,-1.2996,-0.6272,-0.7444,0,0,0,0,0,0
2026-03-10 13:30:00,6.87,2.781,404.85,0,,0,0,0,-1.1438,-0.6465,-1.7321,0,0,0,0,0,0
2026-03-10 13:45:00,6.886,2.619,406.98,0,,0,0,0,-1.0639,-0.7062,-1.4996,0,0,0,0,0,0
2026-03-10 14:00:00,6.863,2.724,411.86,0,,0,0,0,-1.1335,-0.641,-0.9581,0,0,0,0,0,0
2026-03-10 14:15:00,6.857,2.906,413.23,0,,0,0,0,-1.1349,-0.5399,-0.8136,0,0,0,0,0,0
2026-03-10 14:30:00,6.923,2.74,411.77,0,,0,0,0,-0.8541,-0.6034,-0.9674,0,0,0,0,0,0
2026-03-10 14:45:00,6.901,2.918,410.47,0,,0,0,0,-0.9343,-0.5028,-1.1033,0,0,0,0,0,0
2026-03-10 15:00:00,6.862,3.146,410.51,0,,0,0,0,-1.0774,-0.3776,-1.0999,0,0,0,0,0,0
2026-03-10 15:15:00,6.903,2.918,416.61,0,,0,0,0,-0.8867,-0.4742,-0.4399,0,0,0,0,0,0
2026-03-10 15:30:00,6.928,2.679,413.66,0,,0,0,0,-0.7654,-0.5759,-0.7588,0,0,0,0,0,0
2026-03-10 15:45:00,7.003,2.772,409.84,0,,0,0,0,-0.423,-0.514,-1.1843,0,0,0,0,0,0
2026-03-10 16:00:00,6.964,2.857,410.28,0,,0,0,0,-0.5802,-0.4556,-1.1286,0,0,0,0,0,0
2026-03-10 16:15:00,6.994,2.846,420.75,0,,0,0,0,-0.4283,-0.4457,0.0078,0,0,0,0,0,0
2026-03-10 16:30:00,6.912,2.919,412.53,0,,0,0,0,-0.7875,-0.3928,-0.8798,0,0,0,0,0,0
2026-03-10 16:45:00,6.926,2.939,417.23,0,,0,0,0,-0.7064,-0.367,-0.3687,0,0,0,0,0,0
2026-03-10 17:00:00,6.949,3.146,422.3,0,,0,0,0,-0.5833,-0.2426,0.1723,0,0,0,0,0,0
2026-03-10 17:15:00,6.964,2.878,419.83,0,,0,0,0,-0.4975,-0.3691,-0.0977,0,0,0,0,0,0
2026-03-10 17:30:00,6.93,2.697,415.4,0,,0,0,0,-0.6526,-0.4505,-0.576,0,0,0,0,0,0
2026-03-10 17:45:00,7.053,3.032,415.15,0,,0,0,0,-0.0041,-0.2495,-0.5986,0,0,0,0,0,0
2026-03-10 18:00:00,7.044,3.036,427.48,0,,0,0,0,-0.0273,-0.2302,0.7262,0,0,0,0,0,0
2026-03-10 18:15:00,6.995,2.867,416.62,0,,0,0,0,-0.273,-0.3089,-0.4407,0,0,0,0,0,0
2026-03-10 18:30:00,7.052,2.78,419.35,0,,0,0,0,0.0684,-0.3421,-0.1412,0,0,0,0,0,0
2026-03-10 18:45:00,7.04,2.894,423.83,0,,0,0,0,0.0277,-0.2574,0.3432,0,0,0,0,0,0
2026-03-10 19:00:00,7.075,2.751,422.23,0,,0,0,0,0.2538,-0.3253,0.1815,0,0,0,0,0,0
2026-03-10 19:15:00,6.981,2.455,426.15,0,,0,0,0,-0.2905,-0.4905,0.6082,0,0,0,0,0,0
2026-03-10 19:30:00,7.05,2.828,418.72,0,,0,0,0,0.1662,-0.2376,-0.1903,0,0,0,0,0,0
2026-03-10 19:45:00,7.063,2.856,424.47,0,,0,0,0,0.2726,-0.1995,0.4421,0,0,0,0,0,0
2026-03-10 20:00:00,7.106,2.916,428.71,0,,0,0,0,0.5776,-0.138,0.8993,0,0,0,0,0,0
2026-03-10 20:15:00,7.052,2.567,429.39,0,,0,0,0,0.2413,-0.3571,0.9612,0,0,0,0,0,0
2026-03-10 20:30:00,6.966,2.687,425.02,0,,0,0,0,-0.3248,-0.2531,0.4907,0,0,0,0,0,0
2026-03-10 20:45:00,7.045,2.666,423.83,0,,0,0,0,0.2441,-0.2472,0.3535,0,0,0,0,0,0
2026-03-10 21:00:00,7.103,2.616,429.34,0,,0,0,0,0.6797,-0.2641,0.9549,0,0,0,0,0,0
2026-03-10 21:15:00,7.116,2.595,423.77,0,,0,0,0,0.8039,-0.2596,0.3566,0,0,0,0,0,0
2026-03-10 21:30:00,7.203,2.558,434.66,0,,0,0,0,1.4633,-0.2685,1.5309,0,0,0,0,0,0
2026-03-10 21:45:00,7.154,2.558,430.61,0,,0,0,0,1.141,-0.2463,1.0882,0,0,0,0,0,0
2026-03-10 22:00:00,7.134,2.611,427.61,0,,0,0,0,1.029,-0.172,0.7586,0,0,0,0,0,0
2026-03-10 22:15:00,7.133,2.657,426.54,0,,0,0,0,1.06,-0.0975,0.6624,0,0,0,0,0,0
2026-03-10 22:30:00,7.194,2.334,428.55,0,,0,0,0,1.5745,-0.4188,0.8857,0,0,0,0,0,0
2026-03-10 22:45:00,7.113,2.396,425.12,0,,0,0,0,0.9446,-0.3343,0.5119,0,0,0,0,0,0
2026-03-10 23:00:00,7.138,2.333,433.57,0,,0,0,0,1.1661,-0.4074,1.444,0,0,0,0,0,0
2026-03-10 23:15:00,7.093,2.287,428.56,0,,0,0,0,0.8197,-0.4859,0.9,0,0,0,0,0,0
2026-03-10 23:30:00,7.22,2.105,433.5,0,,0,0,0,1.8872,-0.8985,1.4372,0,0,0,0,0,0
2026-03-10 23:45:00,7.169,2.327,434.12,0,,0,0,0,1.4572,-0.5431,1.4921,0,0,0,0,0,0
2026-03-11 00:00:00,7.115,2.372,435.86,0,,0,0,0,1.0239,-0.402,1.6674,0,0,0,0,0,0
2026-03-11 00:15:00,7.144,2.255,432.98,0,,0,0,0,1.2515,-0.7534,1.3698,0,0,0,0,0,0
2026-03-11 00:30:00,7.174,2.255,436.4,0,,0,0,0,1.4948,-0.7681,1.7339,0,0,0,0,0,0
2026-03-11 00:45:00,7.135,2.299,437.31,0,,0,0,0,1.1656,-0.6412,1.809,0,0,0,0,0,0
2026-03-11 01:00:00,7.118,2.429,432.62,0,,0,0,0,1.0408,-0.2353,1.3093,0,0,0,0,0,0
2026-03-11 01:15:00,7.109,2.136,432.64,0,,0,0,0,0.9886,-1.1552,1.308,0,0,0,0,0,0
2026-03-11 01:30:00,7.156,2.007,428.86,0,,0,0,0,1.3752,-1.5348,0.9069,0,0,0,0,0,0
2026-03-11 01:45:00,7.117,2.154,426.81,0,,0,0,0,1.061,-1.0772,0.6921,0,0,0,0,0,0
2026-03-11 02:00:00,7.107,2.436,435.52,0,,0,0,0,0.9685,-0.2131,1.6348,0,0,0,0,0,0
2026-03-11 02:15:00,7.058,1.967,432.4,0,,0,0,0,0.5462,-1.6718,1.2835,0,0,0,0,0,0
2026-03-11 02:30:00,7.123,2.228,432.27,0,,0,0,0,1.1052,-0.8928,1.2521,0,0,0,0,0,0
2026-03-11 02:45:00,7.104,2.295,426.66,0,,0,0,0,0.9399,-0.7,0.6593,0,0,0,0,0,0
2026-03-11 03:00:00,7.09,1.759,434.98,0,,0,0,0,0.8111,-2.3589,1.559,0,0,0,0,0,0
2026-03-11 03:15:00,7.109,2.169,427.0,0,,0,0,0,0.9786,-1.0559,0.6897,0,0,0,0,0,0
2026-03-11 03:30:00,7.129,2.194,424.1,0,,0,0,0,1.1501,-0.9702,0.3818,0,0,0,0,0,0
2026-03-11 03:45:00,7.118,2.061,424.37,0,,0,0,0,1.0589,-1.3784,0.4117,0,0,0,0,0,0
2026-03-11 04:00:00,7.103,2.003,432.28,0,,0,0,0,0.922,-1.5922,1.2614,0,0,0,0,0,0
2026-03-11 04:15:00,7.054,2.012,420.86,0,,0,0,0,0.5014,-1.5643,0.0343,0,0,0,0,0,0
2026-03-11 04:30:00,7.029,2.054,421.59,0,,0,0,0,0.2889,-1.4107,0.1342,0,0,0,0,0,0
2026-03-11 04:45:00,6.996,2.062,435.45,0,,0,0,0,0.0169,-1.364,1.6253,0,0,0,0,0,0
2026-03-11 05:00:00,7.009,2.04,426.87,0,,0,0,0,0.1201,-1.4109,0.6964,0,0,0,0,0,0
2026-03-11 05:15:00,7.03,2.07,419.41,0,,0,0,0,0.2986,-1.3166,-0.1065,0,0,0,0,0,0
2026-03-11 05:30:00,6.98,2.309,417.24,0,,0,0,0,-0.1334,-0.5983,-0.3368,0,0,0,0,0,0
2026-03-11 05:45:00,7.015,1.959,414.09,0,,0,0,0,0.1663,-1.6767,-0.6723,0,0,0,0,0,0
2026-03-11 06:00:00,6.952,1.891,420.39,0,,0,0,0,-0.3795,-1.8561,0.0159,0,0,0,0,0,0
2026-03-11 06:15:00,6.907,2.348,422.13,0,,0,0,0,-0.7622,-0.45,0.2027,0,0,0,0,0,0
2026-03-11 06:30:00,7.021,2.154,424.51,0,,0,0,0,0.2214,-1.0417,0.4606,0,0,0,0,0,0
2026-03-11 06:45:00,6.947,2.141,410.08,0,,0,0,0,-0.4189,-1.0775,-1.1052,0,0,0,0,0,0
2026-03-11 07:00:00,6.919,2.2,411.59,0,,0,0,0,-0.6539,-0.8954,-0.9324,0,0,0,0,0,0
2026-03-11 07:15:00,6.897,2.268,415.66,0,,0,0,0,-0.8384,-0.6863,-0.4925,0,0,0,0,0,0
2026-03-11 07:30:00,6.964,2.178,426.56,0,,0,0,0,-0.2639,-0.9521,0.6722,0,0,0,0,0,0
2026-03-11 07:45:00,7.002,2.354,418.24,0,,0,0,0,0.0583,-0.4242,-0.235,0,0,0,0,0,0
2026-03-11 08:00:00,6.905,2.156,415.49,0,,0,0,0,-0.7803,-1.0302,-0.531,0,0,0,0,0,0
2026-03-11 08:15:00,6.906,2.278,408.43,0,,0,0,0,-0.7845,-0.6478,-1.293,0,0,0,0,0,0
2026-03-11 08:30:00,6.962,2.015,404.21,0,,0,0,0,-0.2987,-1.4421,-1.7109,0,0,0,0,0,0
2026-03-11 08:45:00,6.811,2.547,412.24,0,,0,0,0,-1.5992,0.1772,-0.8672,0,0,0,0,0,0
2026-03-11 09:00:00,6.992,2.37,411.12,0,,0,0,0,-0.0333,-0.3717,-0.9869,0,0,0,0,0,0
2026-03-11 09:15:00,7.009,2.522,409.91,0,,0,0,0,0.1062,0.0876,-1.116,0,0,0,0,0,0
2026-03-11 09:30:00,6.746,2.519,408.96,0,,0,0,0,-2.1139,0.0808,-1.2134,0,0,0,0,0,0
2026-03-11 09:45:00,6.87,2.556,407.03,0,,0,0,0,-1.0696,0.1916,-1.4106,0,0,0,0,0,0
2026-03-11 10:00:00,6.834,2.499,405.7,0,,0,0,0,-1.3726,0.0107,-1.5404,0,0,0,0,0,0
2026-03-11 10:15:00,6.852,2.584,414.8,0,,0,0,0,-1.2313,0.2719,-0.5844,0,0,0,0,0,0
2026-03-11 10:30:00,6.84,2.408,405.37,0,,0,0,0,-1.3378,-0.2636,-1.5842,0,0,0,0,0,0
2026-03-11 10:45:00,6.899,2.402,407.53,0,,0,0,0,-0.8277,-0.2774,-1.3366,0,0,0,0,0,0
2026-03-11 11:00:00,6.849,2.588,408.25,0,,0,0,0,-1.2414,0.2909,-1.2669,0,0,0,0,0,0
2026-03-11 11:15:00,6.807,2.527,411.06,0,,0,0,0,-1.6033,0.1069,-0.9572,0,0,0,0,0,0
2026-03-11 11:30:00,6.843,2.867,404.7,0,,0,0,0,-1.2996,1.1338,-1.6268,0,0,0,0,0,0
2026-03-11 11:45:00,6.876,2.733,411.94,0,,0,0,0,-1.023,0.7438,-0.868,0,0,0,0,0,0
2026-03-11 12:00:00,6.791,2.593,405.68,0,,0,0,0,-1.7257,0.3141,-1.5165,0,0,0,0,0,0
2026-03-11 12:15:00,6.768,2.681,407.38,0,,0,0,0,-1.9235,0.5855,-1.3391,0,0,0,0,0,0
2026-03-11 12:30:00,6.951,2.763,414.68,0,,0,0,0,-0.3917,0.8337,-0.5713,0,0,0,0,0,0
2026-03-11 12:45:00,6.821,2.754,404.35,0,,0,0,0,-1.5024,0.824,-1.6395,0,0,0,0,0,0
2026-03-11 13:00:00,6.848,2.824,411.29,0,,0,0,0,-1.2959,1.0272,-0.9222,0,0,0,0,0,0
2026-03-11 13:15:00,6.838,2.811,412.66,0,,0,0,0,-1.3837,0.9898,-0.7759,0,0,0,0,0,0
2026-03-11 13:30:00,6.889,2.609,410.15,0,,0,0,0,-0.9422,0.3695,-1.0531,0,0,0,0,0,0
2026-03-11 13:45:00,6.954,2.51,408.77,0,,0,0,0,-0.382,0.0646,-1.2041,0,0,0,0,0,0
2026-03-11 14:00:00,6.899,2.79,418.11,0,,0,0,0,-0.8709,0.934,-0.222,0,0,0,0,0,0
2026-03-11 14:15:00,6.799,2.943,409.97,0,,0,0,0,-1.7323,1.4068,-1.0808,0,0,0,0,0,0
2026-03-11 14:30:00,6.812,2.815,411.3,0,,0,0,0,-1.5904,1.0043,-0.9388,0,0,0,0,0,0
2026-03-11 14:45:00,6.867,3.064,409.63,0,,0,0,0,-1.109,1.7589,-1.1137,0,0,0,0,0,0
2026-03-11 15:00:00,6.881,2.879,412.12,0,,0,0,0,-0.992,1.2149,-0.8533,0,0,0,0,0,0
2026-03-11 15:15:00,6.815,3.096,415.94,0,,0,0,0,-1.5391,1.8691,-0.4473,0,0,0,0,0,0
2026-03-11 15:30:00,6.95,3.069,411.59,0,,0,0,0,-0.3876,1.7471,-0.9045,0,0,0,0,0,0
2026-03-11 15:45:00,6.862,3.057,404.9,0,,0,0,0,-1.1203,1.6821,-1.5953,0,0,0,0,0,0
2026-03-11 16:00:00,7.0,2.719,416.05,0,,0,0,0,0.0492,0.6705,-0.4323,0,0,0,0,0,0
2026-03-11 16:15:00,7.025,2.902,410.38,0,,0,0,0,0.2589,1.2198,-1.0138,0,0,0,0,0,0
2026-03-11 16:30:00,6.93,3.08,418.38,0,,0,0,0,-0.5505,1.7387,-0.181,0,0,0,0,0,0
2026-03-11 16:45:00,6.974,2.933,416.14,0,,0,0,0,-0.1808,1.2988,-0.4155,0,0,0,0,0,0
2026-03-11 17:00:00,6.9,2.97,420.67,0,,0,0,0,-0.8048,1.4285,0.0631,0,0,0,0,0,0
2026-03-11 17:15:00,7.002,2.671,413.87,0,,0,0,0,0.0586,0.5337,-0.6448,0,0,0,0,0,0
2026-03-11 17:30:00,6.956,3.157,416.29,0,,0,0,0,-0.3351,1.9599,-0.3917,0,0,0,0,0,0
2026-03-11 17:45:00,6.936,2.74,417.86,0,,0,0,0,-0.4949,0.7322,-0.23,0,0,0,0,0,0
2026-03-11 18:00:00,6.986,2.547,414.07,0,,0,0,0,-0.0643,0.1677,-0.6148,0,0,0,0,0,0
2026-03-11 18:15:00,6.987,2.78,425.23,0,,0,0,0,-0.0551,0.8859,0.5509,0,0,0,0,0,0
2026-03-11 18:30:00,7.003,2.45,415.06,0,,0,0,0,0.0856,-0.1166,-0.514,0,0,0,0,0,0
2026-03-11 18:45:00,7.077,2.638,426.73,0,,0,0,0,0.7121,0.4742,0.708,0,0,0,0,0,0
2026-03-11 19:00:00,7.0,3.167,424.8,0,,0,0,0,0.0635,2.0618,0.5022,0,0,0,0,0,0
2026-03-11 19:15:00,7.135,2.707,423.06,0,,0,0,0,1.1928,0.6524,0.3238,0,0,0,0,0,0
2026-03-11 19:30:00,6.991,2.529,425.97,0,,0,0,0,-0.0216,0.122,0.6201,0,0,0,0,0,0
2026-03-11 19:45:00,7.147,2.726,426.58,0,,0,0,0,1.2848,0.7305,0.6808,0,0,0,0,0,0
2026-03-11 20:00:00,7.024,2.565,424.4,0,,0,0,0,0.2573,0.2504,0.4589,0,0,0,0,0,0
2026-03-11 20:15:00,7.083,2.807,427.86,0,,0,0,0,0.7523,0.9863,0.825,0,0,0,0,0,0
2026-03-11 20:30:00,7.067,2.52,430.23,0,,0,0,0,0.6073,0.1086,1.0636,0,0,0,0,0,0
2026-03-11 20:45:00,7.082,2.669,424.13,0,,0,0,0,0.7291,0.568,0.4248,0,0,0,0,0,0
2026-03-11 21:00:00,7.146,2.431,429.87,0,,0,0,0,1.2586,-0.1601,1.0243,0,0,0,0,0,0
2026-03-11 21:15:00,7.188,2.968,418.52,0,,0,0,0,1.5911,1.4688,-0.157,0,0,0,0,0,0
2026-03-11 21:30:00,7.179,2.628,421.8,0,,0,0,0,1.5235,0.4285,0.2027,0,0,0,0,0,0
2026-03-11 21:45:00,7.104,2.504,432.24,0,,0,0,0,0.9069,0.0521,1.3042,0,0,0,0,0,0
2026-03-11 22:00:00,7.139,2.456,428.72,0,,0,0,0,1.1992,-0.0895,0.9298,0,0,0,0,0,0
2026-03-11 22:15:00,7.095,2.391,427.35,0,,0,0,0,0.8368,-0.2798,0.7837,0,0,0,0,0,0
2026-03-11 22:30:00,7.089,2.334,430.87,0,,0,0,0,0.8048,-0.454,1.1496,0,0,0,0,0,0
2026-03-11 22:45:00,7.085,2.304,429.78,0,,0,0,0,0.775,-0.5421,1.0256,0,0,0,0,0,0
2026-03-11 23:00:00,7.123,2.648,427.64,0,,0,0,0,1.1018,0.4978,0.8137,0,0,0,0,0,0
2026-03-11 23:15:00,7.16,2.289,425.21,0,,0,0,0,1.4021,-0.5979,0.5623,0,0,0,0,0,0
2026-03-11 23:30:00,7.053,2.028,424.02,0,,0,0,0,0.5194,-1.3876,0.4513,0,0,0,0,0,0
2026-03-11 23:45:00,7.147,2.148,434.93,0,,0,0,0,1.3367,-1.0125,1.615,0,0,0,0,0,0
2026-03-12 00:00:00,7.226,2.439,430.31,0,,0,0,0,1.9801,-0.1331,1.1379,0,0,0,0,0,0
2026-03-12 00:15:00,7.206,2.24,435.85,0,,0,0,0,1.7888,-0.7356,1.7229,0,0,0,0,0,0
2026-03-12 00:30:00,7.119,2.236,430.17,0,,0,0,0,1.0649,-0.7467,1.1324,0,0,0,0,0,0
2026-03-12 00:45:00,7.077,2.412,433.19,0,,0,0,0,0.7163,-0.2176,1.476,0,0,0,0,0,0
2026-03-12 01:00:00,7.168,2.101,431.09,0,,0,0,0,1.4814,-1.1426,1.2513,0,0,0,0,0,0
2026-03-12 01:15:00,7.026,2.294,431.54,0,,0,0,0,0.2828,-0.5685,1.3041,0,0,0,0,0,0
2026-03-12 01:30:00,7.194,2.082,431.46,0,,0,0,0,1.7054,-1.2158,1.2879,0,0,0,0,0,0
2026-03-12 01:45:00,7.124,2.254,428.98,0,,0,0,0,1.1093,-0.6991,1.0122,0,0,0,0,0,0
2026-03-12 02:00:00,7.221,2.095,425.47,0,,0,0,0,1.8951,-1.1636,0.6499,0,0,0,0,0,0
2026-03-12 02:15:00,7.038,2.105,433.04,0,,0,0,0,0.3657,-1.1445,1.4843,0,0,0,0,0,0
2026-03-12 02:30:00,7.165,2.253,435.89,0,,0,0,0,1.4191,-0.696,1.7829,0,0,0,0,0,0
2026-03-12 02:45:00,7.108,2.233,435.66,0,,0,0,0,0.9433,-0.7539,1.725,0,0,0,0,0,0
2026-03-12 03:00:00,7.09,2.089,426.27,0,,0,0,0,0.7933,-1.2236,0.7267,0,0,0,0,0,0
2026-03-12 03:15:00,7.03,2.037,424.98,0,,0,0,0,0.3014,-1.3732,0.5886,0,0,0,0,0,0
2026-03-12 03:30:00,7.121,2.343,425.09,0,,0,0,0,1.0646,-0.438,0.5991,0,0,0,0,0,0
2026-03-12 03:45:00,7.117,2.189,425.96,0,,0,0,0,1.0313,-0.9217,0.692,0,0,0,0,0,0
2026-03-12 04:00:00,7.164,2.041,425.79,0,,0,0,0,1.4109,-1.3843,0.6861,0,0,0,0,0,0
2026-03-12 04:15:00,7.117,2.003,421.32,0,,0,0,0,1.0099,-1.5014,0.1919,0,0,0,0,0,0
2026-03-12 04:30:00,7.028,2.257,418.67,0,,0,0,0,0.2721,-0.7243,-0.0973,0,0,0,0,0,0
2026-03-12 04:45:00,6.998,2.125,424.06,0,,0,0,0,0.0232,-1.142,0.5189,0,0,0,0,0,0
2026-03-12 05:00:00,6.97,2.089,408.98,0,,0,0,0,-0.2055,-1.2591,-1.1473,0,0,0,0,0,0
2026-03-12 05:15:00,7.103,2.138,421.94,0,,0,0,0,0.8874,-1.1105,0.298,0,0,0,0,0,0
2026-03-12 05:30:00,6.981,2.181,417.79,0,,0,0,0,-0.1203,-0.9677,-0.1663,0,0,0,0,0,0
2026-03-12 05:45:00,7.084,2.133,423.91,0,,0,0,0,0.7225,-1.1332,0.5062,0,0,0,0,0,0
2026-03-12 06:00:00,7.026,2.334,424.19,0,,0,0,0,0.2385,-0.5209,0.5323,0,0,0,0,0,0
2026-03-12 06:15:00,7.007,2.356,423.5,0,,0,0,0,0.0736,-0.4504,0.4535,0,0,0,0,0,0
2026-03-12 06:30:00,6.965,2.262,417.05,0,,0,0,0,-0.2686,-0.7596,-0.2576,0,0,0,0,0,0
2026-03-12 06:45:00,7.004,2.405,413.12,0,,0,0,0,0.0488,-0.308,-0.7023,0,0,0,0,0,0
2026-03-12 07:00:00,6.96,2.218,413.64,0,,0,0,0,-0.3192,-0.918,-0.6476,0,0,0,0,0,0
2026-03-12 07:15:00,6.933,2.34,417.29,0,,0,0,0,-0.5472,-0.5238,-0.24,0,0,0,0,0,0
2026-03-12 07:30:00,6.977,2.407,408.82,0,,0,0,0,-0.1831,-0.3147,-1.1661,0,0,0,0,0,0
2026-03-12 07:45:00,6.926,2.431,420.27,0,,0,0,0,-0.5989,-0.2388,0.1127,0,0,0,0,0,0
2026-03-12 08:00:00,6.885,2.437,412.68,0,,0,0,0,-0.9356,-0.2302,-0.7319,0,0,0,0,0,0
2026-03-12 08:15:00,6.947,2.418,415.33,0,,0,0,0,-0.4269,-0.2986,-0.447,0,0,0,0,0,0
2026-03-12 08:30:00,6.905,2.64,405.57,0,,0,0,0,-0.7683,0.4212,-1.5499,0,0,0,0,0,0
2026-03-12 08:45:00,6.926,2.29,408.38,0,,0,0,0,-0.6111,-0.7434,-1.223,0,0,0,0,0,0
2026-03-12 09:00:00,6.871,2.373,403.89,0,,0,0,0,-1.0543,-0.4655,-1.6993,0,0,0,0,0,0
2026-03-12 09:15:00,6.827,2.39,415.06,0,,0,0,0,-1.3899,-0.4036,-0.4679,0,0,0,0,0,0
2026-03-12 09:30:00,6.968,2.393,409.84,0,,0,0,0,-0.2544,-0.3889,-1.052,0,0,0,0,0,0
2026-03-12 09:45:00,6.953,2.176,412.31,0,,0,0,0,-0.3901,-1.0944,-0.7878,0,0,0,0,0,0
2026-03-12 10:00:00,6.914,2.706,409.86,0,,0,0,0,-0.7327,0.6582,-1.0747,0,0,0,0,0,0
2026-03-12 10:15:00,6.846,2.372,411.11,0,,0,0,0,-1.3111,-0.4416,-0.9261,0,0,0,0,0,0
2026-03-12 10:30:00,6.846,2.578,407.56,0,,0,0,0,-1.3126,0.2352,-1.3339,0,0,0,0,0,0
2026-03-12 10:45:00,6.927,2.365,407.82,0,,0,0,0,-0.6255,-0.4692,-1.3054,0,0,0,0,0,0
2026-03-12 11:00:00,6.837,2.697,408.04,0,,0,0,0,-1.3914,0.6257,-1.2798,0,0,0,0,0,0
2026-03-12 11:15:00,6.821,2.511,409.85,0,,0,0,0,-1.5322,0.0112,-1.072,0,0,0,0,0,0
2026-03-12 11:30:00,6.945,2.483,409.83,0,,0,0,0,-0.4854,-0.0687,-1.0895,0,0,0,0,0,0
2026-03-12 11:45:00,6.848,2.706,419.27,0,,0,0,0,-1.3151,0.6757,-0.0226,0,0,0,0,0,0
2026-03-12 12:00:00,6.938,2.595,414.73,0,,0,0,0,-0.5636,0.3055,-0.5592,0,0,0,0,0,0
2026-03-12 12:15:00,6.78,2.636,400.91,0,,0,0,0,-1.9488,0.4441,-2.1213,0,0,0,0,0,0
2026-03-12 12:30:00,6.877,2.769,407.53,0,,0,0,0,-1.0874,0.8875,-1.3462,0,0,0,0,0,0
2026-03-12 12:45:00,6.956,2.884,406.61,0,,0,0,0,-0.417,1.2606,-1.4592,0,0,0,0,0,0
2026-03-12 13:00:00,6.857,2.66,413.53,0,,0,0,0,-1.292,0.525,-0.6765,0,0,0,0,0,0
2026-03-12 13:15:00,6.845,2.652,407.37,0,,0,0,0,-1.3998,0.506,-1.3629,0,0,0,0,0,0
2026-03-12 13:30:00,6.803,2.821,410.77,0,,0,0,0,-1.7437,1.0591,-0.9796,0,0,0,0,0,0
2026-03-12 13:45:00,6.92,2.913,399.89,0,,0,0,0,-0.7171,1.3387,-2.1627,0,0,0,0,0,0
2026-03-12 14:00:00,6.832,3.066,403.55,0,,0,0,0,-1.4678,1.8103,-1.7115,0,0,0,0,0,0
2026-03-12 14:15:00,6.871,2.698,418.39,0,,0,0,0,-1.1475,0.6253,-0.096,0,0,0,0,0,0
2026-03-12 14:30:00,6.819,2.822,410.68,0,,0,0,0,-1.6044,1.0322,-0.9438,0,0,0,0,0,0
2026-03-12 14:45:00,6.965,3.055,406.98,0,,0,0,0,-0.338,1.7988,-1.343,0,0,0,0,0,0
2026-03-12 15:00:00,6.952,3.182,412.49,0,,0,0,0,-0.4615,2.1672,-0.7395,0,0,0,0,0,0
2026-03-12 15:15:00,6.9,2.743,407.88,0,,0,0,0,-0.9396,0.774,-1.2269,0,0,0,0,0,0
2026-03-12 15:30:00,6.851,2.786,411.56,0,,0,0,0,-1.3571,0.9375,-0.8261,0,0,0,0,0,0
2026-03-12 15:45:00,6.993,2.956,407.52,0,,0,0,0,-0.1103,1.5156,-1.2744,0,0,0,0,0,0
2026-03-12 16:00:00,6.907,2.813,410.85,0,,0,0,0,-0.8676,1.0308,-0.901,0,0,0,0,0,0
2026-03-12 16:15:00,6.878,2.785,413.03,0,,0,0,0,-1.1054,0.9458,-0.6682,0,0,0,0,0,0
2026-03-12 16:30:00,6.854,2.933,419.89,0,,0,0,0,-1.3019,1.46,0.0793,0,0,0,0,0,0
2026-03-12 16:45:00,6.919,3.125,418.0,0,,0,0,0,-0.7234,2.0775,-0.1293,0,0,0,0,0,0
2026-03-12 17:00:00,6.888,2.69,419.45,0,,0,0,0,-0.9932,0.6404,0.0305,0,0,0,0,0,0
2026-03-12 17:15:00,6.94,3.104,417.56,0,,0,0,0,-0.5311,1.9847,-0.1805,0,0,0,0,0,0
2026-03-12 17:30:00,7.018,2.783,421.73,0,,0,0,0,0.1459,0.9535,0.2698,0,0,0,0,0,0
2026-03-12 17:45:00,6.971,2.911,415.72,0,,0,0,0,-0.2692,1.3713,-0.3855,0,0,0,0,0,0
2026-03-12 18:00:00,7.018,3.085,417.07,0,,0,0,0,0.14,1.8997,-0.2415,0,0,0,0,0,0
2026-03-12 18:15:00,6.974,2.881,422.42,0,,0,0,0,-0.2446,1.2196,0.3483,0,0,0,0,0,0
2026-03-12 18:30:00,7.023,2.773,420.45,0,,0,0,0,0.1832,0.8509,0.1261,0,0,0,0,0,0
2026-03-12 18:45:00,7.125,2.908,422.29,0,,0,0,0,1.0687,1.2732,0.3343,0,0,0,0,0,0
2026-03-12 19:00:00,7.021,2.757,422.45,0,,0,0,0,0.1587,0.8138,0.3551,0,0,0,0,0,0
2026-03-12 19:15:00,7.067,2.842,428.87,0,,0,0,0,0.5696,1.0864,1.0514,0,0,0,0,0,0
2026-03-12 19:30:00,6.979,2.713,429.81,0,,0,0,0,-0.2018,0.6528,1.1454,0,0,0,0,0,0
2026-03-12 19:45:00,7.142,2.851,422.8,0,,0,0,0,1.23,1.0987,0.3844,0,0,0,0,0,0
2026-03-12 20:00:00,7.051,2.491,418.96,0,,0,0,0,0.428,-0.0796,-0.0302,0,0,0,0,0,0
2026-03-12 20:15:00,7.136,2.525,423.82,0,,0,0,0,1.1637,0.0418,0.5096,0,0,0,0,0,0
2026-03-12 20:30:00,7.085,2.442,423.72,0,,0,0,0,0.7159,-0.2291,0.5094,0,0,0,0,0,0
2026-03-12 20:45:00,7.129,2.62,431.24,0,,0,0,0,1.0913,0.3595,1.3246,0,0,0,0,0,0
2026-03-12 21:00:00,7.14,2.374,432.17,0,,0,0,0,1.1883,-0.4495,1.4194,0,0,0,0,0,0
2026-03-12 21:15:00,7.09,2.474,424.9,0,,0,0,0,0.7705,-0.1043,0.6138,0,0,0,0,0,0
2026-03-12 21:30:00,7.174,2.386,426.5,0,,0,0,0,1.5105,-0.3895,0.7813,0,0,0,0,0,0
2026-03-12 21:45:00,7.087,2.748,424.06,0,,0,0,0,0.7476,0.807,0.5292,0,0,0,0,0,0
2026-03-12 22:00:00,7.169,2.351,430.93,0,,0,0,0,1.4618,-0.5087,1.2793,0,0,0,0,0,0
2026-03-12 22:15:00,7.115,2.281,430.58,0,,0,0,0,0.9844,-0.7357,1.2323,0,0,0,0,0,0
2026-03-12 22:30:00,7.156,2.485,434.24,0,,0,0,0,1.329,-0.0651,1.6196,0,0,0,0,0,0
2026-03-12 22:45:00,7.119,2.675,433.35,0,,0,0,0,1.0011,0.5531,1.5106,0,0,0,0,0,0
2026-03-12 23:00:00,7.147,2.379,434.03,0,,0,0,0,1.2389,-0.4208,1.563,0,0,0,0,0,0
2026-03-12 23:15:00,7.093,2.366,425.6,0,,0,0,0,0.7824,-0.4674,0.6587,0,0,0,0,0,0
2026-03-12 23:30:00,7.161,2.541,429.39,0,,0,0,0,1.3534,0.0984,1.054,0,0,0,0,0,0
2026-03-12 23:45:00,7.152,2.455,435.77,0,,0,0,0,1.2744,-0.204,1.7308,0,0,0,0,0,0
2026-03-13 00:00:00,7.123,2.364,429.85,0,,0,0,0,1.0478,-0.5102,1.1015,0,0,0,0,0,0
2026-03-13 00:15:00,7.147,2.19,425.46,0,,0,0,0,1.274,-1.0974,0.6544,0,0,0,0,0,0
2026-03-13 00:30:00,7.155,2.325,435.13,0,,0,0,0,1.336,-0.6445,1.6804,0,0,0,0,0,0
2026-03-13 00:45:00,7.116,2.032,429.46,0,,0,0,0,0.9865,-1.6054,1.0825,0,0,0,0,0,0
2026-03-13 01:00:00,7.138,2.124,435.84,0,,0,0,0,1.1865,-1.2991,1.7506,0,0,0,0,0,0
2026-03-13 01:15:00,7.092,2.414,431.29,0,,0,0,0,0.7732,-0.3304,1.2649,0,0,0,0,0,0
2026-03-13 01:30:00,7.256,2.378,429.98,0,,0,0,0,2.1828,-0.4666,1.1287,0,0,0,0,0,0
2026-03-13 01:45:00,7.187,2.233,436.22,0,,0,0,0,1.5664,-0.958,1.7692,0,0,0,0,0,0
2026-03-13 02:00:00,7.144,1.864,425.18,0,,0,0,0,1.2159,-2.171,0.5997,0,0,0,0,0,0
2026-03-13 02:15:00,7.183,1.96,435.71,0,,0,0,0,1.5239,-1.8297,1.7049,0,0,0,0,0,0
2026-03-13 02:30:00,7.02,2.029,426.96,0,,0,0,0,0.1355,-1.5778,0.8017,0,0,0,0,0,0
2026-03-13 02:45:00,6.985,2.095,429.67,0,,0,0,0,-0.1582,-1.3488,1.1085,0,0,0,0,0,0
2026-03-13 03:00:00,7.086,1.926,429.17,0,,0,0,0,0.7239,-1.8789,1.0482,0,0,0,0,0,0
2026-03-13 03:15:00,7.03,2.071,426.2,0,,0,0,0,0.235,-1.4124,0.7267,0,0,0,0,0,0
2026-03-13 03:30:00,7.079,2.369,424.26,0,,0,0,0,0.6688,-0.4459,0.5195,0,0,0,0,0,0
2026-03-13 03:45:00,7.094,2.161,425.19,0,,0,0,0,0.8039,-1.1195,0.6207,0,0,0,0,0,0
2026-03-13 04:00:00,7.121,2.133,421.94,0,,0,0,0,1.0499,-1.2187,0.2759,0,0,0,0,0,0
2026-03-13 04:15:00,7.009,1.948,433.16,0,,0,0,0,0.0724,-1.8138,1.4558,0,0,0,0,0,0
2026-03-13 04:30:00,7.077,1.858,422.67,0,,0,0,0,0.6695,-2.0524,0.3329,0,0,0,0,0,0
2026-03-13 04:45:00,7.049,1.923,428.49,0,,0,0,0,0.4167,-1.8199,0.9448,0,0,0,0,0,0
2026-03-13 05:00:00,7.056,1.862,427.21,0,,0,0,0,0.4703,-1.9804,0.7914,0,0,0,0,0,0
2026-03-13 05:15:00,7.003,2.132,423.79,0,,0,0,0,0.0113,-1.1389,0.4247,0,0,0,0,0,0
2026-03-13 05:30:00,7.089,2.188,421.02,0,,0,0,0,0.762,-0.9649,0.1263,0,0,0,0,0,0
2026-03-13 05:45:00,7.005,1.996,421.56,0,,0,0,0,0.0263,-1.5492,0.1865,0,0,0,0,0,0
2026-03-13 06:00:00,7.089,2.176,422.29,0,,0,0,0,0.7634,-0.983,0.2666,0,0,0,0,0,0
2026-03-13 06:15:00,6.951,2.388,419.62,0,,0,0,0,-0.4515,-0.3302,-0.0138,0,0,0,0,0,0
2026-03-13 06:30:00,7.018,2.476,412.17,0,,0,0,0,0.1356,-0.0658,-0.8012,0,0,0,0,0,0
2026-03-13 06:45:00,6.968,2.315,410.39,0,,0,0,0,-0.3029,-0.5603,-0.9851,0,0,0,0,0,0
2026-03-13 07:00:00,6.945,2.191,422.93,0,,0,0,0,-0.5044,-0.9419,0.3363,0,0,0,0,0,0
2026-03-13 07:15:00,6.983,2.347,405.6,0,,0,0,0,-0.1738,-0.4605,-1.4764,0,0,0,0,0,0
2026-03-13 07:30:00,6.928,2.459,416.19,0,,0,0,0,-0.6545,-0.1163,-0.3736,0,0,0,0,0,0
2026-03-13 07:45:00,6.801,1.977,413.75,0,,0,0,0,-1.7397,-1.5701,-0.6232,0,0,0,0,0,0
2026-03-13 08:00:00,6.772,2.522,414.64,0,,0,0,0,-1.952,0.089,-0.5321,0,0,0,0,0,0
2026-03-13 08:15:00,6.98,2.241,408.77,0,,0,0,0,-0.1716,-0.7601,-1.1387,0,0,0,0,0,0
2026-03-13 08:30:00,6.97,2.267,414.1,0,,0,0,0,-0.2641,-0.6684,-0.5938,0,0,0,0,0,0
2026-03-13 08:45:00,6.995,2.318,412.91,0,,0,0,0,-0.0552,-0.5146,-0.7286,0,0,0,0,0,0
2026-03-13 09:00:00,6.893,2.444,422.56,0,,0,0,0,-0.9392,-0.1341,0.284,0,0,0,0,0,0
2026-03-13 09:15:00,6.823,2.255,411.5,0,,0,0,0,-1.5432,-0.7029,-0.9067,0,0,0,0,0,0
2026-03-13 09:30:00,6.86,2.405,415.87,0,,0,0,0,-1.2049,-0.2482,-0.4441,0,0,0,0,0,0
2026-03-13 09:45:00,6.876,2.553,404.03,0,,0,0,0,-1.0554,0.1897,-1.6991,0,0,0,0,0,0
2026-03-13 10:00:00,6.82,2.533,413.69,0,,0,0,0,-1.5106,0.1346,-0.6701,0,0,0,0,0,0
2026-03-13 10:15:00,6.948,2.583,410.14,0,,0,0,0,-0.4409,0.2806,-1.05,0,0,0,0,0,0
2026-03-13 10:30:00,6.973,2.504,409.99,0,,0,0,0,-0.2413,0.0416,-1.0723,0,0,0,0,0,0
2026-03-13 10:45:00,6.882,2.682,409.77,0,,0,0,0,-1.0162,0.575,-1.1012,0,0,0,0,0,0
2026-03-13 11:00:00,6.855,2.762,415.23,0,,0,0,0,-1.2519,0.816,-0.5227,0,0,0,0,0,0
2026-03-13 11:15:00,6.788,2.778,409.25,0,,0,0,0,-1.8152,0.853,-1.1727,0,0,0,0,0,0
2026-03-13 11:30:00,6.929,2.717,404.97,0,,0,0,0,-0.6085,0.6588,-1.6208,0,0,0,0,0,0
2026-03-13 11:45:00,6.854,2.818,405.56,0,,0,0,0,-1.2503,0.9586,-1.5226,0,0,0,0,0,0
2026-03-13 12:00:00,6.836,2.831,411.27,0,,0,0,0,-1.3828,0.9858,-0.9068,0,0,0,0,0,0
2026-03-13 12:15:00,6.874,3.124,409.82,0,,0,0,0,-1.0826,1.8202,-1.0878,0,0,0,0,0,0
2026-03-13 12:30:00,6.822,2.926,401.98,0,,0,0,0,-1.514,1.2241,-1.9095,0,0,0,0,0,0
2026-03-13 12:45:00,6.86,2.75,410.29,0,,0,0,0,-1.1738,0.7131,-1.0296,0,0,0,0,0,0
2026-03-13 13:00:00,6.783,2.646,404.08,0,,0,0,0,-1.8012,0.4065,-1.6659,0,0,0,0,0,0
2026-03-13 13:15:00,6.912,2.762,410.39,0,,0,0,0,-0.7302,0.7442,-1.003,0,0,0,0,0,0
2026-03-13 13:30:00,6.856,2.768,405.69,0,,0,0,0,-1.2152,0.7646,-1.4881,0,0,0,0,0,0
2026-03-13 13:45:00,6.923,2.909,408.11,0,,0,0,0,-0.6469,1.1811,-1.2604,0,0,0,0,0,0
2026-03-13 14:00:00,6.86,2.741,407.43,0,,0,0,0,-1.1881,0.7035,-1.347,0,0,0,0,0,0
2026-03-13 14:15:00,6.868,3.038,416.1,0,,0,0,0,-1.1194,1.5623,-0.4054,0,0,0,0,0,0
2026-03-13 14:30:00,6.82,2.661,412.09,0,,0,0,0,-1.5284,0.4553,-0.8421,0,0,0,0,0,0
2026-03-13 14:45:00,6.925,2.634,416.02,0,,0,0,0,-0.6295,0.3935,-0.4305,0,0,0,0,0,0
2026-03-13 15:00:00,6.85,2.866,423.1,0,,0,0,0,-1.2488,1.118,0.3329,0,0,0,0,0,0
2026-03-13 15:15:00,6.877,2.766,412.28,0,,0,0,0,-1.017,0.8115,-0.8641,0,0,0,0,0,0
2026-03-13 15:30:00,6.909,2.708,418.7,0,,0,0,0,-0.7564,0.6383,-0.1647,0,0,0,0,0,0
2026-03-13 15:45:00,6.923,2.804,410.54,0,,0,0,0,-0.6304,0.9419,-1.0774,0,0,0,0,0,0
2026-03-13 16:00:00,6.84,2.786,419.02,0,,0,0,0,-1.3176,0.8882,-0.1436,0,0,0,0,0,0
2026-03-13 16:15:00,6.922,2.901,411.46,0,,0,0,0,-0.6349,1.2334,-0.9866,0,0,0,0,0,0
2026-03-13 16:30:00,6.982,2.804,415.33,0,,0,0,0,-0.1418,0.9447,-0.5478,0,0,0,0,0,0
2026-03-13 16:45:00,6.933,2.811,418.29,0,,0,0,0,-0.5594,0.9911,-0.2178,0,0,0,0,0,0
2026-03-13 17:00:00,6.95,2.886,419.67,0,,0,0,0,-0.4221,1.212,-0.0641,0,0,0,0,0,0
2026-03-13 17:15:00,6.979,3.031,412.57,0,,0,0,0,-0.1785,1.672,-0.8479,0,0,0,0,0,0
2026-03-13 17:30:00,6.974,3.09,414.97,0,,0,0,0,-0.2172,1.8211,-0.5722,0,0,0,0,0,0
2026-03-13 17:45:00,6.939,2.881,421.66,0,,0,0,0,-0.5126,1.1802,0.1642,0,0,0,0,0,0
2026-03-13 18:00:00,6.998,2.88,418.53,0,,0,0,0,-0.0077,1.1956,-0.1856,0,0,0,0,0,0
2026-03-13 18:15:00,7.06,2.805,415.2,0,,0,0,0,0.5128,0.9672,-0.547,0,0,0,0,0,0
2026-03-13 18:30:00,6.967,2.89,421.28,0,,0,0,0,-0.2744,1.2238,0.1275,0,0,0,0,0,0
2026-03-13 18:45:00,7.011,2.859,421.87,0,,0,0,0,0.1111,1.1312,0.1936,0,0,0,0,0,0
2026-03-13 19:00:00,6.97,2.982,423.81,0,,0,0,0,-0.2356,1.4943,0.4073,0,0,0,0,0,0
2026-03-13 19:15:00,7.095,2.48,425.97,0,,0,0,0,0.8314,-0.0448,0.6523,0,0,0,0,0,0
2026-03-13 19:30:00,7.053,2.708,426.45,0,,0,0,0,0.4651,0.6639,0.7122,0,0,0,0,0,0
2026-03-13 19:45:00,7.024,2.773,422.23,0,,0,0,0,0.2296,0.8706,0.2413,0,0,0,0,0,0
2026-03-13 20:00:00,7.08,2.696,424.36,0,,0,0,0,0.7081,0.6228,0.4726,0,0,0,0,0,0
2026-03-13 20:15:00,7.023,2.536,430.38,0,,0,0,0,0.2299,0.125,1.1303,0,0,0,0,0,0
2026-03-13 20:30:00,7.04,2.458,425.13,0,,0,0,0,0.382,-0.118,0.5456,0,0,0,0,0,0
2026-03-13 20:45:00,7.026,2.75,426.33,0,,0,0,0,0.2717,0.7837,0.6881,0,0,0,0,0,0
2026-03-13 21:00:00,7.053,2.49,422.47,0,,0,0,0,0.5193,-0.0264,0.2715,0,0,0,0,0,0
2026-03-13 21:15:00,7.181,2.315,428.91,0,,0,0,0,1.6208,-0.5635,0.9879,0,0,0,0,0,0
2026-03-13 21:30:00,7.082,2.681,430.9,0,,0,0,0,0.7743,0.5605,1.2,0,0,0,0,0,0
2026-03-13 21:45:00,7.148,2.595,422.08,0,,0,0,0,1.3412,0.3,0.2183,0,0,0,0,0,0
2026-03-13 22:00:00,7.088,2.483,426.11,0,,0,0,0,0.8312,-0.0519,0.6776,0,0,0,0,0,0
2026-03-13 22:15:00,7.173,2.337,425.08,0,,0,0,0,1.5647,-0.5079,0.5716,0,0,0,0,0,0
2026-03-13 22:30:00,7.087,2.431,434.24,0,,0,0,0,0.8235,-0.2138,1.6058,0,0,0,0,0,0
2026-03-13 22:45:00,7.144,2.604,423.71,0,,0,0,0,1.3204,0.3268,0.4331,0,0,0,0,0,0
2026-03-13 23:00:00,7.148,2.154,431.28,0,,0,0,0,1.3553,-1.061,1.307,0,0,0,0,0,0
2026-03-13 23:15:00,7.264,2.137,434.64,0,,0,0,0,2.302,-1.1001,1.6606,0,0,0,0,0,0
2026-03-13 23:30:00,7.18,2.253,432.65,0,,0,0,0,1.5755,-0.7317,1.4244,0,0,0,0,0,0
2026-03-13 23:45:00,7.12,2.319,430.21,0,,0,0,0,1.0685,-0.5239,1.1672,0,0,0,0,0,0
2026-03-14 00:00:00,7.184,2.226,433.39,0,,0,0,0,1.6008,-0.8026,1.5166,0,0,0,0,0,0
2026-03-14 00:15:00,7.257,2.374,436.12,0,,0,0,0,2.1761,-0.3571,1.7857,0,0,0,0,0,0
2026-03-14 00:30:00,7.067,2.42,431.47,0,,0,0,0,0.5957,-0.2192,1.2796,0,0,0,0,0,0
2026-03-14 00:45:00,7.105,2.278,422.81,0,,0,0,0,0.9184,-0.669,0.3172,0,0,0,0,0,0
2026-03-14 01:00:00,7.133,2.301,436.18,0,,0,0,0,1.1562,-0.6065,1.824,0,0,0,0,0,0
2026-03-14 01:15:00,7.121,2.24,432.96,0,,0,0,0,1.0496,-0.7885,1.4551,0,0,0,0,0,0
2026-03-14 01:30:00,7.122,2.184,430.95,0,,0,0,0,1.0912,-0.9522,1.2263,0,0,0,0,0,0
2026-03-14 01:45:00,7.069,1.973,422.84,0,,0,0,0,0.6538,-1.5804,0.337,0,0,0,0,0,0
2026-03-14 02:00:00,7.2,1.999,429.2,0,,0,0,0,1.776,-1.5165,1.0546,0,0,0,0,0,0
2026-03-14 02:15:00,7.054,1.939,426.48,0,,0,0,0,0.5323,-1.6989,0.7669,0,0,0,0,0,0
2026-03-14 02:30:00,7.109,2.108,424.66,0,,0,0,0,1.0007,-1.1847,0.5607,0,0,0,0,0,0
2026-03-14 02:45:00,7.165,2.156,428.48,0,,0,0,0,1.4556,-1.0406,1.0055,0,0,0,0,0,0
2026-03-14 03:00:00,7.105,1.896,426.34,0,,0,0,0,0.9357,-1.842,0.7634,0,0,0,0,0,0
2026-03-14 03:15:00,7.05,2.119,426.03,0,,0,0,0,0.4605,-1.156,0.7277,0,0,0,0,0,0
2026-03-14 03:30:00,7.024,1.972,430.26,0,,0,0,0,0.2426,-1.5787,1.2045,0,0,0,0,0,0
2026-03-14 03:45:00,7.072,1.94,427.69,0,,0,0,0,0.6591,-1.6539,0.9026,0,0,0,0,0,0
2026-03-14 04:00:00,7.037,2.006,424.02,0,,0,0,0,0.3667,-1.4425,0.4767,0,0,0,0,0,0
2026-03-14 04:15:00,7.077,1.933,422.82,0,,0,0,0,0.7057,-1.6609,0.3552,0,0,0,0,0,0
2026-03-14 04:30:00,6.987,2.194,422.77,0,,0,0,0,-0.0652,-0.8982,0.3492,0,0,0,0,0,0
2026-03-14 04:45:00,7.089,2.082,422.87,0,,0,0,0,0.8143,-1.2555,0.3695,0,0,0,0,0,0
2026-03-14 05:00:00,7.045,2.236,425.44,0,,0,0,0,0.4347,-0.8062,0.6736,0,0,0,0,0,0
2026-03-14 05:15:00,7.039,2.055,418.17,0,,0,0,0,0.3792,-1.3668,-0.1722,0,0,0,0,0,0
2026-03-14 05:30:00,7.092,2.07,427.4,0,,0,0,0,0.8374,-1.3103,0.8997,0,0,0,0,0,0
2026-03-14 05:45:00,6.988,2.422,423.12,0,,0,0,0,-0.0609,-0.2318,0.3973,0,0,0,0,0,0
2026-03-14 06:00:00,6.964,1.91,409.05,0,,0,0,0,-0.2581,-1.8136,-1.2211,0,0,0,0,0,0
2026-03-14 06:15:00,6.963,2.36,419.56,0,,0,0,0,-0.268,-0.4122,-0.0024,0,0,0,0,0,0
2026-03-14 06:30:00,6.971,2.431,422.6,0,,0,0,0,-0.1943,-0.1898,0.3386,0,0,0,0,0,0
2026-03-14 06:45:00,6.966,2.314,419.21,0,,0,0,0,-0.2375,-0.5537,-0.0669,0,0,0,0,0,0
2026-03-14 07:00:00,6.92,2.168,415.24,0,,0,0,0,-0.6339,-1.0063,-0.5219,0,0,0,0,0,0
2026-03-14 07:15:00,6.851,2.45,415.9,0,,0,0,0,-1.2109,-0.1333,-0.4635,0,0,0,0,0,0
2026-03-14 07:30:00,6.915,2.208,416.12,0,,0,0,0,-0.6585,-0.8745,-0.4373,0,0,0,0,0,0
2026-03-14 07:45:00,6.952,2.172,417.77,0,,0,0,0,-0.3588,-1.0006,-0.2472,0,0,0,0,0,0
2026-03-14 08:00:00,6.932,2.242,408.34,0,,0,0,0,-0.5579,-0.7704,-1.3498,0,0,0,0,0,0
2026-03-14 08:15:00,6.977,2.238,410.91,0,,0,0,0,-0.158,-0.7827,-1.0526,0,0,0,0,0,0
2026-03-14 08:30:00,7.006,2.205,419.25,0,,0,0,0,0.0962,-0.882,-0.0724,0,0,0,0,0,0
2026-03-14 08:45:00,6.939,2.538,412.22,0,,0,0,0,-0.4931,0.1464,-0.9046,0,0,0,0,0,0
2026-03-14 09:00:00,6.963,2.28,417.63,0,,0,0,0,-0.2878,-0.6502,-0.2574,0,0,0,0,0,0
2026-03-14 09:15:00,6.926,2.418,422.92,0,,0,0,0,-0.6335,-0.2273,0.3571,0,0,0,0,0,0
2026-03-14 09:30:00,6.966,2.231,408.51,0,,0,0,0,-0.2856,-0.8017,-1.3382,0,0,0,0,0,0
2026-03-14 09:45:00,6.968,2.478,405.23,0,,0,0,0,-0.2778,-0.0322,-1.7316,0,0,0,0,0,0
2026-03-14 10:00:00,6.918,2.327,408.55,0,,0,0,0,-0.7518,-0.4939,-1.3235,0,0,0,0,0,0
2026-03-14 10:15:00,6.901,2.349,413.63,0,,0,0,0,-0.9013,-0.4179,-0.7333,0,0,0,0,0,0
2026-03-14 10:30:00,6.851,2.536,413.87,0,,0,0,0,-1.3371,0.1609,-0.7129,0,0,0,0,0,0
2026-03-14 10:45:00,6.856,2.737,417.72,0,,0,0,0,-1.2853,0.7813,-0.268,0,0,0,0,0,0
2026-03-14 11:00:00,6.838,2.67,408.26,0,,0,0,0,-1.4441,0.5781,-1.378,0,0,0,0,0,0
2026-03-14 11:15:00,6.884,2.705,410.18,0,,0,0,0,-1.0503,0.6904,-1.1533,0,0,0,0,0,0
2026-03-14 11:30:00,6.815,2.634,405.26,0,,0,0,0,-1.6527,0.4731,-1.7386,0,0,0,0,0,0
2026-03-14 11:45:00,6.841,2.627,398.0,0,,0,0,0,-1.4131,0.4596,-2.5402,0,0,0,0,0,0
2026-03-14 12:00:00,6.732,2.819,407.84,0,,0,0,0,-2.3466,1.0613,-1.3838,0,0,0,0,0,0
2026-03-14 12:15:00,6.936,2.638,403.41,0,,0,0,0,-0.5406,0.5212,-1.867,0,0,0,0,0,0
2026-03-14 12:30:00,6.84,2.869,410.68,0,,0,0,0,-1.4036,1.2646,-1.0625,0,0,0,0,0,0
2026-03-14 12:45:00,6.876,2.949,400.71,0,,0,0,0,-1.0845,1.5022,-2.1691,0,0,0,0,0,0
2026-03-14 13:00:00,6.928,2.657,405.45,0,,0,0,0,-0.6428,0.5736,-1.6343,0,0,0,0,0,0
2026-03-14 13:15:00,6.873,2.697,409.71,0,,0,0,0,-1.1374,0.7041,-1.1448,0,0,0,0,0,0
2026-03-14 13:30:00,6.934,2.735,410.4,0,,0,0,0,-0.5937,0.8269,-1.0797,0,0,0,0,0,0
2026-03-14 13:45:00,6.803,2.613,409.05,0,,0,0,0,-1.758,0.4521,-1.2382,0,0,0,0,0,0
2026-03-14 14:00:00,6.99,2.776,417.08,0,,0,0,0,-0.0809,0.9741,-0.3264,0,0,0,0,0,0
2026-03-14 14:15:00,6.93,3.054,416.3,0,,0,0,0,-0.637,1.8648,-0.4176,0,0,0,0,0,0
2026-03-14 14:30:00,6.891,2.713,407.74,0,,0,0,0,-1.0103,0.7677,-1.4021,0,0,0,0,0,0
2026-03-14 14:45:00,6.958,3.078,417.42,0,,0,0,0,-0.3946,1.8888,-0.2819,0,0,0,0,0,0
2026-03-14 15:00:00,6.836,2.821,418.56,0,,0,0,0,-1.5203,1.0829,-0.1442,0,0,0,0,0,0
2026-03-14 15:15:00,6.887,3.209,411.59,0,,0,0,0,-1.051,2.24,-0.9516,0,0,0,0,0,0
2026-03-14 15:30:00,6.981,2.794,412.88,0,,0,0,0,-0.1887,0.9559,-0.7924,0,0,0,0,0,0
2026-03-14 15:45:00,6.823,2.878,413.13,0,,0,0,0,-1.6277,1.2086,-0.7688,0,0,0,0,0,0
2026-03-14 16:00:00,6.953,2.763,411.42,0,,0,0,0,-0.4496,0.8572,-0.9533,0,0,0,0,0,0
2026-03-14 16:15:00,6.96,2.796,412.51,0,,0,0,0,-0.3891,0.9656,-0.8297,0,0,0,0,0,0
2026-03-14 16:30:00,7.041,3.097,420.69,0,,0,0,0,0.3582,1.8583,0.1088,0,0,0,0,0,0
2026-03-14 16:45:00,6.873,2.963,417.89,0,,0,0,0,-1.191,1.4377,-0.2146,0,0,0,0,0,0
2026-03-14 17:00:00,7.042,3.041,414.68,0,,0,0,0,0.3627,1.6568,-0.5787,0,0,0,0,0,0
2026-03-14 17:15:00,6.943,2.681,413.95,0,,0,0,0,-0.5488,0.5948,-0.6655,0,0,0,0,0,0
2026-03-14 17:30:00,6.958,2.968,415.4,0,,0,0,0,-0.4085,1.4802,-0.4985,0,0,0,0,0,0
2026-03-14 17:45:00,6.929,2.713,418.56,0,,0,0,0,-0.6749,0.7095,-0.1295,0,0,0,0,0,0
2026-03-14 18:00:00,6.946,2.646,423.65,0,,0,0,0,-0.5123,0.5144,0.4525,0,0,0,0,0,0
2026-03-14 18:15:00,7.03,2.868,417.34,0,,0,0,0,0.2648,1.1966,-0.2793,0,0,0,0,0,0
2026-03-14 18:30:00,6.964,2.852,425.17,0,,0,0,0,-0.3437,1.1502,0.6203,0,0,0,0,0,0
2026-03-14 18:45:00,7.066,2.809,423.13,0,,0,0,0,0.5908,1.0206,0.3831,0,0,0,0,0,0
2026-03-14 19:00:00,7.006,2.89,423.68,0,,0,0,0,0.0349,1.2799,0.4468,0,0,0,0,0,0
2026-03-14 19:15:00,6.988,2.895,427.96,0,,0,0,0,-0.1211,1.271,0.9363,0,0,0,0,0,0
2026-03-14 19:30:00,7.031,2.964,427.97,0,,0,0,0,0.2789,1.4624,0.9342,0,0,0,0,0,0
2026-03-14 19:45:00,7.083,2.544,419.69,0,,0,0,0,0.7523,0.1868,-0.0147,0,0,0,0,0,0
2026-03-14 20:00:00,7.061,2.925,421.66,0,,0,0,0,0.5518,1.3386,0.2154,0,0,0,0,0,0
2026-03-14 20:15:00,7.085,2.959,425.75,0,,0,0,0,0.7653,1.4137,0.6956,0,0,0,0,0,0
2026-03-14 20:30:00,7.126,2.598,428.73,0,,0,0,0,1.1278,0.3212,1.0325,0,0,0,0,0,0
2026-03-14 20:45:00,7.153,2.378,433.37,0,,0,0,0,1.3499,-0.3307,1.5441,0,0,0,0,0,0
2026-03-14 21:00:00,7.091,2.396,428.75,0,,0,0,0,0.7823,-0.2733,1.004,0,0,0,0,0,0
2026-03-14 21:15:00,7.061,2.509,435.84,0,,0,0,0,0.5286,0.0619,1.7809,0,0,0,0,0,0
2026-03-14 21:30:00,7.123,2.854,426.69,0,,0,0,0,1.0888,1.0944,0.7615,0,0,0,0,0,0
2026-03-14 21:45:00,7.148,2.529,427.83,0,,0,0,0,1.3169,0.1185,0.8801,0,0,0,0,0,0
2026-03-14 22:00:00,7.057,2.407,429.17,0,,0,0,0,0.4902,-0.2464,1.0241,0,0,0,0,0,0
2026-03-14 22:15:00,7.09,2.371,427.49,0,,0,0,0,0.8075,-0.356,0.8312,0,0,0,0,0,0
2026-03-14 22:30:00,7.103,2.249,435.72,0,,0,0,0,0.9248,-0.7158,1.7455,0,0,0,0,0,0
2026-03-14 22:45:00,7.132,2.553,420.28,0,,0,0,0,1.195,0.1989,0.0265,0,0,0,0,0,0
2026-03-14 23:00:00,7.107,2.383,429.58,0,,0,0,0,0.9726,-0.3206,1.0697,0,0,0,0,0,0
2026-03-14 23:15:00,7.182,2.686,436.36,0,,0,0,0,1.7045,0.5794,1.8204,0,0,0,0,0,0
2026-03-14 23:30:00,7.068,2.441,430.65,0,,0,0,0,0.6487,-0.1698,1.1893,0,0,0,0,0,0
2026-03-14 23:45:00,7.071,2.448,436.27,0,,0,0,0,0.6853,-0.1528,1.7923,0,0,0,0,0,0
2026-03-15 00:00:00,7.133,2.264,440.79,0,,0,0,0,1.2958,-0.7149,2.2482,0,0,0,0,0,0
2026-03-15 00:15:00,7.141,2.114,432.3,0,,0,0,0,1.4178,-1.1564,1.3362,0,0,0,0,0,0
2026-03-15 00:30:00,7.076,2.125,436.57,0,,0,0,0,0.7725,-1.1068,1.783,0,0,0,0,0,0
2026-03-15 00:45:00,7.117,2.031,441.45,0,,0,0,0,1.1755,-1.3711,2.2321,0,0,0,0,0,0
2026-03-15 01:00:00,7.125,2.354,433.2,0,,0,0,0,1.2567,-0.4087,1.3687,0,0,0,0,0,0
2026-03-15 01:15:00,7.122,2.142,431.17,0,,0,0,0,1.2268,-1.0363,1.1576,0,0,0,0,0,0
2026-03-15 01:30:00,7.146,2.326,434.7,0,,0,0,0,1.4569,-0.494,1.5215,0,0,0,0,0,0
2026-03-15 01:45:00,7.101,2.188,435.5,0,,0,0,0,1.007,-0.9208,1.5719,0,0,0,0,0,0
2026-03-15 02:00:00,7.204,2.11,430.24,0,,0,0,0,2.0178,-1.1649,1.0188,0,0,0,0,0,0
2026-03-15 02:15:00,7.149,1.966,428.04,0,,0,0,0,1.4534,-1.6041,0.786,0,0,0,0,0,0
2026-03-15 02:30:00,7.079,2.176,436.39,0,,0,0,0,0.7775,-0.9717,1.624,0,0,0,0,0,0
2026-03-15 02:45:00,7.118,2.088,427.94,0,,0,0,0,1.1707,-1.234,0.7536,0,0,0,0,0,0
2026-03-15 03:00:00,7.112,2.249,433.26,0,,0,0,0,1.1102,-0.7681,1.286,0,0,0,0,0,0
2026-03-15 03:15:00,7.16,2.0,428.96,0,,0,0,0,1.552,-1.5227,0.8405,0,0,0,0,0,0
2026-03-15 03:30:00,7.061,2.196,434.61,0,,0,0,0,0.5867,-0.9384,1.4056,0,0,0,0,0,0
2026-03-15 03:45:00,7.122,2.347,423.27,0,,0,0,0,1.1671,-0.4922,0.2581,0,0,0,0,0,0
2026-03-15 04:00:00,7.077,2.141,422.6,0,,0,0,0,0.7276,-1.1496,0.1914,0,0,0,0,0,0
2026-03-15 04:15:00,7.141,2.219,428.73,0,,0,0,0,1.3281,-0.9249,0.8073,0,0,0,0,0,0
2026-03-15 04:30:00,7.122,2.189,420.07,0,,0,0,0,1.1255,-1.0205,-0.0696,0,0,0,0,0,0
2026-03-15 04:45:00,7.058,2.392,424.32,0,,0,0,0,0.5221,-0.3855,0.3605,0,0,0,0,0,0
2026-03-15 05:00:00,7.026,2.169,429.3,0,,0,0,0,0.2196,-1.1001,0.8599,0,0,0,0,0,0
2026-03-15 05:15:00,7.055,2.226,415.2,0,,0,0,0,0.4938,-0.9288,-0.5644,0,0,0,0,0,0
2026-03-15 05:30:00,7.011,2.125,423.17,0,,0,0,0,0.0836,-1.2612,0.2468,0,0,0,0,0,0
2026-03-15 05:45:00,7.094,2.025,425.63,0,,0,0,0,0.8622,-1.5531,0.493,0,0,0,0,0,0
2026-03-15 06:00:00,7.004,1.972,419.9,0,,0,0,0,0.0022,-1.7319,-0.0994,0,0,0,0,0,0
2026-03-15 06:15:00,6.97,2.357,415.51,0,,0,0,0,-0.3222,-0.4916,-0.5422,0,0,0,0,0,0
2026-03-15 06:30:00,6.957,2.031,417.38,0,,0,0,0,-0.4444,-1.5101,-0.346,0,0,0,0,0,0
2026-03-15 06:45:00,6.91,2.311,414.3,0,,0,0,0,-0.883,-0.6188,-0.653,0,0,0,0,0,0
2026-03-15 07:00:00,6.989,2.28,417.17,0,,0,0,0,-0.1411,-0.7236,-0.3638,0,0,0,0,0,0
2026-03-15 07:15:00,6.911,2.374,415.04,0,,0,0,0,-0.8955,-0.4206,-0.5793,0,0,0,0,0,0
2026-03-15 07:30:00,6.998,2.179,413.35,0,,0,0,0,-0.0704,-1.0408,-0.7468,0,0,0,0,0,0
2026-03-15 07:45:00,6.869,2.159,416.56,0,,0,0,0,-1.2931,-1.1036,-0.4196,0,0,0,0,0,0
2026-03-15 08:00:00,6.931,2.357,420.32,0,,0,0,0,-0.7011,-0.4778,-0.0513,0,0,0,0,0,0
2026-03-15 08:15:00,6.974,2.279,414.64,0,,0,0,0,-0.2903,-0.7291,-0.6384,0,0,0,0,0,0
2026-03-15 08:30:00,6.801,2.162,418.07,0,,0,0,0,-1.8845,-1.1002,-0.285,0,0,0,0,0,0
2026-03-15 08:45:00,7.002,2.662,418.4,0,,0,0,0,-0.0088,0.4916,-0.2587,0,0,0,0,0,0
2026-03-15 09:00:00,6.873,2.278,409.17,0,,0,0,0,-1.2016,-0.7329,-1.1919,0,0,0,0,0,0
2026-03-15 09:15:00,6.894,2.273,412.08,0,,0,0,0,-1.0002,-0.7422,-0.8793,0,0,0,0,0,0
2026-03-15 09:30:00,6.91,2.411,408.78,0,,0,0,0,-0.8434,-0.3103,-1.2162,0,0,0,0,0,0
2026-03-15 09:45:00,6.912,2.662,404.09,0,,0,0,0,-0.817,0.4843,-1.6896,0,0,0,0,0,0
2026-03-15 10:00:00,6.884,2.175,411.03,0,,0,0,0,-1.069,-1.059,-0.9893,0,0,0,0,0,0
2026-03-15 10:15:00,6.915,2.702,405.03,0,,0,0,0,-0.7859,0.6023,-1.5754,0,0,0,0,0,0
2026-03-15 10:30:00,6.887,2.415,410.85,0,,0,0,0,-1.0519,-0.3043,-0.9822,0,0,0,0,0,0
2026-03-15 10:45:00,6.946,2.618,402.41,0,,0,0,0,-0.5188,0.3443,-1.7855,0,0,0,0,0,0
2026-03-15 11:00:00,6.881,2.502,409.09,0,,0,0,0,-1.1358,-0.0189,-1.1263,0,0,0,0,0,0
2026-03-15 11:15:00,6.951,2.927,401.95,0,,0,0,0,-0.4881,1.317,-1.8034,0,0,0,0,0,0
2026-03-15 11:30:00,6.896,2.672,410.8,0,,0,0,0,-1.0265,0.5096,-0.9492,0,0,0,0,0,0
2026-03-15 11:45:00,6.76,2.571,406.45,0,,0,0,0,-2.2803,0.1925,-1.4091,0,0,0,0,0,0
2026-03-15 12:00:00,6.981,2.655,406.04,0,,0,0,0,-0.2369,0.4652,-1.4446,0,0,0,0,0,0
2026-03-15 12:15:00,6.822,2.736,412.53,0,,0,0,0,-1.7478,0.7176,-0.8155,0,0,0,0,0,0
2026-03-15 12:30:00,6.926,2.77,406.82,0,,0,0,0,-0.7663,0.8313,-1.3822,0,0,0,0,0,0
2026-03-15 12:45:00,6.854,2.83,408.67,0,,0,0,0,-1.4576,1.0308,-1.2209,0,0,0,0,0,0
2026-03-15 13:00:00,6.908,2.783,407.61,0,,0,0,0,-0.9322,0.8741,-1.3359,0,0,0,0,0,0
2026-03-15 13:15:00,6.824,2.594,410.67,0,,0,0,0,-1.7248,0.2762,-1.0247,0,0,0,0,0,0
2026-03-15 13:30:00,6.893,2.766,413.09,0,,0,0,0,-1.0562,0.8229,-0.7816,0,0,0,0,0,0
2026-03-15 13:45:00,6.853,2.924,412.58,0,,0,0,0,-1.4552,1.3047,-0.8411,0,0,0,0,0,0
2026-03-15 14:00:00,6.949,2.746,407.74,0,,0,0,0,-0.5264,0.7441,-1.319,0,0,0,0,0,0
2026-03-15 14:15:00,6.897,2.96,414.86,0,,0,0,0,-1.0199,1.4307,-0.5887,0,0,0,0,0,0
2026-03-15 14:30:00,6.928,2.874,406.81,0,,0,0,0,-0.729,1.1466,-1.4086,0,0,0,0,0,0
2026-03-15 14:45:00,6.779,2.846,408.01,0,,0,0,0,-2.0953,1.0777,-1.2659,0,0,0,0,0,0
2026-03-15 15:00:00,6.89,3.065,411.0,0,,0,0,0,-1.0649,1.7499,-0.9508,0,0,0,0,0,0
2026-03-15 15:15:00,6.922,2.632,416.28,0,,0,0,0,-0.7679,0.4105,-0.425,0,0,0,0,0,0
2026-03-15 15:30:00,6.92,2.795,408.01,0,,0,0,0,-0.7786,0.9391,-1.2495,0,0,0,0,0,0
2026-03-15 15:45:00,6.965,3.084,416.9,0,,0,0,0,-0.372,1.8496,-0.36,0,0,0,0,0,0
2026-03-15 16:00:00,6.907,3.175,413.78,0,,0,0,0,-0.9217,2.0854,-0.6784,0,0,0,0,0,0
2026-03-15 16:15:00,6.936,3.242,412.96,0,,0,0,0,-0.6407,2.2299,-0.762,0,0,0,0,0,0
2026-03-15 16:30:00,7.002,2.904,419.8,0,,0,0,0,-0.0056,1.2085,-0.0698,0,0,0,0,0,0
2026-03-15 16:45:00,6.838,2.961,412.93,0,,0,0,0,-1.5641,1.3855,-0.7568,0,0,0,0,0,0
2026-03-15 17:00:00,6.991,3.009,426.04,0,,0,0,0,-0.1019,1.538,0.5526,0,0,0,0,0,0
2026-03-15 17:15:00,6.954,3.07,416.95,0,,0,0,0,-0.4559,1.6912,-0.3674,0,0,0,0,0,0
2026-03-15 17:30:00,6.935,2.917,419.03,0,,0,0,0,-0.634,1.2265,-0.1614,0,0,0,0,0,0
2026-03-15 17:45:00,7.007,2.998,425.39,0,,0,0,0,0.0442,1.4524,0.4739,0,0,0,0,0,0
2026-03-15 18:00:00,7.061,2.915,420.7,0,,0,0,0,0.5483,1.1834,0.0033,0,0,0,0,0,0
2026-03-15 18:15:00,7.062,2.911,425.54,0,,0,0,0,0.554,1.1682,0.4834,0,0,0,0,0,0
2026-03-15 18:30:00,7.013,2.68,413.75,0,,0,0,0,0.0819,0.4784,-0.6941,0,0,0,0,0,0
2026-03-15 18:45:00,7.073,2.751,420.57,0,,0,0,0,0.6535,0.6964,-0.0037,0,0,0,0,0,0
2026-03-15 19:00:00,7.082,2.704,424.69,0,,0,0,0,0.7297,0.5625,0.4106,0,0,0,0,0,0
2026-03-15 19:15:00,7.044,2.585,428.18,0,,0,0,0,0.3625,0.2108,0.7621,0,0,0,0,0,0
2026-03-15 19:30:00,7.023,2.496,427.67,0,,0,0,0,0.1637,-0.0479,0.7111,0,0,0,0,0,0
2026-03-15 19:45:00,7.035,2.659,428.01,0,,0,0,0,0.2833,0.4534,0.7346,0,0,0,0,0,0
2026-03-15 20:00:00,7.117,2.66,430.24,0,,0,0,0,1.0546,0.4686,0.9453,0,0,0,0,0,0
2026-03-15 20:15:00,7.081,2.693,428.57,0,,0,0,0,0.7136,0.5854,0.7738,0,0,0,0,0,0
2026-03-15 20:30:00,7.039,2.736,418.73,0,,0,0,0,0.3256,0.7146,-0.1992,0,0,0,0,0,0
2026-03-15 20:45:00,7.015,2.657,433.68,0,,0,0,0,0.1112,0.4572,1.2978,0,0,0,0,0,0
2026-03-15 21:00:00,7.148,2.565,425.13,0,,0,0,0,1.3808,0.1628,0.4464,0,0,0,0,0,0
2026-03-15 21:15:00,7.085,2.441,430.28,0,,0,0,0,0.7728,-0.2247,0.9764,0,0,0,0,0,0
2026-03-15 21:30:00,7.136,2.684,430.24,0,,0,0,0,1.258,0.5469,0.9657,0,0,0,0,0,0
2026-03-15 21:45:00,7.187,2.511,430.17,0,,0,0,0,1.7313,0.0014,0.9542,0,0,0,0,0,0
2026-03-15 22:00:00,7.064,2.435,425.97,0,,0,0,0,0.5612,-0.2395,0.5362,0,0,0,0,0,0
2026-03-15 22:15:00,7.132,2.446,423.01,0,,0,0,0,1.1981,-0.2074,0.2429,0,0,0,0,0,0
2026-03-15 22:30:00,7.13,2.338,427.08,0,,0,0,0,1.1732,-0.5527,0.6702,0,0,0,0,0,0
2026-03-15 22:45:00,7.161,2.342,434.67,0,,0,0,0,1.4573,-0.5323,1.4146,0,0,0,0,0,0
2026-03-15 23:00:00,7.207,2.312,425.8,0,,0,0,0,1.8541,-0.6241,0.524,0,0,0,0,0,0
2026-03-15 23:15:00,7.081,2.328,428.25,0,,0,0,0,0.7039,-0.5618,0.789,0,0,0,0,0,0
2026-03-15 23:30:00,7.177,2.445,433.57,0,,0,0,0,1.5752,-0.1924,1.3255,0,0,0,0,0,0
2026-03-15 23:45:00,7.201,2.384,427.86,0,,0,0,0,1.7588,-0.3827,0.7602,0,0,0,0,0,0
2026-03-16 00:00:00,7.141,2.532,429.83,0,,0,0,0,1.2089,0.0758,0.9934,0,0,0,0,0,0
2026-03-16 00:15:00,7.143,2.46,432.3,0,,0,0,0,1.2267,-0.1649,1.2528,0,0,0,0,0,0
2026-03-16 00:30:00,7.17,2.55,433.03,0,,0,0,0,1.4506,0.1091,1.3413,0,0,0,0,0,0
2026-03-16 00:45:00,7.164,2.32,427.58,0,,0,0,0,1.3846,-0.6477,0.7996,0,0,0,0,0,0
2026-03-16 01:00:00,7.174,2.299,432.15,0,,0,0,0,1.4615,-0.7133,1.2973,0,0,0,0,0,0
2026-03-16 01:15:00,7.17,2.126,432.96,0,,0,0,0,1.4135,-1.2741,1.3794,0,0,0,0,0,0
2026-03-16 01:30:00,7.089,2.307,425.99,0,,0,0,0,0.7022,-0.6854,0.6429,0,0,0,0,0,0
2026-03-16 01:45:00,7.184,2.069,431.62,0,,0,0,0,1.5295,-1.4465,1.271,0,0,0,0,0,0
2026-03-16 02:00:00,7.188,1.933,427.53,0,,0,0,0,1.5702,-1.8619,0.8267,0,0,0,0,0,0
2026-03-16 02:15:00,7.134,2.37,430.47,0,,0,0,0,1.094,-0.4849,1.1451,0,0,0,0,0,0
2026-03-16 02:30:00,7.044,1.943,432.41,0,,0,0,0,0.2974,-1.8424,1.3731,0,0,0,0,0,0
2026-03-16 02:45:00,7.107,2.187,428.32,0,,0,0,0,0.8602,-1.0667,0.919,0,0,0,0,0,0
2026-03-16 03:00:00,7.116,1.982,432.14,0,,0,0,0,0.9398,-1.6988,1.346,0,0,0,0,0,0
2026-03-16 03:15:00,7.042,2.277,431.08,0,,0,0,0,0.294,-0.7767,1.2225,0,0,0,0,0,0
2026-03-16 03:30:00,7.073,2.293,430.94,0,,0,0,0,0.5713,-0.7305,1.2186,0,0,0,0,0,0
2026-03-16 03:45:00,7.013,2.18,428.28,0,,0,0,0,0.0425,-1.0851,0.9131,0,0,0,0,0,0
2026-03-16 04:00:00,7.105,2.287,430.4,0,,0,0,0,0.8694,-0.7494,1.132,0,0,0,0,0,0
2026-03-16 04:15:00,7.075,2.102,426.85,0,,0,0,0,0.6086,-1.3374,0.7442,0,0,0,0,0,0
2026-03-16 04:30:00,6.975,2.439,417.92,0,,0,0,0,-0.2859,-0.2627,-0.2396,0,0,0,0,0,0
2026-03-16 04:45:00,7.066,2.22,420.69,0,,0,0,0,0.5427,-0.9618,0.0705,0,0,0,0,0,0
2026-03-16 05:00:00,7.036,1.979,422.26,0,,0,0,0,0.2683,-1.7165,0.2535,0,0,0,0,0,0
2026-03-16 05:15:00,7.055,2.132,421.99,0,,0,0,0,0.4414,-1.2205,0.2159,0,0,0,0,0,0
2026-03-16 05:30:00,7.0,2.108,423.0,0,,0,0,0,-0.0587,-1.2954,0.3285,0,0,0,0,0,0
2026-03-16 05:45:00,6.97,2.104,417.56,0,,0,0,0,-0.3211,-1.3158,-0.2679,0,0,0,0,0,0
2026-03-16 06:00:00,6.961,1.905,428.03,0,,0,0,0,-0.3989,-1.9409,0.8859,0,0,0,0,0,0
2026-03-16 06:15:00,6.963,2.225,418.81,0,,0,0,0,-0.3799,-0.9161,-0.1415,0,0,0,0,0,0
2026-03-16 06:30:00,6.981,1.975,418.4,0,,0,0,0,-0.2181,-1.7016,-0.1883,0,0,0,0,0,0
2026-03-16 06:45:00,6.978,1.82,414.98,0,,0,0,0,-0.2529,-2.1269,-0.5695,0,0,0,0,0,0
2026-03-16 07:00:00,6.952,2.166,412.88,0,,0,0,0,-0.4872,-1.0507,-0.7959,0,0,0,0,0,0
2026-03-16 07:15:00,6.931,2.123,415.64,0,,0,0,0,-0.6824,-1.1675,-0.4906,0,0,0,0,0,0
2026-03-16 07:30:00,6.925,2.127,415.52,0,,0,0,0,-0.7284,-1.1516,-0.5073,0,0,0,0,0,0
2026-03-16 07:45:00,7.059,1.812,414.34,0,,0,0,0,0.4824,-2.0668,-0.635,0,0,0,0,0,0
2026-03-16 08:00:00,6.886,2.172,420.62,0,,0,0,0,-1.1023,-0.976,0.0616,0,0,0,0,0,0
2026-03-16 08:15:00,6.889,2.297,412.83,0,,0,0,0,-1.0607,-0.603,-0.7996,0,0,0,0,0,0
2026-03-16 08:30:00,7.073,2.252,412.35,0,,0,0,0,0.6021,-0.7423,-0.8432,0,0,0,0,0,0
2026-03-16 08:45:00,6.922,2.43,415.35,0,,0,0,0,-0.7886,-0.2015,-0.5078,0,0,0,0,0,0
2026-03-16 09:00:00,6.825,2.605,410.83,0,,0,0,0,-1.6696,0.3142,-1.0103,0,0,0,0,0,0
2026-03-16 09:15:00,6.929,2.499,413.14,0,,0,0,0,-0.7198,-0.0117,-0.757,0,0,0,0,0,0
2026-03-16 09:30:00,6.835,2.602,405.36,0,,0,0,0,-1.5646,0.2928,-1.6047,0,0,0,0,0,0
2026-03-16 09:45:00,6.921,2.64,404.94,0,,0,0,0,-0.7808,0.4082,-1.6546,0,0,0,0,0,0
2026-03-16 10:00:00,6.86,2.347,410.1,0,,0,0,0,-1.3321,-0.4827,-1.0838,0,0,0,0,0,0
2026-03-16 10:15:00,6.843,2.592,408.31,0,,0,0,0,-1.4685,0.263,-1.2918,0,0,0,0,0,0
2026-03-16 10:30:00,6.942,2.701,405.68,0,,0,0,0,-0.5812,0.5836,-1.5648,0,0,0,0,0,0
2026-03-16 10:45:00,6.886,2.513,409.12,0,,0,0,0,-1.079,0.0177,-1.2093,0,0,0,0,0,0
2026-03-16 11:00:00,6.904,2.485,409.25,0,,0,0,0,-0.9205,-0.0666,-1.1953,0,0,0,0,0,0
2026-03-16 11:15:00,6.875,2.708,405.39,0,,0,0,0,-1.169,0.62,-1.6406,0,0,0,0,0,0
2026-03-16 11:30:00,6.829,2.431,406.03,0,,0,0,0,-1.5642,-0.2174,-1.5521,0,0,0,0,0,0
2026-03-16 11:45:00,6.881,2.514,408.89,0,,0,0,0,-1.1324,0.0379,-1.2417,0,0,0,0,0,0
2026-03-16 12:00:00,6.91,2.6,403.92,0,,0,0,0,-0.8586,0.3025,-1.7867,0,0,0,0,0,0
2026-03-16 12:15:00,6.857,2.79,405.61,0,,0,0,0,-1.3493,0.8802,-1.5754,0,0,0,0,0,0
2026-03-16 12:30:00,6.941,2.776,410.24,0,,0,0,0,-0.5856,0.8371,-1.0748,0,0,0,0,0,0
2026-03-16 12:45:00,6.895,2.919,408.14,0,,0,0,0,-1.014,1.2666,-1.3056,0,0,0,0,0,0
2026-03-16 13:00:00,6.866,2.645,406.5,0,,0,0,0,-1.2702,0.4388,-1.483,0,0,0,0,0,0
2026-03-16 13:15:00,6.871,2.654,405.02,0,,0,0,0,-1.2372,0.464,-1.6257,0,0,0,0,0,0
2026-03-16 13:30:00,6.868,2.896,404.86,0,,0,0,0,-1.2588,1.1925,-1.6157,0,0,0,0,0,0
2026-03-16 13:45:00,6.803,2.713,408.71,0,,0,0,0,-1.8352,0.6479,-1.1895,0,0,0,0,0,0
2026-03-16 14:00:00,6.866,2.756,417.71,0,,0,0,0,-1.246,0.7788,-0.233,0,0,0,0,0,0
2026-03-16 14:15:00,6.886,2.58,412.29,0,,0,0,0,-1.0633,0.2559,-0.8175,0,0,0,0,0,0
2026-03-16 14:30:00,6.86,2.913,405.15,0,,0,0,0,-1.2832,1.2803,-1.5857,0,0,0,0,0,0
2026-03-16 14:45:00,6.904,3.11,413.81,0,,0,0,0,-0.9164,1.8555,-0.6597,0,0,0,0,0,0
2026-03-16 15:00:00,6.895,2.732,408.48,0,,0,0,0,-0.9995,0.7253,-1.2332,0,0,0,0,0,0
2026-03-16 15:15:00,6.94,3.046,412.07,0,,0,0,0,-0.5913,1.6569,-0.8364,0,0,0,0,0,0
2026-03-16 15:30:00,6.942,2.888,410.34,0,,0,0,0,-0.576,1.17,-1.0293,0,0,0,0,0,0
2026-03-16 15:45:00,6.925,2.634,421.42,0,,0,0,0,-0.7261,0.4209,0.1682,0,0,0,0,0,0
2026-03-16 16:00:00,6.857,2.766,409.46,0,,0,0,0,-1.3349,0.8573,-1.1206,0,0,0,0,0,0
2026-03-16 16:15:00,7.023,2.756,415.95,0,,0,0,0,0.1643,0.8643,-0.4232,0,0,0,0,0,0
2026-03-16 16:30:00,6.936,2.849,412.67,0,,0,0,0,-0.6196,1.1688,-0.768,0,0,0,0,0,0
2026-03-16 16:45:00,6.948,2.955,419.1,0,,0,0,0,-0.5267,1.5122,-0.0809,0,0,0,0,0,0
2026-03-16 17:00:00,6.944,3.164,418.07,0,,0,0,0,-0.558,2.1609,-0.1838,0,0,0,0,0,0
2026-03-16 17:15:00,6.946,2.664,422.68,0,,0,0,0,-0.5387,0.5835,0.31,0,0,0,0,0,0
2026-03-16 17:30:00,7.058,2.797,421.31,0,,0,0,0,0.4757,1.0258,0.1587,0,0,0,0,0,0
2026-03-16 17:45:00,7.059,2.724,416.44,0,,0,0,0,0.4794,0.8057,-0.3601,0,0,0,0,0,0
2026-03-16 18:00:00,7.022,2.656,431.66,0,,0,0,0,0.1445,0.595,1.2702,0,0,0,0,0,0
2026-03-16 18:15:00,7.004,2.847,423.01,0,,0,0,0,-0.015,1.2393,0.3417,0,0,0,0,0,0
2026-03-16 18:30:00,7.051,2.818,419.36,0,,0,0,0,0.4124,1.1323,-0.0584,0,0,0,0,0,0
2026-03-16 18:45:00,7.033,2.529,423.16,0,,0,0,0,0.2516,0.1762,0.3493,0,0,0,0,0,0
2026-03-16 19:00:00,7.029,2.786,425.63,0,,0,0,0,0.2204,1.032,0.6147,0,0,0,0,0,0
2026-03-16 19:15:00,7.065,2.583,426.23,0,,0,0,0,0.5494,0.3535,0.6829,0,0,0,0,0,0
2026-03-16 19:30:00,7.035,2.745,426.58,0,,0,0,0,0.2722,0.8827,0.7227,0,0,0,0,0,0
2026-03-16 19:45:00,7.079,2.913,429.17,0,,0,0,0,0.6714,1.4205,1.0006,0,0,0,0,0,0
2026-03-16 20:00:00,7.085,2.769,429.47,0,,0,0,0,0.7315,0.9389,1.0349,0,0,0,0,0,0
2026-03-16 20:15:00,7.113,2.704,423.28,0,,0,0,0,0.9836,0.7244,0.3723,0,0,0,0,0,0
2026-03-16 20:30:00,7.06,2.574,435.74,0,,0,0,0,0.4946,0.3033,1.6814,0,0,0,0,0,0
2026-03-16 20:45:00,7.134,2.639,435.79,0,,0,0,0,1.1538,0.5186,1.6781,0,0,0,0,0,0
2026-03-16 21:00:00,7.061,2.688,431.69,0,,0,0,0,0.5009,0.6748,1.2256,0,0,0,0,0,0
2026-03-16 21:15:00,7.084,2.648,429.18,0,,0,0,0,0.7121,0.5351,0.9621,0,0,0,0,0,0
2026-03-16 21:30:00,7.093,2.537,429.74,0,,0,0,0,0.8021,0.1754,1.0227,0,0,0,0,0,0
2026-03-16 21:45:00,7.071,2.559,428.68,0,,0,0,0,0.6185,0.2462,0.9133,0,0,0,0,0,0
2026-03-16 22:00:00,7.181,2.303,429.61,0,,0,0,0,1.6139,-0.5919,1.0048,0,0,0,0,0,0
2026-03-16 22:15:00,7.086,2.364,422.02,0,,0,0,0,0.7455,-0.3881,0.2017,0,0,0,0,0,0
2026-03-16 22:30:00,7.104,2.554,437.21,0,,0,0,0,0.9171,0.2293,1.7753,0,0,0,0,0,0
2026-03-16 22:45:00,7.205,2.548,436.07,0,,0,0,0,1.8376,0.2027,1.6506,0,0,0,0,0,0
2026-03-16 23:00:00,7.116,2.411,424.88,0,,0,0,0,1.0392,-0.2523,0.4853,0,0,0,0,0,0
2026-03-16 23:15:00,7.138,2.593,435.33,0,,0,0,0,1.2324,0.3392,1.5532,0,0,0,0,0,0
2026-03-16 23:30:00,7.098,2.423,431.87,0,,0,0,0,0.8768,-0.2212,1.2003,0,0,0,0,0,0
2026-03-16 23:45:00,7.191,2.288,431.18,0,,0,0,0,1.7531,-0.6624,1.1213,0,0,0,0,0,0
2026-03-17 00:00:00,7.192,2.117,433.97,0,,0,0,0,1.7442,-1.2024,1.3974,0,0,0,0,0,0
2026-03-17 00:15:00,7.187,2.494,425.0,0,,0,0,0,1.6825,0.0293,0.4874,0,0,0,0,0,0
2026-03-17 00:30:00,7.176,2.372,431.85,0,,0,0,0,1.5786,-0.3635,1.1988,0,0,0,0,0,0
2026-03-17 00:45:00,7.151,2.506,432.09,0,,0,0,0,1.3508,0.0683,1.2129,0,0,0,0,0,0
2026-03-17 01:00:00,7.119,2.542,431.91,0,,0,0,0,1.067,0.1782,1.195,0,0,0,0,0,0
2026-03-17 01:15:00,7.101,2.006,425.89,0,,0,0,0,0.9132,-1.5666,0.5863,0,0,0,0,0,0
2026-03-17 01:30:00,7.203,1.99,432.87,0,,0,0,0,1.8351,-1.5891,1.2944,0,0,0,0,0,0
2026-03-17 01:45:00,7.173,1.738,435.0,0,,0,0,0,1.5606,-2.3417,1.5031,0,0,0,0,0,0
2026-03-17 02:00:00,7.095,2.291,432.02,0,,0,0,0,0.8546,-0.6161,1.187,0,0,0,0,0,0
2026-03-17 02:15:00,7.127,2.24,429.06,0,,0,0,0,1.1571,-0.7731,0.8875,0,0,0,0,0,0
2026-03-17 02:30:00,7.104,2.145,440.28,0,,0,0,0,0.9312,-1.0937,1.9992,0,0,0,0,0,0
2026-03-17 02:45:00,7.056,1.937,425.32,0,,0,0,0,0.4879,-1.7362,0.494,0,0,0,0,0,0
2026-03-17 03:00:00,7.115,2.1,431.58,0,,0,0,0,1.0433,-1.2273,1.1283,0,0,0,0,0,0
2026-03-17 03:15:00,7.078,2.135,428.89,0,,0,0,0,0.6903,-1.1057,0.8604,0,0,0,0,0,0
2026-03-17 03:30:00,7.044,2.221,435.35,0,,0,0,0,0.3743,-0.8272,1.5017,0,0,0,0,0,0
2026-03-17 03:45:00,7.009,2.142,428.21,0,,0,0,0,0.0455,-1.0764,0.7821,0,0,0,0,0,0
2026-03-17 04:00:00,6.997,2.2,428.4,0,,0,0,0,-0.0571,-0.8869,0.8049,0,0,0,0,0,0
2026-03-17 04:15:00,7.048,2.082,427.33,0,,0,0,0,0.4282,-1.26,0.6961,0,0,0,0,0,0
2026-03-17 04:30:00,7.053,2.281,420.36,0,,0,0,0,0.4675,-0.622,-0.0101,0,0,0,0,0,0
2026-03-17 04:45:00,7.004,2.202,420.38,0,,0,0,0,0.0102,-0.8712,-0.0078,0,0,0,0,0,0
2026-03-17 05:00:00,7.071,1.936,422.0,0,,0,0,0,0.6405,-1.7079,0.1561,0,0,0,0,0,0
2026-03-17 05:15:00,7.026,2.33,426.17,0,,0,0,0,0.2179,-0.4724,0.572,0,0,0,0,0,0
2026-03-17 05:30:00,7.048,2.314,422.5,0,,0,0,0,0.4211,-0.5332,0.2025,0,0,0,0,0,0
2026-03-17 05:45:00,7.001,2.211,419.96,0,,0,0,0,-0.0266,-0.8689,-0.0562,0,0,0,0,0,0
2026-03-17 06:00:00,6.961,2.196,425.49,0,,0,0,0,-0.4053,-0.9396,0.5052,0,0,0,0,0,0
2026-03-17 06:15:00,6.996,2.416,411.29,0,,0,0,0,-0.0773,-0.2319,-0.918,0,0,0,0,0,0
2026-03-17 06:30:00,6.917,1.938,413.25,0,,0,0,0,-0.8166,-1.7857,-0.7136,0,0,0,0,0,0
2026-03-17 06:45:00,6.998,2.385,407.67,0,,0,0,0,-0.0538,-0.359,-1.2573,0,0,0,0,0,0
2026-03-17 07:00:00,6.914,2.146,421.73,0,,0,0,0,-0.8413,-1.1549,0.1354,0,0,0,0,0,0
2026-03-17 07:15:00,6.998,2.401,415.76,0,,0,0,0,-0.0567,-0.3167,-0.4615,0,0,0,0,0,0
2026-03-17 07:30:00,6.926,2.275,419.27,0,,0,0,0,-0.7368,-0.7491,-0.1146,0,0,0,0,0,0
2026-03-17 07:45:00,6.987,2.091,414.26,0,,0,0,0,-0.1538,-1.4063,-0.6159,0,0,0,0,0,0
2026-03-17 08:00:00,6.869,2.226,418.09,0,,0,0,0,-1.2655,-0.9457,-0.2299,0,0,0,0,0,0
2026-03-17 08:15:00,6.883,2.476,412.83,0,,0,0,0,-1.1321,-0.0904,-0.7562,0,0,0,0,0,0
2026-03-17 08:30:00,6.928,2.315,414.33,0,,0,0,0,-0.6932,-0.6503,-0.6091,0,0,0,0,0,0
2026-03-17 08:45:00,6.96,2.278,413.14,0,,0,0,0,-0.396,-0.7708,-0.725,0,0,0,0,0,0
2026-03-17 09:00:00,6.977,2.302,412.87,0,,0,0,0,-0.2541,-0.6758,-0.7555,0,0,0,0,0,0
2026-03-17 09:15:00,6.889,2.518,417.72,0,,0,0,0,-1.0901,0.068,-0.2748,0,0,0,0,0,0
2026-03-17 09:30:00,6.973,2.71,403.98,0,,0,0,0,-0.3052,0.7244,-1.6502,0,0,0,0,0,0
2026-03-17 09:45:00,6.861,2.153,409.75,0,,0,0,0,-1.3747,-1.1669,-1.084,0,0,0,0,0,0
2026-03-17 10:00:00,6.925,2.92,410.4,0,,0,0,0,-0.7709,1.4213,-1.0191,0,0,0,0,0,0
2026-03-17 10:15:00,6.818,2.557,409.43,0,,0,0,0,-1.7975,0.1933,-1.1197,0,0,0,0,0,0
2026-03-17 10:30:00,6.882,2.639,407.32,0,,0,0,0,-1.1677,0.4739,-1.3381,0,0,0,0,0,0
2026-03-17 10:45:00,6.741,2.513,406.5,0,,0,0,0,-2.4421,0.0465,-1.4134,0,0,0,0,0,0
2026-03-17 11:00:00,6.799,2.603,414.53,0,,0,0,0,-1.8627,0.3474,-0.611,0,0,0,0,0,0
2026-03-17 11:15:00,6.876,2.657,407.95,0,,0,0,0,-1.1531,0.5328,-1.2864,0,0,0,0,0,0
2026-03-17 11:30:00,6.786,2.496,417.85,0,,0,0,0,-1.9642,-0.0158,-0.2937,0,0,0,0,0,0
2026-03-17 11:45:00,6.872,2.556,410.14,0,,0,0,0,-1.1751,0.1863,-1.0912,0,0,0,0,0,0
2026-03-17 12:00:00,6.895,2.878,406.84,0,,0,0,0,-0.9622,1.2593,-1.4422,0,0,0,0,0,0
2026-03-17 12:15:00,6.825,2.489,410.24,0,,0,0,0,-1.5912,-0.0401,-1.102,0,0,0,0,0,0
2026-03-17 12:30:00,6.803,2.81,408.54,0,,0,0,0,-1.7515,1.0436,-1.2748,0,0,0,0,0,0
2026-03-17 12:45:00,6.829,2.708,413.6,0,,0,0,0,-1.5012,0.712,-0.7582,0,0,0,0,0,0
2026-03-17 13:00:00,6.807,2.639,403.74,0,,0,0,0,-1.6781,0.4772,-1.7802,0,0,0,0,0,0
2026-03-17 13:15:00,6.853,3.097,401.43,0,,0,0,0,-1.2683,1.9823,-2.0029,0,0,0,0,0,0
2026-03-17 13:30:00,6.867,2.674,410.36,0,,0,0,0,-1.1449,0.5813,-1.0927,0,0,0,0,0,0
2026-03-17 13:45:00,6.85,2.663,412.58,0,,0,0,0,-1.3073,0.5467,-0.869,0,0,0,0,0,0
2026-03-17 14:00:00,6.954,2.818,410.75,0,,0,0,0,-0.3969,1.0644,-1.0479,0,0,0,0,0,0
2026-03-17 14:15:00,6.839,2.743,412.71,0,,0,0,0,-1.4101,0.8041,-0.8441,0,0,0,0,0,0
2026-03-17 14:30:00,6.951,2.871,412.58,0,,0,0,0,-0.4284,1.237,-0.8747,0,0,0,0,0,0
2026-03-17 14:45:00,6.835,2.902,405.06,0,,0,0,0,-1.4471,1.3655,-1.6394,0,0,0,0,0,0
2026-03-17 15:00:00,6.898,2.922,412.64,0,,0,0,0,-0.8892,1.4161,-0.8576,0,0,0,0,0,0
2026-03-17 15:15:00,6.96,2.874,417.35,0,,0,0,0,-0.3416,1.2722,-0.3712,0,0,0,0,0,0
2026-03-17 15:30:00,6.965,2.791,413.38,0,,0,0,0,-0.2996,0.9969,-0.7947,0,0,0,0,0,0
2026-03-17 15:45:00,6.896,2.996,408.09,0,,0,0,0,-0.9078,1.6623,-1.3257,0,0,0,0,0,0
2026-03-17 16:00:00,6.953,2.883,412.66,0,,0,0,0,-0.4146,1.2711,-0.8545,0,0,0,0,0,0
2026-03-17 16:15:00,6.955,2.825,416.92,0,,0,0,0,-0.3902,1.0714,-0.4088,0,0,0,0,0,0
2026-03-17 16:30:00,6.916,3.119,422.59,0,,0,0,0,-0.7355,2.0168,0.1762,0,0,0,0,0,0
2026-03-17 16:45:00,6.983,2.874,408.32,0,,0,0,0,-0.1417,1.2153,-1.3038,0,0,0,0,0,0
2026-03-17 17:00:00,7.054,3.05,418.34,0,,0,0,0,0.4815,1.817,-0.2578,0,0,0,0,0,0
2026-03-17 17:15:00,6.994,3.063,413.93,0,,0,0,0,-0.0583,1.8165,-0.7071,0,0,0,0,0,0
2026-03-17 17:30:00,7.009,3.063,420.46,0,,0,0,0,0.0803,1.785,-0.0259,0,0,0,0,0,0
2026-03-17 17:45:00,7.024,2.962,421.57,0,,0,0,0,0.218,1.4367,0.0843,0,0,0,0,0,0
2026-03-17 18:00:00,6.927,2.846,419.07,0,,0,0,0,-0.6406,1.0519,-0.1639,0,0,0,0,0,0
2026-03-17 18:15:00,7.033,2.823,423.31,0,,0,0,0,0.304,0.9799,0.2809,0,0,0,0,0,0
2026-03-17 18:30:00,6.969,2.781,426.13,0,,0,0,0,-0.2603,0.8475,0.5687,0,0,0,0,0,0
2026-03-17 18:45:00,7.0,2.476,421.68,0,,0,0,0,0.0199,-0.1294,0.1039,0,0,0,0,0,0
2026-03-17 19:00:00,7.147,2.891,417.76,0,,0,0,0,1.3123,1.1942,-0.2988,0,0,0,0,0,0
2026-03-17 19:15:00,7.036,2.8,429.56,0,,0,0,0,0.3312,0.8925,0.9333,0,0,0,0,0,0
2026-03-17 19:30:00,7.02,2.867,427.91,0,,0,0,0,0.1906,1.0977,0.7584,0,0,0,0,0,0
2026-03-17 19:45:00,7.124,2.705,427.56,0,,0,0,0,1.1058,0.5945,0.7246,0,0,0,0,0,0
2026-03-17 20:00:00,7.028,2.8,423.24,0,,0,0,0,0.2625,0.896,0.2803,0,0,0,0,0,0
2026-03-17 20:15:00,7.061,2.47,430.61,0,,0,0,0,0.5622,-0.1491,1.0414,0,0,0,0,0,0
2026-03-17 20:30:00,7.154,2.478,435.47,0,,0,0,0,1.3701,-0.1204,1.5507,0,0,0,0,0,0
2026-03-17 20:45:00,7.101,2.257,427.43,0,,0,0,0,0.908,-0.8117,0.7264,0,0,0,0,0,0
2026-03-17 21:00:00,7.028,2.583,428.86,0,,0,0,0,0.2646,0.2311,0.8836,0,0,0,0,0,0
2026-03-17 21:15:00,7.14,2.462,424.76,0,,0,0,0,1.2464,-0.1491,0.4551,0,0,0,0,0,0
2026-03-17 21:30:00,7.099,2.417,426.64,0,,0,0,0,0.8836,-0.2887,0.6605,0,0,0,0,0,0
2026-03-17 21:45:00,7.202,2.576,425.68,0,,0,0,0,1.7545,0.2184,0.5627,0,0,0,0,0,0
2026-03-17 22:00:00,7.1,2.436,430.92,0,,0,0,0,0.8831,-0.2335,1.1203,0,0,0,0,0,0
2026-03-17 22:15:00,7.187,2.259,429.4,0,,0,0,0,1.6192,-0.7944,0.9453,0,0,0,0,0,0
2026-03-17 22:30:00,7.227,2.83,432.58,0,,0,0,0,1.9245,1.0136,1.299,0,0,0,0,0,0
2026-03-17 22:45:00,7.099,2.416,427.8,0,,0,0,0,0.8512,-0.2964,0.8051,0,0,0,0,0,0
2026-03-17 23:00:00,7.135,2.234,430.92,0,,0,0,0,1.1587,-0.8651,1.1304,0,0,0,0,0,0
2026-03-17 23:15:00,7.167,2.271,427.96,0,,0,0,0,1.4274,-0.7356,0.8278,0,0,0,0,0,0
2026-03-17 23:30:00,7.106,2.321,432.65,0,,0,0,0,0.9014,-0.5737,1.3365,0,0,0,0,0,0
2026-03-17 23:45:00,7.163,2.297,425.45,0,,0,0,0,1.3993,-0.6498,0.5625,0,0,0,0,0,0
2026-03-18 00:00:00,7.139,2.495,432.61,0,,0,0,0,1.2052,-0.0386,1.3509,0,0,0,0,0,0
2026-03-18 00:15:00,7.137,2.266,430.86,0,,0,0,0,1.2001,-0.7561,1.1457,0,0,0,0,0,0
2026-03-18 00:30:00,7.151,2.535,432.62,0,,0,0,0,1.3292,0.0904,1.3353,0,0,0,0,0,0
2026-03-18 00:45:00,7.151,2.171,425.16,0,,0,0,0,1.3292,-1.046,0.5341,0,0,0,0,0,0
2026-03-18 01:00:00,7.153,2.281,434.21,0,,0,0,0,1.3386,-0.6892,1.5192,0,0,0,0,0,0
2026-03-18 01:15:00,7.112,2.353,430.17,0,,0,0,0,0.9783,-0.4799,1.0681,0,0,0,0,0,0
2026-03-18 01:30:00,7.111,2.362,431.96,0,,0,0,0,0.9895,-0.4697,1.2658,0,0,0,0,0,0
2026-03-18 01:45:00,7.129,2.364,423.28,0,,0,0,0,1.159,-0.5003,0.3368,0,0,0,0,0,0
2026-03-18 02:00:00,7.128,2.113,425.42,0,,0,0,0,1.1435,-1.3212,0.5852,0,0,0,0,0,0
2026-03-18 02:15:00,7.103,2.14,428.42,0,,0,0,0,0.9264,-1.2239,0.9205,0,0,0,0,0,0
2026-03-18 02:30:00,7.135,1.759,435.02,0,,0,0,0,1.204,-2.4078,1.6822,0,0,0,0,0,0
2026-03-18 02:45:00,7.022,2.092,431.13,0,,0,0,0,0.2071,-1.3529,1.2291,0,0,0,0,0,0
2026-03-18 03:00:00,7.07,2.277,429.0,0,,0,0,0,0.6388,-0.7635,0.9968,0,0,0,0,0,0
2026-03-18 03:15:00,7.085,2.242,424.21,0,,0,0,0,0.7712,-0.8848,0.4655,0,0,0,0,0,0
2026-03-18 03:30:00,7.049,2.09,422.88,0,,0,0,0,0.4506,-1.3714,0.3352,0,0,0,0,0,0
2026-03-18 03:45:00,7.165,2.356,427.77,0,,0,0,0,1.4507,-0.5146,0.8969,0,0,0,0,0,0
2026-03-18 04:00:00,7.076,2.042,428.8,0,,0,0,0,0.6598,-1.5289,1.014,0,0,0,0,0,0
2026-03-18 04:15:00,7.075,1.993,426.14,0,,0,0,0,0.6477,-1.6777,0.7113,0,0,0,0,0,0
2026-03-18 04:30:00,7.033,2.033,431.43,0,,0,0,0,0.282,-1.5249,1.2936,0,0,0,0,0,0
2026-03-18 04:45:00,7.047,1.939,421.13,0,,0,0,0,0.4004,-1.7958,0.1209,0,0,0,0,0,0
2026-03-18 05:00:00,6.978,2.207,423.82,0,,0,0,0,-0.1955,-0.9665,0.4245,0,0,0,0,0,0
2026-03-18 05:15:00,7.021,2.165,415.57,0,,0,0,0,0.1821,-1.0909,-0.5014,0,0,0,0,0,0
2026-03-18 05:30:00,6.973,2.222,422.41,0,,0,0,0,-0.2322,-0.9033,0.2772,0,0,0,0,0,0
2026-03-18 05:45:00,6.996,2.079,426.66,0,,0,0,0,-0.0299,-1.3485,0.7507,0,0,0,0,0,0
2026-03-18 06:00:00,6.872,2.145,415.83,0,,0,0,0,-1.1034,-1.1352,-0.4672,0,0,0,0,0,0
2026-03-18 06:15:00,6.934,1.841,422.58,0,,0,0,0,-0.556,-2.0343,0.2874,0,0,0,0,0,0
2026-03-18 06:30:00,7.054,2.239,424.2,0,,0,0,0,0.4775,-0.8204,0.4602,0,0,0,0,0,0
2026-03-18 06:45:00,7.012,2.214,414.9,0,,0,0,0,0.1098,-0.8902,-0.6174,0,0,0,0,0,0
2026-03-18 07:00:00,7.027,2.052,418.76,0,,0,0,0,0.231,-1.3886,-0.1684,0,0,0,0,0,0
2026-03-18 07:15:00,7.021,2.221,422.46,0,,0,0,0,0.1764,-0.8531,0.2507,0,0,0,0,0,0
2026-03-18 07:30:00,6.976,2.218,416.33,0,,0,0,0,-0.2221,-0.8594,-0.4534,0,0,0,0,0,0
2026-03-18 07:45:00,6.911,2.542,417.84,0,,0,0,0,-0.7821,0.1321,-0.284,0,0,0,0,0,0
2026-03-18 08:00:00,6.873,2.141,406.9,0,,0,0,0,-1.1148,-1.1162,-1.5172,0,0,0,0,0,0
2026-03-18 08:15:00,6.974,2.373,415.72,0,,0,0,0,-0.2419,-0.389,-0.5142,0,0,0,0,0,0
2026-03-18 08:30:00,6.912,2.183,414.76,0,,0,0,0,-0.7842,-0.9736,-0.6248,0,0,0,0,0,0
2026-03-18 08:45:00,7.026,2.288,406.78,0,,0,0,0,0.2101,-0.6479,-1.5179,0,0,0,0,0,0
2026-03-18 09:00:00,6.876,2.438,407.66,0,,0,0,0,-1.0908,-0.1866,-1.402,0,0,0,0,0,0
2026-03-18 09:15:00,6.986,2.39,413.39,0,,0,0,0,-0.1405,-0.3316,-0.7489,0,0,0,0,0,0
2026-03-18 09:30:00,6.873,2.447,409.27,0,,0,0,0,-1.1152,-0.1461,-1.2302,0,0,0,0,0,0
2026-03-18 09:45:00,6.942,2.524,414.47,0,,0,0,0,-0.5247,0.0824,-0.6486,0,0,0,0,0,0
2026-03-18 10:00:00,6.955,2.426,410.85,0,,0,0,0,-0.414,-0.2108,-1.063,0,0,0,0,0,0
2026-03-18 10:15:00,6.814,2.659,409.46,0,,0,0,0,-1.6512,0.5227,-1.2218,0,0,0,0,0,0
2026-03-18 10:30:00,6.837,2.506,408.23,0,,0,0,0,-1.4378,0.0435,-1.3655,0,0,0,0,0,0
2026-03-18 10:45:00,6.806,2.563,409.81,0,,0,0,0,-1.7352,0.2221,-1.1953,0,0,0,0,0,0
2026-03-18 11:00:00,6.794,2.658,411.62,0,,0,0,0,-1.8393,0.5205,-0.9808,0,0,0,0,0,0
2026-03-18 11:15:00,6.886,2.663,410.37,0,,0,0,0,-1.0287,0.5361,-1.1312,0,0,0,0,0,0
2026-03-18 11:30:00,6.841,2.75,406.41,0,,0,0,0,-1.444,0.8,-1.5536,0,0,0,0,0,0
2026-03-18 11:45:00,6.853,2.724,412.98,0,,0,0,0,-1.3323,0.7108,-0.8128,0,0,0,0,0,0
2026-03-18 12:00:00,6.878,2.77,410.63,0,,0,0,0,-1.1064,0.862,-1.0918,0,0,0,0,0,0
2026-03-18 12:15:00,6.757,2.673,409.57,0,,0,0,0,-2.1495,0.5492,-1.2115,0,0,0,0,0,0
2026-03-18 12:30:00,6.916,2.583,408.47,0,,0,0,0,-0.7742,0.2745,-1.3373,0,0,0,0,0,0
2026-03-18 12:45:00,6.835,2.55,410.23,0,,0,0,0,-1.4966,0.1757,-1.1273,0,0,0,0,0,0
2026-03-18 13:00:00,6.882,2.532,401.08,0,,0,0,0,-1.096,0.1222,-2.1549,0,0,0,0,0,0
2026-03-18 13:15:00,6.889,3.065,409.6,0,,0,0,0,-1.0407,1.8189,-1.2179,0,0,0,0,0,0
2026-03-18 13:30:00,6.93,2.485,415.47,0,,0,0,0,-0.6803,-0.0197,-0.55,0,0,0,0,0,0
2026-03-18 13:45:00,6.86,3.012,410.12,0,,0,0,0,-1.3188,1.6272,-1.1636,0,0,0,0,0,0
2026-03-18 14:00:00,6.764,2.723,409.94,0,,0,0,0,-2.1235,0.723,-1.1821,0,0,0,0,0,0
2026-03-18 14:15:00,6.878,3.037,407.64,0,,0,0,0,-1.1196,1.6836,-1.4314,0,0,0,0,0,0
2026-03-18 14:30:00,6.891,2.539,412.45,0,,0,0,0,-0.9939,0.1431,-0.8798,0,0,0,0,0,0
2026-03-18 14:45:00,6.836,2.844,410.2,0,,0,0,0,-1.4831,1.1051,-1.1541,0,0,0,0,0,0
2026-03-18 15:00:00,6.901,3.104,416.75,0,,0,0,0,-0.9057,1.8987,-0.4029,0,0,0,0,0,0
2026-03-18 15:15:00,6.883,2.999,408.63,0,,0,0,0,-1.0532,1.5586,-1.3227,0,0,0,0,0,0
2026-03-18 15:30:00,6.842,2.846,410.89,0,,0,0,0,-1.3909,1.0808,-1.0569,0,0,0,0,0,0
2026-03-18 15:45:00,6.95,2.608,410.93,0,,0,0,0,-0.4512,0.3615,-1.0601,0,0,0,0,0,0
2026-03-18 16:00:00,6.897,2.702,421.34,0,,0,0,0,-0.9088,0.6654,0.1288,0,0,0,0,0,0
2026-03-18 16:15:00,6.913,3.108,413.93,0,,0,0,0,-0.7631,1.9081,-0.7228,0,0,0,0,0,0
2026-03-18 16:30:00,6.919,2.844,413.22,0,,0,0,0,-0.7111,1.1124,-0.7911,0,0,0,0,0,0
2026-03-18 16:45:00,7.014,2.882,407.78,0,,0,0,0,0.1167,1.2314,-1.415,0,0,0,0,0,0
2026-03-18 17:00:00,6.959,2.929,413.25,0,,0,0,0,-0.3557,1.3921,-0.7779,0,0,0,0,0,0
2026-03-18 17:15:00,6.975,2.683,419.77,0,,0,0,0,-0.214,0.6352,-0.0378,0,0,0,0,0,0
2026-03-18 17:30:00,6.958,2.931,420.53,0,,0,0,0,-0.3578,1.4485,0.0494,0,0,0,0,0,0
2026-03-18 17:45:00,7.013,2.796,416.61,0,,0,0,0,0.1239,1.0238,-0.3948,0,0,0,0,0,0
2026-03-18 18:00:00,7.067,2.89,417.62,0,,0,0,0,0.5834,1.3268,-0.277,0,0,0,0,0,0
2026-03-18 18:15:00,7.042,2.746,428.22,0,,0,0,0,0.3639,0.8623,0.9301,0,0,0,0,0,0
2026-03-18 18:30:00,7.054,2.581,432.35,0,,0,0,0,0.4607,0.3313,1.3842,0,0,0,0,0,0
2026-03-18 18:45:00,7.06,2.737,426.94,0,,0,0,0,0.5069,0.8315,0.7619,0,0,0,0,0,0
2026-03-18 19:00:00,6.97,2.879,429.34,0,,0,0,0,-0.2642,1.2971,1.0146,0,0,0,0,0,0
2026-03-18 19:15:00,7.004,2.823,430.94,0,,0,0,0,0.0378,1.1121,1.1909,0,0,0,0,0,0
2026-03-18 19:30:00,7.047,2.748,433.45,0,,0,0,0,0.4134,0.8747,1.4553,0,0,0,0,0,0
2026-03-18 19:45:00,7.03,2.857,424.1,0,,0,0,0,0.2741,1.2212,0.4179,0,0,0,0,0,0
2026-03-18 20:00:00,7.022,2.669,422.49,0,,0,0,0,0.2039,0.6136,0.2389,0,0,0,0,0,0
2026-03-18 20:15:00,6.99,2.685,434.0,0,,0,0,0,-0.0727,0.6572,1.5137,0,0,0,0,0,0
2026-03-18 20:30:00,7.024,2.581,423.45,0,,0,0,0,0.2429,0.3133,0.3596,0,0,0,0,0,0
2026-03-18 20:45:00,7.086,2.772,423.8,0,,0,0,0,0.8002,0.919,0.4044,0,0,0,0,0,0
2026-03-18 21:00:00,7.103,2.647,424.46,0,,0,0,0,0.9414,0.5082,0.4861,0,0,0,0,0,0
2026-03-18 21:15:00,7.073,2.494,428.5,0,,0,0,0,0.6842,0.0079,0.9374,0,0,0,0,0,0
2026-03-18 21:30:00,7.123,2.329,421.58,0,,0,0,0,1.1282,-0.5269,0.1605,0,0,0,0,0,0
2026-03-18 21:45:00,7.103,2.692,424.25,0,,0,0,0,0.971,0.651,0.4657,0,0,0,0,0,0
2026-03-18 22:00:00,7.184,2.388,427.9,0,,0,0,0,1.6805,-0.3361,0.8873,0,0,0,0,0,0
2026-03-18 22:15:00,7.126,2.485,425.98,0,,0,0,0,1.1751,-0.0285,0.6748,0,0,0,0,0,0
2026-03-18 22:30:00,7.173,2.801,435.34,0,,0,0,0,1.6213,1.0042,1.7336,0,0,0,0,0,0
2026-03-18 22:45:00,7.152,2.542,431.39,0,,0,0,0,1.4157,0.1543,1.2738,0,0,0,0,0,0
2026-03-18 23:00:00,7.075,2.638,433.9,0,,0,0,0,0.7257,0.4553,1.5471,0,0,0,0,0,0
2026-03-18 23:15:00,7.143,2.291,433.64,0,,0,0,0,1.3541,-0.682,1.4991,0,0,0,0,0,0
2026-03-18 23:30:00,7.087,2.508,431.07,0,,0,0,0,0.8438,0.0226,1.2163,0,0,0,0,0,0
2026-03-18 23:45:00,7.144,2.327,435.93,0,,0,0,0,1.373,-0.5728,1.7244,0,0,0,0,0,0
2026-03-19 00:00:00,7.113,2.355,433.81,0,,0,0,0,1.0932,-0.4755,1.4857,0,0,0,0,0,0
2026-03-19 00:15:00,7.169,2.581,430.7,0,,0,0,0,1.6003,0.2558,1.1429,0,0,0,0,0,0
2026-03-19 00:30:00,7.082,2.215,425.16,0,,0,0,0,0.8128,-0.9329,0.5446,0,0,0,0,0,0
2026-03-19 00:45:00,7.148,2.239,433.85,0,,0,0,0,1.4254,-0.8586,1.4862,0,0,0,0,0,0
2026-03-19 01:00:00,7.174,2.082,426.55,0,,0,0,0,1.6591,-1.3574,0.6978,0,0,0,0,0,0
2026-03-19 01:15:00,7.187,2.333,432.88,0,,0,0,0,1.7538,-0.5386,1.3933,0,0,0,0,0,0
2026-03-19 01:30:00,7.1,2.099,431.4,0,,0,0,0,0.9601,-1.2819,1.231,0,0,0,0,0,0
2026-03-19 01:45:00,7.135,2.321,425.32,0,,0,0,0,1.2791,-0.5625,0.5539,0,0,0,0,0,0
2026-03-19 02:00:00,7.139,1.906,431.43,0,,0,0,0,1.3129,-1.8754,1.2161,0,0,0,0,0,0
2026-03-19 02:15:00,7.202,2.224,430.74,0,,0,0,0,1.854,-0.8646,1.1344,0,0,0,0,0,0
2026-03-19 02:30:00,7.045,2.034,430.3,0,,0,0,0,0.4502,-1.5097,1.0996,0,0,0,0,0,0
2026-03-19 02:45:00,7.067,2.231,429.61,0,,0,0,0,0.6446,-0.8763,1.0271,0,0,0,0,0,0
2026-03-19 03:00:00,7.246,2.112,425.88,0,,0,0,0,2.1973,-1.2539,0.6191,0,0,0,0,0,0
2026-03-19 03:15:00,7.085,2.027,430.28,0,,0,0,0,0.7724,-1.5107,1.0952,0,0,0,0,0,0
2026-03-19 03:30:00,6.997,2.045,424.55,0,,0,0,0,-0.0017,-1.4479,0.4595,0,0,0,0,0,0
2026-03-19 03:45:00,7.054,1.973,422.37,0,,0,0,0,0.519,-1.6449,0.2257,0,0,0,0,0,0
2026-03-19 04:00:00,6.937,2.226,428.7,0,,0,0,0,-0.5162,-0.8517,0.9274,0,0,0,0,0,0
2026-03-19 04:15:00,7.078,1.944,429.05,0,,0,0,0,0.7474,-1.7492,0.9602,0,0,0,0,0,0
2026-03-19 04:30:00,7.098,2.063,427.02,0,,0,0,0,0.917,-1.3717,0.7447,0,0,0,0,0,0
2026-03-19 04:45:00,7.003,2.159,423.03,0,,0,0,0,0.073,-1.0832,0.2991,0,0,0,0,0,0
2026-03-19 05:00:00,7.015,2.356,415.35,0,,0,0,0,0.1768,-0.4524,-0.5436,0,0,0,0,0,0
2026-03-19 05:15:00,7.075,2.12,428.27,0,,0,0,0,0.7064,-1.215,0.8731,0,0,0,0,0,0
2026-03-19 05:30:00,6.932,2.094,413.75,0,,0,0,0,-0.5641,-1.2889,-0.722,0,0,0,0,0,0
2026-03-19 05:45:00,6.944,2.182,423.13,0,,0,0,0,-0.4519,-1.0126,0.3182,0,0,0,0,0,0
2026-03-19 06:00:00,6.989,1.843,428.44,0,,0,0,0,-0.0629,-2.0664,0.8884,0,0,0,0,0,0
2026-03-19 06:15:00,6.953,1.988,419.81,0,,0,0,0,-0.3873,-1.624,-0.0603,0,0,0,0,0,0
2026-03-19 06:30:00,6.966,2.126,419.6,0,,0,0,0,-0.2629,-1.172,-0.0782,0,0,0,0,0,0
2026-03-19 06:45:00,6.908,2.092,419.18,0,,0,0,0,-0.7709,-1.2712,-0.1298,0,0,0,0,0,0
2026-03-19 07:00:00,6.972,1.977,417.69,0,,0,0,0,-0.1937,-1.6293,-0.2933,0,0,0,0,0,0
2026-03-19 07:15:00,6.944,2.365,425.55,0,,0,0,0,-0.4366,-0.4024,0.5716,0,0,0,0,0,0
2026-03-19 07:30:00,6.97,2.295,412.04,0,,0,0,0,-0.2037,-0.6293,-0.9124,0,0,0,0,0,0
2026-03-19 07:45:00,6.944,2.299,410.82,0,,0,0,0,-0.4399,-0.6073,-1.0331,0,0,0,0,0,0
2026-03-19 08:00:00,6.935,2.196,412.69,0,,0,0,0,-0.5287,-0.9392,-0.8415,0,0,0,0,0,0
2026-03-19 08:15:00,6.844,2.335,420.3,0,,0,0,0,-1.3227,-0.4938,-0.0071,0,0,0,0,0,0
2026-03-19 08:30:00,6.933,2.424,410.39,0,,0,0,0,-0.5322,-0.2188,-1.0922,0,0,0,0,0,0
2026-03-19 08:45:00,6.885,2.332,413.81,0,,0,0,0,-0.9433,-0.5158,-0.7307,0,0,0,0,0,0
2026-03-19 09:00:00,6.886,2.463,415.8,0,,0,0,0,-0.9362,-0.0961,-0.524,0,0,0,0,0,0
2026-03-19 09:15:00,6.94,2.303,414.09,0,,0,0,0,-0.4513,-0.606,-0.7169,0,0,0,0,0,0
2026-03-19 09:30:00,6.845,2.462,414.55,0,,0,0,0,-1.2886,-0.0968,-0.6755,0,0,0,0,0,0
2026-03-19 09:45:00,6.943,2.645,415.69,0,,0,0,0,-0.4209,0.4854,-0.5489,0,0,0,0,0,0
2026-03-19 10:00:00,6.942,2.685,410.84,0,,0,0,0,-0.4283,0.6038,-1.0964,0,0,0,0,0,0
2026-03-19 10:15:00,6.903,2.725,407.41,0,,0,0,0,-0.7895,0.7285,-1.4763,0,0,0,0,0,0
2026-03-19 10:30:00,6.812,2.595,409.5,0,,0,0,0,-1.5951,0.3103,-1.2451,0,0,0,0,0,0
2026-03-19 10:45:00,6.749,2.583,407.28,0,,0,0,0,-2.1295,0.2713,-1.4864,0,0,0,0,0,0
2026-03-19 11:00:00,6.909,2.536,418.5,0,,0,0,0,-0.7387,0.1256,-0.2358,0,0,0,0,0,0
2026-03-19 11:15:00,6.858,2.357,406.1,0,,0,0,0,-1.1886,-0.4363,-1.6188,0,0,0,0,0,0
2026-03-19 11:30:00,6.814,2.451,410.04,0,,0,0,0,-1.5725,-0.1263,-1.1885,0,0,0,0,0,0
2026-03-19 11:45:00,6.909,2.652,402.02,0,,0,0,0,-0.7379,0.5216,-2.0412,0,0,0,0,0,0
2026-03-19 12:00:00,6.807,2.684,408.53,0,,0,0,0,-1.6273,0.6287,-1.3146,0,0,0,0,0,0
2026-03-19 12:15:00,6.829,2.934,406.88,0,,0,0,0,-1.4565,1.4123,-1.4873,0,0,0,0,0,0
2026-03-19 12:30:00,6.878,2.941,410.81,0,,0,0,0,-1.0112,1.4083,-1.0616,0,0,0,0,0,0
2026-03-19 12:45:00,6.797,2.661,411.04,0,,0,0,0,-1.7212,0.5195,-1.0383,0,0,0,0,0,0
2026-03-19 13:00:00,6.85,2.906,414.08,0,,0,0,0,-1.2436,1.2692,-0.7338,0,0,0,0,0,0
2026-03-19 13:15:00,6.912,2.729,413.99,0,,0,0,0,-0.6983,0.7367,-0.753,0,0,0,0,0,0
2026-03-19 13:30:00,6.872,2.92,408.65,0,,0,0,0,-1.043,1.3159,-1.3399,0,0,0,0,0,0
2026-03-19 13:45:00,6.928,2.953,405.46,0,,0,0,0,-0.5581,1.4257,-1.68,0,0,0,0,0,0
2026-03-19 14:00:00,6.927,3.033,406.3,0,,0,0,0,-0.5939,1.6478,-1.5728,0,0,0,0,0,0
2026-03-19 14:15:00,6.876,2.785,411.23,0,,0,0,0,-1.0552,0.8931,-1.0352,0,0,0,0,0,0
2026-03-19 14:30:00,6.764,3.022,411.11,0,,0,0,0,-2.021,1.601,-1.0455,0,0,0,0,0,0
2026-03-19 14:45:00,6.832,2.598,412.01,0,,0,0,0,-1.4152,0.2943,-0.9494,0,0,0,0,0,0
2026-03-19 15:00:00,6.932,3.081,409.37,0,,0,0,0,-0.5302,1.8051,-1.2267,0,0,0,0,0,0
2026-03-19 15:15:00,6.824,2.889,417.84,0,,0,0,0,-1.4766,1.2146,-0.3014,0,0,0,0,0,0
2026-03-19 15:30:00,6.892,2.896,406.8,0,,0,0,0,-0.8842,1.2326,-1.5212,0,0,0,0,0,0
2026-03-19 15:45:00,6.934,2.594,410.97,0,,0,0,0,-0.5089,0.2862,-1.0581,0,0,0,0,0,0
2026-03-19 16:00:00,6.998,2.842,409.69,0,,0,0,0,0.0506,1.0553,-1.178,0,0,0,0,0,0
2026-03-19 16:15:00,6.905,3.102,413.86,0,,0,0,0,-0.7777,1.8683,-0.7181,0,0,0,0,0,0
2026-03-19 16:30:00,6.91,2.833,420.39,0,,0,0,0,-0.7318,1.0285,-0.0062,0,0,0,0,0,0
2026-03-19 16:45:00,6.949,2.999,414.99,0,,0,0,0,-0.3781,1.5356,-0.6172,0,0,0,0,0,0
2026-03-19 17:00:00,6.979,2.892,417.3,0,,0,0,0,-0.1129,1.2059,-0.3652,0,0,0,0,0,0
2026-03-19 17:15:00,6.963,3.038,420.32,0,,0,0,0,-0.2543,1.6283,-0.0279,0,0,0,0,0,0
2026-03-19 17:30:00,7.033,2.898,417.09,0,,0,0,0,0.3621,1.2004,-0.385,0,0,0,0,0,0
2026-03-19 17:45:00,6.95,2.719,420.75,0,,0,0,0,-0.3709,0.6529,0.0194,0,0,0,0,0,0
2026-03-19 18:00:00,7.006,2.855,421.0,0,,0,0,0,0.1334,1.075,0.0435,0,0,0,0,0,0
2026-03-19 18:15:00,7.032,3.073,416.26,0,,0,0,0,0.3664,1.7156,-0.4747,0,0,0,0,0,0
2026-03-19 18:30:00,7.0,2.892,419.71,0,,0,0,0,0.086,1.1459,-0.0732,0,0,0,0,0,0
2026-03-19 18:45:00,7.071,2.783,423.76,0,,0,0,0,0.719,0.8134,0.3905,0,0,0,0,0,0
2026-03-19 19:00:00,7.046,3.121,428.23,0,,0,0,0,0.4881,1.8081,0.9008,0,0,0,0,0,0
2026-03-19 19:15:00,7.088,2.938,428.98,0,,0,0,0,0.8518,1.2521,0.991,0,0,0,0,0,0
2026-03-19 19:30:00,7.067,2.866,432.97,0,,0,0,0,0.6626,1.0306,1.4479,0,0,0,0,0,0
2026-03-19 19:45:00,7.085,2.77,427.25,0,,0,0,0,0.8149,0.7499,0.7894,0,0,0,0,0,0
2026-03-19 20:00:00,7.043,2.81,424.35,0,,0,0,0,0.4409,0.8621,0.4566,0,0,0,0,0,0
2026-03-19 20:15:00,7.052,2.791,426.41,0,,0,0,0,0.5141,0.8007,0.7073,0,0,0,0,0,0
2026-03-19 20:30:00,7.153,2.326,426.85,0,,0,0,0,1.3806,-0.5683,0.752,0,0,0,0,0,0
2026-03-19 20:45:00,7.131,2.688,426.28,0,,0,0,0,1.1793,0.506,0.6826,0,0,0,0,0,0
2026-03-19 21:00:00,7.055,2.579,430.02,0,,0,0,0,0.5233,0.1853,1.0985,0,0,0,0,0,0
2026-03-19 21:15:00,7.122,2.503,430.74,0,,0,0,0,1.0999,-0.0404,1.1745,0,0,0,0,0,0
2026-03-19 21:30:00,7.0,2.523,424.83,0,,0,0,0,0.0496,0.013,0.4987,0,0,0,0,0,0
2026-03-19 21:45:00,7.096,2.293,434.33,0,,0,0,0,0.8918,-0.6572,1.5462,0,0,0,0,0,0
2026-03-19 22:00:00,7.178,2.229,423.05,0,,0,0,0,1.6126,-0.8397,0.288,0,0,0,0,0,0
2026-03-19 22:15:00,7.128,2.661,429.87,0,,0,0,0,1.1735,0.4325,1.0466,0,0,0,0,0,0
2026-03-19 22:30:00,7.144,2.517,435.68,0,,0,0,0,1.3216,0.0157,1.6961,0,0,0,0,0,0
2026-03-19 22:45:00,6.991,2.06,433.79,0,,0,0,0,-0.0111,-1.3131,1.476,0,0,0,0,0,0
2026-03-19 23:00:00,7.125,2.31,430.16,0,,0,0,0,1.1714,-0.5676,1.0815,0,0,0,0,0,0
2026-03-19 23:15:00,7.164,2.504,439.64,0,,0,0,0,1.5108,-0.0044,2.1112,0,0,0,0,0,0
2026-03-19 23:30:00,7.172,2.305,430.14,0,,0,0,0,1.5589,-0.5827,1.0612,0,0,0,0,0,0
2026-03-19 23:45:00,7.198,2.51,423.97,0,,0,0,0,1.768,0.0139,0.3965,0,0,0,0,0,0
2026-03-20 00:00:00,7.139,2.457,433.81,0,,0,0,0,1.2498,-0.1453,1.5042,0,0,0,0,0,0
2026-03-20 00:15:00,7.141,2.074,424.86,0,,0,0,0,1.2742,-1.2474,0.5064,0,0,0,0,0,0
2026-03-20 00:30:00,7.082,2.235,428.57,0,,0,0,0,0.7613,-0.7781,0.9197,0,0,0,0,0,0
2026-03-20 00:45:00,7.137,2.169,434.26,0,,0,0,0,1.242,-0.9671,1.5604,0,0,0,0,0,0
2026-03-20 01:00:00,7.082,2.009,429.75,0,,0,0,0,0.7794,-1.4273,1.0445,0,0,0,0,0,0
2026-03-20 01:15:00,7.05,1.981,433.69,0,,0,0,0,0.5179,-1.4823,1.4845,0,0,0,0,0,0
2026-03-20 01:30:00,7.084,2.062,426.45,0,,0,0,0,0.8237,-1.2464,0.6812,0,0,0,0,0,0
2026-03-20 01:45:00,7.21,2.071,434.2,0,,0,0,0,1.9201,-1.2053,1.5289,0,0,0,0,0,0
2026-03-20 02:00:00,7.116,2.196,423.63,0,,0,0,0,1.095,-0.8666,0.3602,0,0,0,0,0,0
2026-03-20 02:15:00,7.136,2.298,435.25,0,,0,0,0,1.2907,-0.5752,1.6497,0,0,0,0,0,0
2026-03-20 02:30:00,7.093,2.207,427.62,0,,0,0,0,0.899,-0.8485,0.8033,0,0,0,0,0,0
2026-03-20 02:45:00,7.023,2.234,435.15,0,,0,0,0,0.2799,-0.7701,1.626,0,0,0,0,0,0
2026-03-20 03:00:00,7.153,2.074,425.12,0,,0,0,0,1.4734,-1.2327,0.5135,0,0,0,0,0,0
2026-03-20 03:15:00,6.99,2.198,435.61,0,,0,0,0,0.0028,-0.8828,1.6584,0,0,0,0,0,0
2026-03-20 03:30:00,7.064,2.081,423.47,0,,0,0,0,0.6692,-1.2276,0.3227,0,0,0,0,0,0
2026-03-20 03:45:00,7.081,2.035,419.49,0,,0,0,0,0.8197,-1.3679,-0.1126,0,0,0,0,0,0
2026-03-20 04:00:00,7.087,2.385,426.17,0,,0,0,0,0.8577,-0.3467,0.6279,0,0,0,0,0,0
2026-03-20 04:15:00,7.03,1.751,430.24,0,,0,0,0,0.3473,-2.1815,1.0746,0,0,0,0,0,0
2026-03-20 04:30:00,6.966,1.822,427.76,0,,0,0,0,-0.222,-1.9445,0.7997,0,0,0,0,0,0
2026-03-20 04:45:00,7.008,2.165,428.51,0,,0,0,0,0.1604,-0.9586,0.8729,0,0,0,0,0,0
2026-03-20 05:00:00,7.001,2.074,426.35,0,,0,0,0,0.0979,-1.2036,0.6229,0,0,0,0,0,0
2026-03-20 05:15:00,6.991,1.906,419.06,0,,0,0,0,0.0148,-1.6624,-0.1676,0,0,0,0,0,0
2026-03-20 05:30:00,7.068,1.972,424.63,0,,0,0,0,0.7053,-1.465,0.4345,0,0,0,0,0,0
2026-03-20 05:45:00,6.949,2.003,421.16,0,,0,0,0,-0.3825,-1.3643,0.0537,0,0,0,0,0,0
2026-03-20 06:00:00,7.015,2.287,417.16,0,,0,0,0,0.2181,-0.591,-0.3763,0,0,0,0,0,0
2026-03-20 06:15:00,6.998,2.349,419.93,0,,0,0,0,0.0586,-0.4297,-0.0695,0,0,0,0,0,0
2026-03-20 06:30:00,7.028,2.429,418.21,0,,0,0,0,0.3268,-0.2099,-0.2584,0,0,0,0,0,0
2026-03-20 06:45:00,6.964,1.961,423.32,0,,0,0,0,-0.2641,-1.5511,0.3027,0,0,0,0,0,0
2026-03-20 07:00:00,7.001,2.012,414.83,0,,0,0,0,0.0722,-1.4076,-0.6331,0,0,0,0,0,0
2026-03-20 07:15:00,6.943,2.021,413.9,0,,0,0,0,-0.4593,-1.359,-0.7216,0,0,0,0,0,0
2026-03-20 07:30:00,6.964,2.45,412.61,0,,0,0,0,-0.2662,-0.139,-0.8652,0,0,0,0,0,0
2026-03-20 07:45:00,6.859,2.34,422.28,0,,0,0,0,-1.2121,-0.4551,0.1911,0,0,0,0,0,0
2026-03-20 08:00:00,6.793,2.312,411.43,0,,0,0,0,-1.7716,-0.54,-1.0119,0,0,0,0,0,0
2026-03-20 08:15:00,6.936,2.358,418.52,0,,0,0,0,-0.5027,-0.4089,-0.2229,0,0,0,0,0,0
2026-03-20 08:30:00,6.93,2.338,408.57,0,,0,0,0,-0.5565,-0.4633,-1.3213,0,0,0,0,0,0
2026-03-20 08:45:00,6.925,2.203,414.11,0,,0,0,0,-0.6072,-0.8443,-0.7088,0,0,0,0,0,0
2026-03-20 09:00:00,6.868,2.473,412.56,0,,0,0,0,-1.1199,-0.0725,-0.8743,0,0,0,0,0,0
2026-03-20 09:15:00,6.962,2.394,415.91,0,,0,0,0,-0.2721,-0.3015,-0.5072,0,0,0,0,0,0
2026-03-20 09:30:00,6.858,2.268,414.83,0,,0,0,0,-1.2165,-0.655,-0.627,0,0,0,0,0,0
2026-03-20 09:45:00,6.896,2.56,410.35,0,,0,0,0,-0.865,0.1818,-1.1106,0,0,0,0,0,0
2026-03-20 10:00:00,6.9,2.436,407.46,0,,0,0,0,-0.8228,-0.1655,-1.4177,0,0,0,0,0,0
2026-03-20 10:15:00,6.951,2.56,415.74,0,,0,0,0,-0.3686,0.1949,-0.5257,0,0,0,0,0,0
2026-03-20 10:30:00,6.846,2.533,406.37,0,,0,0,0,-1.3272,0.1193,-1.5498,0,0,0,0,0,0
2026-03-20 10:45:00,6.825,2.712,399.57,0,,0,0,0,-1.5462,0.6281,-2.2515,0,0,0,0,0,0
2026-03-20 11:00:00,6.78,2.637,400.97,0,,0,0,0,-1.9158,0.4099,-2.0344,0,0,0,0,0,0
2026-03-20 11:15:00,6.931,2.496,401.77,0,,0,0,0,-0.5589,0.0021,-1.9291,0,0,0,0,0,0
2026-03-20 11:30:00,6.872,2.701,410.49,0,,0,0,0,-1.1104,0.581,-1.0152,0,0,0,0,0,0
2026-03-20 11:45:00,6.873,2.73,416.88,0,,0,0,0,-1.0942,0.6607,-0.3676,0,0,0,0,0,0
2026-03-20 12:00:00,7.006,2.777,399.84,0,,0,0,0,0.1055,0.7908,-2.145,0,0,0,0,0,0
2026-03-20 12:15:00,6.867,2.878,404.9,0,,0,0,0,-1.1961,1.0825,-1.6051,0,0,0,0,0,0
2026-03-20 12:30:00,6.786,2.651,408.46,0,,0,0,0,-1.9177,0.446,-1.2257,0,0,0,0,0,0
2026-03-20 12:45:00,6.843,2.864,414.41,0,,0,0,0,-1.4069,1.048,-0.6089,0,0,0,0,0,0
2026-03-20 13:00:00,6.806,2.524,405.26,0,,0,0,0,-1.7347,0.086,-1.5425,0,0,0,0,0,0
2026-03-20 13:15:00,6.838,2.783,411.0,0,,0,0,0,-1.4213,0.8308,-0.9411,0,0,0,0,0,0
2026-03-20 13:30:00,6.841,2.776,407.91,0,,0,0,0,-1.3857,0.8186,-1.2589,0,0,0,0,0,0
2026-03-20 13:45:00,6.836,3.05,419.67,0,,0,0,0,-1.4101,1.602,-0.0589,0,0,0,0,0,0
2026-03-20 14:00:00,6.8,2.823,410.19,0,,0,0,0,-1.6999,0.9616,-1.0613,0,0,0,0,0,0
2026-03-20 14:15:00,6.955,2.95,411.45,0,,0,0,0,-0.3274,1.3185,-0.9291,0,0,0,0,0,0
2026-03-20 14:30:00,6.896,2.605,410.82,0,,0,0,0,-0.8844,0.3379,-0.9948,0,0,0,0,0,0
2026-03-20 14:45:00,6.876,2.826,409.32,0,,0,0,0,-1.0768,0.973,-1.1463,0,0,0,0,0,0
2026-03-20 15:00:00,6.932,2.759,415.31,0,,0,0,0,-0.5631,0.7976,-0.5271,0,0,0,0,0,0
2026-03-20 15:15:00,6.925,3.264,407.45,0,,0,0,0,-0.6439,2.2305,-1.3327,0,0,0,0,0,0
2026-03-20 15:30:00,6.922,2.797,404.69,0,,0,0,0,-0.6762,0.8863,-1.6133,0,0,0,0,0,0
2026-03-20 15:45:00,6.951,2.91,412.73,0,,0,0,0,-0.4086,1.1958,-0.7789,0,0,0,0,0,0
2026-03-20 16:00:00,6.932,2.919,417.26,0,,0,0,0,-0.578,1.2162,-0.3163,0,0,0,0,0,0
2026-03-20 16:15:00,6.967,2.661,412.37,0,,0,0,0,-0.2598,0.496,-0.827,0,0,0,0,0,0
2026-03-20 16:30:00,6.98,2.818,416.15,0,,0,0,0,-0.1459,0.9546,-0.4256,0,0,0,0,0,0
2026-03-20 16:45:00,6.96,2.953,411.26,0,,0,0,0,-0.3341,1.3524,-0.9309,0,0,0,0,0,0
2026-03-20 17:00:00,6.95,2.899,421.14,0,,0,0,0,-0.4244,1.1941,0.0967,0,0,0,0,0,0
2026-03-20 17:15:00,7.047,2.534,420.27,0,,0,0,0,0.4733,0.145,0.0058,0,0,0,0,0,0
2026-03-20 17:30:00,6.957,2.785,418.51,0,,0,0,0,-0.3595,0.8953,-0.1796,0,0,0,0,0,0
2026-03-20 17:45:00,7.01,3.012,419.89,0,,0,0,0,0.1296,1.5451,-0.0345,0,0,0,0,0,0
2026-03-20 18:00:00,7.021,2.935,414.43,0,,0,0,0,0.2308,1.3122,-0.5969,0,0,0,0,0,0
2026-03-20 18:15:00,6.979,3.015,415.39,0,,0,0,0,-0.1564,1.5532,-0.4956,0,0,0,0,0,0
2026-03-20 18:30:00,6.979,2.669,421.08,0,,0,0,0,-0.1544,0.5452,0.0963,0,0,0,0,0,0
2026-03-20 18:45:00,7.012,2.993,424.4,0,,0,0,0,0.1601,1.4864,0.4416,0,0,0,0,0,0
2026-03-20 19:00:00,7.014,2.776,425.36,0,,0,0,0,0.1822,0.8722,0.546,0,0,0,0,0,0
2026-03-20 19:15:00,6.975,3.003,422.41,0,,0,0,0,-0.1732,1.5424,0.246,0,0,0,0,0,0
2026-03-20 19:30:00,7.025,2.744,427.57,0,,0,0,0,0.3023,0.7792,0.7984,0,0,0,0,0,0
2026-03-20 19:45:00,7.08,2.415,430.99,0,,0,0,0,0.8221,-0.192,1.1508,0,0,0,0,0,0
2026-03-20 20:00:00,7.138,2.827,425.65,0,,0,0,0,1.3486,1.0406,0.5873,0,0,0,0,0,0
2026-03-20 20:15:00,7.111,2.61,427.91,0,,0,0,0,1.085,0.3983,0.8222,0,0,0,0,0,0
2026-03-20 20:30:00,6.961,2.597,426.47,0,,0,0,0,-0.2968,0.3509,0.6717,0,0,0,0,0,0
2026-03-20 20:45:00,7.131,2.411,427.41,0,,0,0,0,1.3045,-0.1998,0.7684,0,0,0,0,0,0
2026-03-20 21:00:00,7.078,2.847,429.16,0,,0,0,0,0.8017,1.0981,0.9538,0,0,0,0,0,0
2026-03-20 21:15:00,7.135,2.5,435.84,0,,0,0,0,1.3344,0.0595,1.6369,0,0,0,0,0,0
2026-03-20 21:30:00,7.118,2.788,433.18,0,,0,0,0,1.1549,0.9094,1.3395,0,0,0,0,0,0
2026-03-20 21:45:00,7.115,2.461,433.28,0,,0,0,0,1.123,-0.0705,1.3531,0,0,0,0,0,0
2026-03-20 22:00:00,7.125,2.361,428.58,0,,0,0,0,1.2305,-0.374,0.8578,0,0,0,0,0,0
2026-03-20 22:15:00,7.133,2.672,427.17,0,,0,0,0,1.3042,0.5561,0.7171,0,0,0,0,0,0
2026-03-20 22:30:00,7.206,2.437,432.64,0,,0,0,0,1.962,-0.1444,1.2921,0,0,0,0,0,0
2026-03-20 22:45:00,7.141,2.412,436.34,0,,0,0,0,1.3319,-0.2321,1.6665,0,0,0,0,0,0
2026-03-20 23:00:00,7.199,2.204,438.48,0,,0,0,0,1.8378,-0.8543,1.8547,0,0,0,0,0,0
2026-03-20 23:15:00,7.194,2.303,421.96,0,,0,0,0,1.781,-0.5492,0.1906,0,0,0,0,0,0
2026-03-20 23:30:00,7.182,2.411,441.68,0,,0,0,0,1.669,-0.2282,2.1893,0,0,0,0,0,0
2026-03-20 23:45:00,7.06,2.128,433.64,0,,0,0,0,0.5894,-1.0614,1.3455,0,0,0,0,0,0
2026-03-21 00:00:00,7.206,2.219,435.64,0,,0,0,0,1.903,-0.7793,1.5417,0,0,0,0,0,0
2026-03-21 00:15:00,7.127,2.215,425.01,0,,0,0,0,1.1888,-0.7992,0.4681,0,0,0,0,0,0
2026-03-21 00:30:00,7.185,2.266,430.95,0,,0,0,0,1.6862,-0.6478,1.0628,0,0,0,0,0,0
2026-03-21 00:45:00,7.098,2.458,435.06,0,,0,0,0,0.9115,-0.0819,1.4742,0,0,0,0,0,0
2026-03-21 01:00:00,7.086,2.172,426.89,0,,0,0,0,0.8026,-0.9539,0.6568,0,0,0,0,0,0
2026-03-21 01:15:00,7.241,2.096,419.81,0,,0,0,0,2.1321,-1.1938,-0.043,0,0,0,0,0,0
2026-03-21 01:30:00,7.091,2.595,432.43,0,,0,0,0,0.8094,0.3112,1.2284,0,0,0,0,0,0
2026-03-21 01:45:00,7.192,2.102,430.56,0,,0,0,0,1.7056,-1.2051,1.0479,0,0,0,0,0,0
2026-03-21 02:00:00,7.136,2.125,436.16,0,,0,0,0,1.2066,-1.1295,1.5837,0,0,0,0,0,0
2026-03-21 02:15:00,7.104,2.088,429.34,0,,0,0,0,0.9304,-1.2286,0.9119,0,0,0,0,0,0
2026-03-21 02:30:00,7.117,2.089,429.17,0,,0,0,0,1.041,-1.217,0.8919,0,0,0,0,0,0
2026-03-21 02:45:00,7.048,2.133,431.81,0,,0,0,0,0.4295,-1.077,1.1677,0,0,0,0,0,0
2026-03-21 03:00:00,7.105,2.252,432.62,0,,0,0,0,0.9413,-0.7265,1.2334,0,0,0,0,0,0
2026-03-21 03:15:00,7.045,2.168,425.08,0,,0,0,0,0.4041,-0.9804,0.4899,0,0,0,0,0,0
2026-03-21 03:30:00,7.072,2.265,431.08,0,,0,0,0,0.6422,-0.6951,1.0874,0,0,0,0,0,0
2026-03-21 03:45:00,7.13,2.257,424.58,0,,0,0,0,1.1462,-0.7323,0.4226,0,0,0,0,0,0
2026-03-21 04:00:00,7.088,2.131,426.07,0,,0,0,0,0.7758,-1.1059,0.5737,0,0,0,0,0,0
2026-03-21 04:15:00,6.992,2.157,427.99,0,,0,0,0,-0.0668,-1.0625,0.7722,0,0,0,0,0,0
2026-03-21 04:30:00,7.1,2.27,427.97,0,,0,0,0,0.87,-0.7387,0.7698,0,0,0,0,0,0
2026-03-21 04:45:00,7.048,1.941,425.13,0,,0,0,0,0.4091,-1.7654,0.4863,0,0,0,0,0,0
2026-03-21 05:00:00,7.012,2.488,418.78,0,,0,0,0,0.0922,-0.0472,-0.152,0,0,0,0,0,0
2026-03-21 05:15:00,7.067,2.044,414.86,0,,0,0,0,0.567,-1.4833,-0.5462,0,0,0,0,0,0
2026-03-21 05:30:00,7.011,2.078,420.81,0,,0,0,0,0.0816,-1.385,0.0634,0,0,0,0,0,0
2026-03-21 05:45:00,6.952,1.959,424.67,0,,0,0,0,-0.4365,-1.7647,0.4525,0,0,0,0,0,0
2026-03-21 06:00:00,7.092,1.976,421.8,0,,0,0,0,0.7829,-1.6781,0.1555,0,0,0,0,0,0
2026-03-21 06:15:00,6.989,2.314,420.18,0,,0,0,0,-0.1176,-0.5974,-0.0097,0,0,0,0,0,0
2026-03-21 06:30:00,6.976,2.523,418.41,0,,0,0,0,-0.2266,0.0663,-0.1901,0,0,0,0,0,0
2026-03-21 06:45:00,6.95,2.114,418.9,0,,0,0,0,-0.4526,-1.2537,-0.1356,0,0,0,0,0,0
2026-03-21 07:00:00,7.02,2.269,412.92,0,,0,0,0,0.1579,-0.7717,-0.7417,0,0,0,0,0,0
2026-03-21 07:15:00,6.926,2.269,419.26,0,,0,0,0,-0.662,-0.788,-0.1027,0,0,0,0,0,0
2026-03-21 07:30:00,6.865,2.407,418.79,0,,0,0,0,-1.1778,-0.3334,-0.1576,0,0,0,0,0,0
2026-03-21 07:45:00,6.9,2.611,413.27,0,,0,0,0,-0.8813,0.327,-0.7107,0,0,0,0,0,0
2026-03-21 08:00:00,6.991,2.528,415.75,0,,0,0,0,-0.1084,0.0471,-0.4638,0,0,0,0,0,0
2026-03-21 08:15:00,6.958,2.287,406.47,0,,0,0,0,-0.4035,-0.7427,-1.3865,0,0,0,0,0,0
2026-03-21 08:30:00,6.896,2.426,413.42,0,,0,0,0,-0.9482,-0.2892,-0.6909,0,0,0,0,0,0
2026-03-21 08:45:00,6.97,2.466,411.56,0,,0,0,0,-0.2979,-0.1675,-0.8757,0,0,0,0,0,0
2026-03-21 09:00:00,6.931,2.393,416.55,0,,0,0,0,-0.6533,-0.406,-0.374,0,0,0,0,0,0
2026-03-21 09:15:00,6.874,2.258,410.18,0,,0,0,0,-1.1463,-0.8452,-1.012,0,0,0,0,0,0
2026-03-21 09:30:00,6.873,2.328,413.95,0,,0,0,0,-1.1586,-0.6174,-0.6286,0,0,0,0,0,0
2026-03-21 09:45:00,6.892,2.646,408.46,0,,0,0,0,-0.9891,0.4293,-1.1802,0,0,0,0,0,0
2026-03-21 10:00:00,6.829,2.688,400.46,0,,0,0,0,-1.5294,0.5584,-1.958,0,0,0,0,0,0
2026-03-21 10:15:00,6.866,2.495,408.34,0,,0,0,0,-1.1881,-0.0752,-1.156,0,0,0,0,0,0
2026-03-21 10:30:00,6.877,2.591,409.7,0,,0,0,0,-1.0985,0.239,-1.0287,0,0,0,0,0,0
2026-03-21 10:45:00,6.774,2.758,409.24,0,,0,0,0,-1.9816,0.7867,-1.1022,0,0,0,0,0,0
2026-03-21 11:00:00,6.846,2.348,409.07,0,,0,0,0,-1.3744,-0.552,-1.1432,0,0,0,0,0,0
2026-03-21 11:15:00,6.838,2.562,406.2,0,,0,0,0,-1.4237,0.1493,-1.4543,0,0,0,0,0,0
2026-03-21 11:30:00,6.903,2.956,406.81,0,,0,0,0,-0.8623,1.423,-1.3806,0,0,0,0,0,0
2026-03-21 11:45:00,6.758,2.722,403.52,0,,0,0,0,-2.084,0.661,-1.6804,0,0,0,0,0,0
2026-03-21 12:00:00,6.831,2.531,400.01,0,,0,0,0,-1.4252,0.0471,-2.0377,0,0,0,0,0,0
2026-03-21 12:15:00,6.826,2.74,407.6,0,,0,0,0,-1.4572,0.7388,-1.2749,0,0,0,0,0,0
2026-03-21 12:30:00,6.899,2.897,405.12,0,,0,0,0,-0.8609,1.2374,-1.5169,0,0,0,0,0,0
2026-03-21 12:45:00,6.851,2.382,412.55,0,,0,0,0,-1.2746,-0.429,-0.7599,0,0,0,0,0,0
2026-03-21 13:00:00,6.945,2.809,399.68,0,,0,0,0,-0.4865,0.9579,-2.0369,0,0,0,0,0,0
2026-03-21 13:15:00,6.891,2.745,409.8,0,,0,0,0,-0.9669,0.751,-1.0195,0,0,0,0,0,0
2026-03-21 13:30:00,6.841,2.571,417.4,0,,0,0,0,-1.4046,0.1898,-0.2701,0,0,0,0,0,0
2026-03-21 13:45:00,6.877,2.845,408.51,0,,0,0,0,-1.0985,1.1072,-1.1474,0,0,0,0,0,0
2026-03-21 14:00:00,6.852,2.826,409.6,0,,0,0,0,-1.3332,1.044,-1.0369,0,0,0,0,0,0
2026-03-21 14:15:00,6.918,2.855,411.73,0,,0,0,0,-0.7433,1.1483,-0.8241,0,0,0,0,0,0
2026-03-21 14:30:00,6.814,2.817,412.5,0,,0,0,0,-1.6395,1.0095,-0.7498,0,0,0,0,0,0
2026-03-21 14:45:00,6.846,2.726,409.34,0,,0,0,0,-1.3519,0.7137,-1.0669,0,0,0,0,0,0
2026-03-21 15:00:00,6.917,2.668,407.48,0,,0,0,0,-0.7301,0.5252,-1.2366,0,0,0,0,0,0
2026-03-21 15:15:00,6.962,2.789,414.7,0,,0,0,0,-0.3415,0.973,-0.5284,0,0,0,0,0,0
2026-03-21 15:30:00,6.799,3.025,405.06,0,,0,0,0,-1.7306,1.7545,-1.4965,0,0,0,0,0,0
2026-03-21 15:45:00,6.985,2.934,416.66,0,,0,0,0,-0.1308,1.4433,-0.3373,0,0,0,0,0,0
2026-03-21 16:00:00,6.918,2.89,412.43,0,,0,0,0,-0.7069,1.297,-0.7556,0,0,0,0,0,0
2026-03-21 16:15:00,6.839,2.743,414.7,0,,0,0,0,-1.3631,0.7939,-0.5312,0,0,0,0,0,0
2026-03-21 16:30:00,6.793,2.84,413.31,0,,0,0,0,-1.7121,1.1206,-0.6668,0,0,0,0,0,0
2026-03-21 16:45:00,6.875,3.003,421.87,0,,0,0,0,-1.0106,1.6656,0.1814,0,0,0,0,0,0
2026-03-21 17:00:00,6.96,2.962,417.89,0,,0,0,0,-0.3008,1.5202,-0.2159,0,0,0,0,0,0
2026-03-21 17:15:00,6.967,2.807,416.37,0,,0,0,0,-0.2354,0.9844,-0.3646,0,0,0,0,0,0
2026-03-21 17:30:00,7.012,2.478,417.03,0,,0,0,0,0.1365,-0.106,-0.2965,0,0,0,0,0,0
2026-03-21 17:45:00,6.963,2.758,418.62,0,,0,0,0,-0.2696,0.8534,-0.1353,0,0,0,0,0,0
2026-03-21 18:00:00,6.945,2.774,429.59,0,,0,0,0,-0.4134,0.9198,0.949,0,0,0,0,0,0
2026-03-21 18:15:00,6.989,2.697,415.52,0,,0,0,0,-0.0462,0.6771,-0.4616,0,0,0,0,0,0
2026-03-21 18:30:00,7.021,2.755,425.9,0,,0,0,0,0.2178,0.8733,0.573,0,0,0,0,0,0
2026-03-21 18:45:00,7.041,2.923,424.61,0,,0,0,0,0.3823,1.4634,0.4436,0,0,0,0,0,0
2026-03-21 19:00:00,6.999,2.777,429.27,0,,0,0,0,0.0326,0.9557,0.9033,0,0,0,0,0,0
2026-03-21 19:15:00,7.093,2.912,426.37,0,,0,0,0,0.8055,1.436,0.6087,0,0,0,0,0,0
2026-03-21 19:30:00,7.026,2.517,424.61,0,,0,0,0,0.2471,0.0639,0.4373,0,0,0,0,0,0
2026-03-21 19:45:00,7.023,2.676,429.39,0,,0,0,0,0.2276,0.6113,0.9175,0,0,0,0,0,0
2026-03-21 20:00:00,7.048,2.409,426.92,0,,0,0,0,0.4471,-0.3108,0.6687,0,0,0,0,0,0
2026-03-21 20:15:00,7.137,2.613,429.69,0,,0,0,0,1.19,0.4084,0.942,0,0,0,0,0,0
2026-03-21 20:30:00,7.085,2.496,433.02,0,,0,0,0,0.7413,-0.0004,1.2592,0,0,0,0,0,0
2026-03-21 20:45:00,7.064,2.821,428.28,0,,0,0,0,0.5744,1.124,0.7881,0,0,0,0,0,0
2026-03-21 21:00:00,7.152,2.665,426.79,0,,0,0,0,1.2992,0.5873,0.6442,0,0,0,0,0,0
2026-03-21 21:15:00,7.22,2.73,426.45,0,,0,0,0,1.8391,0.8053,0.6269,0,0,0,0,0,0
2026-03-21 21:30:00,7.129,2.488,431.32,0,,0,0,0,1.0855,-0.0345,1.1198,0,0,0,0,0,0
2026-03-21 21:45:00,7.186,2.373,426.46,0,,0,0,0,1.5378,-0.4373,0.643,0,0,0,0,0,0
2026-03-21 22:00:00,7.182,2.342,428.99,0,,0,0,0,1.4909,-0.5459,0.8983,0,0,0,0,0,0
2026-03-21 22:15:00,7.104,2.514,426.89,0,,0,0,0,0.8607,0.0672,0.6863,0,0,0,0,0,0
2026-03-21 22:30:00,7.14,2.719,433.12,0,,0,0,0,1.1695,0.7795,1.3154,0,0,0,0,0,0
2026-03-21 22:45:00,7.078,2.484,428.35,0,,0,0,0,0.6684,-0.0519,0.8504,0,0,0,0,0,0
2026-03-21 23:00:00,7.135,2.34,426.44,0,,0,0,0,1.1541,-0.5672,0.6793,0,0,0,0,0,0
2026-03-21 23:15:00,7.116,2.343,427.33,0,,0,0,0,1.0118,-0.5585,0.7638,0,0,0,0,0,0
2026-03-21 23:30:00,7.129,2.342,429.61,0,,0,0,0,1.1329,-0.5589,1.0357,0,0,0,0,0,0
2026-03-21 23:45:00,7.112,2.627,430.05,0,,0,0,0,0.981,0.4356,1.0919,0,0,0,0,0,0
2026-03-22 00:00:00,7.136,2.485,433.01,0,,0,0,0,1.2006,-0.0818,1.4166,0,0,0,0,0,1
2026-03-22 00:15:00,7.176,2.317,431.37,0,,0,0,0,1.5278,-0.6912,1.2261,0,0,0,0,0,1
2026-03-22 00:30:00,7.143,2.273,433.47,0,,0,0,0,1.259,-0.8502,1.4413,0,0,0,0,0,1
2026-03-22 00:45:00,7.054,2.281,433.71,0,,0,0,0,0.5072,-0.812,1.4716,0,0,0,0,0,1
2026-03-22 01:00:00,7.108,2.291,434.74,0,,0,0,0,0.9642,-0.7841,1.5565,0,0,0,0,0,1
2026-03-22 01:15:00,7.066,2.137,423.97,0,,0,0,0,0.6358,-1.3442,0.4196,0,0,0,0,0,1
2026-03-22 01:30:00,7.151,2.056,426.86,0,,0,0,0,1.3618,-1.5956,0.7338,0,0,0,0,0,1
2026-03-22 01:45:00,7.16,2.322,433.31,0,,0,0,0,1.4492,-0.6602,1.4069,0,0,0,0,0,1
2026-03-22 02:00:00,7.143,2.157,431.61,0,,0,0,0,1.2998,-1.2574,1.2421,0,0,0,0,0,1
2026-03-22 02:15:00,7.085,2.284,434.31,0,,0,0,0,0.7991,-0.8139,1.5124,0,0,0,0,0,1
2026-03-22 02:30:00,7.131,2.377,423.81,0,,0,0,0,1.1961,-0.4921,0.4142,0,0,0,0,0,1
2026-03-22 02:45:00,7.089,2.199,427.64,0,,0,0,0,0.8257,-1.153,0.8278,0,0,0,0,0,1
2026-03-22 03:00:00,7.049,2.167,427.86,0,,0,0,0,0.4861,-1.2631,0.8616,0,0,0,0,0,1
2026-03-22 03:15:00,7.136,2.588,429.19,0,,0,0,0,1.2257,0.2707,0.9956,0,0,0,0,0,1
2026-03-22 03:30:00,7.132,2.134,428.11,0,,0,0,0,1.1798,-1.3986,0.8869,0,0,0,0,0,1
2026-03-22 03:45:00,7.131,1.937,429.25,0,,0,0,0,1.171,-2.0732,0.9996,0,0,0,0,0,1
2026-03-22 04:00:00,7.045,2.058,426.29,0,,0,0,0,0.4372,-1.6261,0.6841,0,0,0,0,0,1
2026-03-22 04:15:00,7.125,2.334,431.59,0,,0,0,0,1.1068,-0.6428,1.239,0,0,0,0,0,1
2026-03-22 04:30:00,7.033,1.909,432.2,0,,0,0,0,0.327,-2.1256,1.2925,0,0,0,0,0,1
2026-03-22 04:45:00,7.081,1.995,420.28,0,,0,0,0,0.7348,-1.8293,0.0408,0,0,0,0,0,1
2026-03-22 05:00:00,7.013,2.28,424.22,0,,0,0,0,0.1519,-0.8029,0.4505,0,0,0,0,0,1
2026-03-22 05:15:00,7.018,2.08,426.52,0,,0,0,0,0.1995,-1.5179,0.6798,0,0,0,0,0,1
2026-03-22 05:30:00,6.899,2.114,424.94,0,,0,0,0,-0.8094,-1.401,0.508,0,0,0,0,0,1
2026-03-22 05:45:00,6.995,2.302,420.23,0,,0,0,0,0.0082,-0.7564,0.017,0,0,0,0,0,1
2026-03-22 06:00:00,7.005,2.046,422.15,0,,0,0,0,0.102,-1.6968,0.219,0,0,0,0,0,1
2026-03-22 06:15:00,6.97,1.947,414.05,0,,0,0,0,-0.1971,-2.0054,-0.6268,0,0,0,0,0,1
2026-03-22 06:30:00,7.068,1.974,419.58,0,,0,0,0,0.6355,-1.8534,-0.0464,0,0,0,0,0,1
2026-03-22 06:45:00,6.913,2.287,413.08,0,,0,0,0,-0.6892,-0.7652,-0.7219,0,0,0,0,0,1
2026-03-22 07:00:00,6.933,2.256,420.24,0,,0,0,0,-0.5096,-0.874,0.0214,0,0,0,0,0,1
2026-03-22 07:15:00,6.907,2.132,413.04,0,,0,0,0,-0.7294,-1.3004,-0.7273,0,0,0,0,0,1
2026-03-22 07:30:00,6.914,2.083,417.47,0,,0,0,0,-0.6767,-1.4454,-0.261,0,0,0,0,0,1
2026-03-22 07:45:00,6.985,2.237,417.42,0,,0,0,0,-0.0757,-0.8929,-0.2714,0,0,0,0,0,1
2026-03-22 08:00:00,6.999,2.467,415.81,0,,0,0,0,0.044,-0.0931,-0.4407,0,0,0,0,0,1
2026-03-22 08:15:00,6.882,2.198,412.35,0,,0,0,0,-0.9516,-1.0199,-0.8169,0,0,0,0,0,1
2026-03-22 08:30:00,6.873,2.248,413.45,0,,0,0,0,-1.0247,-0.8376,-0.7004,0,0,0,0,0,1
2026-03-22 08:45:00,6.843,2.193,418.45,0,,0,0,0,-1.2593,-1.0119,-0.1792,0,0,0,0,0,1
2026-03-22 09:00:00,6.959,2.341,411.51,0,,0,0,0,-0.2786,-0.5023,-0.9084,0,0,0,0,0,1
2026-03-22 09:15:00,6.943,2.473,412.8,0,,0,0,0,-0.4223,-0.0581,-0.7767,0,0,0,0,0,1
2026-03-22 09:30:00,6.876,2.765,410.04,0,,0,0,0,-0.994,0.9269,-1.0616,0,0,0,0,0,1
2026-03-22 09:45:00,6.805,2.507,415.93,0,,0,0,0,-1.5767,0.048,-0.4495,0,0,0,0,0,1
2026-03-22 10:00:00,6.805,2.492,411.8,0,,0,0,0,-1.5696,0.0035,-0.9201,0,0,0,0,0,1
2026-03-22 10:15:00,6.874,2.656,408.11,0,,0,0,0,-0.9901,0.5609,-1.3205,0,0,0,0,0,1
2026-03-22 10:30:00,6.889,2.657,410.91,0,,0,0,0,-0.8656,0.5613,-1.0191,0,0,0,0,0,1
2026-03-22 10:45:00,6.755,2.491,409.69,0,,0,0,0,-1.9877,0.0015,-1.1531,0,0,0,0,0,1
2026-03-22 11:00:00,6.839,2.949,416.04,0,,0,0,0,-1.2799,1.54,-0.4728,0,0,0,0,0,1
2026-03-22 11:15:00,6.934,2.625,410.16,0,,0,0,0,-0.494,0.434,-1.1289,0,0,0,0,0,1
2026-03-22 11:30:00,6.84,2.689,404.73,0,,0,0,0,-1.2768,0.6684,-1.7187,0,0,0,0,0,1
2026-03-22 11:45:00,6.925,2.76,412.23,0,,0,0,0,-0.5872,0.9102,-0.9175,0,0,0,0,0,1
2026-03-22 12:00:00,6.882,2.752,417.4,0,,0,0,0,-0.9659,0.8713,-0.3717,0,0,0,0,0,1
2026-03-22 12:15:00,6.796,2.951,415.11,0,,0,0,0,-1.6978,1.5311,-0.6493,0,0,0,0,0,1
2026-03-22 12:30:00,6.837,2.655,406.04,0,,0,0,0,-1.3321,0.5401,-1.7031,0,0,0,0,0,1
2026-03-22 12:45:00,6.846,2.881,409.55,0,,0,0,0,-1.2541,1.2848,-1.2873,0,0,0,0,0,1
2026-03-22 13:00:00,6.807,2.808,410.73,0,,0,0,0,-1.5556,1.0372,-1.1935,0,0,0,0,0,1
2026-03-22 13:15:00,6.809,2.948,411.05,0,,0,0,0,-1.5185,1.4925,-1.1594,0,0,0,0,0,1
2026-03-22 13:30:00,6.937,2.785,412.97,0,,0,0,0,-0.4603,0.9325,-0.9229,0,0,0,0,0,1
2026-03-22 13:45:00,6.817,2.78,410.44,0,,0,0,0,-1.456,0.9202,-1.2281,0,0,0,0,0,1
2026-03-22 14:00:00,6.924,2.956,408.57,0,,0,0,0,-0.5703,1.4977,-1.4458,0,0,0,0,0,1
2026-03-22 14:15:00,6.853,2.912,416.5,0,,0,0,0,-1.1559,1.3455,-0.5161,0,0,0,0,0,1
2026-03-22 14:30:00,6.88,2.747,408.71,0,,0,0,0,-0.9423,0.8004,-1.429,0,0,0,0,0,1
2026-03-22 14:45:00,6.915,3.081,410.54,0,,0,0,0,-0.6572,1.872,-1.2166,0,0,0,0,0,1
2026-03-22 15:00:00,6.864,2.996,409.81,0,,0,0,0,-1.0805,1.5633,-1.3114,0,0,0,0,0,1
2026-03-22 15:15:00,6.929,2.881,417.4,0,,0,0,0,-0.5281,1.1831,-0.4131,0,0,0,0,0,1
2026-03-22 15:30:00,6.806,2.826,416.03,0,,0,0,0,-1.5676,1.0212,-0.6002,0,0,0,0,0,1
2026-03-22 15:45:00,6.939,2.954,419.82,0,,0,0,0,-0.4404,1.4369,-0.145,0,0,0,0,0,1
2026-03-22 16:00:00,6.802,2.999,413.86,0,,0,0,0,-1.5679,1.5717,-0.8717,0,0,0,0,0,1
2026-03-22 16:15:00,6.922,2.66,412.73,0,,0,0,0,-0.5782,0.4757,-1.0044,0,0,0,0,0,1
2026-03-22 16:30:00,6.985,2.953,416.73,0,,0,0,0,-0.0671,1.4171,-0.5251,0,0,0,0,0,1
2026-03-22 16:45:00,6.983,2.99,418.56,0,,0,0,0,-0.0942,1.5383,-0.2981,0,0,0,0,0,1
2026-03-22 17:00:00,6.896,2.534,420.92,0,,0,0,0,-0.8312,0.0779,-0.0148,0,0,0,0,0,1
2026-03-22 17:15:00,6.912,2.908,414.17,0,,0,0,0,-0.6881,1.2934,-0.8322,0,0,0,0,0,1
2026-03-22 17:30:00,6.946,2.974,423.63,0,,0,0,0,-0.3923,1.4744,0.3092,0,0,0,0,0,1
2026-03-22 17:45:00,7.0,2.946,418.97,0,,0,0,0,0.0642,1.3685,-0.2579,0,0,0,0,0,1
2026-03-22 18:00:00,6.898,2.967,420.79,0,,0,0,0,-0.7983,1.4189,-0.0256,0,0,0,0,0,1
2026-03-22 18:15:00,7.009,2.783,428.91,0,,0,0,0,0.1429,0.8299,0.9482,0,0,0,0,0,1
2026-03-22 18:30:00,7.035,2.661,416.31,0,,0,0,0,0.3624,0.447,-0.577,0,0,0,0,0,1
2026-03-22 18:45:00,7.015,2.531,427.15,0,,0,0,0,0.195,0.0474,0.741,0,0,0,0,0,1
2026-03-22 19:00:00,7.065,2.947,427.95,0,,0,0,0,0.6128,1.3662,0.8414,0,0,0,0,0,1
2026-03-22 19:15:00,7.059,2.869,424.2,0,,0,0,0,0.5661,1.1212,0.3873,0,0,0,0,0,1
2026-03-22 19:30:00,7.03,2.919,426.46,0,,0,0,0,0.3193,1.2566,0.6602,0,0,0,0,0,1
2026-03-22 19:45:00,6.97,2.613,433.9,0,,0,0,0,-0.1859,0.291,1.5505,0,0,0,0,0,1
2026-03-22 20:00:00,7.082,2.821,437.61,0,,0,0,0,0.7616,0.9322,1.9508,0,0,0,0,0,1
2026-03-22 20:15:00,7.036,2.452,434.73,0,,0,0,0,0.383,-0.2261,1.5891,0,0,0,0,0,1
2026-03-22 20:30:00,7.062,2.523,438.7,0,,0,0,0,0.6082,-0.0031,2.026,0,0,0,0,0,1
2026-03-22 20:45:00,7.123,2.647,429.04,0,,0,0,0,1.1197,0.3952,0.8984,0,0,0,0,0,1
2026-03-22 21:00:00,7.177,2.703,426.11,0,,0,0,0,1.5723,0.5709,0.5582,0,0,0,0,0,1
2026-03-22 21:15:00,7.111,2.83,432.8,0,,0,0,0,1.0367,0.9668,1.3202,0,0,0,0,0,1
2026-03-22 21:30:00,7.147,2.516,436.78,0,,0,0,0,1.3424,-0.0249,1.757,0,0,0,0,0,1
2026-03-22 21:45:00,7.052,2.396,426.64,0,,0,0,0,0.545,-0.4044,0.5951,0,0,0,0,0,1
2026-03-22 22:00:00,7.142,2.362,430.82,0,,0,0,0,1.3405,-0.5126,1.0694,0,0,0,0,0,1
2026-03-22 22:15:00,7.132,2.371,431.68,0,,0,0,0,1.2466,-0.4789,1.1561,0,0,0,0,0,1
2026-03-22 22:30:00,7.2,2.781,436.74,0,,0,0,0,1.8197,0.811,1.7159,0,0,0,0,0,1
2026-03-22 22:45:00,7.115,2.535,436.54,0,,0,0,0,1.0766,0.0346,1.6639,0,0,0,0,0,1
2026-03-22 23:00:00,7.133,2.563,432.81,0,,0,0,0,1.2325,0.1156,1.2319,0,0,0,0,0,1
2026-03-22 23:15:00,7.2,2.336,436.85,0,,0,0,0,1.7841,-0.6002,1.6481,0,0,0,0,0,1
2026-03-22 23:30:00,7.144,2.347,431.73,0,,0,0,0,1.3021,-0.5657,1.0824,0,0,0,0,0,1
2026-03-22 23:45:00,7.094,2.428,434.73,0,,0,0,0,0.8785,-0.3037,1.3962,0,0,0,0,0,1
2026-03-23 00:00:00,7.278,2.224,431.45,0,,0,0,0,2.3827,-0.9344,1.0439,0,0,0,0,0,1
2026-03-23 00:15:00,7.096,2.234,435.92,0,,0,0,0,0.8773,-0.8984,1.515,0,0,0,0,0,1
2026-03-23 00:30:00,7.145,2.155,433.29,0,,0,0,0,1.2895,-1.1379,1.2313,0,0,0,0,0,1
2026-03-23 00:45:00,7.164,2.169,439.18,0,,0,0,0,1.4263,-1.0868,1.844,0,0,0,0,0,1
2026-03-23 01:00:00,7.158,2.225,436.18,0,,0,0,0,1.3649,-0.9089,1.5176,0,0,0,0,0,1
2026-03-23 01:15:00,7.133,2.076,435.2,0,,0,0,0,1.1458,-1.3662,1.3864,0,0,0,0,0,1
2026-03-23 01:30:00,7.129,2.226,442.95,0,,0,0,0,1.1173,-0.9129,2.1373,0,0,0,0,0,1
2026-03-23 01:45:00,7.123,2.21,437.13,0,,0,0,0,1.0751,-0.9564,1.5236,0,0,0,0,0,1
2026-03-23 02:00:00,7.074,2.127,433.8,0,,0,0,0,0.6779,-1.2121,1.1762,0,0,0,0,0,1
2026-03-23 02:15:00,7.232,2.017,432.57,0,,0,0,0,1.9509,-1.5301,1.0543,0,0,0,0,0,1
2026-03-23 02:30:00,7.108,2.146,429.77,0,,0,0,0,0.9366,-1.1194,0.7582,0,0,0,0,0,1
2026-03-23 02:45:00,7.143,2.045,433.78,0,,0,0,0,1.2143,-1.4151,1.1557,0,0,0,0,0,1
2026-03-23 03:00:00,7.089,2.121,434.78,0,,0,0,0,0.767,-1.1806,1.2419,0,0,0,0,0,1
2026-03-23 03:15:00,7.081,2.272,425.37,0,,0,0,0,0.7095,-0.7106,0.2948,0,0,0,0,0,1
2026-03-23 03:30:00,7.069,1.915,427.01,0,,0,0,0,0.6193,-1.7668,0.4624,0,0,0,0,0,1
2026-03-23 03:45:00,7.006,2.427,429.81,0,,0,0,0,0.1112,-0.2511,0.7454,0,0,0,0,0,1
2026-03-23 04:00:00,7.067,2.089,426.86,0,,0,0,0,0.6152,-1.2826,0.4457,0,0,0,0,0,1
2026-03-23 04:15:00,7.046,2.163,430.78,0,,0,0,0,0.4502,-1.0471,0.8444,0,0,0,0,0,1
2026-03-23 04:30:00,7.116,1.991,430.67,0,,0,0,0,1.0217,-1.5787,0.8361,0,0,0,0,0,1
2026-03-23 04:45:00,6.988,2.279,428.76,0,,0,0,0,-0.0326,-0.7173,0.632,0,0,0,0,0,1
2026-03-23 05:00:00,7.01,2.095,430.75,0,,0,0,0,0.1508,-1.2706,0.824,0,0,0,0,0,1
2026-03-23 05:15:00,6.984,2.062,425.49,0,,0,0,0,-0.0627,-1.37,0.2938,0,0,0,0,0,1
2026-03-23 05:30:00,7.092,2.044,426.92,0,,0,0,0,0.8193,-1.4186,0.4359,0,0,0,0,0,1
2026-03-23 05:45:00,6.966,2.101,422.36,0,,0,0,0,-0.2266,-1.2309,-0.0268,0,0,0,0,0,1
2026-03-23 06:00:00,7.028,2.216,426.77,0,,0,0,0,0.2871,-0.8931,0.4134,0,0,0,0,0,1
2026-03-23 06:15:00,7.039,2.193,425.2,0,,0,0,0,0.3724,-0.9816,0.2442,0,0,0,0,0,1
2026-03-23 06:30:00,6.973,2.177,419.36,0,,0,0,0,-0.1683,-1.0468,-0.3472,0,0,0,0,0,1
2026-03-23 06:45:00,6.902,2.093,422.81,0,,0,0,0,-0.758,-1.2937,-0.008,0,0,0,0,0,1
2026-03-23 07:00:00,6.893,2.102,422.56,0,,0,0,0,-0.8275,-1.2545,-0.0359,0,0,0,0,0,1
2026-03-23 07:15:00,6.995,2.167,423.13,0,,0,0,0,0.0117,-1.057,0.0115,0,0,0,0,0,1
2026-03-23 07:30:00,6.88,2.326,422.59,0,,0,0,0,-0.9404,-0.5793,-0.0494,0,0,0,0,0,1
2026-03-23 07:45:00,6.953,2.377,417.77,0,,0,0,0,-0.3312,-0.4268,-0.5443,0,0,0,0,0,1
2026-03-23 08:00:00,6.931,2.42,423.06,0,,0,0,0,-0.5072,-0.2913,-0.0093,0,0,0,0,0,1
2026-03-23 08:15:00,6.936,2.323,421.48,0,,0,0,0,-0.472,-0.5991,-0.1829,0,0,0,0,0,1
2026-03-23 08:30:00,6.932,2.404,415.9,0,,0,0,0,-0.5124,-0.3524,-0.7653,0,0,0,0,0,1
2026-03-23 08:45:00,6.854,2.346,413.66,0,,0,0,0,-1.1659,-0.5411,-0.9888,0,0,0,0,0,1
2026-03-23 09:00:00,6.845,2.135,415.12,0,,0,0,0,-1.2219,-1.1906,-0.8451,0,0,0,0,0,1
2026-03-23 09:15:00,6.923,2.39,411.33,0,,0,0,0,-0.5726,-0.3907,-1.2348,0,0,0,0,0,1
2026-03-23 09:30:00,6.85,2.391,417.6,0,,0,0,0,-1.1726,-0.3764,-0.5979,0,0,0,0,0,1
2026-03-23 09:45:00,6.738,2.318,421.09,0,,0,0,0,-2.071,-0.5976,-0.2396,0,0,0,0,0,1
2026-03-23 10:00:00,6.903,2.415,421.68,0,,0,0,0,-0.7364,-0.2919,-0.19,0,0,0,0,0,1
2026-03-23 10:15:00,6.814,2.546,411.31,0,,0,0,0,-1.4572,0.121,-1.2953,0,0,0,0,0,1
2026-03-23 10:30:00,6.885,2.382,418.54,0,,0,0,0,-0.8738,-0.383,-0.5406,0,0,0,0,0,1
2026-03-23 10:45:00,6.928,2.471,415.5,0,,0,0,0,-0.5459,-0.1039,-0.8792,0,0,0,0,0,1
2026-03-23 11:00:00,6.856,2.836,405.39,0,,0,0,0,-1.1516,1.0461,-1.9255,0,0,0,0,0,1
2026-03-23 11:15:00,6.903,2.388,413.52,0,,0,0,0,-0.7538,-0.3538,-1.0718,0,0,0,0,0,1
2026-03-23 11:30:00,6.859,2.626,412.99,0,,0,0,0,-1.1257,0.3966,-1.1544,0,0,0,0,0,1
2026-03-23 11:45:00,6.93,2.502,419.58,0,,0,0,0,-0.5313,0.015,-0.4531,0,0,0,0,0,1
2026-03-23 12:00:00,6.797,2.587,411.27,0,,0,0,0,-1.6231,0.2897,-1.3418,0,0,0,0,0,1
2026-03-23 12:15:00,6.85,2.693,417.08,0,,0,0,0,-1.1957,0.6395,-0.7169,0,0,0,0,0,1
2026-03-23 12:30:00,6.885,2.595,414.53,0,,0,0,0,-0.9116,0.3287,-1.0173,0,0,0,0,0,1
2026-03-23 12:45:00,6.843,2.85,409.35,0,,0,0,0,-1.2637,1.1466,-1.5859,0,0,0,0,0,1
2026-03-23 13:00:00,6.913,2.986,413.14,0,,0,0,0,-0.6926,1.564,-1.1765,0,0,0,0,0,1
2026-03-23 13:15:00,6.836,2.927,421.76,0,,0,0,0,-1.3531,1.3786,-0.2406,0,0,0,0,0,1
2026-03-23 13:30:00,6.965,2.971,415.26,0,,0,0,0,-0.2575,1.501,-0.9704,0,0,0,0,0,1
2026-03-23 13:45:00,6.972,2.626,419.95,0,,0,0,0,-0.2142,0.4185,-0.4624,0,0,0,0,0,1
2026-03-23 14:00:00,6.884,2.81,420.14,0,,0,0,0,-0.9669,1.0122,-0.4616,0,0,0,0,0,1
2026-03-23 14:15:00,6.903,2.929,415.41,0,,0,0,0,-0.8117,1.3897,-1.0019,0,0,0,0,0,1
2026-03-23 14:30:00,6.941,3.0,412.57,0,,0,0,0,-0.4909,1.5912,-1.3418,0,0,0,0,0,1
2026-03-23 14:45:00,6.828,3.142,413.64,0,,0,0,0,-1.4511,2.0288,-1.2285,0,0,0,0,0,1
2026-03-23 15:00:00,6.828,3.047,424.64,0,,0,0,0,-1.4418,1.7241,0.0309,0,0,0,0,0,1
2026-03-23 15:15:00,6.964,3.027,420.06,0,,0,0,0,-0.2801,1.6454,-0.5132,0,0,0,0,0,1
2026-03-23 15:30:00,6.922,3.292,413.17,0,,0,0,0,-0.6587,2.3917,-1.3181,0,0,0,0,0,1
2026-03-23 15:45:00,6.905,2.914,424.13,0,,0,0,0,-0.8017,1.2497,-0.0342,0,0,0,0,0,1
2026-03-23 16:00:00,6.926,2.857,414.36,0,,0,0,0,-0.6393,1.0876,-1.1867,0,0,0,0,0,1
2026-03-23 16:15:00,6.814,2.926,418.94,0,,0,0,0,-1.595,1.2801,-0.6595,0,0,0,0,0,1
2026-03-23 16:30:00,6.933,2.759,423.33,0,,0,0,0,-0.556,0.7854,-0.1467,0,0,0,0,0,1
2026-03-23 16:45:00,6.914,2.902,433.87,0,,0,0,0,-0.7126,1.2292,1.0883,0,0,0,0,0,1
2026-03-23 17:00:00,7.007,2.627,427.85,0,,0,0,0,0.0819,0.3838,0.3639,0,0,0,0,0,1
2026-03-23 17:15:00,7.02,2.799,423.47,0,,0,0,0,0.1856,0.9171,-0.1701,0,0,0,0,0,1
2026-03-23 17:30:00,7.009,2.852,426.34,0,,0,0,0,0.0842,1.0892,0.1708,0,0,0,0,0,1
2026-03-23 17:45:00,7.01,3.001,430.73,0,,0,0,0,0.092,1.5434,0.683,0,0,0,0,0,1
2026-03-23 18:00:00,6.925,3.013,433.57,0,,0,0,0,-0.6525,1.5754,1.0038,0,0,0,0,0,1
2026-03-23 18:15:00,7.039,2.688,427.72,0,,0,0,0,0.34,0.5812,0.3062,0,0,0,0,0,1
2026-03-23 18:30:00,7.051,3.129,428.67,0,,0,0,0,0.443,1.8897,0.4065,0,0,0,0,0,1
2026-03-23 18:45:00,7.092,2.823,427.04,0,,0,0,0,0.7911,0.9506,0.2107,0,0,0,0,0,1
2026-03-23 19:00:00,7.145,2.819,433.84,0,,0,0,0,1.2365,0.9469,1.0157,0,0,0,0,0,1
2026-03-23 19:15:00,6.964,2.521,436.08,0,,0,0,0,-0.3186,0.0572,1.2582,0,0,0,0,0,1
2026-03-23 19:30:00,7.038,2.65,425.0,0,,0,0,0,0.3203,0.4617,-0.0542,0,0,0,0,0,1
2026-03-23 19:45:00,7.029,2.88,431.93,0,,0,0,0,0.2372,1.1509,0.7719,0,0,0,0,0,1
2026-03-23 20:00:00,7.084,2.725,429.4,0,,0,0,0,0.7123,0.6835,0.4862,0,0,0,0,0,1
2026-03-23 20:15:00,7.084,2.693,435.58,0,,0,0,0,0.7064,0.5772,1.2256,0,0,0,0,0,1
2026-03-23 20:30:00,7.08,2.687,430.71,0,,0,0,0,0.6697,0.5528,0.6591,0,0,0,0,0,1
2026-03-23 20:45:00,7.15,2.412,431.03,0,,0,0,0,1.2667,-0.277,0.6944,0,0,0,0,0,1
2026-03-23 21:00:00,7.051,2.589,441.43,0,,0,0,0,0.4323,0.2661,1.8975,0,0,0,0,0,1
2026-03-23 21:15:00,7.061,2.789,436.85,0,,0,0,0,0.5255,0.8787,1.3409,0,0,0,0,0,1
2026-03-23 21:30:00,7.068,2.715,437.82,0,,0,0,0,0.5977,0.6449,1.4516,0,0,0,0,0,1
2026-03-23 21:45:00,7.107,2.507,440.29,0,,0,0,0,0.9316,0.0074,1.6995,0,0,0,0,0,1
2026-03-23 22:00:00,7.068,2.735,442.91,0,,0,0,0,0.6011,0.6898,1.9521,0,0,0,0,0,1
2026-03-23 22:15:00,7.132,2.285,437.77,0,,0,0,0,1.1642,-0.6767,1.3492,0,0,0,0,0,1
2026-03-23 22:30:00,7.13,2.302,438.23,0,,0,0,0,1.1641,-0.6108,1.3962,0,0,0,0,0,1
2026-03-23 22:45:00,7.103,2.702,438.57,0,,0,0,0,0.9264,0.6009,1.4277,0,0,0,0,0,1
2026-03-23 23:00:00,7.189,2.483,444.74,0,,0,0,0,1.6734,-0.0623,2.066,0,0,0,0,0,1
2026-03-23 23:15:00,7.144,2.328,440.37,0,,0,0,0,1.2917,-0.5332,1.5713,0,0,0,0,0,1
2026-03-23 23:30:00,7.202,2.339,439.65,0,,0,0,0,1.7874,-0.4994,1.4692,0,0,0,0,0,1
2026-03-23 23:45:00,7.14,2.202,442.5,0,,0,0,0,1.2307,-0.905,1.749,0,0,0,0,0,1
2026-03-24 00:00:00,7.149,2.341,448.33,0,,0,0,0,1.3523,-0.4891,2.2929,0,0,0,0,0,1
2026-03-24 00:15:00,7.122,2.307,441.33,0,,0,0,0,1.1044,-0.5956,1.5441,0,0,0,0,0,1
2026-03-24 00:30:00,7.148,2.259,439.92,0,,0,0,0,1.3368,-0.747,1.3804,0,0,0,0,0,1
2026-03-24 00:45:00,7.183,2.062,448.69,0,,0,0,0,1.6442,-1.3388,2.2317,0,0,0,0,0,1
2026-03-24 01:00:00,7.124,2.257,446.11,0,,0,0,0,1.1245,-0.7483,1.931,0,0,0,0,0,1
2026-03-24 01:15:00,7.168,2.12,445.35,0,,0,0,0,1.5094,-1.168,1.819,0,0,0,0,0,1
2026-03-24 01:30:00,7.098,2.035,438.37,0,,0,0,0,0.8894,-1.411,1.1462,0,0,0,0,0,1
2026-03-24 01:45:00,7.172,2.357,437.7,0,,0,0,0,1.5386,-0.4435,1.0788,0,0,0,0,0,1
2026-03-24 02:00:00,7.101,2.479,432.44,0,,0,0,0,0.9019,-0.0852,0.5615,0,0,0,0,0,1
2026-03-24 02:15:00,7.167,2.433,443.27,0,,0,0,0,1.5111,-0.2417,1.6009,0,0,0,0,0,1
2026-03-24 02:30:00,7.122,2.228,439.31,0,,0,0,0,1.1038,-0.8802,1.196,0,0,0,0,0,1
2026-03-24 02:45:00,7.189,2.081,431.34,0,,0,0,0,1.6899,-1.3389,0.4268,0,0,0,0,0,1
2026-03-24 03:00:00,7.048,2.103,442.87,0,,0,0,0,0.4374,-1.2692,1.523,0,0,0,0,0,1
2026-03-24 03:15:00,7.025,2.169,436.18,0,,0,0,0,0.2376,-1.058,0.8658,0,0,0,0,0,1
2026-03-24 03:30:00,7.061,2.04,436.12,0,,0,0,0,0.5612,-1.4707,0.8477,0,0,0,0,0,1
2026-03-24 03:45:00,7.014,2.299,430.33,0,,0,0,0,0.1391,-0.6591,0.2948,0,0,0,0,0,1
2026-03-24 04:00:00,7.006,1.795,437.73,0,,0,0,0,0.0732,-2.1787,0.9847,0,0,0,0,0,1
2026-03-24 04:15:00,7.097,2.056,437.12,0,,0,0,0,0.8831,-1.3721,0.9169,0,0,0,0,0,1
2026-03-24 04:30:00,7.057,2.224,434.25,0,,0,0,0,0.5327,-0.8764,0.6411,0,0,0,0,0,1
2026-03-24 04:45:00,7.024,1.981,432.09,0,,0,0,0,0.2325,-1.5953,0.4336,0,0,0,0,0,1
2026-03-24 05:00:00,7.019,2.078,443.56,0,,0,0,0,0.1867,-1.2993,1.4852,0,0,0,0,0,1
2026-03-24 05:15:00,6.999,2.21,427.52,0,,0,0,0,0.0054,-0.9082,-0.0116,0,0,0,0,0,1
2026-03-24 05:30:00,7.102,2.358,428.72,0,,0,0,0,0.9299,-0.4712,0.0985,0,0,0,0,0,1
2026-03-24 05:45:00,6.973,1.947,433.71,0,,0,0,0,-0.2298,-1.7194,0.5524,0,0,0,0,0,1
2026-03-24 06:00:00,6.934,1.948,426.08,0,,0,0,0,-0.5707,-1.6889,-0.1578,0,0,0,0,0,1
2026-03-24 06:15:00,7.03,2.026,425.04,0,,0,0,0,0.2917,-1.4387,-0.2546,0,0,0,0,0,1
2026-03-24 06:30:00,6.97,1.952,433.19,0,,0,0,0,-0.2465,-1.6387,0.4923,0,0,0,0,0,1
2026-03-24 06:45:00,7.073,1.979,430.36,0,,0,0,0,0.663,-1.5471,0.221,0,0,0,0,0,1
2026-03-24 07:00:00,6.935,2.071,429.15,0,,0,0,0,-0.5833,-1.2721,0.1016,0,0,0,0,0,1
2026-03-24 07:15:00,6.994,2.421,427.24,0,,0,0,0,-0.0512,-0.2456,-0.0812,0,0,0,0,0,1
2026-03-24 07:30:00,6.997,2.21,423.06,0,,0,0,0,-0.0353,-0.8672,-0.4733,0,0,0,0,0,1
2026-03-24 07:45:00,6.908,2.282,424.15,0,,0,0,0,-0.8364,-0.6497,-0.379,0,0,0,0,0,1
2026-03-24 08:00:00,6.888,2.157,424.19,0,,0,0,0,-1.0099,-1.0066,-0.3765,0,0,0,0,0,1
2026-03-24 08:15:00,6.954,2.418,427.28,0,,0,0,0,-0.4167,-0.2409,-0.0915,0,0,0,0,0,1
2026-03-24 08:30:00,6.937,2.628,425.0,0,,0,0,0,-0.5708,0.3715,-0.3176,0,0,0,0,0,1
2026-03-24 08:45:00,6.831,2.238,419.03,0,,0,0,0,-1.521,-0.7735,-0.8954,0,0,0,0,0,1
2026-03-24 09:00:00,6.838,2.655,425.37,0,,0,0,0,-1.4559,0.4398,-0.3023,0,0,0,0,0,1
2026-03-24 09:15:00,6.76,2.477,415.01,0,,0,0,0,-2.0967,-0.0894,-1.3113,0,0,0,0,0,1
2026-03-24 09:30:00,6.911,2.45,419.99,0,,0,0,0,-0.7778,-0.1712,-0.8332,0,0,0,0,0,1
2026-03-24 09:45:00,6.862,2.534,416.29,0,,0,0,0,-1.2488,0.071,-1.182,0,0,0,0,0,1
2026-03-24 10:00:00,6.862,2.559,417.07,0,,0,0,0,-1.2398,0.1407,-1.0975,0,0,0,0,0,1
2026-03-24 10:15:00,6.781,2.805,427.88,0,,0,0,0,-1.9549,0.8592,-0.0748,0,0,0,0,0,1
2026-03-24 10:30:00,6.807,2.63,414.01,0,,0,0,0,-1.6979,0.3345,-1.4169,0,0,0,0,0,1
2026-03-24 10:45:00,6.834,2.659,416.39,0,,0,0,0,-1.4369,0.4141,-1.188,0,0,0,0,0,1
2026-03-24 11:00:00,6.821,2.54,421.52,0,,0,0,0,-1.5409,0.072,-0.7234,0,0,0,0,0,1
2026-03-24 11:15:00,6.859,2.754,417.47,0,,0,0,0,-1.1997,0.6945,-1.1376,0,0,0,0,0,1
2026-03-24 11:30:00,6.88,2.51,419.89,0,,0,0,0,-1.0209,-0.0247,-0.9105,0,0,0,0,0,1
2026-03-24 11:45:00,6.964,2.693,424.96,0,,0,0,0,-0.2912,0.511,-0.4047,0,0,0,0,0,1
2026-03-24 12:00:00,6.849,3.132,421.88,0,,0,0,0,-1.3106,1.7638,-0.7395,0,0,0,0,0,1
2026-03-24 12:15:00,6.906,2.347,417.46,0,,0,0,0,-0.8184,-0.5104,-1.196,0,0,0,0,0,1
2026-03-24 12:30:00,6.81,2.778,418.92,0,,0,0,0,-1.6461,0.7364,-1.0566,0,0,0,0,0,1
2026-03-24 12:45:00,6.769,2.804,421.76,0,,0,0,0,-1.9765,0.8142,-0.7907,0,0,0,0,0,1
2026-03-24 13:00:00,6.837,2.749,422.4,0,,0,0,0,-1.3699,0.6664,-0.7425,0,0,0,0,0,1
2026-03-24 13:15:00,6.778,2.77,420.22,0,,0,0,0,-1.8569,0.7361,-0.9729,0,0,0,0,0,1
2026-03-24 13:30:00,6.862,2.831,421.9,0,,0,0,0,-1.1234,0.9243,-0.8075,0,0,0,0,0,1
2026-03-24 13:45:00,6.826,2.795,422.27,0,,0,0,0,-1.4013,0.8103,-0.772,0,0,0,0,0,1
2026-03-24 14:00:00,6.772,2.88,420.88,0,,0,0,0,-1.8201,1.0565,-0.924,0,0,0,0,0,1
2026-03-24 14:15:00,6.962,2.786,419.29,0,,0,0,0,-0.2521,0.7879,-1.1069,0,0,0,0,0,1
2026-03-24 14:30:00,6.854,3.173,425.18,0,,0,0,0,-1.1347,1.9085,-0.4881,0,0,0,0,0,1
2026-03-24 14:45:00,6.805,2.841,423.92,0,,0,0,0,-1.5328,0.9582,-0.649,0,0,0,0,0,1
2026-03-24 15:00:00,6.939,2.972,415.02,0,,0,0,0,-0.4431,1.3536,-1.6178,0,0,0,0,0,1
2026-03-24 15:15:00,6.865,2.792,420.66,0,,0,0,0,-1.0432,0.8325,-0.9931,0,0,0,0,0,1
2026-03-24 15:30:00,6.963,3.037,422.69,0,,0,0,0,-0.2378,1.6013,-0.7902,0,0,0,0,0,1
2026-03-24 15:45:00,6.88,3.009,424.49,0,,0,0,0,-0.9204,1.5066,-0.5878,0,0,0,0,0,1
2026-03-24 16:00:00,6.898,2.963,430.83,0,,0,0,0,-0.7682,1.358,0.1095,0,0,0,0,0,1
2026-03-24 16:15:00,6.951,2.745,439.56,0,,0,0,0,-0.3469,0.7082,1.0875,0,0,0,0,0,1
2026-03-24 16:30:00,6.972,2.784,417.68,0,,0,0,0,-0.1755,0.8255,-1.4077,0,0,0,0,0,1
2026-03-24 16:45:00,6.99,3.145,429.51,0,,0,0,0,-0.032,1.8928,-0.0542,0,0,0,0,0,1
2026-03-24 17:00:00,6.957,2.772,429.37,0,,0,0,0,-0.3034,0.7656,-0.072,0,0,0,0,0,1
2026-03-24 17:15:00,6.997,2.975,429.18,0,,0,0,0,0.0328,1.3602,-0.1008,0,0,0,0,0,1
2026-03-24 17:30:00,7.018,2.728,432.9,0,,0,0,0,0.2075,0.6303,0.3173,0,0,0,0,0,1
2026-03-24 17:45:00,7.0,3.01,432.16,0,,0,0,0,0.058,1.472,0.2308,0,0,0,0,0,1
2026-03-24 18:00:00,6.993,2.743,430.94,0,,0,0,0,-0.0065,0.6893,0.0943,0,0,0,0,0,1
2026-03-24 18:15:00,6.938,2.688,433.34,0,,0,0,0,-0.458,0.5235,0.3625,0,0,0,0,0,1
2026-03-24 18:30:00,7.05,2.71,436.27,0,,0,0,0,0.4795,0.613,0.6874,0,0,0,0,0,1
2026-03-24 18:45:00,7.031,2.718,436.72,0,,0,0,0,0.3268,0.6427,0.7258,0,0,0,0,0,1
2026-03-24 19:00:00,7.018,2.844,436.44,0,,0,0,0,0.2308,1.0283,0.6896,0,0,0,0,0,1
2026-03-24 19:15:00,7.112,2.774,434.15,0,,0,0,0,1.0085,0.8025,0.4317,0,0,0,0,0,1
2026-03-24 19:30:00,6.986,2.579,448.54,0,,0,0,0,-0.0485,0.2081,2.0037,0,0,0,0,0,1
2026-03-24 19:45:00,7.149,2.718,439.46,0,,0,0,0,1.304,0.6419,0.9755,0,0,0,0,0,1
2026-03-24 20:00:00,7.074,2.528,441.81,0,,0,0,0,0.6784,0.0638,1.213,0,0,0,0,0,1
2026-03-24 20:15:00,7.099,2.773,437.45,0,,0,0,0,0.8852,0.8154,0.7288,0,0,0,0,0,1
2026-03-24 20:30:00,7.072,2.777,440.92,0,,0,0,0,0.6607,0.8231,1.0924,0,0,0,0,0,1
2026-03-24 20:45:00,7.016,2.625,441.54,0,,0,0,0,0.206,0.3492,1.1403,0,0,0,0,0,1
2026-03-24 21:00:00,7.099,2.644,433.79,0,,0,0,0,0.8993,0.4056,0.3084,0,0,0,0,0,1
2026-03-24 21:15:00,7.13,2.841,439.15,0,,0,0,0,1.1479,1.0072,0.8904,0,0,0,0,0,1
2026-03-24 21:30:00,7.153,2.529,439.62,0,,0,0,0,1.3232,0.0569,0.938,0,0,0,0,0,1
2026-03-24 21:45:00,7.115,2.385,440.67,0,,0,0,0,1.0062,-0.3813,1.0515,0,0,0,0,0,1
2026-03-24 22:00:00,7.02,2.587,439.25,0,,0,0,0,0.2223,0.244,0.9052,0,0,0,0,0,1
2026-03-24 22:15:00,7.057,2.304,444.12,0,,0,0,0,0.5394,-0.6274,1.4197,0,0,0,0,0,1
2026-03-24 22:30:00,7.241,2.416,449.91,0,,0,0,0,2.0363,-0.2869,1.9979,0,0,0,0,0,1
2026-03-24 22:45:00,7.087,2.332,445.16,0,,0,0,0,0.7709,-0.5341,1.472,0,0,0,0,0,1
2026-03-24 23:00:00,7.216,2.291,440.19,0,,0,0,0,1.8244,-0.6529,0.9574,0,0,0,0,0,1
2026-03-24 23:15:00,7.1,2.334,441.02,0,,0,0,0,0.8795,-0.5209,1.0442,0,0,0,0,0,1
2026-03-24 23:30:00,7.14,2.482,443.81,0,,0,0,0,1.2242,-0.0701,1.3292,0,0,0,0,0,1
2026-03-24 23:45:00,7.181,2.489,439.78,0,,0,0,0,1.5535,-0.058,0.909,0,0,0,0,0,1
2026-03-25 00:00:00,7.109,2.439,446.73,0,,0,0,0,0.9655,-0.2162,1.653,0,0,0,0,0,1
2026-03-25 00:15:00,7.229,2.328,450.95,0,,0,0,0,1.9251,-0.5612,2.0565,0,0,0,0,0,1
2026-03-25 00:30:00,7.153,2.218,443.2,0,,0,0,0,1.302,-0.8999,1.2373,0,0,0,0,0,1
2026-03-25 00:45:00,7.17,1.883,445.73,0,,0,0,0,1.4446,-1.9132,1.5124,0,0,0,0,0,1
2026-03-25 01:00:00,7.132,2.272,443.58,0,,0,0,0,1.1317,-0.7207,1.295,0,0,0,0,0,1
2026-03-25 01:15:00,7.175,1.857,442.59,0,,0,0,0,1.4818,-1.9595,1.1988,0,0,0,0,0,1
2026-03-25 01:30:00,7.218,1.894,445.64,0,,0,0,0,1.7987,-1.8296,1.4993,0,0,0,0,0,1
2026-03-25 01:45:00,7.128,2.143,441.95,0,,0,0,0,1.0812,-1.069,1.1038,0,0,0,0,0,1
2026-03-25 02:00:00,7.216,2.193,441.05,0,,0,0,0,1.7622,-0.9065,0.9954,0,0,0,0,0,1
2026-03-25 02:15:00,7.094,2.074,437.44,0,,0,0,0,0.7971,-1.2398,0.6311,0,0,0,0,0,1
2026-03-25 02:30:00,7.157,2.361,443.76,0,,0,0,0,1.2973,-0.397,1.279,0,0,0,0,0,1
2026-03-25 02:45:00,7.137,2.191,447.32,0,,0,0,0,1.1479,-0.9071,1.6086,0,0,0,0,0,1
2026-03-25 03:00:00,7.053,2.076,445.39,0,,0,0,0,0.4689,-1.2468,1.4035,0,0,0,0,0,1
2026-03-25 03:15:00,7.11,2.316,448.0,0,,0,0,0,0.9182,-0.5407,1.6353,0,0,0,0,0,1
2026-03-25 03:30:00,7.092,2.338,438.78,0,,0,0,0,0.7695,-0.4886,0.7034,0,0,0,0,0,1
2026-03-25 03:45:00,7.041,2.178,444.29,0,,0,0,0,0.3576,-0.9628,1.2325,0,0,0,0,0,1
2026-03-25 04:00:00,7.093,1.984,435.85,0,,0,0,0,0.7652,-1.5672,0.3935,0,0,0,0,0,1
2026-03-25 04:15:00,7.074,2.018,442.46,0,,0,0,0,0.616,-1.4605,1.0429,0,0,0,0,0,1
2026-03-25 04:30:00,7.054,1.886,445.53,0,,0,0,0,0.4561,-1.8229,1.3241,0,0,0,0,0,1
2026-03-25 04:45:00,7.045,2.101,440.26,0,,0,0,0,0.382,-1.1917,0.7942,0,0,0,0,0,1
2026-03-25 05:00:00,7.034,1.956,444.21,0,,0,0,0,0.2926,-1.6136,1.1802,0,0,0,0,0,1
2026-03-25 05:15:00,7.011,2.072,434.45,0,,0,0,0,0.1075,-1.2578,0.2165,0,0,0,0,0,1
2026-03-25 05:30:00,7.027,2.17,435.58,0,,0,0,0,0.2426,-0.9574,0.3204,0,0,0,0,0,1
2026-03-25 05:45:00,6.978,1.844,431.72,0,,0,0,0,-0.1514,-1.9068,-0.0564,0,0,0,0,0,1
2026-03-25 06:00:00,7.133,1.964,434.78,0,,0,0,0,1.0719,-1.5559,0.2354,0,0,0,0,0,1
2026-03-25 06:15:00,6.92,2.091,434.98,0,,0,0,0,-0.6206,-1.1874,0.2455,0,0,0,0,0,1
2026-03-25 06:30:00,6.951,2.175,433.27,0,,0,0,0,-0.3715,-0.9551,0.0769,0,0,0,0,0,1
2026-03-25 06:45:00,6.945,2.125,430.54,0,,0,0,0,-0.4091,-1.1151,-0.1923,0,0,0,0,0,1
2026-03-25 07:00:00,7.063,2.177,429.76,0,,0,0,0,0.5223,-0.9664,-0.2698,0,0,0,0,0,1
2026-03-25 07:15:00,6.886,2.13,432.4,0,,0,0,0,-0.8781,-1.0918,-0.0149,0,0,0,0,0,1
2026-03-25 07:30:00,6.964,2.039,429.69,0,,0,0,0,-0.2552,-1.3502,-0.2905,0,0,0,0,0,1
2026-03-25 07:45:00,6.946,2.198,425.05,0,,0,0,0,-0.4021,-0.8739,-0.7519,0,0,0,0,0,1
2026-03-25 08:00:00,6.942,2.268,421.43,0,,0,0,0,-0.4397,-0.6719,-1.1051,0,0,0,0,0,1
2026-03-25 08:15:00,6.978,2.277,426.01,0,,0,0,0,-0.1543,-0.6396,-0.6502,0,0,0,0,0,1
2026-03-25 08:30:00,6.969,2.364,422.28,0,,0,0,0,-0.2291,-0.3735,-1.0135,0,0,0,0,0,1
2026-03-25 08:45:00,6.879,2.434,423.9,0,,0,0,0,-0.9572,-0.1724,-0.8636,0,0,0,0,0,1
2026-03-25 09:00:00,6.904,2.499,425.02,0,,0,0,0,-0.7663,0.0258,-0.752,0,0,0,0,0,1
2026-03-25 09:15:00,6.794,2.327,425.64,0,,0,0,0,-1.6667,-0.4812,-0.7112,0,0,0,0,0,1
2026-03-25 09:30:00,6.886,2.211,423.11,0,,0,0,0,-0.9157,-0.8159,-0.9724,0,0,0,0,0,1
2026-03-25 09:45:00,6.836,2.665,434.13,0,,0,0,0,-1.3154,0.5249,0.1223,0,0,0,0,0,1
2026-03-25 10:00:00,6.861,2.558,419.95,0,,0,0,0,-1.113,0.2082,-1.3386,0,0,0,0,0,1
2026-03-25 10:15:00,6.781,2.383,429.51,0,,0,0,0,-1.7599,-0.298,-0.3574,0,0,0,0,0,1
2026-03-25 10:30:00,6.882,2.594,423.75,0,,0,0,0,-0.9572,0.3305,-0.9759,0,0,0,0,0,1
2026-03-25 10:45:00,6.773,2.738,421.54,0,,0,0,0,-1.8253,0.755,-1.2228,0,0,0,0,0,1
2026-03-25 11:00:00,6.863,2.863,426.34,0,,0,0,0,-1.1063,1.109,-0.7258,0,0,0,0,0,1
2026-03-25 11:15:00,6.792,2.666,422.04,0,,0,0,0,-1.6639,0.5315,-1.1953,0,0,0,0,0,1
2026-03-25 11:30:00,6.809,2.812,420.55,0,,0,0,0,-1.5098,0.9492,-1.3565,0,0,0,0,0,1
2026-03-25 11:45:00,6.908,2.495,430.9,0,,0,0,0,-0.7118,0.0229,-0.258,0,0,0,0,0,1
2026-03-25 12:00:00,6.879,2.695,414.99,0,,0,0,0,-0.9482,0.6367,-1.9334,0,0,0,0,0,1
2026-03-25 12:15:00,6.908,2.672,422.86,0,,0,0,0,-0.7164,0.5571,-1.1146,0,0,0,0,0,1
2026-03-25 12:30:00,6.929,2.795,424.72,0,,0,0,0,-0.5642,0.9247,-0.9298,0,0,0,0,0,1
2026-03-25 12:45:00,6.814,3.005,429.77,0,,0,0,0,-1.5074,1.5352,-0.3976,0,0,0,0,0,1
2026-03-25 13:00:00,6.93,2.82,422.77,0,,0,0,0,-0.5757,0.9814,-1.1586,0,0,0,0,0,1
2026-03-25 13:15:00,6.785,2.66,435.28,0,,0,0,0,-1.7672,0.5115,0.1852,0,0,0,0,0,1
2026-03-25 13:30:00,6.899,2.628,428.0,0,,0,0,0,-0.8372,0.4246,-0.6254,0,0,0,0,0,1
2026-03-25 13:45:00,6.841,3.079,415.86,0,,0,0,0,-1.3185,1.7418,-1.937,0,0,0,0,0,1
2026-03-25 14:00:00,6.824,2.923,419.93,0,,0,0,0,-1.4744,1.278,-1.4889,0,0,0,0,0,1
2026-03-25 14:15:00,6.906,2.926,427.16,0,,0,0,0,-0.7858,1.2766,-0.7166,0,0,0,0,0,1
2026-03-25 14:30:00,6.928,2.818,422.14,0,,0,0,0,-0.6134,0.9869,-1.2615,0,0,0,0,0,1
2026-03-25 14:45:00,6.933,2.919,429.45,0,,0,0,0,-0.5903,1.282,-0.4676,0,0,0,0,0,1
2026-03-25 15:00:00,6.905,2.738,426.03,0,,0,0,0,-0.822,0.7572,-0.874,0,0,0,0,0,1
2026-03-25 15:15:00,6.908,2.95,423.68,0,,0,0,0,-0.8035,1.3798,-1.1472,0,0,0,0,0,1
2026-03-25 15:30:00,6.935,2.72,425.26,0,,0,0,0,-0.572,0.7125,-0.975,0,0,0,0,0,1
2026-03-25 15:45:00,6.932,2.845,433.21,0,,0,0,0,-0.6042,1.1023,-0.0846,0,0,0,0,0,1
2026-03-25 16:00:00,6.952,2.804,422.43,0,,0,0,0,-0.4408,0.989,-1.2933,0,0,0,0,0,1
2026-03-25 16:15:00,6.944,2.411,435.44,0,,0,0,0,-0.5081,-0.2019,0.1834,0,0,0,0,0,1
2026-03-25 16:30:00,6.985,2.845,436.32,0,,0,0,0,-0.1605,1.1244,0.2658,0,0,0,0,0,1
2026-03-25 16:45:00,6.87,2.757,431.48,0,,0,0,0,-1.1209,0.8837,-0.2952,0,0,0,0,0,1
2026-03-25 17:00:00,6.955,2.855,427.98,0,,0,0,0,-0.4022,1.1831,-0.6969,0,0,0,0,0,1
2026-03-25 17:15:00,6.902,2.879,436.63,0,,0,0,0,-0.8387,1.2664,0.2923,0,0,0,0,0,1
2026-03-25 17:30:00,6.994,3.135,433.29,0,,0,0,0,-0.0619,2.0143,-0.0939,0,0,0,0,0,1
2026-03-25 17:45:00,7.072,2.904,430.0,0,,0,0,0,0.5875,1.3166,-0.4709,0,0,0,0,0,1
2026-03-25 18:00:00,6.976,2.897,444.53,0,,0,0,0,-0.2179,1.2833,1.1814,0,0,0,0,0,1
2026-03-25 18:15:00,7.016,2.907,434.19,0,,0,0,0,0.1116,1.2981,-0.0047,0,0,0,0,0,1
2026-03-25 18:30:00,7.057,2.948,432.66,0,,0,0,0,0.4559,1.404,-0.1758,0,0,0,0,0,1
2026-03-25 18:45:00,6.926,2.869,440.51,0,,0,0,0,-0.6359,1.1556,0.7179,0,0,0,0,0,1
2026-03-25 19:00:00,7.013,2.825,439.91,0,,0,0,0,0.0952,1.0247,0.6439,0,0,0,0,0,1
2026-03-25 19:15:00,7.066,2.87,446.93,0,,0,0,0,0.546,1.1534,1.4148,0,0,0,0,0,1
2026-03-25 19:30:00,6.913,2.38,440.24,0,,0,0,0,-0.7344,-0.309,0.6766,0,0,0,0,0,1
2026-03-25 19:45:00,7.018,3.036,441.05,0,,0,0,0,0.1604,1.628,0.7663,0,0,0,0,0,1
2026-03-25 20:00:00,7.13,2.938,444.61,0,,0,0,0,1.0993,1.313,1.1651,0,0,0,0,0,1
2026-03-25 20:15:00,7.133,2.709,444.78,0,,0,0,0,1.1183,0.6437,1.1679,0,0,0,0,0,1
2026-03-25 20:30:00,7.11,2.441,445.59,0,,0,0,0,0.9192,-0.1343,1.2471,0,0,0,0,0,1
2026-03-25 20:45:00,7.143,2.81,446.41,0,,0,0,0,1.1762,0.945,1.3254,0,0,0,0,0,1
2026-03-25 21:00:00,7.117,2.499,446.6,0,,0,0,0,0.9569,0.0355,1.3194,0,0,0,0,0,1
2026-03-25 21:15:00,7.141,2.658,444.86,0,,0,0,0,1.1542,0.5111,1.1144,0,0,0,0,0,1
2026-03-25 21:30:00,7.103,2.36,450.4,0,,0,0,0,0.8469,-0.3641,1.6879,0,0,0,0,0,1
2026-03-25 21:45:00,7.131,2.86,446.13,0,,0,0,0,1.0775,1.0915,1.2115,0,0,0,0,0,1
2026-03-25 22:00:00,7.098,2.284,451.25,0,,0,0,0,0.7933,-0.5895,1.7245,0,0,0,0,0,1
2026-03-25 22:15:00,7.198,2.484,454.0,0,,0,0,0,1.5914,-0.0087,1.9737,0,0,0,0,0,1
2026-03-25 22:30:00,7.215,2.129,446.11,0,,0,0,0,1.7402,-1.0365,1.1592,0,0,0,0,0,1
2026-03-25 22:45:00,7.211,2.416,458.77,0,,0,0,0,1.6753,-0.2012,2.4124,0,0,0,0,0,1
2026-03-25 23:00:00,7.124,2.333,446.57,0,,0,0,0,0.9862,-0.4453,1.1488,0,0,0,0,0,1
2026-03-25 23:15:00,7.099,2.542,446.83,0,,0,0,0,0.7809,0.1597,1.1628,0,0,0,0,0,1
2026-03-25 23:30:00,7.213,2.283,451.98,0,,0,0,0,1.6966,-0.5912,1.6579,0,0,0,0,0,1
2026-03-25 23:45:00,7.177,2.494,451.71,0,,0,0,0,1.4043,0.0251,1.5978,0,0,0,0,0,1
2026-03-26 00:00:00,7.166,2.146,450.31,0,,0,0,0,1.3029,-0.9778,1.4487,0,0,0,0,0,1
2026-03-26 00:15:00,7.118,2.235,453.31,0,,0,0,0,0.9353,-0.7151,1.7349,0,0,0,0,0,1
2026-03-26 00:30:00,7.17,2.217,451.02,0,,0,0,0,1.3585,-0.7673,1.4888,0,0,0,0,0,1
2026-03-26 00:45:00,7.093,2.311,458.19,0,,0,0,0,0.7388,-0.515,2.131,0,0,0,0,0,1
2026-03-26 01:00:00,7.177,2.272,449.58,0,,0,0,0,1.4217,-0.6299,1.2962,0,0,0,0,0,1
2026-03-26 01:15:00,7.211,2.308,446.2,0,,0,0,0,1.6899,-0.5469,0.9695,0,0,0,0,0,1
2026-03-26 01:30:00,7.22,2.223,447.18,0,,0,0,0,1.7628,-0.8231,1.059,0,0,0,0,0,1
2026-03-26 01:45:00,7.17,2.267,451.0,0,,0,0,0,1.3447,-0.6958,1.3982,0,0,0,0,0,1
2026-03-26 02:00:00,7.061,2.019,450.73,0,,0,0,0,0.4774,-1.4367,1.3517,0,0,0,0,0,1
2026-03-26 02:15:00,7.135,2.2,449.24,0,,0,0,0,1.0817,-0.8965,1.1932,0,0,0,0,0,1
2026-03-26 02:30:00,7.226,2.372,444.61,0,,0,0,0,1.8086,-0.3738,0.7658,0,0,0,0,0,1
2026-03-26 02:45:00,7.069,1.869,451.99,0,,0,0,0,0.5358,-1.8667,1.4321,0,0,0,0,0,1
2026-03-26 03:00:00,7.103,2.187,454.82,0,,0,0,0,0.8081,-0.9201,1.6631,0,0,0,0,0,1
2026-03-26 03:15:00,7.17,2.209,446.66,0,,0,0,0,1.3433,-0.8485,0.9276,0,0,0,0,0,1
2026-03-26 03:30:00,7.122,2.323,453.22,0,,0,0,0,0.9484,-0.5056,1.4904,0,0,0,0,0,1
2026-03-26 03:45:00,7.207,2.21,448.85,0,,0,0,0,1.6025,-0.8466,1.0909,0,0,0,0,0,1
2026-03-26 04:00:00,7.038,2.115,453.64,0,,0,0,0,0.2546,-1.1425,1.4838,0,0,0,0,0,1
2026-03-26 04:15:00,7.017,2.165,446.01,0,,0,0,0,0.091,-1.0018,0.8066,0,0,0,0,0,1
2026-03-26 04:30:00,7.119,1.993,444.0,0,,0,0,0,0.902,-1.5368,0.6319,0,0,0,0,0,1
2026-03-26 04:45:00,6.988,2.049,446.14,0,,0,0,0,-0.1423,-1.361,0.8124,0,0,0,0,0,1
2026-03-26 05:00:00,7.029,1.913,440.33,0,,0,0,0,0.1866,-1.7703,0.3067,0,0,0,0,0,1
2026-03-26 05:15:00,7.026,2.344,442.97,0,,0,0,0,0.1613,-0.471,0.5302,0,0,0,0,0,1
2026-03-26 05:30:00,7.071,2.198,445.94,0,,0,0,0,0.5174,-0.9204,0.779,0,0,0,0,0,1
2026-03-26 05:45:00,7.041,2.004,443.16,0,,0,0,0,0.2721,-1.535,0.5252,0,0,0,0,0,1
2026-03-26 06:00:00,7.023,2.194,439.02,0,,0,0,0,0.1381,-0.9634,0.1592,0,0,0,0,0,1
2026-03-26 06:15:00,6.97,2.341,439.21,0,,0,0,0,-0.293,-0.5155,0.172,0,0,0,0,0,1
2026-03-26 06:30:00,7.041,2.332,440.7,0,,0,0,0,0.2718,-0.5513,0.2956,0,0,0,0,0,1
2026-03-26 06:45:00,7.172,2.06,439.84,0,,0,0,0,1.2991,-1.406,0.2122,0,0,0,0,0,1
2026-03-26 07:00:00,6.996,1.747,439.23,0,,0,0,0,-0.1038,-2.3237,0.1505,0,0,0,0,0,1
2026-03-26 07:15:00,6.957,2.296,436.88,0,,0,0,0,-0.4239,-0.6403,-0.0601,0,0,0,0,0,1
2026-03-26 07:30:00,6.878,2.123,431.54,0,,0,0,0,-1.0467,-1.1829,-0.5319,0,0,0,0,0,1
2026-03-26 07:45:00,6.902,2.371,431.51,0,,0,0,0,-0.8489,-0.4194,-0.5432,0,0,0,0,0,1
2026-03-26 08:00:00,6.914,2.443,435.37,0,,0,0,0,-0.7496,-0.201,-0.2169,0,0,0,0,0,1
2026-03-26 08:15:00,6.89,2.49,436.23,0,,0,0,0,-0.9296,-0.0611,-0.1504,0,0,0,0,0,1
2026-03-26 08:30:00,6.908,2.609,435.12,0,,0,0,0,-0.7795,0.3044,-0.2649,0,0,0,0,0,1
2026-03-26 08:45:00,6.99,2.557,429.05,0,,0,0,0,-0.1405,0.1372,-0.8257,0,0,0,0,0,1
2026-03-26 09:00:00,6.956,2.659,430.62,0,,0,0,0,-0.4164,0.4517,-0.6911,0,0,0,0,0,1
2026-03-26 09:15:00,6.879,2.629,426.04,0,,0,0,0,-1.0481,0.3481,-1.1125,0,0,0,0,0,1
2026-03-26 09:30:00,6.821,2.668,424.72,0,,0,0,0,-1.4997,0.4574,-1.2378,0,0,0,0,0,1
2026-03-26 09:45:00,6.942,2.468,430.2,0,,0,0,0,-0.5449,-0.1667,-0.7281,0,0,0,0,0,1
2026-03-26 10:00:00,6.868,2.307,434.94,0,,0,0,0,-1.1436,-0.6649,-0.3116,0,0,0,0,0,1
2026-03-26 10:15:00,6.779,2.899,429.58,0,,0,0,0,-1.8618,1.1741,-0.8112,0,0,0,0,0,1
2026-03-26 10:30:00,6.897,2.562,436.54,0,,0,0,0,-0.9113,0.1212,-0.1767,0,0,0,0,0,1
2026-03-26 10:45:00,6.909,2.762,428.02,0,,0,0,0,-0.8392,0.7456,-0.993,0,0,0,0,0,1
2026-03-26 11:00:00,6.734,2.521,428.62,0,,0,0,0,-2.2232,0.0033,-0.9406,0,0,0,0,0,1
2026-03-26 11:15:00,6.812,2.773,424.4,0,,0,0,0,-1.6007,0.7907,-1.349,0,0,0,0,0,1
2026-03-26 11:30:00,6.846,2.286,426.89,0,,0,0,0,-1.3351,-0.7217,-1.1279,0,0,0,0,0,1
2026-03-26 11:45:00,6.887,2.615,423.49,0,,0,0,0,-0.9987,0.3085,-1.4361,0,0,0,0,0,1
2026-03-26 12:00:00,6.824,2.685,422.09,0,,0,0,0,-1.4959,0.5288,-1.5989,0,0,0,0,0,1
2026-03-26 12:15:00,6.809,2.792,423.65,0,,0,0,0,-1.5924,0.8589,-1.4504,0,0,0,0,0,1
2026-03-26 12:30:00,6.888,2.904,428.81,0,,0,0,0,-0.956,1.2019,-0.9587,0,0,0,0,0,1
2026-03-26 12:45:00,6.829,2.6,425.7,0,,0,0,0,-1.4294,0.269,-1.2521,0,0,0,0,0,1
2026-03-26 13:00:00,6.882,2.882,426.87,0,,0,0,0,-0.9996,1.1556,-1.1492,0,0,0,0,0,1
2026-03-26 13:15:00,6.802,2.985,430.78,0,,0,0,0,-1.6407,1.4547,-0.7612,0,0,0,0,0,1
2026-03-26 13:30:00,6.794,3.169,423.27,0,,0,0,0,-1.6769,1.9707,-1.4783,0,0,0,0,0,1
2026-03-26 13:45:00,6.903,2.939,430.16,0,,0,0,0,-0.8279,1.2804,-0.845,0,0,0,0,0,1
2026-03-26 14:00:00,6.883,2.777,433.65,0,,0,0,0,-0.9972,0.7901,-0.5228,0,0,0,0,0,1
2026-03-26 14:15:00,6.921,2.668,434.45,0,,0,0,0,-0.6963,0.4646,-0.4527,0,0,0,0,0,1
2026-03-26 14:30:00,6.854,3.144,433.29,0,,0,0,0,-1.2175,1.9082,-0.5901,0,0,0,0,0,1
2026-03-26 14:45:00,6.847,2.989,431.56,0,,0,0,0,-1.2576,1.4259,-0.7715,0,0,0,0,0,1
2026-03-26 15:00:00,6.962,2.883,429.85,0,,0,0,0,-0.3572,1.0925,-0.9561,0,0,0,0,0,1
2026-03-26 15:15:00,6.825,2.649,432.64,0,,0,0,0,-1.4218,0.3921,-0.6849,0,0,0,0,0,1
2026-03-26 15:30:00,6.971,2.757,440.24,0,,0,0,0,-0.2805,0.7222,0.0945,0,0,0,0,0,1
2026-03-26 15:45:00,6.983,2.994,435.4,0,,0,0,0,-0.1908,1.4367,-0.4203,0,0,0,0,0,1
2026-03-26 16:00:00,6.968,2.953,434.59,0,,0,0,0,-0.3102,1.3001,-0.5279,0,0,0,0,0,1
2026-03-26 16:15:00,6.899,2.607,438.02,0,,0,0,0,-0.8472,0.2432,-0.1618,0,0,0,0,0,1
2026-03-26 16:30:00,6.902,2.991,436.72,0,,0,0,0,-0.8141,1.3974,-0.3023,0,0,0,0,0,1
2026-03-26 16:45:00,6.941,2.657,438.21,0,,0,0,0,-0.5172,0.3922,-0.15,0,0,0,0,0,1
2026-03-26 17:00:00,6.896,3.089,437.12,0,,0,0,0,-0.8633,1.6755,-0.2804,0,0,0,0,0,1
2026-03-26 17:15:00,6.923,2.91,437.26,0,,0,0,0,-0.6544,1.1369,-0.2659,0,0,0,0,0,1
2026-03-26 17:30:00,7.013,2.8,443.72,0,,0,0,0,0.0499,0.8297,0.4272,0,0,0,0,0,1
2026-03-26 17:45:00,7.023,3.007,432.76,0,,0,0,0,0.1325,1.4486,-0.775,0,0,0,0,0,1
2026-03-26 18:00:00,6.948,2.899,443.31,0,,0,0,0,-0.4538,1.122,0.3821,0,0,0,0,0,1
2026-03-26 18:15:00,7.044,3.031,440.32,0,,0,0,0,0.2971,1.5092,0.0475,0,0,0,0,0,1
2026-03-26 18:30:00,7.042,2.829,435.44,0,,0,0,0,0.2827,0.9093,-0.4926,0,0,0,0,0,1
2026-03-26 18:45:00,7.105,2.822,439.98,0,,0,0,0,0.7617,0.8909,0.0076,0,0,0,0,0,1
2026-03-26 19:00:00,7.067,2.74,444.55,0,,0,0,0,0.4589,0.647,0.5045,0,0,0,0,0,1
2026-03-26 19:15:00,7.101,2.803,445.9,0,,0,0,0,0.721,0.8417,0.6546,0,0,0,0,0,1
2026-03-26 19:30:00,7.081,2.998,449.23,0,,0,0,0,0.5518,1.4008,1.0051,0,0,0,0,0,1
2026-03-26 19:45:00,7.115,2.647,450.27,0,,0,0,0,0.8072,0.3616,1.1013,0,0,0,0,0,1
2026-03-26 20:00:00,7.011,2.797,441.59,0,,0,0,0,0.0056,0.8263,0.1614,0,0,0,0,0,1
2026-03-26 20:15:00,7.077,2.545,450.0,0,,0,0,0,0.5292,0.0614,1.0656,0,0,0,0,0,1
2026-03-26 20:30:00,7.089,2.343,452.09,0,,0,0,0,0.6261,-0.5533,1.2758,0,0,0,0,0,1
2026-03-26 20:45:00,7.087,2.66,450.7,0,,0,0,0,0.6173,0.4222,1.1166,0,0,0,0,0,1
2026-03-26 21:00:00,7.128,2.659,452.46,0,,0,0,0,0.9397,0.4136,1.2902,0,0,0,0,0,1
2026-03-26 21:15:00,7.144,2.562,443.3,0,,0,0,0,1.0655,0.1195,0.3175,0,0,0,0,0,1
2026-03-26 21:30:00,7.139,2.328,447.61,0,,0,0,0,1.0204,-0.5969,0.7818,0,0,0,0,0,1
2026-03-26 21:45:00,7.116,2.572,457.54,0,,0,0,0,0.8415,0.1612,1.8014,0,0,0,0,0,1
2026-03-26 22:00:00,7.093,2.54,451.42,0,,0,0,0,0.6607,0.0545,1.1574,0,0,0,0,0,1
2026-03-26 22:15:00,7.189,2.341,461.85,1,,0,0,0,1.42,-0.5552,2.2103,0,0,0,0,0,1
2026-03-26 22:30:00,7.156,2.245,448.21,0,,0,0,0,1.1724,-0.8586,0.7952,0,0,0,0,0,1
2026-03-26 22:45:00,7.091,2.384,459.91,0,,0,0,0,0.6734,-0.4267,1.9981,0,0,0,0,0,1
2026-03-26 23:00:00,7.135,2.494,451.48,0,,0,0,0,1.0254,-0.0913,1.1187,0,0,0,0,0,1
2026-03-26 23:15:00,7.06,2.434,457.6,0,,0,0,0,0.4269,-0.2739,1.7116,0,0,0,0,0,1
2026-03-26 23:30:00,7.15,2.215,453.15,0,,0,0,0,1.1654,-0.9492,1.2581,0,0,0,0,0,1
2026-03-26 23:45:00,7.14,2.344,454.91,0,,0,0,0,1.0917,-0.5442,1.4264,0,0,0,0,0,1
2026-03-27 00:00:00,7.121,2.433,456.91,0,,0,0,0,0.9449,-0.2802,1.6063,0,0,0,0,0,1
2026-03-27 00:15:00,7.229,2.102,452.09,0,,0,0,0,1.7953,-1.2997,1.1286,0,0,0,0,0,1
2026-03-27 00:30:00,7.091,2.266,457.72,0,,0,0,0,0.6926,-0.7945,1.6681,0,0,0,0,0,1
2026-03-27 00:45:00,7.182,2.437,453.37,0,,0,0,0,1.4133,-0.2687,1.252,0,0,0,0,0,1
2026-03-27 01:00:00,7.254,2.026,455.01,0,,0,0,0,1.9658,-1.5237,1.4008,0,0,0,0,0,1
2026-03-27 01:15:00,7.196,2.373,443.54,0,,0,0,0,1.5075,-0.458,0.2678,0,0,0,0,0,1
2026-03-27 01:30:00,7.137,2.426,452.54,0,,0,0,0,1.053,-0.3024,1.1489,0,0,0,0,0,1
2026-03-27 01:45:00,7.078,2.134,458.67,0,,0,0,0,0.5891,-1.1966,1.7271,0,0,0,0,0,1
2026-03-27 02:00:00,7.062,2.102,456.07,0,,0,0,0,0.4589,-1.3029,1.4582,0,0,0,0,0,1
2026-03-27 02:15:00,7.104,2.296,456.47,0,,0,0,0,0.805,-0.7078,1.4773,0,0,0,0,0,1
2026-03-27 02:30:00,7.085,2.103,452.73,0,,0,0,0,0.6722,-1.2877,1.103,0,0,0,0,0,1
2026-03-27 02:45:00,7.077,1.768,458.77,0,,0,0,0,0.6051,-2.2994,1.6584,0,0,0,0,0,1
2026-03-27 03:00:00,7.09,2.099,452.73,0,,0,0,0,0.7143,-1.2808,1.0911,0,0,0,0,0,1
2026-03-27 03:15:00,7.094,2.178,448.41,0,,0,0,0,0.7594,-1.0381,0.6785,0,0,0,0,0,1
2026-03-27 03:30:00,7.116,2.214,453.91,0,,0,0,0,0.9438,-0.9226,1.1985,0,0,0,0,0,1
2026-03-27 03:45:00,7.021,1.969,453.58,0,,0,0,0,0.1702,-1.6423,1.1574,0,0,0,0,0,1
2026-03-27 04:00:00,7.041,2.06,451.79,0,,0,0,0,0.3393,-1.3641,0.9923,0,0,0,0,0,1
2026-03-27 04:15:00,7.058,2.247,447.02,0,,0,0,0,0.4792,-0.8078,0.5401,0,0,0,0,0,1
2026-03-27 04:30:00,7.048,2.094,449.09,0,,0,0,0,0.4026,-1.2767,0.7288,0,0,0,0,0,1
2026-03-27 04:45:00,7.14,1.878,452.85,0,,0,0,0,1.1626,-1.9064,1.0712,0,0,0,0,0,1
2026-03-27 05:00:00,7.05,2.299,448.48,0,,0,0,0,0.4011,-0.6685,0.652,0,0,0,0,0,1
2026-03-27 05:15:00,6.949,2.089,439.94,0,,0,0,0,-0.4434,-1.289,-0.1442,0,0,0,0,0,1
2026-03-27 05:30:00,7.04,2.294,442.61,0,,0,0,0,0.3264,-0.6754,0.109,0,0,0,0,0,1
2026-03-27 05:45:00,7.037,1.932,441.69,0,,0,0,0,0.3015,-1.761,0.0243,0,0,0,0,0,1
2026-03-27 06:00:00,6.994,2.135,440.63,0,,0,0,0,-0.0587,-1.1454,-0.0766,0,0,0,0,0,1
2026-03-27 06:15:00,6.93,2.244,434.47,0,,0,0,0,-0.5943,-0.813,-0.6478,0,0,0,0,0,1
2026-03-27 06:30:00,7.068,2.17,449.74,0,,0,0,0,0.5654,-1.0258,0.7688,0,0,0,0,0,1
2026-03-27 06:45:00,6.917,2.022,437.94,0,,0,0,0,-0.689,-1.4644,-0.3292,0,0,0,0,0,1
2026-03-27 07:00:00,6.994,1.859,437.52,0,,0,0,0,-0.0352,-1.9688,-0.3665,0,0,0,0,0,1
2026-03-27 07:15:00,6.962,2.465,432.26,0,,0,0,0,-0.3073,-0.1531,-0.8494,0,0,0,0,0,1
2026-03-27 07:30:00,6.973,2.294,442.8,0,,0,0,0,-0.2235,-0.6769,0.119,0,0,0,0,0,1
2026-03-27 07:45:00,7.019,2.453,438.31,0,,0,0,0,0.1593,-0.1983,-0.3077,0,0,0,0,0,1
2026-03-27 08:00:00,6.953,2.439,436.62,0,,0,0,0,-0.4104,-0.2406,-0.4675,0,0,0,0,0,1
2026-03-27 08:15:00,6.889,2.413,436.21,0,,0,0,0,-0.9595,-0.3168,-0.5059,0,0,0,0,0,1
2026-03-27 08:30:00,6.964,2.299,439.16,0,,0,0,0,-0.3218,-0.651,-0.2337,0,0,0,0,0,1
2026-03-27 08:45:00,6.87,2.445,434.33,0,,0,0,0,-1.1127,-0.2062,-0.6957,0,0,0,0,0,1
2026-03-27 09:00:00,6.902,2.611,427.77,0,,0,0,0,-0.8318,0.2972,-1.3074,0,0,0,0,0,1
2026-03-27 09:15:00,6.823,2.434,430.07,0,,0,0,0,-1.4909,-0.232,-1.1008,0,0,0,0,0,1
2026-03-27 09:30:00,6.829,2.733,429.41,0,,0,0,0,-1.4423,0.6697,-1.1754,0,0,0,0,0,1
2026-03-27 09:45:00,6.878,2.249,435.48,0,,0,0,0,-1.0167,-0.7834,-0.6059,0,0,0,0,0,1
2026-03-27 10:00:00,6.889,2.259,437.73,0,,0,0,0,-0.9275,-0.751,-0.3943,0,0,0,0,0,1
2026-03-27 10:15:00,6.78,2.674,439.55,0,,0,0,0,-1.85,0.5078,-0.2317,0,0,0,0,0,1
2026-03-27 10:30:00,6.886,2.429,426.87,0,,0,0,0,-0.9513,-0.2296,-1.4304,0,0,0,0,0,1
2026-03-27 10:45:00,6.817,2.885,435.66,0,,0,0,0,-1.5124,1.1424,-0.6033,0,0,0,0,0,1
2026-03-27 11:00:00,6.919,2.804,430.54,0,,0,0,0,-0.6906,0.8855,-1.1002,0,0,0,0,0,1
2026-03-27 11:15:00,6.835,2.867,444.56,0,,0,0,0,-1.4179,1.0688,0.2346,0,0,0,0,0,1
2026-03-27 11:30:00,6.795,2.786,438.32,0,,0,0,0,-1.7452,0.8098,-0.3921,0,0,0,0,0,1
2026-03-27 11:45:00,6.854,2.539,439.56,0,,0,0,0,-1.234,0.0734,-0.2912,0,0,0,0,0,1
2026-03-27 12:00:00,6.804,2.451,435.99,0,,0,0,0,-1.6535,-0.1829,-0.6795,0,0,0,0,0,1
2026-03-27 12:15:00,6.914,2.947,434.38,0,,0,0,0,-0.7365,1.2916,-0.8709,0,0,0,0,0,1
2026-03-27 12:30:00,6.851,2.519,431.36,0,,0,0,0,-1.2696,0.0281,-1.1941,0,0,0,0,0,1
2026-03-27 12:45:00,6.845,3.001,430.75,0,,0,0,0,-1.325,1.4468,-1.2745,0,0,0,0,0,1
2026-03-27 13:00:00,6.885,2.883,430.17,0,,0,0,0,-0.9826,1.0963,-1.3471,0,0,0,0,0,1
2026-03-27 13:15:00,6.808,2.789,436.12,0,,0,0,0,-1.6451,0.8289,-0.7237,0,0,0,0,0,1
2026-03-27 13:30:00,6.797,2.884,440.21,0,,0,0,0,-1.7406,1.1377,-0.3117,0,0,0,0,0,1
2026-03-27 13:45:00,6.886,2.902,432.91,0,,0,0,0,-0.9733,1.1952,-1.1201,0,0,0,0,0,1
2026-03-27 14:00:00,6.815,2.816,431.87,0,,0,0,0,-1.5639,0.9318,-1.2297,0,0,0,0,0,1
2026-03-27 14:15:00,6.82,3.073,429.29,0,,0,0,0,-1.4977,1.6751,-1.4963,0,0,0,0,0,1
2026-03-27 14:30:00,6.923,3.078,436.7,0,,0,0,0,-0.6393,1.6985,-0.6943,0,0,0,0,0,1
2026-03-27 14:45:00,6.913,2.902,441.19,0,,0,0,0,-0.7343,1.1769,-0.2156,0,0,0,0,0,1
2026-03-27 15:00:00,6.831,2.796,441.97,0,,0,0,0,-1.4075,0.8626,-0.1451,0,0,0,0,0,1
2026-03-27 15:15:00,6.87,3.088,442.99,0,,0,0,0,-1.0878,1.7057,-0.0436,0,0,0,0,0,1
2026-03-27 15:30:00,6.863,2.593,439.79,0,,0,0,0,-1.1302,0.2375,-0.4029,0,0,0,0,0,1
2026-03-27 15:45:00,7.005,2.966,439.17,0,,0,0,0,0.0647,1.3534,-0.4785,0,0,0,0,0,1
2026-03-27 16:00:00,6.97,3.011,444.66,0,,0,0,0,-0.2305,1.4823,0.1296,0,0,0,0,0,1
2026-03-27 16:15:00,6.913,2.775,435.83,0,,0,0,0,-0.7129,0.7715,-0.8674,0,0,0,0,0,1
2026-03-27 16:30:00,6.971,3.043,439.26,0,,0,0,0,-0.2303,1.5628,-0.4831,0,0,0,0,0,1
2026-03-27 16:45:00,6.884,2.888,448.65,0,,0,0,0,-0.9582,1.09,0.5694,0,0,0,0,0,1
2026-03-27 17:00:00,6.928,2.805,438.31,0,,0,0,0,-0.5911,0.8637,-0.6053,0,0,0,0,0,1
2026-03-27 17:15:00,6.976,3.023,443.28,0,,0,0,0,-0.1905,1.5033,-0.0483,0,0,0,0,0,1
2026-03-27 17:30:00,7.003,2.707,446.77,0,,0,0,0,0.039,0.5692,0.3451,0,0,0,0,0,1
2026-03-27 17:45:00,6.985,2.989,445.4,0,,0,0,0,-0.1101,1.4098,0.1757,0,0,0,0,0,1
2026-03-27 18:00:00,7.012,2.549,450.5,0,,0,0,0,0.113,0.1114,0.7498,0,0,0,0,0,1
2026-03-27 18:15:00,7.014,2.875,452.84,0,,0,0,0,0.1327,1.1008,0.9981,0,0,0,0,0,1
2026-03-27 18:30:00,7.011,2.824,449.48,0,,0,0,0,0.1101,0.9472,0.6008,0,0,0,0,0,1
2026-03-27 18:45:00,7.014,2.72,453.94,0,,0,0,0,0.1442,0.6382,1.0881,0,0,0,0,0,1
2026-03-27 19:00:00,7.018,2.841,445.48,0,,0,0,0,0.183,0.9984,0.1256,0,0,0,0,0,1
2026-03-27 19:15:00,7.06,2.752,449.36,0,,0,0,0,0.5467,0.7324,0.5615,0,0,0,0,0,1
2026-03-27 19:30:00,7.078,2.902,460.4,1,,0,0,0,0.7013,1.1935,1.7734,0,0,0,0,0,1
2026-03-27 19:45:00,7.076,2.806,459.31,0,,0,0,0,0.6897,0.8942,1.6215,0,0,0,0,0,1
2026-03-27 20:00:00,7.016,2.768,447.17,0,,0,0,0,0.1738,0.7808,0.275,0,0,0,0,0,1
2026-03-27 20:15:00,7.033,2.721,452.94,0,,0,0,0,0.3245,0.6317,0.9064,0,0,0,0,0,1
2026-03-27 20:30:00,7.111,2.582,454.22,0,,0,0,0,0.992,0.2047,1.0425,0,0,0,0,0,1
2026-03-27 20:45:00,7.172,2.583,456.0,0,,0,0,0,1.4953,0.2103,1.225,0,0,0,0,0,1
2026-03-27 21:00:00,7.114,2.641,460.05,1,,0,0,0,1.004,0.3864,1.641,0,0,0,0,0,1
2026-03-27 21:15:00,7.092,2.552,462.89,1,,0,0,0,0.825,0.1174,1.8893,0,0,0,0,0,1
2026-03-27 21:30:00,7.13,2.719,456.23,0,,0,0,0,1.1526,0.6104,1.1656,0,0,0,0,0,1
2026-03-27 21:45:00,7.068,2.54,461.07,1,,0,0,0,0.6273,0.0697,1.6617,0,0,0,0,0,1
2026-03-27 22:00:00,7.195,2.556,459.64,0,,0,0,0,1.6916,0.1176,1.4886,0,0,0,0,0,1
2026-03-27 22:15:00,7.144,2.263,457.38,0,,0,0,0,1.2691,-0.7653,1.2683,0,0,0,0,0,1
2026-03-27 22:30:00,7.105,2.589,451.04,0,,0,0,0,0.9448,0.2095,0.6022,0,0,0,0,0,1
2026-03-27 22:45:00,7.134,2.335,462.23,1,,0,0,0,1.1859,-0.5585,1.7594,0,0,0,0,0,1
2026-03-27 23:00:00,7.119,2.24,460.85,1,,0,0,0,1.0605,-0.8352,1.5877,0,0,0,0,0,1
2026-03-27 23:15:00,7.213,2.618,460.22,1,,0,0,0,1.8237,0.2998,1.5143,0,0,0,0,0,1
2026-03-27 23:30:00,7.139,2.452,454.91,0,,0,0,0,1.2011,-0.2095,0.9677,0,0,0,0,0,1
2026-03-27 23:45:00,7.157,2.47,466.79,1,,0,0,0,1.3492,-0.1591,2.126,0,0,0,0,0,1
2026-03-28 00:00:00,7.179,2.368,459.64,0,,0,0,0,1.5198,-0.4662,1.4021,0,0,0,0,0,1
2026-03-28 00:15:00,7.113,2.264,454.48,0,,0,0,0,0.9914,-0.7909,0.8832,0,0,0,0,0,1
2026-03-28 00:30:00,7.158,2.215,453.81,0,,0,0,0,1.3597,-0.9374,0.8239,0,0,0,0,0,1
2026-03-28 00:45:00,7.161,2.353,461.65,1,,0,0,0,1.3908,-0.5141,1.5829,0,0,0,0,0,1
2026-03-28 01:00:00,7.067,2.387,461.64,1,,0,0,0,0.6248,-0.4269,1.5616,0,0,0,0,0,1
2026-03-28 01:15:00,7.155,2.189,456.77,0,,0,0,0,1.4011,-1.0254,1.0641,0,0,0,0,0,1
2026-03-28 01:30:00,7.136,2.494,460.25,1,,0,0,0,1.2353,-0.0937,1.3845,0,0,0,0,0,1
2026-03-28 01:45:00,7.141,2.138,460.79,1,,0,0,0,1.266,-1.1846,1.4305,0,0,0,0,0,1
2026-03-28 02:00:00,7.132,1.944,458.36,0,,0,0,0,1.1749,-1.7602,1.1908,0,0,0,0,0,1
2026-03-28 02:15:00,7.138,1.883,454.62,0,,0,0,0,1.2196,-1.8999,0.8341,0,0,0,0,0,1
2026-03-28 02:30:00,7.186,1.877,460.86,1,,0,0,0,1.6064,-1.8897,1.4155,0,0,0,0,0,1
2026-03-28 02:45:00,7.054,2.059,459.92,0,,0,0,0,0.4846,-1.3833,1.3225,0,0,0,0,0,1
2026-03-28 03:00:00,7.089,2.079,458.35,0,,0,0,0,0.7832,-1.3215,1.1612,0,0,0,0,0,1
2026-03-28 03:15:00,7.132,2.21,452.22,0,,0,0,0,1.1428,-0.9301,0.5743,0,0,0,0,0,1
2026-03-28 03:30:00,7.115,2.099,449.67,0,,0,0,0,0.9984,-1.2551,0.3374,0,0,0,0,0,1
2026-03-28 03:45:00,7.106,2.227,454.7,0,,0,0,0,0.9105,-0.8892,0.8137,0,0,0,0,0,1
2026-03-28 04:00:00,7.213,2.107,457.5,0,,0,0,0,1.7721,-1.2561,1.0691,0,0,0,0,0,1
2026-03-28 04:15:00,7.097,2.103,457.29,0,,0,0,0,0.8008,-1.2576,1.0332,0,0,0,0,0,1
2026-03-28 04:30:00,7.114,2.017,454.8,0,,0,0,0,0.9328,-1.5095,0.7912,0,0,0,0,0,1
2026-03-28 04:45:00,7.033,2.321,449.98,0,,0,0,0,0.2733,-0.6207,0.3427,0,0,0,0,0,1
2026-03-28 05:00:00,6.989,1.884,447.86,0,,0,0,0,-0.0882,-1.9117,0.1444,0,0,0,0,0,1
2026-03-28 05:15:00,7.014,2.166,450.29,0,,0,0,0,0.1148,-1.0688,0.3628,0,0,0,0,0,1
2026-03-28 05:30:00,7.055,2.103,449.6,0,,0,0,0,0.4555,-1.2456,0.2912,0,0,0,0,0,1
2026-03-28 05:45:00,7.03,2.259,453.32,0,,0,0,0,0.2476,-0.7985,0.6288,0,0,0,0,0,1
2026-03-28 06:00:00,7.02,2.15,446.24,0,,0,0,0,0.1618,-1.1309,-0.0416,0,0,0,0,0,1
2026-03-28 06:15:00,6.979,2.169,445.83,0,,0,0,0,-0.1848,-1.0683,-0.0919,0,0,0,0,0,1
2026-03-28 06:30:00,6.962,2.143,454.9,0,,0,0,0,-0.3181,-1.1452,0.7601,0,0,0,0,0,1
2026-03-28 06:45:00,6.962,2.408,452.16,0,,0,0,0,-0.3226,-0.3582,0.4885,0,0,0,0,0,1
2026-03-28 07:00:00,6.997,2.218,441.71,0,,0,0,0,-0.0294,-0.9694,-0.5068,0,0,0,0,0,1
2026-03-28 07:15:00,6.994,2.532,450.41,0,,0,0,0,-0.0574,0.0087,0.3047,0,0,0,0,0,1
2026-03-28 07:30:00,6.892,2.297,439.36,0,,0,0,0,-0.9024,-0.7252,-0.7506,0,0,0,0,0,1
2026-03-28 07:45:00,6.972,2.281,441.44,0,,0,0,0,-0.2298,-0.7674,-0.5558,0,0,0,0,0,1
2026-03-28 08:00:00,6.892,2.278,441.25,0,,0,0,0,-0.8898,-0.7694,-0.5808,0,0,0,0,0,1
2026-03-28 08:15:00,6.94,2.408,441.6,0,,0,0,0,-0.4962,-0.3656,-0.555,0,0,0,0,0,1
2026-03-28 08:30:00,6.899,2.259,443.8,0,,0,0,0,-0.8303,-0.8261,-0.3477,0,0,0,0,0,1
2026-03-28 08:45:00,6.979,2.393,441.18,0,,0,0,0,-0.1747,-0.4085,-0.6129,0,0,0,0,0,1
2026-03-28 09:00:00,6.873,2.398,442.69,0,,0,0,0,-1.0574,-0.386,-0.4897,0,0,0,0,0,1
2026-03-28 09:15:00,6.896,2.471,438.13,0,,0,0,0,-0.8783,-0.161,-0.9628,0,0,0,0,0,1
2026-03-28 09:30:00,6.911,2.5,440.79,0,,0,0,0,-0.7653,-0.0637,-0.7181,0,0,0,0,0,1
2026-03-28 09:45:00,6.832,2.534,439.2,0,,0,0,0,-1.4245,0.0328,-0.8885,0,0,0,0,0,1
2026-03-28 10:00:00,6.866,2.514,432.96,0,,0,0,0,-1.133,-0.038,-1.5142,0,0,0,0,0,1
2026-03-28 10:15:00,6.852,2.762,440.12,0,,0,0,0,-1.2699,0.734,-0.7847,0,0,0,0,0,1
2026-03-28 10:30:00,6.836,2.616,438.3,0,,0,0,0,-1.3943,0.2718,-1.002,0,0,0,0,0,1
2026-03-28 10:45:00,6.836,2.969,434.83,0,,0,0,0,-1.3994,1.3674,-1.3607,0,0,0,0,0,1
2026-03-28 11:00:00,6.911,2.611,435.8,0,,0,0,0,-0.7618,0.2598,-1.2769,0,0,0,0,0,1
2026-03-28 11:15:00,6.823,2.772,435.77,0,,0,0,0,-1.5049,0.7682,-1.2605,0,0,0,0,0,1
2026-03-28 11:30:00,6.88,2.544,436.31,0,,0,0,0,-1.0406,0.0618,-1.1992,0,0,0,0,0,1
2026-03-28 11:45:00,6.866,2.887,444.3,0,,0,0,0,-1.163,1.1215,-0.376,0,0,0,0,0,1
2026-03-28 12:00:00,6.78,2.594,445.64,0,,0,0,0,-1.8907,0.2016,-0.2489,0,0,0,0,0,1
2026-03-28 12:15:00,6.876,2.791,426.45,0,,0,0,0,-1.0643,0.8266,-2.2193,0,0,0,0,0,1
2026-03-28 12:30:00,6.781,2.704,439.43,0,,0,0,0,-1.8486,0.5464,-0.8971,0,0,0,0,0,1
2026-03-28 12:45:00,6.884,2.832,441.47,0,,0,0,0,-0.9878,0.9599,-0.706,0,0,0,0,0,1
2026-03-28 13:00:00,6.83,2.748,437.01,0,,0,0,0,-1.4315,0.7019,-1.2011,0,0,0,0,0,1
2026-03-28 13:15:00,6.858,2.682,441.86,0,,0,0,0,-1.2078,0.4974,-0.6912,0,0,0,0,0,1
2026-03-28 13:30:00,6.797,2.777,445.09,0,,0,0,0,-1.7243,0.8057,-0.3488,0,0,0,0,0,1
2026-03-28 13:45:00,6.872,3.064,433.36,0,,0,0,0,-1.0867,1.7022,-1.6227,0,0,0,0,0,1
2026-03-28 14:00:00,6.916,2.917,439.8,0,,0,0,0,-0.7311,1.2293,-0.9444,0,0,0,0,0,1
2026-03-28 14:15:00,6.835,2.665,447.55,0,,0,0,0,-1.4274,0.4548,-0.1163,0,0,0,0,0,1
2026-03-28 14:30:00,6.851,3.034,435.28,0,,0,0,0,-1.2759,1.6414,-1.4922,0,0,0,0,0,1
2026-03-28 14:45:00,6.91,2.745,440.31,0,,0,0,0,-0.7735,0.7231,-0.9255,0,0,0,0,0,1
2026-03-28 15:00:00,6.918,2.998,439.56,0,,0,0,0,-0.7193,1.5197,-1.0043,0,0,0,0,0,1
2026-03-28 15:15:00,6.779,2.975,446.19,0,,0,0,0,-1.8802,1.459,-0.2665,0,0,0,0,0,1
2026-03-28 15:30:00,7.009,2.989,447.4,0,,0,0,0,0.0561,1.4738,-0.1405,0,0,0,0,0,1
2026-03-28 15:45:00,6.943,3.177,443.97,0,,0,0,0,-0.501,2.0402,-0.535,0,0,0,0,0,1
2026-03-28 16:00:00,6.96,2.776,444.16,0,,0,0,0,-0.3551,0.7944,-0.5128,0,0,0,0,0,1
2026-03-28 16:15:00,6.926,2.991,437.89,0,,0,0,0,-0.6465,1.4575,-1.2287,0,0,0,0,0,1
2026-03-28 16:30:00,6.85,3.086,451.22,0,,0,0,0,-1.2733,1.7509,0.272,0,0,0,0,0,1
2026-03-28 16:45:00,6.986,2.796,444.9,0,,0,0,0,-0.1327,0.846,-0.4447,0,0,0,0,0,1
2026-03-28 17:00:00,6.933,2.775,446.54,0,,0,0,0,-0.5839,0.7815,-0.2694,0,0,0,0,0,1
2026-03-28 17:15:00,6.998,2.836,451.81,0,,0,0,0,-0.0331,0.9877,0.3264,0,0,0,0,0,1
2026-03-28 17:30:00,6.969,2.918,449.54,0,,0,0,0,-0.2767,1.2333,0.0619,0,0,0,0,0,1
2026-03-28 17:45:00,7.002,2.647,453.59,0,,0,0,0,0.0024,0.3933,0.5181,0,0,0,0,0,1
2026-03-28 18:00:00,6.961,2.929,452.82,0,,0,0,0,-0.3415,1.2693,0.4263,0,0,0,0,0,1
2026-03-28 18:15:00,7.053,2.621,452.05,0,,0,0,0,0.4364,0.3054,0.3389,0,0,0,0,0,1
2026-03-28 18:30:00,6.96,3.011,453.31,0,,0,0,0,-0.3484,1.5281,0.4786,0,0,0,0,0,1
2026-03-28 18:45:00,7.142,2.878,448.4,0,,0,0,0,1.1758,1.0981,-0.0789,0,0,0,0,0,1
2026-03-28 19:00:00,7.151,3.07,453.1,0,,0,0,0,1.23,1.6771,0.4526,0,0,0,0,0,1
2026-03-28 19:15:00,7.13,2.864,458.83,0,,0,0,0,1.0436,1.0293,1.0934,0,0,0,0,0,1
2026-03-28 19:30:00,7.121,2.698,451.69,0,,0,0,0,0.9622,0.5239,0.2901,0,0,0,0,0,1
2026-03-28 19:45:00,7.062,2.602,453.18,0,,0,0,0,0.4745,0.232,0.472,0,0,0,0,0,1
2026-03-28 20:00:00,7.133,2.736,453.26,0,,0,0,0,1.0473,0.653,0.4735,0,0,0,0,0,1
2026-03-28 20:15:00,7.079,2.672,458.11,0,,0,0,0,0.597,0.4545,1.0244,0,0,0,0,0,1
2026-03-28 20:30:00,7.014,2.831,463.79,1,,0,0,0,0.0703,0.9406,1.6466,0,0,0,0,0,1
2026-03-28 20:45:00,7.174,2.489,461.02,1,,0,0,0,1.3926,-0.1239,1.3171,0,0,0,0,0,1
2026-03-28 21:00:00,7.163,2.907,450.75,0,,0,0,0,1.2914,1.1646,0.1674,0,0,0,0,0,1
2026-03-28 21:15:00,7.111,2.769,462.63,1,,0,0,0,0.8609,0.7276,1.5228,0,0,0,0,0,1
2026-03-28 21:30:00,7.058,2.522,458.82,0,,0,0,0,0.4335,-0.0299,1.082,0,0,0,0,0,1
2026-03-28 21:45:00,7.095,2.796,463.13,1,,0,0,0,0.7355,0.8078,1.5641,0,0,0,0,0,1
2026-03-28 22:00:00,7.039,2.383,460.95,1,,0,0,0,0.291,-0.461,1.313,0,0,0,0,0,1
2026-03-28 22:15:00,7.182,2.505,458.53,0,,0,0,0,1.4748,-0.093,1.0366,0,0,0,0,0,1
2026-03-28 22:30:00,7.058,2.256,462.05,1,,0,0,0,0.4496,-0.8497,1.4064,0,0,0,0,0,1
2026-03-28 22:45:00,7.156,2.699,460.9,1,,0,0,0,1.2614,0.5048,1.2822,0,0,0,0,0,1
2026-03-28 23:00:00,7.103,2.149,464.17,1,,0,0,0,0.8232,-1.1854,1.6353,0,0,0,0,0,1
2026-03-28 23:15:00,7.076,2.155,459.62,0,,0,0,0,0.6191,-1.1445,1.1301,0,0,0,0,0,1
2026-03-28 23:30:00,7.161,2.252,458.84,0,,0,0,0,1.3317,-0.8388,1.0347,0,0,0,0,0,1
2026-03-28 23:45:00,7.133,2.521,466.39,1,,0,0,0,1.1007,-0.0214,1.8752,0,0,0,0,0,1
2026-03-29 00:00:00,7.192,2.443,467.97,1,,0,0,0,1.595,-0.2616,2.0104,0,0,0,0,0,1
2026-03-29 00:15:00,7.086,2.296,465.87,1,,0,0,0,0.7052,-0.7112,1.7414,0,0,0,0,0,1
2026-03-29 00:30:00,7.111,2.409,460.93,1,,0,0,0,0.9248,-0.3742,1.1927,0,0,0,0,0,1
2026-03-29 00:45:00,7.028,2.219,460.48,1,,0,0,0,0.2344,-0.9489,1.1477,0,0,0,0,0,1
2026-03-29 01:00:00,7.036,2.281,460.58,1,,0,0,0,0.3061,-0.7547,1.1613,0,0,0,0,0,1
2026-03-29 01:15:00,7.232,2.447,466.69,1,,0,0,0,1.958,-0.2584,1.7814,0,0,0,0,0,1
2026-03-29 01:30:00,7.243,2.146,459.6,0,,0,0,0,2.0115,-1.1611,1.0317,0,0,0,0,0,1
2026-03-29 01:45:00,7.139,2.052,466.16,1,,0,0,0,1.143,-1.439,1.7067,0,0,0,0,0,1
2026-03-29 02:00:00,7.089,2.224,464.85,1,,0,0,0,0.7315,-0.938,1.5483,0,0,0,0,0,1
2026-03-29 02:15:00,7.11,2.252,466.88,1,,0,0,0,0.9123,-0.8789,1.721,0,0,0,0,0,1
2026-03-29 02:30:00,7.163,2.147,465.77,1,,0,0,0,1.3639,-1.2334,1.5904,0,0,0,0,0,1
2026-03-29 02:45:00,7.087,2.272,463.24,1,,0,0,0,0.719,-0.8517,1.3234,0,0,0,0,0,1
2026-03-29 03:00:00,7.118,2.083,454.71,0,,0,0,0,0.9752,-1.4558,0.4621,0,0,0,0,0,1
2026-03-29 03:15:00,7.098,2.127,462.5,1,,0,0,0,0.8126,-1.3081,1.2345,0,0,0,0,0,1
2026-03-29 03:30:00,7.063,2.16,459.96,0,,0,0,0,0.5242,-1.2083,0.9624,0,0,0,0,0,1
2026-03-29 03:45:00,7.057,2.144,457.41,0,,0,0,0,0.4792,-1.2527,0.7021,0,0,0,0,0,1
2026-03-29 04:00:00,7.09,2.342,463.73,1,,0,0,0,0.7809,-0.6353,1.3209,0,0,0,0,0,1
2026-03-29 04:15:00,7.017,2.156,457.03,0,,0,0,0,0.1609,-1.2367,0.6535,0,0,0,0,0,1
2026-03-29 04:30:00,7.08,2.058,454.85,0,,0,0,0,0.7095,-1.5568,0.4361,0,0,0,0,0,1
2026-03-29 04:45:00,7.025,2.187,460.78,1,,0,0,0,0.2344,-1.1318,1.0105,0,0,0,0,0,1
2026-03-29 05:00:00,7.045,2.265,453.96,0,,0,0,0,0.4021,-0.9119,0.3279,0,0,0,0,0,1
2026-03-29 05:15:00,7.098,2.237,452.54,0,,0,0,0,0.8496,-1.0088,0.1848,0,0,0,0,0,1
2026-03-29 05:30:00,7.011,2.238,449.62,0,,0,0,0,0.1042,-1.0159,-0.1046,0,0,0,0,0,1
2026-03-29 05:45:00,7.056,1.917,450.12,0,,0,0,0,0.4896,-2.028,-0.0518,0,0,0,0,0,1
2026-03-29 06:00:00,6.91,1.78,449.72,0,,0,0,0,-0.7565,-2.4038,-0.0951,0,0,0,0,0,1
2026-03-29 06:15:00,6.967,2.359,454.41,0,,0,0,0,-0.2656,-0.5779,0.3617,0,0,0,0,0,1
2026-03-29 06:30:00,6.982,2.248,447.11,0,,0,0,0,-0.1386,-0.9389,-0.3553,0,0,0,0,0,1
2026-03-29 06:45:00,7.067,2.196,443.03,0,,0,0,0,0.5818,-1.0923,-0.7489,0,0,0,0,0,1
2026-03-29 07:00:00,6.863,2.321,450.95,0,,0,0,0,-1.149,-0.6999,0.0261,0,0,0,0,0,1
2026-03-29 07:15:00,6.947,2.525,446.5,0,,0,0,0,-0.4285,-0.0484,-0.4121,0,0,0,0,0,1
2026-03-29 07:30:00,7.015,2.469,448.28,0,,0,0,0,0.1401,-0.2336,-0.246,0,0,0,0,0,1
2026-03-29 07:45:00,6.894,2.422,452.81,0,,0,0,0,-0.884,-0.3899,0.196,0,0,0,0,0,1
2026-03-29 08:00:00,6.914,2.167,447.32,0,,0,0,0,-0.7168,-1.2004,-0.3633,0,0,0,0,0,1
2026-03-29 08:15:00,6.933,2.21,452.45,0,,0,0,0,-0.5539,-1.0511,0.1434,0,0,0,0,0,1
2026-03-29 08:30:00,6.918,1.989,445.55,0,,0,0,0,-0.6844,-1.7251,-0.5583,0,0,0,0,0,1
2026-03-29 08:45:00,6.979,2.466,449.29,0,,0,0,0,-0.1636,-0.2272,-0.1884,0,0,0,0,0,1
2026-03-29 09:00:00,6.916,2.563,442.55,0,,0,0,0,-0.7078,0.0728,-0.8756,0,0,0,0,0,1
2026-03-29 09:15:00,6.954,2.6,444.68,0,,0,0,0,-0.3886,0.1852,-0.67,0,0,0,0,0,1
2026-03-29 09:30:00,6.863,2.549,440.06,0,,0,0,0,-1.1618,0.0229,-1.1427,0,0,0,0,0,1
2026-03-29 09:45:00,6.838,2.451,440.13,0,,0,0,0,-1.3774,-0.2832,-1.1379,0,0,0,0,0,1
2026-03-29 10:00:00,6.859,2.415,442.12,0,,0,0,0,-1.196,-0.393,-0.9567,0,0,0,0,0,1
2026-03-29 10:15:00,6.808,2.402,437.38,0,,0,0,0,-1.6194,-0.4228,-1.4419,0,0,0,0,0,1
2026-03-29 10:30:00,6.886,2.528,443.05,0,,0,0,0,-0.9649,-0.0226,-0.8635,0,0,0,0,0,1
2026-03-29 10:45:00,6.839,2.431,440.98,0,,0,0,0,-1.3679,-0.3139,-1.0968,0,0,0,0,0,1
2026-03-29 11:00:00,6.822,2.867,442.94,0,,0,0,0,-1.4921,1.0601,-0.9072,0,0,0,0,0,1
2026-03-29 11:15:00,6.878,2.433,436.62,0,,0,0,0,-1.0282,-0.3039,-1.5835,0,0,0,0,0,1
2026-03-29 11:30:00,6.794,2.624,444.6,0,,0,0,0,-1.7194,0.2997,-0.75,0,0,0,0,0,1
2026-03-29 11:45:00,6.889,2.386,448.55,0,,0,0,0,-0.9209,-0.4415,-0.3298,0,0,0,0,0,1
2026-03-29 12:00:00,6.826,2.744,447.73,0,,0,0,0,-1.4682,0.6946,-0.4214,0,0,0,0,0,1
2026-03-29 12:15:00,6.908,2.722,449.47,0,,0,0,0,-0.7742,0.6279,-0.2697,0,0,0,0,0,1
2026-03-29 12:30:00,6.832,2.69,442.15,0,,0,0,0,-1.439,0.5264,-1.1027,0,0,0,0,0,1
2026-03-29 12:45:00,6.884,2.624,440.75,0,,0,0,0,-0.9913,0.3242,-1.259,0,0,0,0,0,1
2026-03-29 13:00:00,6.864,2.783,444.33,0,,0,0,0,-1.1713,0.832,-0.8725,0,0,0,0,0,1
2026-03-29 13:15:00,6.895,2.719,441.7,0,,0,0,0,-0.9099,0.6253,-1.1728,0,0,0,0,0,1
2026-03-29 13:30:00,6.867,2.797,436.02,0,,0,0,0,-1.1701,0.8738,-1.7863,0,0,0,0,0,1
2026-03-29 13:45:00,6.782,3.126,446.63,0,,0,0,0,-1.8829,1.9167,-0.6189,0,0,0,0,0,1
2026-03-29 14:00:00,6.921,2.872,442.83,0,,0,0,0,-0.6811,1.1108,-1.0652,0,0,0,0,0,1
2026-03-29 14:15:00,6.871,2.939,438.36,0,,0,0,0,-1.1217,1.305,-1.5534,0,0,0,0,0,1
2026-03-29 14:30:00,6.92,2.8,442.7,0,,0,0,0,-0.7066,0.8812,-1.0802,0,0,0,0,0,1
2026-03-29 14:45:00,6.922,2.761,444.43,0,,0,0,0,-0.6908,0.7557,-0.8895,0,0,0,0,0,1
2026-03-29 15:00:00,6.855,2.883,445.91,0,,0,0,0,-1.2641,1.1554,-0.7309,0,0,0,0,0,1
2026-03-29 15:15:00,6.855,3.268,446.58,0,,0,0,0,-1.2854,2.3385,-0.6528,0,0,0,0,0,1
2026-03-29 15:30:00,6.941,2.853,452.61,0,,0,0,0,-0.5216,1.0402,0.0504,0,0,0,0,0,1
2026-03-29 15:45:00,6.902,2.953,442.67,0,,0,0,0,-0.8584,1.3825,-1.1176,0,0,0,0,0,1
2026-03-29 16:00:00,6.972,2.776,447.93,0,,0,0,0,-0.246,0.8139,-0.505,0,0,0,0,0,1
2026-03-29 16:15:00,6.925,2.486,445.76,0,,0,0,0,-0.6579,-0.1022,-0.7803,0,0,0,0,0,1
2026-03-29 16:30:00,6.994,2.778,455.06,0,,0,0,0,-0.0667,0.8704,0.3261,0,0,0,0,0,1
2026-03-29 16:45:00,6.973,3.249,448.57,0,,0,0,0,-0.2513,2.348,-0.4551,0,0,0,0,0,1
2026-03-29 17:00:00,6.976,2.976,450.24,0,,0,0,0,-0.2291,1.452,-0.2602,0,0,0,0,0,1
2026-03-29 17:15:00,6.952,3.125,456.63,0,,0,0,0,-0.4371,1.8912,0.5005,0,0,0,0,0,1
2026-03-29 17:30:00,6.992,2.817,458.55,0,,0,0,0,-0.0852,0.9287,0.718,0,0,0,0,0,1
2026-03-29 17:45:00,7.05,2.505,459.97,0,,0,0,0,0.4237,-0.0522,0.8765,0,0,0,0,0,1
2026-03-29 18:00:00,6.997,2.68,448.34,0,,0,0,0,-0.0486,0.5131,-0.5036,0,0,0,0,0,1
2026-03-29 18:15:00,7.036,2.892,457.67,0,,0,0,0,0.2985,1.1713,0.599,0,0,0,0,0,1
2026-03-29 18:30:00,7.022,2.853,457.65,0,,0,0,0,0.1688,1.0604,0.5901,0,0,0,0,0,1
2026-03-29 18:45:00,7.035,2.799,457.19,0,,0,0,0,0.2962,0.8934,0.5247,0,0,0,0,0,1
2026-03-29 19:00:00,7.125,2.703,458.47,0,,0,0,0,1.1059,0.6079,0.6683,0,0,0,0,0,1
2026-03-29 19:15:00,7.108,2.905,464.15,1,,0,0,0,0.9577,1.2592,1.3247,0,0,0,0,0,1
2026-03-29 19:30:00,7.061,2.668,463.94,1,,0,0,0,0.5438,0.4936,1.2741,0,0,0,0,0,1
2026-03-29 19:45:00,7.077,2.768,464.13,1,,0,0,0,0.6861,0.8092,1.2718,0,0,0,0,0,1
2026-03-29 20:00:00,7.04,2.729,462.11,1,,0,0,0,0.3639,0.6837,1.0221,0,0,0,0,0,1
2026-03-29 20:15:00,7.075,2.622,471.08,1,,0,0,0,0.6821,0.3402,1.9966,0,0,0,0,0,1
2026-03-29 20:30:00,7.107,2.521,461.08,1,,0,0,0,0.9591,0.0245,0.8768,0,0,0,0,0,1
2026-03-29 20:45:00,7.141,2.564,456.88,0,,0,0,0,1.275,0.1616,0.4085,0,0,0,0,0,1
2026-03-29 21:00:00,7.144,2.885,462.9,1,,0,0,0,1.3074,1.2061,1.0703,0,0,0,0,0,1
2026-03-29 21:15:00,7.057,2.745,464.77,1,,0,0,0,0.5231,0.7523,1.2747,0,0,0,0,0,1
2026-03-29 21:30:00,7.168,2.705,470.3,1,,0,0,0,1.5101,0.6147,1.8515,0,0,0,0,0,1
2026-03-29 21:45:00,7.12,2.408,463.55,1,,0,0,0,1.0716,-0.3377,1.1046,0,0,0,0,0,1
2026-03-29 22:00:00,7.081,2.284,468.02,1,,0,0,0,0.7145,-0.737,1.5746,0,0,0,0,0,1
2026-03-29 22:15:00,7.201,2.638,460.56,1,,0,0,0,1.7868,0.4095,0.7554,0,0,0,0,0,1
2026-03-29 22:30:00,7.212,2.584,471.17,1,,0,0,0,1.8396,0.2237,1.876,0,0,0,0,0,1
2026-03-29 22:45:00,7.155,2.443,467.44,1,,0,0,0,1.3372,-0.2278,1.4552,0,0,0,0,0,1
2026-03-29 23:00:00,7.18,2.341,466.32,1,,0,0,0,1.5373,-0.5708,1.3294,0,0,0,0,0,1
2026-03-29 23:15:00,7.185,2.152,476.19,1,,0,0,0,1.5541,-1.1914,2.2987,0,0,0,0,0,1
2026-03-29 23:30:00,7.219,2.477,472.12,1,,0,0,0,1.8276,-0.132,1.8316,0,0,0,0,0,1
2026-03-29 23:45:00,7.186,2.501,463.81,1,,0,0,0,1.5302,-0.0522,0.991,0,0,0,0,0,1
2026-03-30 00:00:00,7.084,2.198,467.6,1,,0,0,0,0.6779,-1.0373,1.3794,0,0,0,0,0,1
2026-03-30 00:15:00,7.25,2.163,479.0,1,,0,0,0,2.0516,-1.1427,2.4667,0,0,0,0,0,1
2026-03-30 00:30:00,7.202,2.443,475.94,1,,0,0,0,1.6218,-0.2295,2.1002,0,0,0,0,0,1
2026-03-30 00:45:00,7.122,2.14,471.64,1,,0,0,0,0.9406,-1.2131,1.6484,0,0,0,0,0,1
2026-03-30 01:00:00,7.093,2.484,460.43,1,,0,0,0,0.6927,-0.0998,0.5694,0,0,0,0,0,1
2026-03-30 01:15:00,7.167,2.183,472.96,1,,0,0,0,1.3246,-1.0679,1.7532,0,0,0,0,0,1
2026-03-30 01:30:00,7.125,2.125,464.86,1,,0,0,0,0.9985,-1.2545,0.9716,0,0,0,0,0,1
2026-03-30 01:45:00,7.151,2.174,472.42,1,,0,0,0,1.2171,-1.1056,1.6693,0,0,0,0,0,1
2026-03-30 02:00:00,7.167,2.096,463.91,1,,0,0,0,1.3367,-1.3489,0.8692,0,0,0,0,0,1
2026-03-30 02:15:00,7.096,2.31,468.39,1,,0,0,0,0.7396,-0.6571,1.2878,0,0,0,0,0,1
2026-03-30 02:30:00,7.063,2.263,463.47,1,,0,0,0,0.4734,-0.8171,0.8288,0,0,0,0,0,1
2026-03-30 02:45:00,7.132,2.284,464.12,1,,0,0,0,1.0532,-0.7492,0.8886,0,0,0,0,0,1
2026-03-30 03:00:00,7.079,2.141,467.57,1,,0,0,0,0.6086,-1.2213,1.192,0,0,0,0,0,1
2026-03-30 03:15:00,7.106,2.039,459.28,0,,0,0,0,0.8371,-1.5457,0.4205,0,0,0,0,0,1
2026-03-30 03:30:00,7.024,2.102,473.49,1,,0,0,0,0.1435,-1.335,1.7136,0,0,0,0,0,1
2026-03-30 03:45:00,7.071,2.037,459.3,0,,0,0,0,0.542,-1.5351,0.4012,0,0,0,0,0,1
2026-03-30 04:00:00,7.111,2.32,458.46,0,,0,0,0,0.8791,-0.6184,0.3297,0,0,0,0,0,1
2026-03-30 04:15:00,7.097,2.251,464.64,1,,0,0,0,0.7508,-0.8475,0.8907,0,0,0,0,0,1
2026-03-30 04:30:00,7.018,2.09,466.64,1,,0,0,0,0.0874,-1.3731,1.0575,0,0,0,0,0,1
2026-03-30 04:45:00,6.99,1.969,459.49,0,,0,0,0,-0.1471,-1.7407,0.4037,0,0,0,0,0,1
2026-03-30 05:00:00,7.04,2.345,455.8,0,,0,0,0,0.2777,-0.5351,0.0636,0,0,0,0,0,1
2026-03-30 05:15:00,7.057,2.142,455.67,0,,0,0,0,0.4265,-1.182,0.0487,0,0,0,0,0,1
2026-03-30 05:30:00,7.04,2.111,454.52,0,,0,0,0,0.2792,-1.2715,-0.0615,0,0,0,0,0,1
2026-03-30 05:45:00,6.984,2.374,459.13,0,,0,0,0,-0.1906,-0.4542,0.3534,0,0,0,0,0,1
2026-03-30 06:00:00,7.015,2.077,456.88,0,,0,0,0,0.064,-1.4599,0.14,0,0,0,0,0,1
2026-03-30 06:15:00,7.065,2.12,458.13,0,,0,0,0,0.4819,-1.2989,0.2514,0,0,0,0,0,1
2026-03-30 06:30:00,6.991,2.148,457.15,0,,0,0,0,-0.1503,-1.1989,0.1521,0,0,0,0,0,1
2026-03-30 06:45:00,6.889,2.002,458.26,0,,0,0,0,-1.001,-1.6567,0.2415,0,0,0,0,0,1
2026-03-30 07:00:00,6.971,2.265,452.61,0,,0,0,0,-0.3159,-0.7978,-0.2851,0,0,0,0,0,1
2026-03-30 07:15:00,7.054,2.122,450.59,0,,0,0,0,0.3856,-1.2387,-0.478,0,0,0,0,0,1
2026-03-30 07:30:00,6.878,2.171,453.48,0,,0,0,0,-1.1032,-1.0643,-0.2143,0,0,0,0,0,1
2026-03-30 07:45:00,6.935,2.172,451.96,0,,0,0,0,-0.6233,-1.047,-0.3553,0,0,0,0,0,1
2026-03-30 08:00:00,6.914,2.212,452.55,0,,0,0,0,-0.8026,-0.9224,-0.3062,0,0,0,0,0,1
2026-03-30 08:15:00,6.921,2.197,448.07,0,,0,0,0,-0.7413,-0.9695,-0.7198,0,0,0,0,0,1
2026-03-30 08:30:00,6.918,2.384,452.9,0,,0,0,0,-0.7669,-0.3913,-0.2769,0,0,0,0,0,1
2026-03-30 08:45:00,6.958,2.348,445.05,0,,0,0,0,-0.4234,-0.5031,-1.0061,0,0,0,0,0,1
2026-03-30 09:00:00,6.898,2.404,447.48,0,,0,0,0,-0.9322,-0.3168,-0.7875,0,0,0,0,0,1
2026-03-30 09:15:00,6.951,2.775,453.27,0,,0,0,0,-0.4805,0.872,-0.2531,0,0,0,0,0,1
2026-03-30 09:30:00,6.875,2.424,443.78,0,,0,0,0,-1.1301,-0.253,-1.1594,0,0,0,0,0,1
2026-03-30 09:45:00,6.858,2.565,452.09,0,,0,0,0,-1.2799,0.1967,-0.3863,0,0,0,0,0,1
2026-03-30 10:00:00,6.837,2.608,441.89,0,,0,0,0,-1.4535,0.3285,-1.3656,0,0,0,0,0,1
2026-03-30 10:15:00,6.775,2.517,440.86,0,,0,0,0,-1.9683,0.032,-1.4765,0,0,0,0,0,1
2026-03-30 10:30:00,6.875,2.593,440.95,0,,0,0,0,-1.1185,0.2743,-1.4615,0,0,0,0,0,1
2026-03-30 10:45:00,6.961,2.581,447.16,0,,0,0,0,-0.405,0.2306,-0.8759,0,0,0,0,0,1
2026-03-30 11:00:00,6.878,2.634,449.43,0,,0,0,0,-1.1277,0.4115,-0.6665,0,0,0,0,0,1
2026-03-30 11:15:00,6.887,2.541,451.55,0,,0,0,0,-1.0519,0.1069,-0.4836,0,0,0,0,0,1
2026-03-30 11:30:00,6.831,2.579,451.15,0,,0,0,0,-1.5468,0.2315,-0.5334,0,0,0,0,0,1
2026-03-30 11:45:00,6.838,2.679,449.72,0,,0,0,0,-1.4729,0.5451,-0.6783,0,0,0,0,0,1
2026-03-30 12:00:00,6.899,2.404,442.96,0,,0,0,0,-0.9617,-0.3343,-1.3431,0,0,0,0,0,1
2026-03-30 12:15:00,6.951,2.947,443.0,0,,0,0,0,-0.5151,1.4084,-1.3234,0,0,0,0,0,1
2026-03-30 12:30:00,6.926,3.068,449.64,0,,0,0,0,-0.749,1.7586,-0.6796,0,0,0,0,0,1
2026-03-30 12:45:00,6.893,2.789,452.35,0,,0,0,0,-1.0412,0.8657,-0.4265,0,0,0,0,0,1
2026-03-30 13:00:00,6.857,2.883,442.76,0,,0,0,0,-1.3566,1.1556,-1.3903,0,0,0,0,0,1
2026-03-30 13:15:00,6.868,2.963,452.34,0,,0,0,0,-1.2538,1.3882,-0.4409,0,0,0,0,0,1
2026-03-30 13:30:00,6.824,2.619,439.8,0,,0,0,0,-1.6268,0.3205,-1.7362,0,0,0,0,0,1
2026-03-30 13:45:00,6.793,2.972,449.42,0,,0,0,0,-1.9021,1.4444,-0.7533,0,0,0,0,0,1
2026-03-30 14:00:00,6.814,2.782,447.86,0,,0,0,0,-1.6881,0.8491,-0.9252,0,0,0,0,0,1
2026-03-30 14:15:00,6.878,3.202,447.92,0,,0,0,0,-1.1366,2.1395,-0.9434,0,0,0,0,0,1
2026-03-30 14:30:00,6.866,2.841,449.36,0,,0,0,0,-1.2294,1.0094,-0.8061,0,0,0,0,0,1
2026-03-30 14:45:00,6.814,3.015,446.37,0,,0,0,0,-1.6478,1.5293,-1.1285,0,0,0,0,0,1
2026-03-30 15:00:00,6.892,2.86,452.15,0,,0,0,0,-0.9915,1.052,-0.5236,0,0,0,0,0,1
2026-03-30 15:15:00,6.885,3.222,451.23,0,,0,0,0,-1.0573,2.1802,-0.6301,0,0,0,0,0,1
2026-03-30 15:30:00,6.85,2.82,455.38,0,,0,0,0,-1.3384,0.935,-0.1872,0,0,0,0,0,1
2026-03-30 15:45:00,6.898,3.074,458.69,0,,0,0,0,-0.9298,1.7096,0.1531,0,0,0,0,0,1
2026-03-30 16:00:00,6.909,2.994,453.55,0,,0,0,0,-0.8282,1.4442,-0.4157,0,0,0,0,0,1
2026-03-30 16:15:00,6.903,2.96,450.51,0,,0,0,0,-0.8757,1.3128,-0.7583,0,0,0,0,0,1
2026-03-30 16:30:00,6.989,2.931,449.99,0,,0,0,0,-0.1481,1.2141,-0.8072,0,0,0,0,0,1
2026-03-30 16:45:00,6.857,2.792,462.12,1,,0,0,0,-1.2441,0.8268,0.511,0,0,0,0,0,1
2026-03-30 17:00:00,6.862,2.498,462.4,1,,0,0,0,-1.1836,-0.0664,0.529,0,0,0,0,0,1
2026-03-30 17:15:00,6.971,3.04,460.48,1,,0,0,0,-0.2777,1.6356,0.3124,0,0,0,0,0,1
2026-03-30 17:30:00,6.985,2.796,458.0,0,,0,0,0,-0.1604,0.8717,0.0393,0,0,0,0,0,1
2026-03-30 17:45:00,7.01,3.034,461.84,1,,0,0,0,0.0514,1.5799,0.4606,0,0,0,0,0,1
2026-03-30 18:00:00,6.973,2.899,464.63,1,,0,0,0,-0.2549,1.1481,0.7516,0,0,0,0,0,1
2026-03-30 18:15:00,6.964,3.013,457.78,0,,0,0,0,-0.3237,1.4875,-0.006,0,0,0,0,0,1
2026-03-30 18:30:00,7.019,2.938,461.2,1,,0,0,0,0.135,1.2513,0.3678,0,0,0,0,0,1
2026-03-30 18:45:00,7.007,2.431,457.47,0,,0,0,0,0.0374,-0.2857,-0.0446,0,0,0,0,0,1
2026-03-30 19:00:00,7.116,2.875,462.19,1,,0,0,0,0.9478,1.0639,0.4721,0,0,0,0,0,1
2026-03-30 19:15:00,7.032,2.712,469.69,1,,0,0,0,0.2544,0.5761,1.2853,0,0,0,0,0,1
2026-03-30 19:30:00,7.055,2.918,468.6,1,,0,0,0,0.4477,1.1917,1.1548,0,0,0,0,0,1
2026-03-30 19:45:00,7.19,2.811,465.59,1,,0,0,0,1.552,0.8636,0.8236,0,0,0,0,0,1
2026-03-30 20:00:00,7.065,2.79,455.02,0,,0,0,0,0.5134,0.7967,-0.3206,0,0,0,0,0,1
2026-03-30 20:15:00,7.111,2.636,463.88,1,,0,0,0,0.8891,0.3283,0.6595,0,0,0,0,0,1
2026-03-30 20:30:00,7.124,2.516,467.6,1,,0,0,0,0.9937,-0.036,1.0556,0,0,0,0,0,1
2026-03-30 20:45:00,7.135,2.564,466.98,1,,0,0,0,1.0856,0.1098,0.9714,0,0,0,0,0,1
2026-03-30 21:00:00,7.121,2.334,468.6,1,,0,0,0,0.9741,-0.574,1.1352,0,0,0,0,0,1
2026-03-30 21:15:00,7.122,2.489,470.02,1,,0,0,0,0.9728,-0.0931,1.2754,0,0,0,0,0,1
2026-03-30 21:30:00,7.124,2.333,467.46,1,,0,0,0,0.9976,-0.5585,1.0067,0,0,0,0,0,1
2026-03-30 21:45:00,7.096,2.311,470.07,1,,0,0,0,0.7693,-0.6217,1.2727,0,0,0,0,0,1
2026-03-30 22:00:00,7.146,2.517,469.96,1,,0,0,0,1.1722,0.0,1.2555,0,0,0,0,0,1
2026-03-30 22:15:00,7.236,2.554,468.16,1,,0,0,0,1.9014,0.1161,1.0485,0,0,0,0,0,1
2026-03-30 22:30:00,7.199,2.443,478.73,1,,0,0,0,1.6019,-0.2195,2.1336,0,0,0,0,0,1
2026-03-30 22:45:00,7.157,2.347,469.76,1,,0,0,0,1.2562,-0.5101,1.1869,0,0,0,0,0,1
2026-03-30 23:00:00,7.188,2.254,462.93,1,,0,0,0,1.5088,-0.7905,0.4774,0,0,0,0,0,1
2026-03-30 23:15:00,7.104,2.324,479.3,1,,0,0,0,0.8328,-0.5848,2.1754,0,0,0,0,0,1
2026-03-30 23:30:00,7.136,2.224,468.96,1,,0,0,0,1.1166,-0.8801,1.1069,0,0,0,0,0,1
2026-03-30 23:45:00,7.197,2.314,476.07,1,,0,0,0,1.6234,-0.5979,1.8081,0,0,0,0,0,1
2026-03-31 00:00:00,7.224,2.072,469.82,1,,0,0,0,1.8089,-1.3262,1.1595,0,0,0,0,0,1
2026-03-31 00:15:00,7.111,2.383,474.84,1,,0,0,0,0.9074,-0.3905,1.6938,0,0,0,0,0,1
2026-03-31 00:30:00,7.125,2.171,472.34,1,,0,0,0,1.0409,-1.0236,1.448,0,0,0,0,0,1
2026-03-31 00:45:00,7.256,2.293,476.45,1,,0,0,0,2.0973,-0.6608,1.8554,0,0,0,0,0,1
2026-03-31 01:00:00,7.15,2.35,471.47,1,,0,0,0,1.2069,-0.4822,1.3168,0,0,0,0,0,1
2026-03-31 01:15:00,7.233,2.248,469.52,1,,0,0,0,1.8694,-0.7964,1.1262,0,0,0,0,0,1
2026-03-31 01:30:00,7.149,2.303,472.94,1,,0,0,0,1.1774,-0.6375,1.456,0,0,0,0,0,1
2026-03-31 01:45:00,7.147,1.857,470.1,1,,0,0,0,1.1619,-1.9653,1.1727,0,0,0,0,0,1
2026-03-31 02:00:00,7.115,2.08,463.59,1,,0,0,0,0.9095,-1.2903,0.5072,0,0,0,0,0,1
2026-03-31 02:15:00,7.172,2.307,468.54,1,,0,0,0,1.3614,-0.6048,1.0133,0,0,0,0,0,1
2026-03-31 02:30:00,7.187,2.207,482.01,1,,0,0,0,1.4581,-0.9036,2.3064,0,0,0,0,0,1
2026-03-31 02:45:00,7.061,2.398,462.79,1,,0,0,0,0.4495,-0.332,0.3958,0,0,0,0,0,1
2026-03-31 03:00:00,7.088,2.369,470.55,1,,0,0,0,0.6672,-0.4291,1.1616,0,0,0,0,0,1
2026-03-31 03:15:00,7.145,2.153,468.09,1,,0,0,0,1.122,-1.0938,0.9044,0,0,0,0,0,1
2026-03-31 03:30:00,7.085,2.066,475.85,1,,0,0,0,0.6312,-1.356,1.6624,0,0,0,0,0,1
2026-03-31 03:45:00,7.059,1.957,463.47,1,,0,0,0,0.4229,-1.6788,0.4391,0,0,0,0,0,1
2026-03-31 04:00:00,7.125,2.029,467.7,1,,0,0,0,0.9528,-1.4377,0.8424,0,0,0,0,0,1
2026-03-31 04:15:00,7.122,2.04,469.39,1,,0,0,0,0.9249,-1.388,0.9993,0,0,0,0,0,1
2026-03-31 04:30:00,7.035,2.014,465.26,1,,0,0,0,0.224,-1.4585,0.5982,0,0,0,0,0,1
2026-03-31 04:45:00,7.059,1.97,462.22,1,,0,0,0,0.4108,-1.5895,0.2983,0,0,0,0,0,1
2026-03-31 05:00:00,6.978,2.174,464.5,1,,0,0,0,-0.2345,-0.9735,0.5117,0,0,0,0,0,1
2026-03-31 05:15:00,6.984,2.376,462.63,1,,0,0,0,-0.1803,-0.3841,0.3222,0,0,0,0,0,1
2026-03-31 05:30:00,7.026,2.27,461.89,1,,0,0,0,0.1584,-0.7082,0.2427,0,0,0,0,0,1
2026-03-31 05:45:00,7.011,2.093,466.13,1,,0,0,0,0.0356,-1.2206,0.6482,0,0,0,0,0,1
2026-03-31 06:00:00,6.952,2.306,463.28,1,,0,0,0,-0.4331,-0.5986,0.3639,0,0,0,0,0,1
2026-03-31 06:15:00,6.954,2.219,463.14,1,,0,0,0,-0.4078,-0.8647,0.345,0,0,0,0,0,1
2026-03-31 06:30:00,6.927,2.177,461.52,1,,0,0,0,-0.6182,-0.9926,0.1829,0,0,0,0,0,1
2026-03-31 06:45:00,6.993,2.184,463.31,1,,0,0,0,-0.0981,-0.9844,0.3518,0,0,0,0,0,1
2026-03-31 07:00:00,6.863,2.187,463.97,1,,0,0,0,-1.1289,-0.9708,0.4052,0,0,0,0,0,1
2026-03-31 07:15:00,6.901,2.334,456.9,0,,0,0,0,-0.8099,-0.5366,-0.2914,0,0,0,0,0,1
2026-03-31 07:30:00,6.849,2.277,460.64,1,,0,0,0,-1.2193,-0.7152,0.0674,0,0,0,0,0,1
2026-03-31 07:45:00,6.955,2.169,451.5,0,,0,0,0,-0.3774,-1.044,-0.828,0,0,0,0,0,1
2026-03-31 08:00:00,6.835,2.183,447.03,0,,0,0,0,-1.318,-0.9996,-1.2534,0,0,0,0,0,1
2026-03-31 08:15:00,6.918,2.369,462.73,1,,0,0,0,-0.6608,-0.4406,0.2636,0,0,0,0,0,1
2026-03-31 08:30:00,6.991,2.411,453.5,0,,0,0,0,-0.0894,-0.3133,-0.6429,0,0,0,0,0,1
2026-03-31 08:45:00,6.985,2.324,455.28,0,,0,0,0,-0.1393,-0.5782,-0.4837,0,0,0,0,0,1
2026-03-31 09:00:00,6.804,2.227,448.85,0,,0,0,0,-1.5532,-0.8659,-1.1248,0,0,0,0,0,1
2026-03-31 09:15:00,6.902,2.61,448.17,0,,0,0,0,-0.7769,0.3063,-1.1812,0,0,0,0,0,1
2026-03-31 09:30:00,6.832,2.604,449.95,0,,0,0,0,-1.317,0.2822,-1.0202,0,0,0,0,0,1
2026-03-31 09:45:00,6.816,2.176,454.97,0,,0,0,0,-1.4323,-1.0069,-0.5237,0,0,0,0,0,1
2026-03-31 10:00:00,6.864,2.701,449.96,0,,0,0,0,-1.0639,0.5839,-1.0454,0,0,0,0,0,1
2026-03-31 10:15:00,6.927,2.495,450.36,0,,0,0,0,-0.5938,-0.0402,-1.0306,0,0,0,0,0,1
2026-03-31 10:30:00,6.891,2.581,448.45,0,,0,0,0,-0.8811,0.221,-1.2513,0,0,0,0,0,1
2026-03-31 10:45:00,6.822,2.749,455.86,0,,0,0,0,-1.4023,0.7235,-0.494,0,0,0,0,0,1
2026-03-31 11:00:00,6.89,2.851,454.49,0,,0,0,0,-0.8706,1.0203,-0.6467,0,0,0,0,0,1
2026-03-31 11:15:00,6.741,2.779,448.95,0,,0,0,0,-1.9937,0.7934,-1.2247,0,0,0,0,0,1
2026-03-31 11:30:00,6.814,2.689,453.54,0,,0,0,0,-1.4263,0.5193,-0.7461,0,0,0,0,0,1
2026-03-31 11:45:00,6.809,2.471,449.79,0,,0,0,0,-1.4579,-0.1279,-1.1418,0,0,0,0,0,1
2026-03-31 12:00:00,6.854,2.396,449.44,0,,0,0,0,-1.105,-0.3527,-1.199,0,0,0,0,0,1
2026-03-31 12:15:00,6.84,2.854,450.67,0,,0,0,0,-1.195,1.0281,-1.0904,0,0,0,0,0,1
2026-03-31 12:30:00,6.844,2.945,453.56,0,,0,0,0,-1.1517,1.3136,-0.786,0,0,0,0,0,1
2026-03-31 12:45:00,6.844,2.642,447.6,0,,0,0,0,-1.1435,0.4018,-1.4184,0,0,0,0,0,1
2026-03-31 13:00:00,6.856,2.742,453.4,0,,0,0,0,-1.053,0.7129,-0.8186,0,0,0,0,0,1
2026-03-31 13:15:00,6.885,2.717,461.66,1,,0,0,0,-0.8371,0.6497,0.077,0,0,0,0,0,1
2026-03-31 13:30:00,6.869,2.73,452.72,0,,0,0,0,-0.9651,0.6849,-0.9462,0,0,0,0,0,1
2026-03-31 13:45:00,6.851,2.994,452.5,0,,0,0,0,-1.1127,1.4929,-0.9788,0,0,0,0,0,1
2026-03-31 14:00:00,6.89,2.879,452.44,0,,0,0,0,-0.8274,1.1337,-0.9979,0,0,0,0,0,1
2026-03-31 14:15:00,6.917,2.824,455.15,0,,0,0,0,-0.625,0.9966,-0.7037,0,0,0,0,0,1
2026-03-31 14:30:00,6.853,3.268,447.3,0,,0,0,0,-1.1146,2.3116,-1.6007,0,0,0,0,0,1
2026-03-31 14:45:00,6.884,2.664,461.09,1,,0,0,0,-0.888,0.4897,-0.0342,0,0,0,0,0,1
2026-03-31 15:00:00,6.952,2.969,458.8,0,,0,0,0,-0.3685,1.4191,-0.3114,0,0,0,0,0,1
2026-03-31 15:15:00,6.846,2.735,452.91,0,,0,0,0,-1.1828,0.7343,-1.0073,0,0,0,0,0,1
2026-03-31 15:30:00,6.999,2.873,456.27,0,,0,0,0,-0.0132,1.1635,-0.6134,0,0,0,0,0,1
2026-03-31 15:45:00,6.85,2.921,454.6,0,,0,0,0,-1.1639,1.3293,-0.8028,0,0,0,0,0,1
2026-03-31 16:00:00,6.908,3.027,458.74,0,,0,0,0,-0.7143,1.6599,-0.3243,0,0,0,0,0,1
2026-03-31 16:15:00,6.886,2.86,458.53,0,,0,0,0,-0.8824,1.1418,-0.3619,0,0,0,0,0,1
2026-03-31 16:30:00,7.052,2.842,459.96,0,,0,0,0,0.397,1.0917,-0.2063,0,0,0,0,0,1
2026-03-31 16:45:00,6.927,2.85,455.72,0,,0,0,0,-0.5781,1.113,-0.7055,0,0,0,0,0,1
2026-03-31 17:00:00,6.936,2.724,458.7,0,,0,0,0,-0.5167,0.7042,-0.3438,0,0,0,0,0,1
2026-03-31 17:15:00,6.952,2.974,466.02,1,,0,0,0,-0.39,1.5022,0.5247,0,0,0,0,0,1
2026-03-31 17:30:00,6.985,2.912,460.13,1,,0,0,0,-0.1324,1.296,-0.1821,0,0,0,0,0,1
2026-03-31 17:45:00,6.974,2.924,452.52,0,,0,0,0,-0.2153,1.345,-1.0742,0,0,0,0,0,1
2026-03-31 18:00:00,6.993,2.836,463.32,1,,0,0,0,-0.0687,1.0701,0.2115,0,0,0,0,0,1
2026-03-31 18:15:00,6.833,2.804,474.4,1,,0,0,0,-1.2957,0.9842,1.4924,0,0,0,0,0,1
2026-03-31 18:30:00,7.022,2.994,468.98,1,,0,0,0,0.1666,1.5886,0.842,0,0,0,0,0,1
2026-03-31 18:45:00,7.03,2.954,464.07,1,,0,0,0,0.2266,1.4275,0.2588,0,0,0,0,0,1
2026-03-31 19:00:00,7.091,2.995,467.01,1,,0,0,0,0.7017,1.5452,0.5967,0,0,0,0,0,1
2026-03-31 19:15:00,7.114,2.82,470.73,1,,0,0,0,0.87,0.9867,1.0298,0,0,0,0,0,1
2026-03-31 19:30:00,7.048,2.946,461.77,1,,0,0,0,0.3611,1.3803,-0.0099,0,0,0,0,0,1
2026-03-31 19:45:00,7.107,2.66,466.13,1,,0,0,0,0.8298,0.4887,0.5009,0,0,0,0,0,1
2026-03-31 20:00:00,7.02,2.67,471.89,1,,0,0,0,0.1566,0.5257,1.1517,0,0,0,0,0,1
2026-03-31 20:15:00,7.122,2.856,477.39,1,,0,0,0,0.9497,1.1003,1.7493,0,0,0,0,0,1
2026-03-31 20:30:00,7.063,2.78,469.94,1,,0,0,0,0.4971,0.8495,0.888,0,0,0,0,0,1
2026-03-31 20:45:00,7.04,2.585,478.62,1,,0,0,0,0.3269,0.238,1.839,0,0,0,0,0,1
2026-03-31 21:00:00,7.097,2.447,469.95,1,,0,0,0,0.778,-0.1981,0.858,0,0,0,0,0,1
2026-03-31 21:15:00,7.183,2.547,460.01,1,,0,0,0,1.441,0.1136,-0.2513,0,0,0,0,0,1
2026-03-31 21:30:00,7.128,2.449,477.07,1,,0,0,0,1.0102,-0.1978,1.6459,0,0,0,0,0,1
2026-03-31 21:45:00,7.2,2.785,476.76,1,,0,0,0,1.5493,0.8404,1.5881,0,0,0,0,0,1
2026-03-31 22:00:00,7.092,2.614,478.01,1,,0,0,0,0.7204,0.301,1.6969,0,0,0,0,0,1
2026-03-31 22:15:00,7.187,2.359,478.27,1,,0,0,0,1.4727,-0.491,1.691,0,0,0,0,0,1
2026-03-31 22:30:00,7.106,2.291,476.62,1,,0,0,0,0.8543,-0.6973,1.5214,0,0,0,0,0,1
2026-03-31 22:45:00,7.153,2.305,475.14,1,,0,0,0,1.2264,-0.6517,1.3463,0,0,0,0,0,1
2026-03-31 23:00:00,7.156,2.313,475.57,1,,0,0,0,1.2574,-0.6295,1.3647,0,0,0,0,0,1
2026-03-31 23:15:00,7.18,2.346,474.83,1,,0,0,0,1.4312,-0.5273,1.3008,0,0,0,0,0,1
2026-03-31 23:30:00,7.161,2.514,475.25,1,,0,0,0,1.2764,-0.0117,1.3294,0,0,0,0,0,1
2026-03-31 23:45:00,7.113,2.178,469.73,1,,0,0,0,0.914,-1.0581,0.754,0,0,0,0,0,1
